Census Year,Subject population,Disability status,Tenure of household,Grouping variable,Category,Value,Value Unit,Value Label,Null Reason
2018,Census usually resident population aged 5 years and over,Non-disabled,"Dwelling owned or partly owned, mortgage arrangements not further defined",Total,Total,2.2,percentage,% of people where information available,
2018,Census usually resident population aged 5 years and over,Disabled,"Dwelling owned or partly owned, mortgage arrangements not further defined",Total,Total,4.3,percentage,% of people where information available,
2018,Census usually resident population aged 5 years and over,Total including disability status unknown,"Dwelling owned or partly owned, mortgage arrangements not further defined",Total,Total,3.1,percentage,% of people where information available,
2018,Census usually resident population aged 5 years and over,Non-disabled,"Dwelling owned or partly owned, mortgage payments made",Total,Total,34.9,percentage,% of people where information available,
2018,Census usually resident population aged 5 years and over,Disabled,"Dwelling owned or partly owned, mortgage payments made",Total,Total,22.3,percentage,% of people where information available,
2018,Census usually resident population aged 5 years and over,Total including disability status unknown,"Dwelling owned or partly owned, mortgage payments made",Total,Total,32.6,percentage,% of people where information available,
2018,Census usually resident population aged 5 years and over,Non-disabled,"Dwelling owned or partly owned, mortgage payments not made",Total,Total,16.3,percentage,% of people where information available,
2018,Census usually resident population aged 5 years and over,Disabled,"Dwelling owned or partly owned, mortgage payments not made",Total,Total,22.7,percentage,% of people where information available,
2018,Census usually resident population aged 5 years and over,Total including disability status unknown,"Dwelling owned or partly owned, mortgage payments not made",Total,Total,15.8,percentage,% of people where information available,
2018,Census usually resident population aged 5 years and over,Non-disabled,"Dwelling not owned and not held in a family trust, rental arrangements not further defined",Total,Total,0.1,percentage,% of people where information available,
2018,Census usually resident population aged 5 years and over,Disabled,"Dwelling not owned and not held in a family trust, rental arrangements not further defined",Total,Total,0.2,percentage,% of people where information available,
2018,Census usually resident population aged 5 years and over,Total including disability status unknown,"Dwelling not owned and not held in a family trust, rental arrangements not further defined",Total,Total,0.1,percentage,% of people where information available,
2018,Census usually resident population aged 5 years and over,Non-disabled,"Dwelling not owned and not held in a family trust, rent payments made",Total,Total,29.6,percentage,% of people where information available,
2018,Census usually resident population aged 5 years and over,Disabled,"Dwelling not owned and not held in a family trust, rent payments made",Total,Total,34.6,percentage,% of people where information available,
2018,Census usually resident population aged 5 years and over,Total including disability status unknown,"Dwelling not owned and not held in a family trust, rent payments made",Total,Total,32,percentage,% of people where information available,
2018,Census usually resident population aged 5 years and over,Non-disabled,"Dwelling not owned and not held in a family trust, rent payments not made",Total,Total,2.9,percentage,% of people where information available,
2018,Census usually resident population aged 5 years and over,Disabled,"Dwelling not owned and not held in a family trust, rent payments not made",Total,Total,4.2,percentage,% of people where information available,
2018,Census usually resident population aged 5 years and over,Total including disability status unknown,"Dwelling not owned and not held in a family trust, rent payments not made",Total,Total,3,percentage,% of people where information available,
2018,Census usually resident population aged 5 years and over,Non-disabled,"Dwelling held in a family trust, mortgage arrangements not further defined",Total,Total,0.8,percentage,% of people where information available,
2018,Census usually resident population aged 5 years and over,Disabled,"Dwelling held in a family trust, mortgage arrangements not further defined",Total,Total,1.3,percentage,% of people where information available,
2018,Census usually resident population aged 5 years and over,Total including disability status unknown,"Dwelling held in a family trust, mortgage arrangements not further defined",Total,Total,1,percentage,% of people where information available,
2018,Census usually resident population aged 5 years and over,Non-disabled,"Dwelling held in a family trust, mortgage payments made",Total,Total,7,percentage,% of people where information available,
2018,Census usually resident population aged 5 years and over,Disabled,"Dwelling held in a family trust, mortgage payments made",Total,Total,3.9,percentage,% of people where information available,
2018,Census usually resident population aged 5 years and over,Total including disability status unknown,"Dwelling held in a family trust, mortgage payments made",Total,Total,6.5,percentage,% of people where information available,
2018,Census usually resident population aged 5 years and over,Non-disabled,"Dwelling held in a family trust, mortgage payments not made",Total,Total,6.2,percentage,% of people where information available,
2018,Census usually resident population aged 5 years and over,Disabled,"Dwelling held in a family trust, mortgage payments not made",Total,Total,6.6,percentage,% of people where information available,
2018,Census usually resident population aged 5 years and over,Total including disability status unknown,"Dwelling held in a family trust, mortgage payments not made",Total,Total,5.9,percentage,% of people where information available,
2018,Census usually resident population aged 5 years and over,Non-disabled,Total stated,Total,Total,100,percentage,% of people where information available,
2018,Census usually resident population aged 5 years and over,Disabled,Total stated,Total,Total,100,percentage,% of people where information available,
2018,Census usually resident population aged 5 years and over,Total including disability status unknown,Total stated,Total,Total,100,percentage,% of people where information available,
2018,Census usually resident population aged 5 years and over,Non-disabled,"Dwelling owned or partly owned, mortgage arrangements not further defined",Sex,Male,2.2,percentage,% of people where information available,
2018,Census usually resident population aged 5 years and over,Disabled,"Dwelling owned or partly owned, mortgage arrangements not further defined",Sex,Male,4.1,percentage,% of people where information available,
2018,Census usually resident population aged 5 years and over,Total including disability status unknown,"Dwelling owned or partly owned, mortgage arrangements not further defined",Sex,Male,3.1,percentage,% of people where information available,
2018,Census usually resident population aged 5 years and over,Non-disabled,"Dwelling owned or partly owned, mortgage payments made",Sex,Male,35.4,percentage,% of people where information available,
2018,Census usually resident population aged 5 years and over,Disabled,"Dwelling owned or partly owned, mortgage payments made",Sex,Male,23.4,percentage,% of people where information available,
2018,Census usually resident population aged 5 years and over,Total including disability status unknown,"Dwelling owned or partly owned, mortgage payments made",Sex,Male,33,percentage,% of people where information available,
2018,Census usually resident population aged 5 years and over,Non-disabled,"Dwelling owned or partly owned, mortgage payments not made",Sex,Male,15.8,percentage,% of people where information available,
2018,Census usually resident population aged 5 years and over,Disabled,"Dwelling owned or partly owned, mortgage payments not made",Sex,Male,22.6,percentage,% of people where information available,
2018,Census usually resident population aged 5 years and over,Total including disability status unknown,"Dwelling owned or partly owned, mortgage payments not made",Sex,Male,15.4,percentage,% of people where information available,
2018,Census usually resident population aged 5 years and over,Non-disabled,"Dwelling not owned and not held in a family trust, rental arrangements not further defined",Sex,Male,0.1,percentage,% of people where information available,
2018,Census usually resident population aged 5 years and over,Disabled,"Dwelling not owned and not held in a family trust, rental arrangements not further defined",Sex,Male,0.2,percentage,% of people where information available,
2018,Census usually resident population aged 5 years and over,Total including disability status unknown,"Dwelling not owned and not held in a family trust, rental arrangements not further defined",Sex,Male,0.1,percentage,% of people where information available,
2018,Census usually resident population aged 5 years and over,Non-disabled,"Dwelling not owned and not held in a family trust, rent payments made",Sex,Male,29.4,percentage,% of people where information available,
2018,Census usually resident population aged 5 years and over,Disabled,"Dwelling not owned and not held in a family trust, rent payments made",Sex,Male,33.2,percentage,% of people where information available,
2018,Census usually resident population aged 5 years and over,Total including disability status unknown,"Dwelling not owned and not held in a family trust, rent payments made",Sex,Male,32,percentage,% of people where information available,
2018,Census usually resident population aged 5 years and over,Non-disabled,"Dwelling not owned and not held in a family trust, rent payments not made",Sex,Male,3,percentage,% of people where information available,
2018,Census usually resident population aged 5 years and over,Disabled,"Dwelling not owned and not held in a family trust, rent payments not made",Sex,Male,4.1,percentage,% of people where information available,
2018,Census usually resident population aged 5 years and over,Total including disability status unknown,"Dwelling not owned and not held in a family trust, rent payments not made",Sex,Male,3,percentage,% of people where information available,
2018,Census usually resident population aged 5 years and over,Non-disabled,"Dwelling held in a family trust, mortgage arrangements not further defined",Sex,Male,0.8,percentage,% of people where information available,
2018,Census usually resident population aged 5 years and over,Disabled,"Dwelling held in a family trust, mortgage arrangements not further defined",Sex,Male,1.3,percentage,% of people where information available,
2018,Census usually resident population aged 5 years and over,Total including disability status unknown,"Dwelling held in a family trust, mortgage arrangements not further defined",Sex,Male,1,percentage,% of people where information available,
2018,Census usually resident population aged 5 years and over,Non-disabled,"Dwelling held in a family trust, mortgage payments made",Sex,Male,7.2,percentage,% of people where information available,
2018,Census usually resident population aged 5 years and over,Disabled,"Dwelling held in a family trust, mortgage payments made",Sex,Male,4.2,percentage,% of people where information available,
2018,Census usually resident population aged 5 years and over,Total including disability status unknown,"Dwelling held in a family trust, mortgage payments made",Sex,Male,6.7,percentage,% of people where information available,
2018,Census usually resident population aged 5 years and over,Non-disabled,"Dwelling held in a family trust, mortgage payments not made",Sex,Male,6.1,percentage,% of people where information available,
2018,Census usually resident population aged 5 years and over,Disabled,"Dwelling held in a family trust, mortgage payments not made",Sex,Male,6.9,percentage,% of people where information available,
2018,Census usually resident population aged 5 years and over,Total including disability status unknown,"Dwelling held in a family trust, mortgage payments not made",Sex,Male,5.8,percentage,% of people where information available,
2018,Census usually resident population aged 5 years and over,Non-disabled,Total stated,Sex,Male,100,percentage,% of people where information available,
2018,Census usually resident population aged 5 years and over,Disabled,Total stated,Sex,Male,100,percentage,% of people where information available,
2018,Census usually resident population aged 5 years and over,Total including disability status unknown,Total stated,Sex,Male,100,percentage,% of people where information available,
2018,Census usually resident population aged 5 years and over,Non-disabled,"Dwelling owned or partly owned, mortgage arrangements not further defined",Sex,Female,2.3,percentage,% of people where information available,
2018,Census usually resident population aged 5 years and over,Disabled,"Dwelling owned or partly owned, mortgage arrangements not further defined",Sex,Female,4.4,percentage,% of people where information available,
2018,Census usually resident population aged 5 years and over,Total including disability status unknown,"Dwelling owned or partly owned, mortgage arrangements not further defined",Sex,Female,3.1,percentage,% of people where information available,
2018,Census usually resident population aged 5 years and over,Non-disabled,"Dwelling owned or partly owned, mortgage payments made",Sex,Female,34.4,percentage,% of people where information available,
2018,Census usually resident population aged 5 years and over,Disabled,"Dwelling owned or partly owned, mortgage payments made",Sex,Female,21.3,percentage,% of people where information available,
2018,Census usually resident population aged 5 years and over,Total including disability status unknown,"Dwelling owned or partly owned, mortgage payments made",Sex,Female,32.2,percentage,% of people where information available,
2018,Census usually resident population aged 5 years and over,Non-disabled,"Dwelling owned or partly owned, mortgage payments not made",Sex,Female,16.7,percentage,% of people where information available,
2018,Census usually resident population aged 5 years and over,Disabled,"Dwelling owned or partly owned, mortgage payments not made",Sex,Female,22.9,percentage,% of people where information available,
2018,Census usually resident population aged 5 years and over,Total including disability status unknown,"Dwelling owned or partly owned, mortgage payments not made",Sex,Female,16.3,percentage,% of people where information available,
2018,Census usually resident population aged 5 years and over,Non-disabled,"Dwelling not owned and not held in a family trust, rental arrangements not further defined",Sex,Female,0.1,percentage,% of people where information available,
2018,Census usually resident population aged 5 years and over,Disabled,"Dwelling not owned and not held in a family trust, rental arrangements not further defined",Sex,Female,0.2,percentage,% of people where information available,
2018,Census usually resident population aged 5 years and over,Total including disability status unknown,"Dwelling not owned and not held in a family trust, rental arrangements not further defined",Sex,Female,0.1,percentage,% of people where information available,
2018,Census usually resident population aged 5 years and over,Non-disabled,"Dwelling not owned and not held in a family trust, rent payments made",Sex,Female,29.7,percentage,% of people where information available,
2018,Census usually resident population aged 5 years and over,Disabled,"Dwelling not owned and not held in a family trust, rent payments made",Sex,Female,35.9,percentage,% of people where information available,
2018,Census usually resident population aged 5 years and over,Total including disability status unknown,"Dwelling not owned and not held in a family trust, rent payments made",Sex,Female,32,percentage,% of people where information available,
2018,Census usually resident population aged 5 years and over,Non-disabled,"Dwelling not owned and not held in a family trust, rent payments not made",Sex,Female,2.9,percentage,% of people where information available,
2018,Census usually resident population aged 5 years and over,Disabled,"Dwelling not owned and not held in a family trust, rent payments not made",Sex,Female,4.3,percentage,% of people where information available,
2018,Census usually resident population aged 5 years and over,Total including disability status unknown,"Dwelling not owned and not held in a family trust, rent payments not made",Sex,Female,3,percentage,% of people where information available,
2018,Census usually resident population aged 5 years and over,Non-disabled,"Dwelling held in a family trust, mortgage arrangements not further defined",Sex,Female,0.8,percentage,% of people where information available,
2018,Census usually resident population aged 5 years and over,Disabled,"Dwelling held in a family trust, mortgage arrangements not further defined",Sex,Female,1.3,percentage,% of people where information available,
2018,Census usually resident population aged 5 years and over,Total including disability status unknown,"Dwelling held in a family trust, mortgage arrangements not further defined",Sex,Female,1,percentage,% of people where information available,
2018,Census usually resident population aged 5 years and over,Non-disabled,"Dwelling held in a family trust, mortgage payments made",Sex,Female,6.8,percentage,% of people where information available,
2018,Census usually resident population aged 5 years and over,Disabled,"Dwelling held in a family trust, mortgage payments made",Sex,Female,3.5,percentage,% of people where information available,
2018,Census usually resident population aged 5 years and over,Total including disability status unknown,"Dwelling held in a family trust, mortgage payments made",Sex,Female,6.3,percentage,% of people where information available,
2018,Census usually resident population aged 5 years and over,Non-disabled,"Dwelling held in a family trust, mortgage payments not made",Sex,Female,6.3,percentage,% of people where information available,
2018,Census usually resident population aged 5 years and over,Disabled,"Dwelling held in a family trust, mortgage payments not made",Sex,Female,6.3,percentage,% of people where information available,
2018,Census usually resident population aged 5 years and over,Total including disability status unknown,"Dwelling held in a family trust, mortgage payments not made",Sex,Female,6,percentage,% of people where information available,
2018,Census usually resident population aged 5 years and over,Non-disabled,Total stated,Sex,Female,100,percentage,% of people where information available,
2018,Census usually resident population aged 5 years and over,Disabled,Total stated,Sex,Female,100,percentage,% of people where information available,
2018,Census usually resident population aged 5 years and over,Total including disability status unknown,Total stated,Sex,Female,100,percentage,% of people where information available,
2018,Census usually resident population aged 5 years and over,Non-disabled,"Dwelling owned or partly owned, mortgage arrangements not further defined",Sex,Total,2.2,percentage,% of people where information available,
2018,Census usually resident population aged 5 years and over,Disabled,"Dwelling owned or partly owned, mortgage arrangements not further defined",Sex,Total,4.3,percentage,% of people where information available,
2018,Census usually resident population aged 5 years and over,Total including disability status unknown,"Dwelling owned or partly owned, mortgage arrangements not further defined",Sex,Total,3.1,percentage,% of people where information available,
2018,Census usually resident population aged 5 years and over,Non-disabled,"Dwelling owned or partly owned, mortgage payments made",Sex,Total,34.9,percentage,% of people where information available,
2018,Census usually resident population aged 5 years and over,Disabled,"Dwelling owned or partly owned, mortgage payments made",Sex,Total,22.3,percentage,% of people where information available,
2018,Census usually resident population aged 5 years and over,Total including disability status unknown,"Dwelling owned or partly owned, mortgage payments made",Sex,Total,32.6,percentage,% of people where information available,
2018,Census usually resident population aged 5 years and over,Non-disabled,"Dwelling owned or partly owned, mortgage payments not made",Sex,Total,16.3,percentage,% of people where information available,
2018,Census usually resident population aged 5 years and over,Disabled,"Dwelling owned or partly owned, mortgage payments not made",Sex,Total,22.7,percentage,% of people where information available,
2018,Census usually resident population aged 5 years and over,Total including disability status unknown,"Dwelling owned or partly owned, mortgage payments not made",Sex,Total,15.8,percentage,% of people where information available,
2018,Census usually resident population aged 5 years and over,Non-disabled,"Dwelling not owned and not held in a family trust, rental arrangements not further defined",Sex,Total,0.1,percentage,% of people where information available,
2018,Census usually resident population aged 5 years and over,Disabled,"Dwelling not owned and not held in a family trust, rental arrangements not further defined",Sex,Total,0.2,percentage,% of people where information available,
2018,Census usually resident population aged 5 years and over,Total including disability status unknown,"Dwelling not owned and not held in a family trust, rental arrangements not further defined",Sex,Total,0.1,percentage,% of people where information available,
2018,Census usually resident population aged 5 years and over,Non-disabled,"Dwelling not owned and not held in a family trust, rent payments made",Sex,Total,29.6,percentage,% of people where information available,
2018,Census usually resident population aged 5 years and over,Disabled,"Dwelling not owned and not held in a family trust, rent payments made",Sex,Total,34.6,percentage,% of people where information available,
2018,Census usually resident population aged 5 years and over,Total including disability status unknown,"Dwelling not owned and not held in a family trust, rent payments made",Sex,Total,32,percentage,% of people where information available,
2018,Census usually resident population aged 5 years and over,Non-disabled,"Dwelling not owned and not held in a family trust, rent payments not made",Sex,Total,2.9,percentage,% of people where information available,
2018,Census usually resident population aged 5 years and over,Disabled,"Dwelling not owned and not held in a family trust, rent payments not made",Sex,Total,4.2,percentage,% of people where information available,
2018,Census usually resident population aged 5 years and over,Total including disability status unknown,"Dwelling not owned and not held in a family trust, rent payments not made",Sex,Total,3,percentage,% of people where information available,
2018,Census usually resident population aged 5 years and over,Non-disabled,"Dwelling held in a family trust, mortgage arrangements not further defined",Sex,Total,0.8,percentage,% of people where information available,
2018,Census usually resident population aged 5 years and over,Disabled,"Dwelling held in a family trust, mortgage arrangements not further defined",Sex,Total,1.3,percentage,% of people where information available,
2018,Census usually resident population aged 5 years and over,Total including disability status unknown,"Dwelling held in a family trust, mortgage arrangements not further defined",Sex,Total,1,percentage,% of people where information available,
2018,Census usually resident population aged 5 years and over,Non-disabled,"Dwelling held in a family trust, mortgage payments made",Sex,Total,7,percentage,% of people where information available,
2018,Census usually resident population aged 5 years and over,Disabled,"Dwelling held in a family trust, mortgage payments made",Sex,Total,3.9,percentage,% of people where information available,
2018,Census usually resident population aged 5 years and over,Total including disability status unknown,"Dwelling held in a family trust, mortgage payments made",Sex,Total,6.5,percentage,% of people where information available,
2018,Census usually resident population aged 5 years and over,Non-disabled,"Dwelling held in a family trust, mortgage payments not made",Sex,Total,6.2,percentage,% of people where information available,
2018,Census usually resident population aged 5 years and over,Disabled,"Dwelling held in a family trust, mortgage payments not made",Sex,Total,6.6,percentage,% of people where information available,
2018,Census usually resident population aged 5 years and over,Total including disability status unknown,"Dwelling held in a family trust, mortgage payments not made",Sex,Total,5.9,percentage,% of people where information available,
2018,Census usually resident population aged 5 years and over,Non-disabled,Total stated,Sex,Total,100,percentage,% of people where information available,
2018,Census usually resident population aged 5 years and over,Disabled,Total stated,Sex,Total,100,percentage,% of people where information available,
2018,Census usually resident population aged 5 years and over,Total including disability status unknown,Total stated,Sex,Total,100,percentage,% of people where information available,
2018,Census usually resident population aged 5 years and over,Non-disabled,"Dwelling owned or partly owned, mortgage arrangements not further defined",Age group,5-14,1.2,percentage,% of people where information available,
2018,Census usually resident population aged 5 years and over,Disabled,"Dwelling owned or partly owned, mortgage arrangements not further defined",Age group,5-14,1.3,percentage,% of people where information available,
2018,Census usually resident population aged 5 years and over,Total including disability status unknown,"Dwelling owned or partly owned, mortgage arrangements not further defined",Age group,5-14,2.1,percentage,% of people where information available,
2018,Census usually resident population aged 5 years and over,Non-disabled,"Dwelling owned or partly owned, mortgage arrangements not further defined",Age group,15-29,1.8,percentage,% of people where information available,
2018,Census usually resident population aged 5 years and over,Disabled,"Dwelling owned or partly owned, mortgage arrangements not further defined",Age group,15-29,2.2,percentage,% of people where information available,
2018,Census usually resident population aged 5 years and over,Total including disability status unknown,"Dwelling owned or partly owned, mortgage arrangements not further defined",Age group,15-29,2.6,percentage,% of people where information available,
2018,Census usually resident population aged 5 years and over,Non-disabled,"Dwelling owned or partly owned, mortgage arrangements not further defined",Age group,30-64,1.8,percentage,% of people where information available,
2018,Census usually resident population aged 5 years and over,Disabled,"Dwelling owned or partly owned, mortgage arrangements not further defined",Age group,30-64,2.9,percentage,% of people where information available,
2018,Census usually resident population aged 5 years and over,Total including disability status unknown,"Dwelling owned or partly owned, mortgage arrangements not further defined",Age group,30-64,2.6,percentage,% of people where information available,
2018,Census usually resident population aged 5 years and over,Non-disabled,"Dwelling owned or partly owned, mortgage arrangements not further defined",Age group,65+,5.3,percentage,% of people where information available,
2018,Census usually resident population aged 5 years and over,Disabled,"Dwelling owned or partly owned, mortgage arrangements not further defined",Age group,65+,6.5,percentage,% of people where information available,
2018,Census usually resident population aged 5 years and over,Total including disability status unknown,"Dwelling owned or partly owned, mortgage arrangements not further defined",Age group,65+,5.9,percentage,% of people where information available,
2018,Census usually resident population aged 5 years and over,Non-disabled,"Dwelling owned or partly owned, mortgage arrangements not further defined",Age group,Total,2.2,percentage,% of people where information available,
2018,Census usually resident population aged 5 years and over,Disabled,"Dwelling owned or partly owned, mortgage arrangements not further defined",Age group,Total,4.3,percentage,% of people where information available,
2018,Census usually resident population aged 5 years and over,Total including disability status unknown,"Dwelling owned or partly owned, mortgage arrangements not further defined",Age group,Total,3.1,percentage,% of people where information available,
2018,Census usually resident population aged 5 years and over,Non-disabled,"Dwelling owned or partly owned, mortgage payments made",Age group,5-14,42.9,percentage,% of people where information available,
2018,Census usually resident population aged 5 years and over,Disabled,"Dwelling owned or partly owned, mortgage payments made",Age group,5-14,32.3,percentage,% of people where information available,
2018,Census usually resident population aged 5 years and over,Total including disability status unknown,"Dwelling owned or partly owned, mortgage payments made",Age group,5-14,39.7,percentage,% of people where information available,
2018,Census usually resident population aged 5 years and over,Non-disabled,"Dwelling owned or partly owned, mortgage payments made",Age group,15-29,32.1,percentage,% of people where information available,
2018,Census usually resident population aged 5 years and over,Disabled,"Dwelling owned or partly owned, mortgage payments made",Age group,15-29,27,percentage,% of people where information available,
2018,Census usually resident population aged 5 years and over,Total including disability status unknown,"Dwelling owned or partly owned, mortgage payments made",Age group,15-29,30,percentage,% of people where information available,
2018,Census usually resident population aged 5 years and over,Non-disabled,"Dwelling owned or partly owned, mortgage payments made",Age group,30-64,40.6,percentage,% of people where information available,
2018,Census usually resident population aged 5 years and over,Disabled,"Dwelling owned or partly owned, mortgage payments made",Age group,30-64,29.5,percentage,% of people where information available,
2018,Census usually resident population aged 5 years and over,Total including disability status unknown,"Dwelling owned or partly owned, mortgage payments made",Age group,30-64,38.5,percentage,% of people where information available,
2018,Census usually resident population aged 5 years and over,Non-disabled,"Dwelling owned or partly owned, mortgage payments made",Age group,65+,12.2,percentage,% of people where information available,
2018,Census usually resident population aged 5 years and over,Disabled,"Dwelling owned or partly owned, mortgage payments made",Age group,65+,13.2,percentage,% of people where information available,
2018,Census usually resident population aged 5 years and over,Total including disability status unknown,"Dwelling owned or partly owned, mortgage payments made",Age group,65+,12.2,percentage,% of people where information available,
2018,Census usually resident population aged 5 years and over,Non-disabled,"Dwelling owned or partly owned, mortgage payments made",Age group,Total,34.9,percentage,% of people where information available,
2018,Census usually resident population aged 5 years and over,Disabled,"Dwelling owned or partly owned, mortgage payments made",Age group,Total,22.3,percentage,% of people where information available,
2018,Census usually resident population aged 5 years and over,Total including disability status unknown,"Dwelling owned or partly owned, mortgage payments made",Age group,Total,32.6,percentage,% of people where information available,
2018,Census usually resident population aged 5 years and over,Non-disabled,"Dwelling owned or partly owned, mortgage payments not made",Age group,5-14,7.2,percentage,% of people where information available,
2018,Census usually resident population aged 5 years and over,Disabled,"Dwelling owned or partly owned, mortgage payments not made",Age group,5-14,5.5,percentage,% of people where information available,
2018,Census usually resident population aged 5 years and over,Total including disability status unknown,"Dwelling owned or partly owned, mortgage payments not made",Age group,5-14,6.7,percentage,% of people where information available,
2018,Census usually resident population aged 5 years and over,Non-disabled,"Dwelling owned or partly owned, mortgage payments not made",Age group,15-29,7.5,percentage,% of people where information available,
2018,Census usually resident population aged 5 years and over,Disabled,"Dwelling owned or partly owned, mortgage payments not made",Age group,15-29,7.5,percentage,% of people where information available,
2018,Census usually resident population aged 5 years and over,Total including disability status unknown,"Dwelling owned or partly owned, mortgage payments not made",Age group,15-29,7,percentage,% of people where information available,
2018,Census usually resident population aged 5 years and over,Non-disabled,"Dwelling owned or partly owned, mortgage payments not made",Age group,30-64,14.1,percentage,% of people where information available,
2018,Census usually resident population aged 5 years and over,Disabled,"Dwelling owned or partly owned, mortgage payments not made",Age group,30-64,13.4,percentage,% of people where information available,
2018,Census usually resident population aged 5 years and over,Total including disability status unknown,"Dwelling owned or partly owned, mortgage payments not made",Age group,30-64,13.5,percentage,% of people where information available,
2018,Census usually resident population aged 5 years and over,Non-disabled,"Dwelling owned or partly owned, mortgage payments not made",Age group,65+,44.1,percentage,% of people where information available,
2018,Census usually resident population aged 5 years and over,Disabled,"Dwelling owned or partly owned, mortgage payments not made",Age group,65+,37.8,percentage,% of people where information available,
2018,Census usually resident population aged 5 years and over,Total including disability status unknown,"Dwelling owned or partly owned, mortgage payments not made",Age group,65+,42.1,percentage,% of people where information available,
2018,Census usually resident population aged 5 years and over,Non-disabled,"Dwelling owned or partly owned, mortgage payments not made",Age group,Total,16.3,percentage,% of people where information available,
2018,Census usually resident population aged 5 years and over,Disabled,"Dwelling owned or partly owned, mortgage payments not made",Age group,Total,22.7,percentage,% of people where information available,
2018,Census usually resident population aged 5 years and over,Total including disability status unknown,"Dwelling owned or partly owned, mortgage payments not made",Age group,Total,15.8,percentage,% of people where information available,
2018,Census usually resident population aged 5 years and over,Non-disabled,"Dwelling not owned and not held in a family trust, rental arrangements not further defined",Age group,5-14,0,percentage,% of people where information available,
2018,Census usually resident population aged 5 years and over,Disabled,"Dwelling not owned and not held in a family trust, rental arrangements not further defined",Age group,5-14,0,percentage,% of people where information available,
2018,Census usually resident population aged 5 years and over,Total including disability status unknown,"Dwelling not owned and not held in a family trust, rental arrangements not further defined",Age group,5-14,0,percentage,% of people where information available,
2018,Census usually resident population aged 5 years and over,Non-disabled,"Dwelling not owned and not held in a family trust, rental arrangements not further defined",Age group,15-29,0,percentage,% of people where information available,
2018,Census usually resident population aged 5 years and over,Disabled,"Dwelling not owned and not held in a family trust, rental arrangements not further defined",Age group,15-29,0.1,percentage,% of people where information available,
2018,Census usually resident population aged 5 years and over,Total including disability status unknown,"Dwelling not owned and not held in a family trust, rental arrangements not further defined",Age group,15-29,0.1,percentage,% of people where information available,
2018,Census usually resident population aged 5 years and over,Non-disabled,"Dwelling not owned and not held in a family trust, rental arrangements not further defined",Age group,30-64,0,percentage,% of people where information available,
2018,Census usually resident population aged 5 years and over,Disabled,"Dwelling not owned and not held in a family trust, rental arrangements not further defined",Age group,30-64,0.1,percentage,% of people where information available,
2018,Census usually resident population aged 5 years and over,Total including disability status unknown,"Dwelling not owned and not held in a family trust, rental arrangements not further defined",Age group,30-64,0.1,percentage,% of people where information available,
2018,Census usually resident population aged 5 years and over,Non-disabled,"Dwelling not owned and not held in a family trust, rental arrangements not further defined",Age group,65+,0.2,percentage,% of people where information available,
2018,Census usually resident population aged 5 years and over,Disabled,"Dwelling not owned and not held in a family trust, rental arrangements not further defined",Age group,65+,0.3,percentage,% of people where information available,
2018,Census usually resident population aged 5 years and over,Total including disability status unknown,"Dwelling not owned and not held in a family trust, rental arrangements not further defined",Age group,65+,0.2,percentage,% of people where information available,
2018,Census usually resident population aged 5 years and over,Non-disabled,"Dwelling not owned and not held in a family trust, rental arrangements not further defined",Age group,Total,0.1,percentage,% of people where information available,
2018,Census usually resident population aged 5 years and over,Disabled,"Dwelling not owned and not held in a family trust, rental arrangements not further defined",Age group,Total,0.2,percentage,% of people where information available,
2018,Census usually resident population aged 5 years and over,Total including disability status unknown,"Dwelling not owned and not held in a family trust, rental arrangements not further defined",Age group,Total,0.1,percentage,% of people where information available,
2018,Census usually resident population aged 5 years and over,Non-disabled,"Dwelling not owned and not held in a family trust, rent payments made",Age group,5-14,33,percentage,% of people where information available,
2018,Census usually resident population aged 5 years and over,Disabled,"Dwelling not owned and not held in a family trust, rent payments made",Age group,5-14,50.1,percentage,% of people where information available,
2018,Census usually resident population aged 5 years and over,Total including disability status unknown,"Dwelling not owned and not held in a family trust, rent payments made",Age group,5-14,36.7,percentage,% of people where information available,
2018,Census usually resident population aged 5 years and over,Non-disabled,"Dwelling not owned and not held in a family trust, rent payments made",Age group,15-29,45.9,percentage,% of people where information available,
2018,Census usually resident population aged 5 years and over,Disabled,"Dwelling not owned and not held in a family trust, rent payments made",Age group,15-29,52,percentage,% of people where information available,
2018,Census usually resident population aged 5 years and over,Total including disability status unknown,"Dwelling not owned and not held in a family trust, rent payments made",Age group,15-29,48.2,percentage,% of people where information available,
2018,Census usually resident population aged 5 years and over,Non-disabled,"Dwelling not owned and not held in a family trust, rent payments made",Age group,30-64,27,percentage,% of people where information available,
2018,Census usually resident population aged 5 years and over,Disabled,"Dwelling not owned and not held in a family trust, rent payments made",Age group,30-64,41.3,percentage,% of people where information available,
2018,Census usually resident population aged 5 years and over,Total including disability status unknown,"Dwelling not owned and not held in a family trust, rent payments made",Age group,30-64,29.4,percentage,% of people where information available,
2018,Census usually resident population aged 5 years and over,Non-disabled,"Dwelling not owned and not held in a family trust, rent payments made",Age group,65+,12.5,percentage,% of people where information available,
2018,Census usually resident population aged 5 years and over,Disabled,"Dwelling not owned and not held in a family trust, rent payments made",Age group,65+,21.5,percentage,% of people where information available,
2018,Census usually resident population aged 5 years and over,Total including disability status unknown,"Dwelling not owned and not held in a family trust, rent payments made",Age group,65+,14.8,percentage,% of people where information available,
2018,Census usually resident population aged 5 years and over,Non-disabled,"Dwelling not owned and not held in a family trust, rent payments made",Age group,Total,29.6,percentage,% of people where information available,
2018,Census usually resident population aged 5 years and over,Disabled,"Dwelling not owned and not held in a family trust, rent payments made",Age group,Total,34.6,percentage,% of people where information available,
2018,Census usually resident population aged 5 years and over,Total including disability status unknown,"Dwelling not owned and not held in a family trust, rent payments made",Age group,Total,32,percentage,% of people where information available,
2018,Census usually resident population aged 5 years and over,Non-disabled,"Dwelling not owned and not held in a family trust, rent payments not made",Age group,5-14,2.4,percentage,% of people where information available,
2018,Census usually resident population aged 5 years and over,Disabled,"Dwelling not owned and not held in a family trust, rent payments not made",Age group,5-14,2.4,percentage,% of people where information available,
2018,Census usually resident population aged 5 years and over,Total including disability status unknown,"Dwelling not owned and not held in a family trust, rent payments not made",Age group,5-14,2.4,percentage,% of people where information available,
2018,Census usually resident population aged 5 years and over,Non-disabled,"Dwelling not owned and not held in a family trust, rent payments not made",Age group,15-29,2.7,percentage,% of people where information available,
2018,Census usually resident population aged 5 years and over,Disabled,"Dwelling not owned and not held in a family trust, rent payments not made",Age group,15-29,2.6,percentage,% of people where information available,
2018,Census usually resident population aged 5 years and over,Total including disability status unknown,"Dwelling not owned and not held in a family trust, rent payments not made",Age group,15-29,2.6,percentage,% of people where information available,
2018,Census usually resident population aged 5 years and over,Non-disabled,"Dwelling not owned and not held in a family trust, rent payments not made",Age group,30-64,2.5,percentage,% of people where information available,
2018,Census usually resident population aged 5 years and over,Disabled,"Dwelling not owned and not held in a family trust, rent payments not made",Age group,30-64,3.1,percentage,% of people where information available,
2018,Census usually resident population aged 5 years and over,Total including disability status unknown,"Dwelling not owned and not held in a family trust, rent payments not made",Age group,30-64,2.6,percentage,% of people where information available,
2018,Census usually resident population aged 5 years and over,Non-disabled,"Dwelling not owned and not held in a family trust, rent payments not made",Age group,65+,5.1,percentage,% of people where information available,
2018,Census usually resident population aged 5 years and over,Disabled,"Dwelling not owned and not held in a family trust, rent payments not made",Age group,65+,5.8,percentage,% of people where information available,
2018,Census usually resident population aged 5 years and over,Total including disability status unknown,"Dwelling not owned and not held in a family trust, rent payments not made",Age group,65+,5.3,percentage,% of people where information available,
2018,Census usually resident population aged 5 years and over,Non-disabled,"Dwelling not owned and not held in a family trust, rent payments not made",Age group,Total,2.9,percentage,% of people where information available,
2018,Census usually resident population aged 5 years and over,Disabled,"Dwelling not owned and not held in a family trust, rent payments not made",Age group,Total,4.2,percentage,% of people where information available,
2018,Census usually resident population aged 5 years and over,Total including disability status unknown,"Dwelling not owned and not held in a family trust, rent payments not made",Age group,Total,3,percentage,% of people where information available,
2018,Census usually resident population aged 5 years and over,Non-disabled,"Dwelling held in a family trust, mortgage arrangements not further defined",Age group,5-14,0.6,percentage,% of people where information available,
2018,Census usually resident population aged 5 years and over,Disabled,"Dwelling held in a family trust, mortgage arrangements not further defined",Age group,5-14,1,percentage,% of people where information available,
2018,Census usually resident population aged 5 years and over,Total including disability status unknown,"Dwelling held in a family trust, mortgage arrangements not further defined",Age group,5-14,0.8,percentage,% of people where information available,
2018,Census usually resident population aged 5 years and over,Non-disabled,"Dwelling held in a family trust, mortgage arrangements not further defined",Age group,15-29,0.7,percentage,% of people where information available,
2018,Census usually resident population aged 5 years and over,Disabled,"Dwelling held in a family trust, mortgage arrangements not further defined",Age group,15-29,1,percentage,% of people where information available,
2018,Census usually resident population aged 5 years and over,Total including disability status unknown,"Dwelling held in a family trust, mortgage arrangements not further defined",Age group,15-29,0.9,percentage,% of people where information available,
2018,Census usually resident population aged 5 years and over,Non-disabled,"Dwelling held in a family trust, mortgage arrangements not further defined",Age group,30-64,0.7,percentage,% of people where information available,
2018,Census usually resident population aged 5 years and over,Disabled,"Dwelling held in a family trust, mortgage arrangements not further defined",Age group,30-64,0.9,percentage,% of people where information available,
2018,Census usually resident population aged 5 years and over,Total including disability status unknown,"Dwelling held in a family trust, mortgage arrangements not further defined",Age group,30-64,0.9,percentage,% of people where information available,
2018,Census usually resident population aged 5 years and over,Non-disabled,"Dwelling held in a family trust, mortgage arrangements not further defined",Age group,65+,1.5,percentage,% of people where information available,
2018,Census usually resident population aged 5 years and over,Disabled,"Dwelling held in a family trust, mortgage arrangements not further defined",Age group,65+,1.7,percentage,% of people where information available,
2018,Census usually resident population aged 5 years and over,Total including disability status unknown,"Dwelling held in a family trust, mortgage arrangements not further defined",Age group,65+,1.7,percentage,% of people where information available,
2018,Census usually resident population aged 5 years and over,Non-disabled,"Dwelling held in a family trust, mortgage arrangements not further defined",Age group,Total,0.8,percentage,% of people where information available,
2018,Census usually resident population aged 5 years and over,Disabled,"Dwelling held in a family trust, mortgage arrangements not further defined",Age group,Total,1.3,percentage,% of people where information available,
2018,Census usually resident population aged 5 years and over,Total including disability status unknown,"Dwelling held in a family trust, mortgage arrangements not further defined",Age group,Total,1,percentage,% of people where information available,
2018,Census usually resident population aged 5 years and over,Non-disabled,"Dwelling held in a family trust, mortgage payments made",Age group,5-14,9.3,percentage,% of people where information available,
2018,Census usually resident population aged 5 years and over,Disabled,"Dwelling held in a family trust, mortgage payments made",Age group,5-14,5.3,percentage,% of people where information available,
2018,Census usually resident population aged 5 years and over,Total including disability status unknown,"Dwelling held in a family trust, mortgage payments made",Age group,5-14,8.5,percentage,% of people where information available,
2018,Census usually resident population aged 5 years and over,Non-disabled,"Dwelling held in a family trust, mortgage payments made",Age group,15-29,5.9,percentage,% of people where information available,
2018,Census usually resident population aged 5 years and over,Disabled,"Dwelling held in a family trust, mortgage payments made",Age group,15-29,4.5,percentage,% of people where information available,
2018,Census usually resident population aged 5 years and over,Total including disability status unknown,"Dwelling held in a family trust, mortgage payments made",Age group,15-29,5.5,percentage,% of people where information available,
2018,Census usually resident population aged 5 years and over,Non-disabled,"Dwelling held in a family trust, mortgage payments made",Age group,30-64,7.9,percentage,% of people where information available,
2018,Census usually resident population aged 5 years and over,Disabled,"Dwelling held in a family trust, mortgage payments made",Age group,30-64,4.8,percentage,% of people where information available,
2018,Census usually resident population aged 5 years and over,Total including disability status unknown,"Dwelling held in a family trust, mortgage payments made",Age group,30-64,7.4,percentage,% of people where information available,
2018,Census usually resident population aged 5 years and over,Non-disabled,"Dwelling held in a family trust, mortgage payments made",Age group,65+,3.3,percentage,% of people where information available,
2018,Census usually resident population aged 5 years and over,Disabled,"Dwelling held in a family trust, mortgage payments made",Age group,65+,2.7,percentage,% of people where information available,
2018,Census usually resident population aged 5 years and over,Total including disability status unknown,"Dwelling held in a family trust, mortgage payments made",Age group,65+,3.2,percentage,% of people where information available,
2018,Census usually resident population aged 5 years and over,Non-disabled,"Dwelling held in a family trust, mortgage payments made",Age group,Total,7,percentage,% of people where information available,
2018,Census usually resident population aged 5 years and over,Disabled,"Dwelling held in a family trust, mortgage payments made",Age group,Total,3.9,percentage,% of people where information available,
2018,Census usually resident population aged 5 years and over,Total including disability status unknown,"Dwelling held in a family trust, mortgage payments made",Age group,Total,6.5,percentage,% of people where information available,
2018,Census usually resident population aged 5 years and over,Non-disabled,"Dwelling held in a family trust, mortgage payments not made",Age group,5-14,3.4,percentage,% of people where information available,
2018,Census usually resident population aged 5 years and over,Disabled,"Dwelling held in a family trust, mortgage payments not made",Age group,5-14,2.1,percentage,% of people where information available,
2018,Census usually resident population aged 5 years and over,Total including disability status unknown,"Dwelling held in a family trust, mortgage payments not made",Age group,5-14,3.1,percentage,% of people where information available,
2018,Census usually resident population aged 5 years and over,Non-disabled,"Dwelling held in a family trust, mortgage payments not made",Age group,15-29,3.3,percentage,% of people where information available,
2018,Census usually resident population aged 5 years and over,Disabled,"Dwelling held in a family trust, mortgage payments not made",Age group,15-29,3,percentage,% of people where information available,
2018,Census usually resident population aged 5 years and over,Total including disability status unknown,"Dwelling held in a family trust, mortgage payments not made",Age group,15-29,3.1,percentage,% of people where information available,
2018,Census usually resident population aged 5 years and over,Non-disabled,"Dwelling held in a family trust, mortgage payments not made",Age group,30-64,5.3,percentage,% of people where information available,
2018,Census usually resident population aged 5 years and over,Disabled,"Dwelling held in a family trust, mortgage payments not made",Age group,30-64,4,percentage,% of people where information available,
2018,Census usually resident population aged 5 years and over,Total including disability status unknown,"Dwelling held in a family trust, mortgage payments not made",Age group,30-64,5,percentage,% of people where information available,
2018,Census usually resident population aged 5 years and over,Non-disabled,"Dwelling held in a family trust, mortgage payments not made",Age group,65+,15.8,percentage,% of people where information available,
2018,Census usually resident population aged 5 years and over,Disabled,"Dwelling held in a family trust, mortgage payments not made",Age group,65+,10.5,percentage,% of people where information available,
2018,Census usually resident population aged 5 years and over,Total including disability status unknown,"Dwelling held in a family trust, mortgage payments not made",Age group,65+,14.6,percentage,% of people where information available,
2018,Census usually resident population aged 5 years and over,Non-disabled,"Dwelling held in a family trust, mortgage payments not made",Age group,Total,6.2,percentage,% of people where information available,
2018,Census usually resident population aged 5 years and over,Disabled,"Dwelling held in a family trust, mortgage payments not made",Age group,Total,6.6,percentage,% of people where information available,
2018,Census usually resident population aged 5 years and over,Total including disability status unknown,"Dwelling held in a family trust, mortgage payments not made",Age group,Total,5.9,percentage,% of people where information available,
2018,Census usually resident population aged 5 years and over,Non-disabled,Total stated,Age group,5-14,100,percentage,% of people where information available,
2018,Census usually resident population aged 5 years and over,Disabled,Total stated,Age group,5-14,100,percentage,% of people where information available,
2018,Census usually resident population aged 5 years and over,Total including disability status unknown,Total stated,Age group,5-14,100,percentage,% of people where information available,
2018,Census usually resident population aged 5 years and over,Non-disabled,Total stated,Age group,15-29,100,percentage,% of people where information available,
2018,Census usually resident population aged 5 years and over,Disabled,Total stated,Age group,15-29,100,percentage,% of people where information available,
2018,Census usually resident population aged 5 years and over,Total including disability status unknown,Total stated,Age group,15-29,100,percentage,% of people where information available,
2018,Census usually resident population aged 5 years and over,Non-disabled,Total stated,Age group,30-64,100,percentage,% of people where information available,
2018,Census usually resident population aged 5 years and over,Disabled,Total stated,Age group,30-64,100,percentage,% of people where information available,
2018,Census usually resident population aged 5 years and over,Total including disability status unknown,Total stated,Age group,30-64,100,percentage,% of people where information available,
2018,Census usually resident population aged 5 years and over,Non-disabled,Total stated,Age group,65+,100,percentage,% of people where information available,
2018,Census usually resident population aged 5 years and over,Disabled,Total stated,Age group,65+,100,percentage,% of people where information available,
2018,Census usually resident population aged 5 years and over,Total including disability status unknown,Total stated,Age group,65+,100,percentage,% of people where information available,
2018,Census usually resident population aged 5 years and over,Non-disabled,Total stated,Age group,Total,100,percentage,% of people where information available,
2018,Census usually resident population aged 5 years and over,Disabled,Total stated,Age group,Total,100,percentage,% of people where information available,
2018,Census usually resident population aged 5 years and over,Total including disability status unknown,Total stated,Age group,Total,100,percentage,% of people where information available,
2018,Census usually resident population aged 5 years and over,Non-disabled,"Dwelling owned or partly owned, mortgage arrangements not further defined",Ethnic group,European,2.1,percentage,% of people where information available,
2018,Census usually resident population aged 5 years and over,Disabled,"Dwelling owned or partly owned, mortgage arrangements not further defined",Ethnic group,European,4.5,percentage,% of people where information available,
2018,Census usually resident population aged 5 years and over,Total including disability status unknown,"Dwelling owned or partly owned, mortgage arrangements not further defined",Ethnic group,European,2.8,percentage,% of people where information available,
2018,Census usually resident population aged 5 years and over,Non-disabled,"Dwelling owned or partly owned, mortgage payments made",Ethnic group,European,36.2,percentage,% of people where information available,
2018,Census usually resident population aged 5 years and over,Disabled,"Dwelling owned or partly owned, mortgage payments made",Ethnic group,European,22.3,percentage,% of people where information available,
2018,Census usually resident population aged 5 years and over,Total including disability status unknown,"Dwelling owned or partly owned, mortgage payments made",Ethnic group,European,34.3,percentage,% of people where information available,
2018,Census usually resident population aged 5 years and over,Non-disabled,"Dwelling owned or partly owned, mortgage payments not made",Ethnic group,European,18.7,percentage,% of people where information available,
2018,Census usually resident population aged 5 years and over,Disabled,"Dwelling owned or partly owned, mortgage payments not made",Ethnic group,European,26.8,percentage,% of people where information available,
2018,Census usually resident population aged 5 years and over,Total including disability status unknown,"Dwelling owned or partly owned, mortgage payments not made",Ethnic group,European,18.7,percentage,% of people where information available,
2018,Census usually resident population aged 5 years and over,Non-disabled,"Dwelling not owned and not held in a family trust, rental arrangements not further defined",Ethnic group,European,0.1,percentage,% of people where information available,
2018,Census usually resident population aged 5 years and over,Disabled,"Dwelling not owned and not held in a family trust, rental arrangements not further defined",Ethnic group,European,0.2,percentage,% of people where information available,
2018,Census usually resident population aged 5 years and over,Total including disability status unknown,"Dwelling not owned and not held in a family trust, rental arrangements not further defined",Ethnic group,European,0.1,percentage,% of people where information available,
2018,Census usually resident population aged 5 years and over,Non-disabled,"Dwelling not owned and not held in a family trust, rent payments made",Ethnic group,European,24.3,percentage,% of people where information available,
2018,Census usually resident population aged 5 years and over,Disabled,"Dwelling not owned and not held in a family trust, rent payments made",Ethnic group,European,28.8,percentage,% of people where information available,
2018,Census usually resident population aged 5 years and over,Total including disability status unknown,"Dwelling not owned and not held in a family trust, rent payments made",Ethnic group,European,25.8,percentage,% of people where information available,
2018,Census usually resident population aged 5 years and over,Non-disabled,"Dwelling not owned and not held in a family trust, rent payments not made",Ethnic group,European,2.8,percentage,% of people where information available,
2018,Census usually resident population aged 5 years and over,Disabled,"Dwelling not owned and not held in a family trust, rent payments not made",Ethnic group,European,4.3,percentage,% of people where information available,
2018,Census usually resident population aged 5 years and over,Total including disability status unknown,"Dwelling not owned and not held in a family trust, rent payments not made",Ethnic group,European,2.9,percentage,% of people where information available,
2018,Census usually resident population aged 5 years and over,Non-disabled,"Dwelling held in a family trust, mortgage arrangements not further defined",Ethnic group,European,0.7,percentage,% of people where information available,
2018,Census usually resident population aged 5 years and over,Disabled,"Dwelling held in a family trust, mortgage arrangements not further defined",Ethnic group,European,1.3,percentage,% of people where information available,
2018,Census usually resident population aged 5 years and over,Total including disability status unknown,"Dwelling held in a family trust, mortgage arrangements not further defined",Ethnic group,European,0.9,percentage,% of people where information available,
2018,Census usually resident population aged 5 years and over,Non-disabled,"Dwelling held in a family trust, mortgage payments made",Ethnic group,European,7.7,percentage,% of people where information available,
2018,Census usually resident population aged 5 years and over,Disabled,"Dwelling held in a family trust, mortgage payments made",Ethnic group,European,3.9,percentage,% of people where information available,
2018,Census usually resident population aged 5 years and over,Total including disability status unknown,"Dwelling held in a family trust, mortgage payments made",Ethnic group,European,7.3,percentage,% of people where information available,
2018,Census usually resident population aged 5 years and over,Non-disabled,"Dwelling held in a family trust, mortgage payments not made",Ethnic group,European,7.5,percentage,% of people where information available,
2018,Census usually resident population aged 5 years and over,Disabled,"Dwelling held in a family trust, mortgage payments not made",Ethnic group,European,7.8,percentage,% of people where information available,
2018,Census usually resident population aged 5 years and over,Total including disability status unknown,"Dwelling held in a family trust, mortgage payments not made",Ethnic group,European,7.3,percentage,% of people where information available,
2018,Census usually resident population aged 5 years and over,Non-disabled,Total stated,Ethnic group,European,100,percentage,% of people where information available,
2018,Census usually resident population aged 5 years and over,Disabled,Total stated,Ethnic group,European,100,percentage,% of people where information available,
2018,Census usually resident population aged 5 years and over,Total including disability status unknown,Total stated,Ethnic group,European,100,percentage,% of people where information available,
2018,Census usually resident population aged 5 years and over,Non-disabled,"Dwelling owned or partly owned, mortgage arrangements not further defined",Ethnic group,Māori,1.8,percentage,% of people where information available,
2018,Census usually resident population aged 5 years and over,Disabled,"Dwelling owned or partly owned, mortgage arrangements not further defined",Ethnic group,Māori,2.8,percentage,% of people where information available,
2018,Census usually resident population aged 5 years and over,Total including disability status unknown,"Dwelling owned or partly owned, mortgage arrangements not further defined",Ethnic group,Māori,3.2,percentage,% of people where information available,
2018,Census usually resident population aged 5 years and over,Non-disabled,"Dwelling owned or partly owned, mortgage payments made",Ethnic group,Māori,32.6,percentage,% of people where information available,
2018,Census usually resident population aged 5 years and over,Disabled,"Dwelling owned or partly owned, mortgage payments made",Ethnic group,Māori,22.7,percentage,% of people where information available,
2018,Census usually resident population aged 5 years and over,Total including disability status unknown,"Dwelling owned or partly owned, mortgage payments made",Ethnic group,Māori,28.7,percentage,% of people where information available,
2018,Census usually resident population aged 5 years and over,Non-disabled,"Dwelling owned or partly owned, mortgage payments not made",Ethnic group,Māori,9.2,percentage,% of people where information available,
2018,Census usually resident population aged 5 years and over,Disabled,"Dwelling owned or partly owned, mortgage payments not made",Ethnic group,Māori,12,percentage,% of people where information available,
2018,Census usually resident population aged 5 years and over,Total including disability status unknown,"Dwelling owned or partly owned, mortgage payments not made",Ethnic group,Māori,8.6,percentage,% of people where information available,
2018,Census usually resident population aged 5 years and over,Non-disabled,"Dwelling not owned and not held in a family trust, rental arrangements not further defined",Ethnic group,Māori,0.1,percentage,% of people where information available,
2018,Census usually resident population aged 5 years and over,Disabled,"Dwelling not owned and not held in a family trust, rental arrangements not further defined",Ethnic group,Māori,0.1,percentage,% of people where information available,
2018,Census usually resident population aged 5 years and over,Total including disability status unknown,"Dwelling not owned and not held in a family trust, rental arrangements not further defined",Ethnic group,Māori,0.1,percentage,% of people where information available,
2018,Census usually resident population aged 5 years and over,Non-disabled,"Dwelling not owned and not held in a family trust, rent payments made",Ethnic group,Māori,45.7,percentage,% of people where information available,
2018,Census usually resident population aged 5 years and over,Disabled,"Dwelling not owned and not held in a family trust, rent payments made",Ethnic group,Māori,52.9,percentage,% of people where information available,
2018,Census usually resident population aged 5 years and over,Total including disability status unknown,"Dwelling not owned and not held in a family trust, rent payments made",Ethnic group,Māori,49.5,percentage,% of people where information available,
2018,Census usually resident population aged 5 years and over,Non-disabled,"Dwelling not owned and not held in a family trust, rent payments not made",Ethnic group,Māori,2.8,percentage,% of people where information available,
2018,Census usually resident population aged 5 years and over,Disabled,"Dwelling not owned and not held in a family trust, rent payments not made",Ethnic group,Māori,3.3,percentage,% of people where information available,
2018,Census usually resident population aged 5 years and over,Total including disability status unknown,"Dwelling not owned and not held in a family trust, rent payments not made",Ethnic group,Māori,2.7,percentage,% of people where information available,
2018,Census usually resident population aged 5 years and over,Non-disabled,"Dwelling held in a family trust, mortgage arrangements not further defined",Ethnic group,Māori,0.5,percentage,% of people where information available,
2018,Census usually resident population aged 5 years and over,Disabled,"Dwelling held in a family trust, mortgage arrangements not further defined",Ethnic group,Māori,0.8,percentage,% of people where information available,
2018,Census usually resident population aged 5 years and over,Total including disability status unknown,"Dwelling held in a family trust, mortgage arrangements not further defined",Ethnic group,Māori,0.8,percentage,% of people where information available,
2018,Census usually resident population aged 5 years and over,Non-disabled,"Dwelling held in a family trust, mortgage payments made",Ethnic group,Māori,4.6,percentage,% of people where information available,
2018,Census usually resident population aged 5 years and over,Disabled,"Dwelling held in a family trust, mortgage payments made",Ethnic group,Māori,2.5,percentage,% of people where information available,
2018,Census usually resident population aged 5 years and over,Total including disability status unknown,"Dwelling held in a family trust, mortgage payments made",Ethnic group,Māori,4,percentage,% of people where information available,
2018,Census usually resident population aged 5 years and over,Non-disabled,"Dwelling held in a family trust, mortgage payments not made",Ethnic group,Māori,2.7,percentage,% of people where information available,
2018,Census usually resident population aged 5 years and over,Disabled,"Dwelling held in a family trust, mortgage payments not made",Ethnic group,Māori,2.8,percentage,% of people where information available,
2018,Census usually resident population aged 5 years and over,Total including disability status unknown,"Dwelling held in a family trust, mortgage payments not made",Ethnic group,Māori,2.5,percentage,% of people where information available,
2018,Census usually resident population aged 5 years and over,Non-disabled,Total stated,Ethnic group,Māori,100,percentage,% of people where information available,
2018,Census usually resident population aged 5 years and over,Disabled,Total stated,Ethnic group,Māori,100,percentage,% of people where information available,
2018,Census usually resident population aged 5 years and over,Total including disability status unknown,Total stated,Ethnic group,Māori,100,percentage,% of people where information available,
2018,Census usually resident population aged 5 years and over,Non-disabled,"Dwelling owned or partly owned, mortgage arrangements not further defined",Ethnic group,Pacific Peoples,1.8,percentage,% of people where information available,
2018,Census usually resident population aged 5 years and over,Disabled,"Dwelling owned or partly owned, mortgage arrangements not further defined",Ethnic group,Pacific Peoples,2.4,percentage,% of people where information available,
2018,Census usually resident population aged 5 years and over,Total including disability status unknown,"Dwelling owned or partly owned, mortgage arrangements not further defined",Ethnic group,Pacific Peoples,3.1,percentage,% of people where information available,
2018,Census usually resident population aged 5 years and over,Non-disabled,"Dwelling owned or partly owned, mortgage payments made",Ethnic group,Pacific Peoples,27.2,percentage,% of people where information available,
2018,Census usually resident population aged 5 years and over,Disabled,"Dwelling owned or partly owned, mortgage payments made",Ethnic group,Pacific Peoples,19.7,percentage,% of people where information available,
2018,Census usually resident population aged 5 years and over,Total including disability status unknown,"Dwelling owned or partly owned, mortgage payments made",Ethnic group,Pacific Peoples,23.3,percentage,% of people where information available,
2018,Census usually resident population aged 5 years and over,Non-disabled,"Dwelling owned or partly owned, mortgage payments not made",Ethnic group,Pacific Peoples,5,percentage,% of people where information available,
2018,Census usually resident population aged 5 years and over,Disabled,"Dwelling owned or partly owned, mortgage payments not made",Ethnic group,Pacific Peoples,5.8,percentage,% of people where information available,
2018,Census usually resident population aged 5 years and over,Total including disability status unknown,"Dwelling owned or partly owned, mortgage payments not made",Ethnic group,Pacific Peoples,4.4,percentage,% of people where information available,
2018,Census usually resident population aged 5 years and over,Non-disabled,"Dwelling not owned and not held in a family trust, rental arrangements not further defined",Ethnic group,Pacific Peoples,0.1,percentage,% of people where information available,
2018,Census usually resident population aged 5 years and over,Disabled,"Dwelling not owned and not held in a family trust, rental arrangements not further defined",Ethnic group,Pacific Peoples,0.2,percentage,% of people where information available,
2018,Census usually resident population aged 5 years and over,Total including disability status unknown,"Dwelling not owned and not held in a family trust, rental arrangements not further defined",Ethnic group,Pacific Peoples,0.1,percentage,% of people where information available,
2018,Census usually resident population aged 5 years and over,Non-disabled,"Dwelling not owned and not held in a family trust, rent payments made",Ethnic group,Pacific Peoples,58.7,percentage,% of people where information available,
2018,Census usually resident population aged 5 years and over,Disabled,"Dwelling not owned and not held in a family trust, rent payments made",Ethnic group,Pacific Peoples,64.3,percentage,% of people where information available,
2018,Census usually resident population aged 5 years and over,Total including disability status unknown,"Dwelling not owned and not held in a family trust, rent payments made",Ethnic group,Pacific Peoples,62.3,percentage,% of people where information available,
2018,Census usually resident population aged 5 years and over,Non-disabled,"Dwelling not owned and not held in a family trust, rent payments not made",Ethnic group,Pacific Peoples,2.4,percentage,% of people where information available,
2018,Census usually resident population aged 5 years and over,Disabled,"Dwelling not owned and not held in a family trust, rent payments not made",Ethnic group,Pacific Peoples,2.7,percentage,% of people where information available,
2018,Census usually resident population aged 5 years and over,Total including disability status unknown,"Dwelling not owned and not held in a family trust, rent payments not made",Ethnic group,Pacific Peoples,2.2,percentage,% of people where information available,
2018,Census usually resident population aged 5 years and over,Non-disabled,"Dwelling held in a family trust, mortgage arrangements not further defined",Ethnic group,Pacific Peoples,0.5,percentage,% of people where information available,
2018,Census usually resident population aged 5 years and over,Disabled,"Dwelling held in a family trust, mortgage arrangements not further defined",Ethnic group,Pacific Peoples,1.2,percentage,% of people where information available,
2018,Census usually resident population aged 5 years and over,Total including disability status unknown,"Dwelling held in a family trust, mortgage arrangements not further defined",Ethnic group,Pacific Peoples,0.8,percentage,% of people where information available,
2018,Census usually resident population aged 5 years and over,Non-disabled,"Dwelling held in a family trust, mortgage payments made",Ethnic group,Pacific Peoples,3.1,percentage,% of people where information available,
2018,Census usually resident population aged 5 years and over,Disabled,"Dwelling held in a family trust, mortgage payments made",Ethnic group,Pacific Peoples,2.3,percentage,% of people where information available,
2018,Census usually resident population aged 5 years and over,Total including disability status unknown,"Dwelling held in a family trust, mortgage payments made",Ethnic group,Pacific Peoples,2.7,percentage,% of people where information available,
2018,Census usually resident population aged 5 years and over,Non-disabled,"Dwelling held in a family trust, mortgage payments not made",Ethnic group,Pacific Peoples,1.2,percentage,% of people where information available,
2018,Census usually resident population aged 5 years and over,Disabled,"Dwelling held in a family trust, mortgage payments not made",Ethnic group,Pacific Peoples,1.3,percentage,% of people where information available,
2018,Census usually resident population aged 5 years and over,Total including disability status unknown,"Dwelling held in a family trust, mortgage payments not made",Ethnic group,Pacific Peoples,1.1,percentage,% of people where information available,
2018,Census usually resident population aged 5 years and over,Non-disabled,Total stated,Ethnic group,Pacific Peoples,100,percentage,% of people where information available,
2018,Census usually resident population aged 5 years and over,Disabled,Total stated,Ethnic group,Pacific Peoples,100,percentage,% of people where information available,
2018,Census usually resident population aged 5 years and over,Total including disability status unknown,Total stated,Ethnic group,Pacific Peoples,100,percentage,% of people where information available,
2018,Census usually resident population aged 5 years and over,Non-disabled,"Dwelling owned or partly owned, mortgage arrangements not further defined",Ethnic group,Asian,3.2,percentage,% of people where information available,
2018,Census usually resident population aged 5 years and over,Disabled,"Dwelling owned or partly owned, mortgage arrangements not further defined",Ethnic group,Asian,4.6,percentage,% of people where information available,
2018,Census usually resident population aged 5 years and over,Total including disability status unknown,"Dwelling owned or partly owned, mortgage arrangements not further defined",Ethnic group,Asian,4,percentage,% of people where information available,
2018,Census usually resident population aged 5 years and over,Non-disabled,"Dwelling owned or partly owned, mortgage payments made",Ethnic group,Asian,35.8,percentage,% of people where information available,
2018,Census usually resident population aged 5 years and over,Disabled,"Dwelling owned or partly owned, mortgage payments made",Ethnic group,Asian,28.5,percentage,% of people where information available,
2018,Census usually resident population aged 5 years and over,Total including disability status unknown,"Dwelling owned or partly owned, mortgage payments made",Ethnic group,Asian,34.1,percentage,% of people where information available,
2018,Census usually resident population aged 5 years and over,Non-disabled,"Dwelling owned or partly owned, mortgage payments not made",Ethnic group,Asian,10.6,percentage,% of people where information available,
2018,Census usually resident population aged 5 years and over,Disabled,"Dwelling owned or partly owned, mortgage payments not made",Ethnic group,Asian,12.5,percentage,% of people where information available,
2018,Census usually resident population aged 5 years and over,Disabled,"Dwelling held in a family trust, mortgage payments made",District health board,Lakes,3,percentage,% of people where information available,
2018,Census usually resident population aged 5 years and over,Total including disability status unknown,"Dwelling owned or partly owned, mortgage payments not made",Ethnic group,Asian,10.2,percentage,% of people where information available,
2018,Census usually resident population aged 5 years and over,Non-disabled,"Dwelling not owned and not held in a family trust, rental arrangements not further defined",Ethnic group,Asian,0,percentage,% of people where information available,
2018,Census usually resident population aged 5 years and over,Disabled,"Dwelling not owned and not held in a family trust, rental arrangements not further defined",Ethnic group,Asian,0.1,percentage,% of people where information available,
2018,Census usually resident population aged 5 years and over,Total including disability status unknown,"Dwelling not owned and not held in a family trust, rental arrangements not further defined",Ethnic group,Asian,0.1,percentage,% of people where information available,
2018,Census usually resident population aged 5 years and over,Non-disabled,"Dwelling not owned and not held in a family trust, rent payments made",Ethnic group,Asian,36,percentage,% of people where information available,
2018,Census usually resident population aged 5 years and over,Disabled,"Dwelling not owned and not held in a family trust, rent payments made",Ethnic group,Asian,36.6,percentage,% of people where information available,
2018,Census usually resident population aged 5 years and over,Total including disability status unknown,"Dwelling not owned and not held in a family trust, rent payments made",Ethnic group,Asian,37.3,percentage,% of people where information available,
2018,Census usually resident population aged 5 years and over,Non-disabled,"Dwelling not owned and not held in a family trust, rent payments not made",Ethnic group,Asian,3.6,percentage,% of people where information available,
2018,Census usually resident population aged 5 years and over,Disabled,"Dwelling not owned and not held in a family trust, rent payments not made",Ethnic group,Asian,5,percentage,% of people where information available,
2018,Census usually resident population aged 5 years and over,Total including disability status unknown,"Dwelling not owned and not held in a family trust, rent payments not made",Ethnic group,Asian,3.7,percentage,% of people where information available,
2018,Census usually resident population aged 5 years and over,Non-disabled,"Dwelling held in a family trust, mortgage arrangements not further defined",Ethnic group,Asian,1.4,percentage,% of people where information available,
2018,Census usually resident population aged 5 years and over,Disabled,"Dwelling held in a family trust, mortgage arrangements not further defined",Ethnic group,Asian,2.2,percentage,% of people where information available,
2018,Census usually resident population aged 5 years and over,Total including disability status unknown,"Dwelling held in a family trust, mortgage arrangements not further defined",Ethnic group,Asian,1.6,percentage,% of people where information available,
2018,Census usually resident population aged 5 years and over,Non-disabled,"Dwelling held in a family trust, mortgage payments made",Ethnic group,Asian,6.3,percentage,% of people where information available,
2018,Census usually resident population aged 5 years and over,Disabled,"Dwelling held in a family trust, mortgage payments made",Ethnic group,Asian,6.4,percentage,% of people where information available,
2018,Census usually resident population aged 5 years and over,Total including disability status unknown,"Dwelling held in a family trust, mortgage payments made",Ethnic group,Asian,6.2,percentage,% of people where information available,
2018,Census usually resident population aged 5 years and over,Non-disabled,"Dwelling held in a family trust, mortgage payments not made",Ethnic group,Asian,3,percentage,% of people where information available,
2018,Census usually resident population aged 5 years and over,Disabled,"Dwelling held in a family trust, mortgage payments not made",Ethnic group,Asian,4,percentage,% of people where information available,
2018,Census usually resident population aged 5 years and over,Total including disability status unknown,"Dwelling held in a family trust, mortgage payments not made",Ethnic group,Asian,3,percentage,% of people where information available,
2018,Census usually resident population aged 5 years and over,Non-disabled,Total stated,Ethnic group,Asian,100,percentage,% of people where information available,
2018,Census usually resident population aged 5 years and over,Disabled,Total stated,Ethnic group,Asian,100,percentage,% of people where information available,
2018,Census usually resident population aged 5 years and over,Total including disability status unknown,Total stated,Ethnic group,Asian,100,percentage,% of people where information available,
2018,Census usually resident population aged 5 years and over,Non-disabled,"Dwelling owned or partly owned, mortgage arrangements not further defined",Ethnic group,Middle Eastern/Latin American/African,1.5,percentage,% of people where information available,
2018,Census usually resident population aged 5 years and over,Disabled,"Dwelling owned or partly owned, mortgage arrangements not further defined",Ethnic group,Middle Eastern/Latin American/African,2,percentage,% of people where information available,
2018,Census usually resident population aged 5 years and over,Total including disability status unknown,"Dwelling owned or partly owned, mortgage arrangements not further defined",Ethnic group,Middle Eastern/Latin American/African,2.1,percentage,% of people where information available,
2018,Census usually resident population aged 5 years and over,Non-disabled,"Dwelling owned or partly owned, mortgage payments made",Ethnic group,Middle Eastern/Latin American/African,25,percentage,% of people where information available,
2018,Census usually resident population aged 5 years and over,Disabled,"Dwelling owned or partly owned, mortgage payments made",Ethnic group,Middle Eastern/Latin American/African,16.5,percentage,% of people where information available,
2018,Census usually resident population aged 5 years and over,Total including disability status unknown,"Dwelling owned or partly owned, mortgage payments made",Ethnic group,Middle Eastern/Latin American/African,23.1,percentage,% of people where information available,
2018,Census usually resident population aged 5 years and over,Non-disabled,"Dwelling owned or partly owned, mortgage payments not made",Ethnic group,Middle Eastern/Latin American/African,5.1,percentage,% of people where information available,
2018,Census usually resident population aged 5 years and over,Disabled,"Dwelling owned or partly owned, mortgage payments not made",Ethnic group,Middle Eastern/Latin American/African,4.8,percentage,% of people where information available,
2018,Census usually resident population aged 5 years and over,Total including disability status unknown,"Dwelling owned or partly owned, mortgage payments not made",Ethnic group,Middle Eastern/Latin American/African,4.7,percentage,% of people where information available,
2018,Census usually resident population aged 5 years and over,Non-disabled,"Dwelling not owned and not held in a family trust, rental arrangements not further defined",Ethnic group,Middle Eastern/Latin American/African,0,percentage,% of people where information available,
2018,Census usually resident population aged 5 years and over,Disabled,"Dwelling not owned and not held in a family trust, rental arrangements not further defined",Ethnic group,Middle Eastern/Latin American/African,0,percentage,% of people where information available,
2018,Census usually resident population aged 5 years and over,Total including disability status unknown,"Dwelling not owned and not held in a family trust, rental arrangements not further defined",Ethnic group,Middle Eastern/Latin American/African,0,percentage,% of people where information available,
2018,Census usually resident population aged 5 years and over,Non-disabled,"Dwelling not owned and not held in a family trust, rent payments made",Ethnic group,Middle Eastern/Latin American/African,58.9,percentage,% of people where information available,
2018,Census usually resident population aged 5 years and over,Disabled,"Dwelling not owned and not held in a family trust, rent payments made",Ethnic group,Middle Eastern/Latin American/African,66.8,percentage,% of people where information available,
2018,Census usually resident population aged 5 years and over,Total including disability status unknown,"Dwelling not owned and not held in a family trust, rent payments made",Ethnic group,Middle Eastern/Latin American/African,60.4,percentage,% of people where information available,
2018,Census usually resident population aged 5 years and over,Non-disabled,"Dwelling not owned and not held in a family trust, rent payments not made",Ethnic group,Middle Eastern/Latin American/African,2.3,percentage,% of people where information available,
2018,Census usually resident population aged 5 years and over,Disabled,"Dwelling not owned and not held in a family trust, rent payments not made",Ethnic group,Middle Eastern/Latin American/African,2.4,percentage,% of people where information available,
2018,Census usually resident population aged 5 years and over,Total including disability status unknown,"Dwelling not owned and not held in a family trust, rent payments not made",Ethnic group,Middle Eastern/Latin American/African,2.3,percentage,% of people where information available,
2018,Census usually resident population aged 5 years and over,Non-disabled,"Dwelling held in a family trust, mortgage arrangements not further defined",Ethnic group,Middle Eastern/Latin American/African,0.9,percentage,% of people where information available,
2018,Census usually resident population aged 5 years and over,Disabled,"Dwelling held in a family trust, mortgage arrangements not further defined",Ethnic group,Middle Eastern/Latin American/African,1.6,percentage,% of people where information available,
2018,Census usually resident population aged 5 years and over,Total including disability status unknown,"Dwelling held in a family trust, mortgage arrangements not further defined",Ethnic group,Middle Eastern/Latin American/African,1.2,percentage,% of people where information available,
2018,Census usually resident population aged 5 years and over,Non-disabled,"Dwelling held in a family trust, mortgage payments made",Ethnic group,Middle Eastern/Latin American/African,4.3,percentage,% of people where information available,
2018,Census usually resident population aged 5 years and over,Disabled,"Dwelling held in a family trust, mortgage payments made",Ethnic group,Middle Eastern/Latin American/African,3.3,percentage,% of people where information available,
2018,Census usually resident population aged 5 years and over,Total including disability status unknown,"Dwelling held in a family trust, mortgage payments made",Ethnic group,Middle Eastern/Latin American/African,4.1,percentage,% of people where information available,
2018,Census usually resident population aged 5 years and over,Non-disabled,"Dwelling held in a family trust, mortgage payments not made",Ethnic group,Middle Eastern/Latin American/African,2.1,percentage,% of people where information available,
2018,Census usually resident population aged 5 years and over,Disabled,"Dwelling held in a family trust, mortgage payments not made",Ethnic group,Middle Eastern/Latin American/African,2.7,percentage,% of people where information available,
2018,Census usually resident population aged 5 years and over,Total including disability status unknown,"Dwelling held in a family trust, mortgage payments not made",Ethnic group,Middle Eastern/Latin American/African,2,percentage,% of people where information available,
2018,Census usually resident population aged 5 years and over,Non-disabled,Total stated,Ethnic group,Middle Eastern/Latin American/African,100,percentage,% of people where information available,
2018,Census usually resident population aged 5 years and over,Disabled,Total stated,Ethnic group,Middle Eastern/Latin American/African,100,percentage,% of people where information available,
2018,Census usually resident population aged 5 years and over,Total including disability status unknown,Total stated,Ethnic group,Middle Eastern/Latin American/African,100,percentage,% of people where information available,
2018,Census usually resident population aged 5 years and over,Non-disabled,"Dwelling owned or partly owned, mortgage arrangements not further defined",Ethnic group,Other Ethnicity,2.1,percentage,% of people where information available,
2018,Census usually resident population aged 5 years and over,Disabled,"Dwelling owned or partly owned, mortgage arrangements not further defined",Ethnic group,Other Ethnicity,4.6,percentage,% of people where information available,
2018,Census usually resident population aged 5 years and over,Total including disability status unknown,"Dwelling owned or partly owned, mortgage arrangements not further defined",Ethnic group,Other Ethnicity,3.3,percentage,% of people where information available,
2018,Census usually resident population aged 5 years and over,Non-disabled,"Dwelling owned or partly owned, mortgage payments made",Ethnic group,Other Ethnicity,38,percentage,% of people where information available,
2018,Census usually resident population aged 5 years and over,Disabled,"Dwelling owned or partly owned, mortgage payments made",Ethnic group,Other Ethnicity,28.6,percentage,% of people where information available,
2018,Census usually resident population aged 5 years and over,Total including disability status unknown,"Dwelling owned or partly owned, mortgage payments made",Ethnic group,Other Ethnicity,35.7,percentage,% of people where information available,
2018,Census usually resident population aged 5 years and over,Non-disabled,"Dwelling owned or partly owned, mortgage payments not made",Ethnic group,Other Ethnicity,15.7,percentage,% of people where information available,
2018,Census usually resident population aged 5 years and over,Disabled,"Dwelling owned or partly owned, mortgage payments not made",Ethnic group,Other Ethnicity,20.4,percentage,% of people where information available,
2018,Census usually resident population aged 5 years and over,Total including disability status unknown,"Dwelling owned or partly owned, mortgage payments not made",Ethnic group,Other Ethnicity,15.3,percentage,% of people where information available,
2018,Census usually resident population aged 5 years and over,Non-disabled,"Dwelling not owned and not held in a family trust, rental arrangements not further defined",Ethnic group,Other Ethnicity,0.1,percentage,% of people where information available,
2018,Census usually resident population aged 5 years and over,Disabled,"Dwelling not owned and not held in a family trust, rental arrangements not further defined",Ethnic group,Other Ethnicity,0.3,percentage,% of people where information available,
2018,Census usually resident population aged 5 years and over,Total including disability status unknown,"Dwelling not owned and not held in a family trust, rental arrangements not further defined",Ethnic group,Other Ethnicity,0.1,percentage,% of people where information available,
2018,Census usually resident population aged 5 years and over,Non-disabled,"Dwelling not owned and not held in a family trust, rent payments made",Ethnic group,Other Ethnicity,27.9,percentage,% of people where information available,
2018,Census usually resident population aged 5 years and over,Disabled,"Dwelling not owned and not held in a family trust, rent payments made",Ethnic group,Other Ethnicity,30.5,percentage,% of people where information available,
2018,Census usually resident population aged 5 years and over,Total including disability status unknown,"Dwelling not owned and not held in a family trust, rent payments made",Ethnic group,Other Ethnicity,29.6,percentage,% of people where information available,
2018,Census usually resident population aged 5 years and over,Non-disabled,"Dwelling not owned and not held in a family trust, rent payments not made",Ethnic group,Other Ethnicity,2.4,percentage,% of people where information available,
2018,Census usually resident population aged 5 years and over,Disabled,"Dwelling not owned and not held in a family trust, rent payments not made",Ethnic group,Other Ethnicity,3.6,percentage,% of people where information available,
2018,Census usually resident population aged 5 years and over,Total including disability status unknown,"Dwelling not owned and not held in a family trust, rent payments not made",Ethnic group,Other Ethnicity,2.5,percentage,% of people where information available,
2018,Census usually resident population aged 5 years and over,Non-disabled,"Dwelling held in a family trust, mortgage arrangements not further defined",Ethnic group,Other Ethnicity,0.7,percentage,% of people where information available,
2018,Census usually resident population aged 5 years and over,Disabled,"Dwelling held in a family trust, mortgage arrangements not further defined",Ethnic group,Other Ethnicity,1,percentage,% of people where information available,
2018,Census usually resident population aged 5 years and over,Total including disability status unknown,"Dwelling held in a family trust, mortgage arrangements not further defined",Ethnic group,Other Ethnicity,1.1,percentage,% of people where information available,
2018,Census usually resident population aged 5 years and over,Non-disabled,"Dwelling held in a family trust, mortgage payments made",Ethnic group,Other Ethnicity,7,percentage,% of people where information available,
2018,Census usually resident population aged 5 years and over,Disabled,"Dwelling held in a family trust, mortgage payments made",Ethnic group,Other Ethnicity,5.3,percentage,% of people where information available,
2018,Census usually resident population aged 5 years and over,Total including disability status unknown,"Dwelling held in a family trust, mortgage payments made",Ethnic group,Other Ethnicity,6.6,percentage,% of people where information available,
2018,Census usually resident population aged 5 years and over,Non-disabled,"Dwelling held in a family trust, mortgage payments not made",Ethnic group,Other Ethnicity,6.1,percentage,% of people where information available,
2018,Census usually resident population aged 5 years and over,Disabled,"Dwelling held in a family trust, mortgage payments not made",Ethnic group,Other Ethnicity,6,percentage,% of people where information available,
2018,Census usually resident population aged 5 years and over,Total including disability status unknown,"Dwelling held in a family trust, mortgage payments not made",Ethnic group,Other Ethnicity,5.8,percentage,% of people where information available,
2018,Census usually resident population aged 5 years and over,Non-disabled,Total stated,Ethnic group,Other Ethnicity,100,percentage,% of people where information available,
2018,Census usually resident population aged 5 years and over,Disabled,Total stated,Ethnic group,Other Ethnicity,100,percentage,% of people where information available,
2018,Census usually resident population aged 5 years and over,Total including disability status unknown,Total stated,Ethnic group,Other Ethnicity,100,percentage,% of people where information available,
2018,Census usually resident population aged 5 years and over,Non-disabled,"Dwelling owned or partly owned, mortgage arrangements not further defined",Ethnic group,Total,2.2,percentage,% of people where information available,
2018,Census usually resident population aged 5 years and over,Disabled,"Dwelling owned or partly owned, mortgage arrangements not further defined",Ethnic group,Total,4.3,percentage,% of people where information available,
2018,Census usually resident population aged 5 years and over,Total including disability status unknown,"Dwelling owned or partly owned, mortgage arrangements not further defined",Ethnic group,Total,3.1,percentage,% of people where information available,
2018,Census usually resident population aged 5 years and over,Non-disabled,"Dwelling owned or partly owned, mortgage payments made",Ethnic group,Total,34.9,percentage,% of people where information available,
2018,Census usually resident population aged 5 years and over,Disabled,"Dwelling owned or partly owned, mortgage payments made",Ethnic group,Total,22.3,percentage,% of people where information available,
2018,Census usually resident population aged 5 years and over,Total including disability status unknown,"Dwelling owned or partly owned, mortgage payments made",Ethnic group,Total,32.6,percentage,% of people where information available,
2018,Census usually resident population aged 5 years and over,Non-disabled,"Dwelling owned or partly owned, mortgage payments not made",Ethnic group,Total,16.3,percentage,% of people where information available,
2018,Census usually resident population aged 5 years and over,Disabled,"Dwelling owned or partly owned, mortgage payments not made",Ethnic group,Total,22.7,percentage,% of people where information available,
2018,Census usually resident population aged 5 years and over,Total including disability status unknown,"Dwelling owned or partly owned, mortgage payments not made",Ethnic group,Total,15.8,percentage,% of people where information available,
2018,Census usually resident population aged 5 years and over,Non-disabled,"Dwelling not owned and not held in a family trust, rental arrangements not further defined",Ethnic group,Total,0.1,percentage,% of people where information available,
2018,Census usually resident population aged 5 years and over,Disabled,"Dwelling not owned and not held in a family trust, rental arrangements not further defined",Ethnic group,Total,0.2,percentage,% of people where information available,
2018,Census usually resident population aged 5 years and over,Total including disability status unknown,"Dwelling not owned and not held in a family trust, rental arrangements not further defined",Ethnic group,Total,0.1,percentage,% of people where information available,
2018,Census usually resident population aged 5 years and over,Non-disabled,"Dwelling not owned and not held in a family trust, rent payments made",Ethnic group,Total,29.6,percentage,% of people where information available,
2018,Census usually resident population aged 5 years and over,Disabled,"Dwelling not owned and not held in a family trust, rent payments made",Ethnic group,Total,34.6,percentage,% of people where information available,
2018,Census usually resident population aged 5 years and over,Total including disability status unknown,"Dwelling not owned and not held in a family trust, rent payments made",Ethnic group,Total,32,percentage,% of people where information available,
2018,Census usually resident population aged 5 years and over,Non-disabled,"Dwelling not owned and not held in a family trust, rent payments not made",Ethnic group,Total,2.9,percentage,% of people where information available,
2018,Census usually resident population aged 5 years and over,Disabled,"Dwelling not owned and not held in a family trust, rent payments not made",Ethnic group,Total,4.2,percentage,% of people where information available,
2018,Census usually resident population aged 5 years and over,Total including disability status unknown,"Dwelling not owned and not held in a family trust, rent payments not made",Ethnic group,Total,3,percentage,% of people where information available,
2018,Census usually resident population aged 5 years and over,Non-disabled,"Dwelling held in a family trust, mortgage arrangements not further defined",Ethnic group,Total,0.8,percentage,% of people where information available,
2018,Census usually resident population aged 5 years and over,Disabled,"Dwelling held in a family trust, mortgage arrangements not further defined",Ethnic group,Total,1.3,percentage,% of people where information available,
2018,Census usually resident population aged 5 years and over,Total including disability status unknown,"Dwelling held in a family trust, mortgage arrangements not further defined",Ethnic group,Total,1,percentage,% of people where information available,
2018,Census usually resident population aged 5 years and over,Non-disabled,"Dwelling held in a family trust, mortgage payments made",Ethnic group,Total,7,percentage,% of people where information available,
2018,Census usually resident population aged 5 years and over,Disabled,"Dwelling held in a family trust, mortgage payments made",Ethnic group,Total,3.9,percentage,% of people where information available,
2018,Census usually resident population aged 5 years and over,Total including disability status unknown,"Dwelling held in a family trust, mortgage payments made",Ethnic group,Total,6.5,percentage,% of people where information available,
2018,Census usually resident population aged 5 years and over,Non-disabled,"Dwelling held in a family trust, mortgage payments not made",Ethnic group,Total,6.2,percentage,% of people where information available,
2018,Census usually resident population aged 5 years and over,Disabled,"Dwelling held in a family trust, mortgage payments not made",Ethnic group,Total,6.6,percentage,% of people where information available,
2018,Census usually resident population aged 5 years and over,Total including disability status unknown,"Dwelling held in a family trust, mortgage payments not made",Ethnic group,Total,5.9,percentage,% of people where information available,
2018,Census usually resident population aged 5 years and over,Non-disabled,Total stated,Ethnic group,Total,100,percentage,% of people where information available,
2018,Census usually resident population aged 5 years and over,Disabled,Total stated,Ethnic group,Total,100,percentage,% of people where information available,
2018,Census usually resident population aged 5 years and over,Total including disability status unknown,Total stated,Ethnic group,Total,100,percentage,% of people where information available,
2018,Census usually resident population aged 5 years and over,Non-disabled,"Dwelling owned or partly owned, mortgage arrangements not further defined",District health board,Northland,2.7,percentage,% of people where information available,
2018,Census usually resident population aged 5 years and over,Disabled,"Dwelling owned or partly owned, mortgage arrangements not further defined",District health board,Northland,4.9,percentage,% of people where information available,
2018,Census usually resident population aged 5 years and over,Total including disability status unknown,"Dwelling owned or partly owned, mortgage arrangements not further defined",District health board,Northland,4.1,percentage,% of people where information available,
2018,Census usually resident population aged 5 years and over,Non-disabled,"Dwelling owned or partly owned, mortgage arrangements not further defined",District health board,Waitematā,2.2,percentage,% of people where information available,
2018,Census usually resident population aged 5 years and over,Disabled,"Dwelling owned or partly owned, mortgage arrangements not further defined",District health board,Waitematā,4,percentage,% of people where information available,
2018,Census usually resident population aged 5 years and over,Total including disability status unknown,"Dwelling owned or partly owned, mortgage arrangements not further defined",District health board,Waitematā,3.1,percentage,% of people where information available,
2018,Census usually resident population aged 5 years and over,Non-disabled,"Dwelling owned or partly owned, mortgage arrangements not further defined",District health board,Auckland,2,percentage,% of people where information available,
2018,Census usually resident population aged 5 years and over,Disabled,"Dwelling owned or partly owned, mortgage arrangements not further defined",District health board,Auckland,3.8,percentage,% of people where information available,
2018,Census usually resident population aged 5 years and over,Total including disability status unknown,"Dwelling owned or partly owned, mortgage arrangements not further defined",District health board,Auckland,2.5,percentage,% of people where information available,
2018,Census usually resident population aged 5 years and over,Non-disabled,"Dwelling owned or partly owned, mortgage arrangements not further defined",District health board,Counties Manukau,2.5,percentage,% of people where information available,
2018,Census usually resident population aged 5 years and over,Disabled,"Dwelling owned or partly owned, mortgage arrangements not further defined",District health board,Counties Manukau,3.6,percentage,% of people where information available,
2018,Census usually resident population aged 5 years and over,Total including disability status unknown,"Dwelling owned or partly owned, mortgage arrangements not further defined",District health board,Counties Manukau,3.4,percentage,% of people where information available,
2018,Census usually resident population aged 5 years and over,Non-disabled,"Dwelling owned or partly owned, mortgage arrangements not further defined",District health board,Waikato,2.2,percentage,% of people where information available,
2018,Census usually resident population aged 5 years and over,Disabled,"Dwelling owned or partly owned, mortgage arrangements not further defined",District health board,Waikato,4.2,percentage,% of people where information available,
2018,Census usually resident population aged 5 years and over,Total including disability status unknown,Total stated,District health board,Taranaki,100,percentage,% of people where information available,
2018,Census usually resident population aged 5 years and over,Total including disability status unknown,"Dwelling owned or partly owned, mortgage arrangements not further defined",District health board,Waikato,3.1,percentage,% of people where information available,
2018,Census usually resident population aged 5 years and over,Non-disabled,"Dwelling owned or partly owned, mortgage arrangements not further defined",District health board,Lakes,2.4,percentage,% of people where information available,
2018,Census usually resident population aged 5 years and over,Disabled,"Dwelling owned or partly owned, mortgage arrangements not further defined",District health board,Lakes,4.7,percentage,% of people where information available,
2018,Census usually resident population aged 5 years and over,Total including disability status unknown,"Dwelling owned or partly owned, mortgage arrangements not further defined",District health board,Lakes,3.6,percentage,% of people where information available,
2018,Census usually resident population aged 5 years and over,Non-disabled,"Dwelling owned or partly owned, mortgage arrangements not further defined",District health board,Bay of Plenty,2.5,percentage,% of people where information available,
2018,Census usually resident population aged 5 years and over,Disabled,"Dwelling owned or partly owned, mortgage arrangements not further defined",District health board,Bay of Plenty,5,percentage,% of people where information available,
2018,Census usually resident population aged 5 years and over,Total including disability status unknown,"Dwelling owned or partly owned, mortgage arrangements not further defined",District health board,Bay of Plenty,3.5,percentage,% of people where information available,
2018,Census usually resident population aged 5 years and over,Non-disabled,"Dwelling owned or partly owned, mortgage arrangements not further defined",District health board,Tairāwhiti,2.6,percentage,% of people where information available,
2018,Census usually resident population aged 5 years and over,Disabled,"Dwelling owned or partly owned, mortgage arrangements not further defined",District health board,Tairāwhiti,4.2,percentage,% of people where information available,
2018,Census usually resident population aged 5 years and over,Total including disability status unknown,"Dwelling owned or partly owned, mortgage arrangements not further defined",District health board,Tairāwhiti,3.9,percentage,% of people where information available,
2018,Census usually resident population aged 5 years and over,Non-disabled,"Dwelling owned or partly owned, mortgage arrangements not further defined",District health board,Taranaki,2.5,percentage,% of people where information available,
2018,Census usually resident population aged 5 years and over,Disabled,"Dwelling owned or partly owned, mortgage arrangements not further defined",District health board,Taranaki,4.7,percentage,% of people where information available,
2018,Census usually resident population aged 5 years and over,Total including disability status unknown,"Dwelling owned or partly owned, mortgage arrangements not further defined",District health board,Taranaki,3.4,percentage,% of people where information available,
2018,Census usually resident population aged 5 years and over,Non-disabled,"Dwelling owned or partly owned, mortgage arrangements not further defined",District health board,Hawke's Bay,2.4,percentage,% of people where information available,
2018,Census usually resident population aged 5 years and over,Disabled,"Dwelling owned or partly owned, mortgage arrangements not further defined",District health board,Hawke's Bay,4.3,percentage,% of people where information available,
2018,Census usually resident population aged 5 years and over,Total including disability status unknown,"Dwelling owned or partly owned, mortgage arrangements not further defined",District health board,Hawke's Bay,3.5,percentage,% of people where information available,
2018,Census usually resident population aged 5 years and over,Non-disabled,"Dwelling owned or partly owned, mortgage arrangements not further defined",District health board,Whanganui,2.6,percentage,% of people where information available,
2018,Census usually resident population aged 5 years and over,Disabled,"Dwelling owned or partly owned, mortgage arrangements not further defined",District health board,Whanganui,4.5,percentage,% of people where information available,
2018,Census usually resident population aged 5 years and over,Total including disability status unknown,"Dwelling owned or partly owned, mortgage arrangements not further defined",District health board,Whanganui,4.1,percentage,% of people where information available,
2018,Census usually resident population aged 5 years and over,Non-disabled,"Dwelling owned or partly owned, mortgage arrangements not further defined",District health board,MidCentral,2.3,percentage,% of people where information available,
2018,Census usually resident population aged 5 years and over,Disabled,"Dwelling owned or partly owned, mortgage arrangements not further defined",District health board,MidCentral,4.2,percentage,% of people where information available,
2018,Census usually resident population aged 5 years and over,Total including disability status unknown,"Dwelling owned or partly owned, mortgage arrangements not further defined",District health board,MidCentral,3.2,percentage,% of people where information available,
2018,Census usually resident population aged 5 years and over,Non-disabled,"Dwelling owned or partly owned, mortgage arrangements not further defined",District health board,Hutt Valley,1.8,percentage,% of people where information available,
2018,Census usually resident population aged 5 years and over,Disabled,"Dwelling owned or partly owned, mortgage arrangements not further defined",District health board,Hutt Valley,3.4,percentage,% of people where information available,
2018,Census usually resident population aged 5 years and over,Total including disability status unknown,"Dwelling owned or partly owned, mortgage arrangements not further defined",District health board,Hutt Valley,2.5,percentage,% of people where information available,
2018,Census usually resident population aged 5 years and over,Non-disabled,"Dwelling owned or partly owned, mortgage arrangements not further defined",District health board,Capital and Coast,1.7,percentage,% of people where information available,
2018,Census usually resident population aged 5 years and over,Disabled,"Dwelling owned or partly owned, mortgage arrangements not further defined",District health board,Capital and Coast,3.5,percentage,% of people where information available,
2018,Census usually resident population aged 5 years and over,Total including disability status unknown,"Dwelling owned or partly owned, mortgage arrangements not further defined",District health board,Capital and Coast,2.1,percentage,% of people where information available,
2018,Census usually resident population aged 5 years and over,Non-disabled,"Dwelling owned or partly owned, mortgage arrangements not further defined",District health board,Wairarapa,2.6,percentage,% of people where information available,
2018,Census usually resident population aged 5 years and over,Disabled,"Dwelling owned or partly owned, mortgage arrangements not further defined",District health board,Wairarapa,4.6,percentage,% of people where information available,
2018,Census usually resident population aged 5 years and over,Total including disability status unknown,"Dwelling owned or partly owned, mortgage arrangements not further defined",District health board,Wairarapa,3.6,percentage,% of people where information available,
2018,Census usually resident population aged 5 years and over,Non-disabled,"Dwelling owned or partly owned, mortgage arrangements not further defined",District health board,Nelson Marlborough,2.6,percentage,% of people where information available,
2018,Census usually resident population aged 5 years and over,Disabled,"Dwelling owned or partly owned, mortgage arrangements not further defined",District health board,Nelson Marlborough,4.8,percentage,% of people where information available,
2018,Census usually resident population aged 5 years and over,Total including disability status unknown,"Dwelling owned or partly owned, mortgage arrangements not further defined",District health board,Nelson Marlborough,3.4,percentage,% of people where information available,
2018,Census usually resident population aged 5 years and over,Non-disabled,"Dwelling owned or partly owned, mortgage arrangements not further defined",District health board,West Coast,3.5,percentage,% of people where information available,
2018,Census usually resident population aged 5 years and over,Disabled,"Dwelling owned or partly owned, mortgage arrangements not further defined",District health board,West Coast,6.6,percentage,% of people where information available,
2018,Census usually resident population aged 5 years and over,Total including disability status unknown,"Dwelling owned or partly owned, mortgage arrangements not further defined",District health board,West Coast,4.7,percentage,% of people where information available,
2018,Census usually resident population aged 5 years and over,Non-disabled,"Dwelling owned or partly owned, mortgage arrangements not further defined",District health board,Canterbury,2.1,percentage,% of people where information available,
2018,Census usually resident population aged 5 years and over,Disabled,"Dwelling owned or partly owned, mortgage arrangements not further defined",District health board,Canterbury,4.3,percentage,% of people where information available,
2018,Census usually resident population aged 5 years and over,Non-disabled,Total stated,District health board,Hawke's Bay,100,percentage,% of people where information available,
2018,Census usually resident population aged 5 years and over,Total including disability status unknown,"Dwelling owned or partly owned, mortgage arrangements not further defined",District health board,Canterbury,2.8,percentage,% of people where information available,
2018,Census usually resident population aged 5 years and over,Non-disabled,"Dwelling owned or partly owned, mortgage arrangements not further defined",District health board,South Canterbury,2.8,percentage,% of people where information available,
2018,Census usually resident population aged 5 years and over,Disabled,"Dwelling owned or partly owned, mortgage arrangements not further defined",District health board,South Canterbury,5.9,percentage,% of people where information available,
2018,Census usually resident population aged 5 years and over,Total including disability status unknown,"Dwelling owned or partly owned, mortgage arrangements not further defined",District health board,South Canterbury,3.5,percentage,% of people where information available,
2018,Census usually resident population aged 5 years and over,Non-disabled,"Dwelling owned or partly owned, mortgage arrangements not further defined",District health board,Southern,2.2,percentage,% of people where information available,
2018,Census usually resident population aged 5 years and over,Disabled,"Dwelling owned or partly owned, mortgage arrangements not further defined",District health board,Southern,4.7,percentage,% of people where information available,
2018,Census usually resident population aged 5 years and over,Total including disability status unknown,"Dwelling owned or partly owned, mortgage arrangements not further defined",District health board,Southern,2.9,percentage,% of people where information available,
2018,Census usually resident population aged 5 years and over,Non-disabled,"Dwelling owned or partly owned, mortgage arrangements not further defined",District health board,Total,2.2,percentage,% of people where information available,
2018,Census usually resident population aged 5 years and over,Disabled,"Dwelling owned or partly owned, mortgage arrangements not further defined",District health board,Total,4.3,percentage,% of people where information available,
2018,Census usually resident population aged 5 years and over,Total including disability status unknown,"Dwelling owned or partly owned, mortgage arrangements not further defined",District health board,Total,3.1,percentage,% of people where information available,
2018,Census usually resident population aged 5 years and over,Non-disabled,"Dwelling owned or partly owned, mortgage payments made",District health board,Northland,32.8,percentage,% of people where information available,
2018,Census usually resident population aged 5 years and over,Disabled,"Dwelling owned or partly owned, mortgage payments made",District health board,Northland,21.9,percentage,% of people where information available,
2018,Census usually resident population aged 5 years and over,Total including disability status unknown,"Dwelling owned or partly owned, mortgage payments made",District health board,Northland,30.3,percentage,% of people where information available,
2018,Census usually resident population aged 5 years and over,Non-disabled,"Dwelling owned or partly owned, mortgage payments made",District health board,Waitematā,37.3,percentage,% of people where information available,
2018,Census usually resident population aged 5 years and over,Disabled,"Dwelling owned or partly owned, mortgage payments made",District health board,Waitematā,23.2,percentage,% of people where information available,
2018,Census usually resident population aged 5 years and over,Total including disability status unknown,"Dwelling owned or partly owned, mortgage payments made",District health board,Waitematā,35.1,percentage,% of people where information available,
2018,Census usually resident population aged 5 years and over,Non-disabled,"Dwelling owned or partly owned, mortgage payments made",District health board,Auckland,24.7,percentage,% of people where information available,
2018,Census usually resident population aged 5 years and over,Disabled,"Dwelling owned or partly owned, mortgage payments made",District health board,Auckland,15.1,percentage,% of people where information available,
2018,Census usually resident population aged 5 years and over,Total including disability status unknown,"Dwelling owned or partly owned, mortgage payments made",District health board,Auckland,23,percentage,% of people where information available,
2018,Census usually resident population aged 5 years and over,Non-disabled,"Dwelling owned or partly owned, mortgage payments made",District health board,Counties Manukau,36.2,percentage,% of people where information available,
2018,Census usually resident population aged 5 years and over,Disabled,"Dwelling owned or partly owned, mortgage payments made",District health board,Counties Manukau,24.1,percentage,% of people where information available,
2018,Census usually resident population aged 5 years and over,Total including disability status unknown,"Dwelling owned or partly owned, mortgage payments made",District health board,Counties Manukau,32.9,percentage,% of people where information available,
2018,Census usually resident population aged 5 years and over,Non-disabled,"Dwelling owned or partly owned, mortgage payments made",District health board,Waikato,34.1,percentage,% of people where information available,
2018,Census usually resident population aged 5 years and over,Disabled,"Dwelling owned or partly owned, mortgage payments made",District health board,Waikato,21.4,percentage,% of people where information available,
2018,Census usually resident population aged 5 years and over,Total including disability status unknown,"Dwelling owned or partly owned, mortgage payments made",District health board,Waikato,31.8,percentage,% of people where information available,
2018,Census usually resident population aged 5 years and over,Non-disabled,"Dwelling owned or partly owned, mortgage payments made",District health board,Lakes,35.5,percentage,% of people where information available,
2018,Census usually resident population aged 5 years and over,Disabled,"Dwelling owned or partly owned, mortgage payments made",District health board,Lakes,24.5,percentage,% of people where information available,
2018,Census usually resident population aged 5 years and over,Total including disability status unknown,"Dwelling owned or partly owned, mortgage payments made",District health board,Lakes,32.7,percentage,% of people where information available,
2018,Census usually resident population aged 5 years and over,Non-disabled,"Dwelling owned or partly owned, mortgage payments made",District health board,Bay of Plenty,32.1,percentage,% of people where information available,
2018,Census usually resident population aged 5 years and over,Disabled,"Dwelling owned or partly owned, mortgage payments made",District health board,Bay of Plenty,18.8,percentage,% of people where information available,
2018,Census usually resident population aged 5 years and over,Total including disability status unknown,"Dwelling owned or partly owned, mortgage payments made",District health board,Bay of Plenty,29.8,percentage,% of people where information available,
2018,Census usually resident population aged 5 years and over,Non-disabled,"Dwelling owned or partly owned, mortgage payments made",District health board,Tairāwhiti,32.7,percentage,% of people where information available,
2018,Census usually resident population aged 5 years and over,Disabled,"Dwelling owned or partly owned, mortgage payments made",District health board,Tairāwhiti,22.4,percentage,% of people where information available,
2018,Census usually resident population aged 5 years and over,Total including disability status unknown,"Dwelling owned or partly owned, mortgage payments made",District health board,Tairāwhiti,29.4,percentage,% of people where information available,
2018,Census usually resident population aged 5 years and over,Non-disabled,"Dwelling owned or partly owned, mortgage payments made",District health board,Taranaki,37.6,percentage,% of people where information available,
2018,Census usually resident population aged 5 years and over,Disabled,"Dwelling owned or partly owned, mortgage payments made",District health board,Taranaki,24.3,percentage,% of people where information available,
2018,Census usually resident population aged 5 years and over,Total including disability status unknown,"Dwelling owned or partly owned, mortgage payments made",District health board,Taranaki,35.4,percentage,% of people where information available,
2018,Census usually resident population aged 5 years and over,Non-disabled,"Dwelling owned or partly owned, mortgage payments made",District health board,Hawke's Bay,34.9,percentage,% of people where information available,
2018,Census usually resident population aged 5 years and over,Disabled,"Dwelling owned or partly owned, mortgage payments made",District health board,Hawke's Bay,22,percentage,% of people where information available,
2018,Census usually resident population aged 5 years and over,Total including disability status unknown,"Dwelling owned or partly owned, mortgage payments made",District health board,Hawke's Bay,32.2,percentage,% of people where information available,
2018,Census usually resident population aged 5 years and over,Non-disabled,"Dwelling owned or partly owned, mortgage payments made",District health board,Whanganui,36.4,percentage,% of people where information available,
2018,Census usually resident population aged 5 years and over,Disabled,"Dwelling owned or partly owned, mortgage payments made",District health board,Whanganui,25.1,percentage,% of people where information available,
2018,Census usually resident population aged 5 years and over,Non-disabled,"Dwelling owned or partly owned, mortgage payments not made",District health board,Waikato,16.5,percentage,% of people where information available,
2018,Census usually resident population aged 5 years and over,Total including disability status unknown,"Dwelling owned or partly owned, mortgage payments made",District health board,Whanganui,33.3,percentage,% of people where information available,
2018,Census usually resident population aged 5 years and over,Non-disabled,"Dwelling owned or partly owned, mortgage payments made",District health board,MidCentral,38.6,percentage,% of people where information available,
2018,Census usually resident population aged 5 years and over,Disabled,"Dwelling owned or partly owned, mortgage payments made",District health board,MidCentral,24.6,percentage,% of people where information available,
2018,Census usually resident population aged 5 years and over,Total including disability status unknown,"Dwelling owned or partly owned, mortgage payments made",District health board,MidCentral,36.1,percentage,% of people where information available,
2018,Census usually resident population aged 5 years and over,Non-disabled,"Dwelling owned or partly owned, mortgage payments made",District health board,Hutt Valley,42.9,percentage,% of people where information available,
2018,Census usually resident population aged 5 years and over,Disabled,"Dwelling owned or partly owned, mortgage payments made",District health board,Hutt Valley,26,percentage,% of people where information available,
2018,Census usually resident population aged 5 years and over,Total including disability status unknown,"Dwelling owned or partly owned, mortgage payments made",District health board,Hutt Valley,40.2,percentage,% of people where information available,
2018,Census usually resident population aged 5 years and over,Non-disabled,"Dwelling owned or partly owned, mortgage payments made",District health board,Capital and Coast,34.8,percentage,% of people where information available,
2018,Census usually resident population aged 5 years and over,Disabled,"Dwelling owned or partly owned, mortgage payments made",District health board,Capital and Coast,22.1,percentage,% of people where information available,
2018,Census usually resident population aged 5 years and over,Total including disability status unknown,"Dwelling owned or partly owned, mortgage payments made",District health board,Capital and Coast,33,percentage,% of people where information available,
2018,Census usually resident population aged 5 years and over,Non-disabled,"Dwelling owned or partly owned, mortgage payments made",District health board,Wairarapa,38.9,percentage,% of people where information available,
2018,Census usually resident population aged 5 years and over,Disabled,"Dwelling owned or partly owned, mortgage payments made",District health board,Wairarapa,25.7,percentage,% of people where information available,
2018,Census usually resident population aged 5 years and over,Total including disability status unknown,"Dwelling owned or partly owned, mortgage payments made",District health board,Wairarapa,36.4,percentage,% of people where information available,
2018,Census usually resident population aged 5 years and over,Non-disabled,"Dwelling owned or partly owned, mortgage payments made",District health board,Nelson Marlborough,35.9,percentage,% of people where information available,
2018,Census usually resident population aged 5 years and over,Disabled,"Dwelling owned or partly owned, mortgage payments made",District health board,Nelson Marlborough,20.9,percentage,% of people where information available,
2018,Census usually resident population aged 5 years and over,Total including disability status unknown,"Dwelling owned or partly owned, mortgage payments made",District health board,Nelson Marlborough,34.1,percentage,% of people where information available,
2018,Census usually resident population aged 5 years and over,Non-disabled,"Dwelling owned or partly owned, mortgage payments made",District health board,West Coast,38,percentage,% of people where information available,
2018,Census usually resident population aged 5 years and over,Disabled,"Dwelling owned or partly owned, mortgage payments made",District health board,West Coast,24.9,percentage,% of people where information available,
2018,Census usually resident population aged 5 years and over,Total including disability status unknown,"Dwelling owned or partly owned, mortgage payments made",District health board,West Coast,35.6,percentage,% of people where information available,
2018,Census usually resident population aged 5 years and over,Non-disabled,"Dwelling owned or partly owned, mortgage payments made",District health board,Canterbury,36.9,percentage,% of people where information available,
2018,Census usually resident population aged 5 years and over,Disabled,"Dwelling owned or partly owned, mortgage payments made",District health board,Canterbury,22.9,percentage,% of people where information available,
2018,Census usually resident population aged 5 years and over,Total including disability status unknown,"Dwelling owned or partly owned, mortgage payments made",District health board,Canterbury,35,percentage,% of people where information available,
2018,Census usually resident population aged 5 years and over,Non-disabled,"Dwelling owned or partly owned, mortgage payments made",District health board,South Canterbury,38.3,percentage,% of people where information available,
2018,Census usually resident population aged 5 years and over,Disabled,"Dwelling owned or partly owned, mortgage payments made",District health board,South Canterbury,23.5,percentage,% of people where information available,
2018,Census usually resident population aged 5 years and over,Total including disability status unknown,"Dwelling owned or partly owned, mortgage payments made",District health board,South Canterbury,36.2,percentage,% of people where information available,
2018,Census usually resident population aged 5 years and over,Non-disabled,"Dwelling owned or partly owned, mortgage payments made",District health board,Southern,35.2,percentage,% of people where information available,
2018,Census usually resident population aged 5 years and over,Disabled,"Dwelling owned or partly owned, mortgage payments made",District health board,Southern,23.5,percentage,% of people where information available,
2018,Census usually resident population aged 5 years and over,Total including disability status unknown,"Dwelling owned or partly owned, mortgage payments made",District health board,Southern,33.3,percentage,% of people where information available,
2018,Census usually resident population aged 5 years and over,Non-disabled,"Dwelling owned or partly owned, mortgage payments made",District health board,Total,34.9,percentage,% of people where information available,
2018,Census usually resident population aged 5 years and over,Disabled,"Dwelling owned or partly owned, mortgage payments made",District health board,Total,22.3,percentage,% of people where information available,
2018,Census usually resident population aged 5 years and over,Total including disability status unknown,"Dwelling owned or partly owned, mortgage payments made",District health board,Total,32.6,percentage,% of people where information available,
2018,Census usually resident population aged 5 years and over,Non-disabled,"Dwelling owned or partly owned, mortgage payments not made",District health board,Northland,21.4,percentage,% of people where information available,
2018,Census usually resident population aged 5 years and over,Disabled,"Dwelling owned or partly owned, mortgage payments not made",District health board,Northland,27.7,percentage,% of people where information available,
2018,Census usually resident population aged 5 years and over,Total including disability status unknown,"Dwelling owned or partly owned, mortgage payments not made",District health board,Northland,20.8,percentage,% of people where information available,
2018,Census usually resident population aged 5 years and over,Non-disabled,"Dwelling owned or partly owned, mortgage payments not made",District health board,Waitematā,14.2,percentage,% of people where information available,
2018,Census usually resident population aged 5 years and over,Disabled,"Dwelling owned or partly owned, mortgage payments not made",District health board,Waitematā,21.2,percentage,% of people where information available,
2018,Census usually resident population aged 5 years and over,Total including disability status unknown,"Dwelling owned or partly owned, mortgage payments not made",District health board,Waitematā,13.9,percentage,% of people where information available,
2018,Census usually resident population aged 5 years and over,Non-disabled,"Dwelling owned or partly owned, mortgage payments not made",District health board,Auckland,11.7,percentage,% of people where information available,
2018,Census usually resident population aged 5 years and over,Disabled,"Dwelling owned or partly owned, mortgage payments not made",District health board,Auckland,15.8,percentage,% of people where information available,
2018,Census usually resident population aged 5 years and over,Total including disability status unknown,"Dwelling owned or partly owned, mortgage payments not made",District health board,Auckland,11.2,percentage,% of people where information available,
2018,Census usually resident population aged 5 years and over,Non-disabled,"Dwelling owned or partly owned, mortgage payments not made",District health board,Counties Manukau,11.6,percentage,% of people where information available,
2018,Census usually resident population aged 5 years and over,Disabled,"Dwelling owned or partly owned, mortgage payments not made",District health board,Counties Manukau,15,percentage,% of people where information available,
2018,Census usually resident population aged 5 years and over,Total including disability status unknown,"Dwelling owned or partly owned, mortgage payments not made",District health board,Counties Manukau,10.8,percentage,% of people where information available,
2018,Census usually resident population aged 5 years and over,Disabled,"Dwelling owned or partly owned, mortgage payments not made",District health board,Waikato,23.4,percentage,% of people where information available,
2018,Census usually resident population aged 5 years and over,Total including disability status unknown,"Dwelling owned or partly owned, mortgage payments not made",District health board,Waikato,16.2,percentage,% of people where information available,
2018,Census usually resident population aged 5 years and over,Non-disabled,"Dwelling owned or partly owned, mortgage payments not made",District health board,Lakes,17.3,percentage,% of people where information available,
2018,Census usually resident population aged 5 years and over,Disabled,"Dwelling owned or partly owned, mortgage payments not made",District health board,Lakes,23.5,percentage,% of people where information available,
2018,Census usually resident population aged 5 years and over,Total including disability status unknown,"Dwelling owned or partly owned, mortgage payments not made",District health board,Lakes,16.6,percentage,% of people where information available,
2018,Census usually resident population aged 5 years and over,Non-disabled,"Dwelling owned or partly owned, mortgage payments not made",District health board,Bay of Plenty,18.4,percentage,% of people where information available,
2018,Census usually resident population aged 5 years and over,Disabled,"Dwelling owned or partly owned, mortgage payments not made",District health board,Bay of Plenty,26.9,percentage,% of people where information available,
2018,Census usually resident population aged 5 years and over,Total including disability status unknown,"Dwelling owned or partly owned, mortgage payments not made",District health board,Bay of Plenty,18.1,percentage,% of people where information available,
2018,Census usually resident population aged 5 years and over,Non-disabled,"Dwelling owned or partly owned, mortgage payments not made",District health board,Tairāwhiti,18.2,percentage,% of people where information available,
2018,Census usually resident population aged 5 years and over,Disabled,"Dwelling owned or partly owned, mortgage payments not made",District health board,Tairāwhiti,22.6,percentage,% of people where information available,
2018,Census usually resident population aged 5 years and over,Total including disability status unknown,"Dwelling owned or partly owned, mortgage payments not made",District health board,Tairāwhiti,17.1,percentage,% of people where information available,
2018,Census usually resident population aged 5 years and over,Non-disabled,"Dwelling owned or partly owned, mortgage payments not made",District health board,Taranaki,17.5,percentage,% of people where information available,
2018,Census usually resident population aged 5 years and over,Disabled,"Dwelling owned or partly owned, mortgage payments not made",District health board,Taranaki,24.5,percentage,% of people where information available,
2018,Census usually resident population aged 5 years and over,Total including disability status unknown,"Dwelling owned or partly owned, mortgage payments not made",District health board,Taranaki,17.3,percentage,% of people where information available,
2018,Census usually resident population aged 5 years and over,Non-disabled,"Dwelling owned or partly owned, mortgage payments not made",District health board,Hawke's Bay,17.9,percentage,% of people where information available,
2018,Census usually resident population aged 5 years and over,Disabled,"Dwelling owned or partly owned, mortgage payments not made",District health board,Hawke's Bay,25.2,percentage,% of people where information available,
2018,Census usually resident population aged 5 years and over,Total including disability status unknown,"Dwelling owned or partly owned, mortgage payments not made",District health board,Hawke's Bay,17.4,percentage,% of people where information available,
2018,Census usually resident population aged 5 years and over,Non-disabled,"Dwelling owned or partly owned, mortgage payments not made",District health board,Whanganui,20,percentage,% of people where information available,
2018,Census usually resident population aged 5 years and over,Disabled,"Dwelling owned or partly owned, mortgage payments not made",District health board,Whanganui,24.4,percentage,% of people where information available,
2018,Census usually resident population aged 5 years and over,Total including disability status unknown,"Dwelling owned or partly owned, mortgage payments not made",District health board,Whanganui,19.1,percentage,% of people where information available,
2018,Census usually resident population aged 5 years and over,Non-disabled,"Dwelling owned or partly owned, mortgage payments not made",District health board,MidCentral,17.7,percentage,% of people where information available,
2018,Census usually resident population aged 5 years and over,Disabled,"Dwelling owned or partly owned, mortgage payments not made",District health board,MidCentral,23.5,percentage,% of people where information available,
2018,Census usually resident population aged 5 years and over,Total including disability status unknown,"Dwelling owned or partly owned, mortgage payments not made",District health board,MidCentral,17.4,percentage,% of people where information available,
2018,Census usually resident population aged 5 years and over,Non-disabled,"Dwelling owned or partly owned, mortgage payments not made",District health board,Hutt Valley,16.1,percentage,% of people where information available,
2018,Census usually resident population aged 5 years and over,Disabled,"Dwelling owned or partly owned, mortgage payments not made",District health board,Hutt Valley,21.2,percentage,% of people where information available,
2018,Census usually resident population aged 5 years and over,Total including disability status unknown,"Dwelling owned or partly owned, mortgage payments not made",District health board,Hutt Valley,15.8,percentage,% of people where information available,
2018,Census usually resident population aged 5 years and over,Non-disabled,"Dwelling owned or partly owned, mortgage payments not made",District health board,Capital and Coast,16.4,percentage,% of people where information available,
2018,Census usually resident population aged 5 years and over,Disabled,"Dwelling owned or partly owned, mortgage payments not made",District health board,Capital and Coast,21.8,percentage,% of people where information available,
2018,Census usually resident population aged 5 years and over,Total including disability status unknown,"Dwelling owned or partly owned, mortgage payments not made",District health board,Capital and Coast,16,percentage,% of people where information available,
2018,Census usually resident population aged 5 years and over,Non-disabled,"Dwelling owned or partly owned, mortgage payments not made",District health board,Wairarapa,21.8,percentage,% of people where information available,
2018,Census usually resident population aged 5 years and over,Disabled,"Dwelling owned or partly owned, mortgage payments not made",District health board,Wairarapa,27.8,percentage,% of people where information available,
2018,Census usually resident population aged 5 years and over,Total including disability status unknown,"Dwelling owned or partly owned, mortgage payments not made",District health board,Wairarapa,21.3,percentage,% of people where information available,
2018,Census usually resident population aged 5 years and over,Non-disabled,"Dwelling owned or partly owned, mortgage payments not made",District health board,Nelson Marlborough,22.6,percentage,% of people where information available,
2018,Census usually resident population aged 5 years and over,Disabled,"Dwelling owned or partly owned, mortgage payments not made",District health board,Nelson Marlborough,28.6,percentage,% of people where information available,
2018,Census usually resident population aged 5 years and over,Total including disability status unknown,"Dwelling owned or partly owned, mortgage payments not made",District health board,Nelson Marlborough,22.3,percentage,% of people where information available,
2018,Census usually resident population aged 5 years and over,Non-disabled,"Dwelling owned or partly owned, mortgage payments not made",District health board,West Coast,23,percentage,% of people where information available,
2018,Census usually resident population aged 5 years and over,Disabled,"Dwelling owned or partly owned, mortgage payments not made",District health board,West Coast,28.8,percentage,% of people where information available,
2018,Census usually resident population aged 5 years and over,Total including disability status unknown,"Dwelling owned or partly owned, mortgage payments not made",District health board,West Coast,22.8,percentage,% of people where information available,
2018,Census usually resident population aged 5 years and over,Non-disabled,"Dwelling owned or partly owned, mortgage payments not made",District health board,Canterbury,18,percentage,% of people where information available,
2018,Census usually resident population aged 5 years and over,Disabled,"Dwelling owned or partly owned, mortgage payments not made",District health board,Canterbury,24.4,percentage,% of people where information available,
2018,Census usually resident population aged 5 years and over,Total including disability status unknown,"Dwelling owned or partly owned, mortgage payments not made",District health board,Canterbury,17.8,percentage,% of people where information available,
2018,Census usually resident population aged 5 years and over,Non-disabled,"Dwelling owned or partly owned, mortgage payments not made",District health board,South Canterbury,21.5,percentage,% of people where information available,
2018,Census usually resident population aged 5 years and over,Disabled,Total stated,District health board,Hawke's Bay,100,percentage,% of people where information available,
2018,Census usually resident population aged 5 years and over,Disabled,"Dwelling owned or partly owned, mortgage payments not made",District health board,South Canterbury,29.4,percentage,% of people where information available,
2018,Census usually resident population aged 5 years and over,Total including disability status unknown,"Dwelling owned or partly owned, mortgage payments not made",District health board,South Canterbury,21.5,percentage,% of people where information available,
2018,Census usually resident population aged 5 years and over,Non-disabled,"Dwelling owned or partly owned, mortgage payments not made",District health board,Southern,17.3,percentage,% of people where information available,
2018,Census usually resident population aged 5 years and over,Disabled,"Dwelling owned or partly owned, mortgage payments not made",District health board,Southern,25.5,percentage,% of people where information available,
2018,Census usually resident population aged 5 years and over,Total including disability status unknown,"Dwelling owned or partly owned, mortgage payments not made",District health board,Southern,17.2,percentage,% of people where information available,
2018,Census usually resident population aged 5 years and over,Non-disabled,"Dwelling owned or partly owned, mortgage payments not made",District health board,Total,16.3,percentage,% of people where information available,
2018,Census usually resident population aged 5 years and over,Disabled,"Dwelling owned or partly owned, mortgage payments not made",District health board,Total,22.7,percentage,% of people where information available,
2018,Census usually resident population aged 5 years and over,Total including disability status unknown,"Dwelling owned or partly owned, mortgage payments not made",District health board,Total,15.8,percentage,% of people where information available,
2018,Census usually resident population aged 5 years and over,Non-disabled,"Dwelling not owned and not held in a family trust, rental arrangements not further defined",District health board,Northland,0.1,percentage,% of people where information available,
2018,Census usually resident population aged 5 years and over,Disabled,"Dwelling not owned and not held in a family trust, rental arrangements not further defined",District health board,Northland,0.1,percentage,% of people where information available,
2018,Census usually resident population aged 5 years and over,Total including disability status unknown,"Dwelling not owned and not held in a family trust, rental arrangements not further defined",District health board,Northland,0.1,percentage,% of people where information available,
2018,Census usually resident population aged 5 years and over,Non-disabled,"Dwelling not owned and not held in a family trust, rental arrangements not further defined",District health board,Waitematā,0,percentage,% of people where information available,
2018,Census usually resident population aged 5 years and over,Disabled,"Dwelling not owned and not held in a family trust, rental arrangements not further defined",District health board,Waitematā,0.1,percentage,% of people where information available,
2018,Census usually resident population aged 5 years and over,Total including disability status unknown,"Dwelling not owned and not held in a family trust, rental arrangements not further defined",District health board,Waitematā,0.1,percentage,% of people where information available,
2018,Census usually resident population aged 5 years and over,Non-disabled,"Dwelling not owned and not held in a family trust, rental arrangements not further defined",District health board,Auckland,0,percentage,% of people where information available,
2018,Census usually resident population aged 5 years and over,Disabled,"Dwelling not owned and not held in a family trust, rental arrangements not further defined",District health board,Auckland,0.1,percentage,% of people where information available,
2018,Census usually resident population aged 5 years and over,Total including disability status unknown,"Dwelling not owned and not held in a family trust, rental arrangements not further defined",District health board,Auckland,0,percentage,% of people where information available,
2018,Census usually resident population aged 5 years and over,Non-disabled,"Dwelling not owned and not held in a family trust, rental arrangements not further defined",District health board,Counties Manukau,0.1,percentage,% of people where information available,
2018,Census usually resident population aged 5 years and over,Disabled,"Dwelling not owned and not held in a family trust, rental arrangements not further defined",District health board,Counties Manukau,0.2,percentage,% of people where information available,
2018,Census usually resident population aged 5 years and over,Total including disability status unknown,"Dwelling not owned and not held in a family trust, rental arrangements not further defined",District health board,Counties Manukau,0.1,percentage,% of people where information available,
2018,Census usually resident population aged 5 years and over,Non-disabled,"Dwelling not owned and not held in a family trust, rental arrangements not further defined",District health board,Waikato,0.1,percentage,% of people where information available,
2018,Census usually resident population aged 5 years and over,Disabled,"Dwelling not owned and not held in a family trust, rental arrangements not further defined",District health board,Waikato,0.2,percentage,% of people where information available,
2018,Census usually resident population aged 5 years and over,Total including disability status unknown,"Dwelling not owned and not held in a family trust, rental arrangements not further defined",District health board,Waikato,0.1,percentage,% of people where information available,
2018,Census usually resident population aged 5 years and over,Non-disabled,"Dwelling not owned and not held in a family trust, rental arrangements not further defined",District health board,Lakes,0.1,percentage,% of people where information available,
2018,Census usually resident population aged 5 years and over,Disabled,"Dwelling not owned and not held in a family trust, rental arrangements not further defined",District health board,Lakes,0.1,percentage,% of people where information available,
2018,Census usually resident population aged 5 years and over,Total including disability status unknown,"Dwelling not owned and not held in a family trust, rental arrangements not further defined",District health board,Lakes,0.1,percentage,% of people where information available,
2018,Census usually resident population aged 5 years and over,Non-disabled,"Dwelling not owned and not held in a family trust, rental arrangements not further defined",District health board,Bay of Plenty,0.1,percentage,% of people where information available,
2018,Census usually resident population aged 5 years and over,Disabled,"Dwelling not owned and not held in a family trust, rental arrangements not further defined",District health board,Bay of Plenty,0.2,percentage,% of people where information available,
2018,Census usually resident population aged 5 years and over,Total including disability status unknown,"Dwelling not owned and not held in a family trust, rental arrangements not further defined",District health board,Bay of Plenty,0.1,percentage,% of people where information available,
2018,Census usually resident population aged 5 years and over,Non-disabled,"Dwelling not owned and not held in a family trust, rental arrangements not further defined",District health board,Tairāwhiti,0.1,percentage,% of people where information available,
2018,Census usually resident population aged 5 years and over,Disabled,"Dwelling not owned and not held in a family trust, rental arrangements not further defined",District health board,Tairāwhiti,0.3,percentage,% of people where information available,
2018,Census usually resident population aged 5 years and over,Total including disability status unknown,"Dwelling not owned and not held in a family trust, rental arrangements not further defined",District health board,Tairāwhiti,0.1,percentage,% of people where information available,
2018,Census usually resident population aged 5 years and over,Non-disabled,"Dwelling not owned and not held in a family trust, rental arrangements not further defined",District health board,Taranaki,0.1,percentage,% of people where information available,
2018,Census usually resident population aged 5 years and over,Disabled,"Dwelling not owned and not held in a family trust, rental arrangements not further defined",District health board,Taranaki,0.3,percentage,% of people where information available,
2018,Census usually resident population aged 5 years and over,Total including disability status unknown,"Dwelling not owned and not held in a family trust, rental arrangements not further defined",District health board,Taranaki,0.1,percentage,% of people where information available,
2018,Census usually resident population aged 5 years and over,Non-disabled,"Dwelling not owned and not held in a family trust, rental arrangements not further defined",District health board,Hawke's Bay,0.1,percentage,% of people where information available,
2018,Census usually resident population aged 5 years and over,Disabled,"Dwelling not owned and not held in a family trust, rental arrangements not further defined",District health board,Hawke's Bay,0.2,percentage,% of people where information available,
2018,Census usually resident population aged 5 years and over,Total including disability status unknown,"Dwelling not owned and not held in a family trust, rental arrangements not further defined",District health board,Hawke's Bay,0.1,percentage,% of people where information available,
2018,Census usually resident population aged 5 years and over,Non-disabled,"Dwelling not owned and not held in a family trust, rental arrangements not further defined",District health board,Whanganui,0.1,percentage,% of people where information available,
2018,Census usually resident population aged 5 years and over,Disabled,"Dwelling not owned and not held in a family trust, rental arrangements not further defined",District health board,Whanganui,0.2,percentage,% of people where information available,
2018,Census usually resident population aged 5 years and over,Total including disability status unknown,"Dwelling not owned and not held in a family trust, rental arrangements not further defined",District health board,Whanganui,0.1,percentage,% of people where information available,
2018,Census usually resident population aged 5 years and over,Non-disabled,"Dwelling not owned and not held in a family trust, rental arrangements not further defined",District health board,MidCentral,0.1,percentage,% of people where information available,
2018,Census usually resident population aged 5 years and over,Disabled,"Dwelling not owned and not held in a family trust, rental arrangements not further defined",District health board,MidCentral,0.2,percentage,% of people where information available,
2018,Census usually resident population aged 5 years and over,Total including disability status unknown,"Dwelling not owned and not held in a family trust, rental arrangements not further defined",District health board,MidCentral,0.1,percentage,% of people where information available,
2018,Census usually resident population aged 5 years and over,Non-disabled,"Dwelling not owned and not held in a family trust, rental arrangements not further defined",District health board,Hutt Valley,0.1,percentage,% of people where information available,
2018,Census usually resident population aged 5 years and over,Disabled,"Dwelling not owned and not held in a family trust, rental arrangements not further defined",District health board,Hutt Valley,0.2,percentage,% of people where information available,
2018,Census usually resident population aged 5 years and over,Total including disability status unknown,"Dwelling not owned and not held in a family trust, rental arrangements not further defined",District health board,Hutt Valley,0.1,percentage,% of people where information available,
2018,Census usually resident population aged 5 years and over,Non-disabled,"Dwelling not owned and not held in a family trust, rental arrangements not further defined",District health board,Capital and Coast,0,percentage,% of people where information available,
2018,Census usually resident population aged 5 years and over,Disabled,"Dwelling not owned and not held in a family trust, rental arrangements not further defined",District health board,Capital and Coast,0.2,percentage,% of people where information available,
2018,Census usually resident population aged 5 years and over,Total including disability status unknown,"Dwelling not owned and not held in a family trust, rental arrangements not further defined",District health board,Capital and Coast,0.1,percentage,% of people where information available,
2018,Census usually resident population aged 5 years and over,Non-disabled,"Dwelling not owned and not held in a family trust, rental arrangements not further defined",District health board,Wairarapa,0.1,percentage,% of people where information available,
2018,Census usually resident population aged 5 years and over,Disabled,"Dwelling not owned and not held in a family trust, rental arrangements not further defined",District health board,Wairarapa,0.4,percentage,% of people where information available,
2018,Census usually resident population aged 5 years and over,Total including disability status unknown,"Dwelling not owned and not held in a family trust, rental arrangements not further defined",District health board,Wairarapa,0.1,percentage,% of people where information available,
2018,Census usually resident population aged 5 years and over,Non-disabled,"Dwelling not owned and not held in a family trust, rental arrangements not further defined",District health board,Nelson Marlborough,0.1,percentage,% of people where information available,
2018,Census usually resident population aged 5 years and over,Disabled,"Dwelling not owned and not held in a family trust, rental arrangements not further defined",District health board,Nelson Marlborough,0.3,percentage,% of people where information available,
2018,Census usually resident population aged 5 years and over,Total including disability status unknown,"Dwelling not owned and not held in a family trust, rental arrangements not further defined",District health board,Nelson Marlborough,0.1,percentage,% of people where information available,
2018,Census usually resident population aged 5 years and over,Non-disabled,"Dwelling not owned and not held in a family trust, rental arrangements not further defined",District health board,West Coast,0.2,percentage,% of people where information available,
2018,Census usually resident population aged 5 years and over,Disabled,"Dwelling not owned and not held in a family trust, rental arrangements not further defined",District health board,West Coast,0.1,percentage,% of people where information available,
2018,Census usually resident population aged 5 years and over,Total including disability status unknown,"Dwelling not owned and not held in a family trust, rental arrangements not further defined",District health board,West Coast,0.2,percentage,% of people where information available,
2018,Census usually resident population aged 5 years and over,Non-disabled,"Dwelling not owned and not held in a family trust, rental arrangements not further defined",District health board,Canterbury,0.1,percentage,% of people where information available,
2018,Census usually resident population aged 5 years and over,Disabled,"Dwelling not owned and not held in a family trust, rental arrangements not further defined",District health board,Canterbury,0.2,percentage,% of people where information available,
2018,Census usually resident population aged 5 years and over,Total including disability status unknown,"Dwelling not owned and not held in a family trust, rental arrangements not further defined",District health board,Canterbury,0.1,percentage,% of people where information available,
2018,Census usually resident population aged 5 years and over,Non-disabled,"Dwelling not owned and not held in a family trust, rental arrangements not further defined",District health board,South Canterbury,0.1,percentage,% of people where information available,
2018,Census usually resident population aged 5 years and over,Disabled,"Dwelling not owned and not held in a family trust, rental arrangements not further defined",District health board,South Canterbury,0.1,percentage,% of people where information available,
2018,Census usually resident population aged 5 years and over,Total including disability status unknown,"Dwelling not owned and not held in a family trust, rental arrangements not further defined",District health board,South Canterbury,0.1,percentage,% of people where information available,
2018,Census usually resident population aged 5 years and over,Non-disabled,"Dwelling not owned and not held in a family trust, rental arrangements not further defined",District health board,Southern,0.1,percentage,% of people where information available,
2018,Census usually resident population aged 5 years and over,Disabled,"Dwelling not owned and not held in a family trust, rental arrangements not further defined",District health board,Southern,0.2,percentage,% of people where information available,
2018,Census usually resident population aged 5 years and over,Total including disability status unknown,"Dwelling not owned and not held in a family trust, rental arrangements not further defined",District health board,Southern,0.1,percentage,% of people where information available,
2018,Census usually resident population aged 5 years and over,Non-disabled,"Dwelling not owned and not held in a family trust, rental arrangements not further defined",District health board,Total,0.1,percentage,% of people where information available,
2018,Census usually resident population aged 5 years and over,Disabled,"Dwelling not owned and not held in a family trust, rental arrangements not further defined",District health board,Total,0.2,percentage,% of people where information available,
2018,Census usually resident population aged 5 years and over,Total including disability status unknown,"Dwelling not owned and not held in a family trust, rental arrangements not further defined",District health board,Total,0.1,percentage,% of people where information available,
2018,Census usually resident population aged 5 years and over,Non-disabled,"Dwelling not owned and not held in a family trust, rent payments made",District health board,Northland,25.6,percentage,% of people where information available,
2018,Census usually resident population aged 5 years and over,Disabled,"Dwelling not owned and not held in a family trust, rent payments made",District health board,Northland,28.5,percentage,% of people where information available,
2018,Census usually resident population aged 5 years and over,Total including disability status unknown,"Dwelling not owned and not held in a family trust, rent payments made",District health board,Northland,27.8,percentage,% of people where information available,
2018,Census usually resident population aged 5 years and over,Non-disabled,"Dwelling not owned and not held in a family trust, rent payments made",District health board,Waitematā,28.3,percentage,% of people where information available,
2018,Census usually resident population aged 5 years and over,Disabled,"Dwelling not owned and not held in a family trust, rent payments made",District health board,Waitematā,34.2,percentage,% of people where information available,
2018,Census usually resident population aged 5 years and over,Total including disability status unknown,"Dwelling not owned and not held in a family trust, rent payments made",District health board,Waitematā,30.4,percentage,% of people where information available,
2018,Census usually resident population aged 5 years and over,Non-disabled,"Dwelling not owned and not held in a family trust, rent payments made",District health board,Auckland,41.7,percentage,% of people where information available,
2018,Census usually resident population aged 5 years and over,Disabled,"Dwelling not owned and not held in a family trust, rent payments made",District health board,Auckland,49.7,percentage,% of people where information available,
2018,Census usually resident population aged 5 years and over,Total including disability status unknown,"Dwelling not owned and not held in a family trust, rent payments made",District health board,Auckland,44.4,percentage,% of people where information available,
2018,Census usually resident population aged 5 years and over,Non-disabled,"Dwelling not owned and not held in a family trust, rent payments made",District health board,Counties Manukau,34.9,percentage,% of people where information available,
2018,Census usually resident population aged 5 years and over,Disabled,"Dwelling not owned and not held in a family trust, rent payments made",District health board,Counties Manukau,43,percentage,% of people where information available,
2018,Census usually resident population aged 5 years and over,Total including disability status unknown,"Dwelling not owned and not held in a family trust, rent payments made",District health board,Counties Manukau,38.7,percentage,% of people where information available,
2018,Census usually resident population aged 5 years and over,Non-disabled,"Dwelling not owned and not held in a family trust, rent payments made",District health board,Waikato,30,percentage,% of people where information available,
2018,Census usually resident population aged 5 years and over,Disabled,"Dwelling not owned and not held in a family trust, rent payments made",District health board,Waikato,35.8,percentage,% of people where information available,
2018,Census usually resident population aged 5 years and over,Total including disability status unknown,"Dwelling not owned and not held in a family trust, rent payments made",District health board,Waikato,32.4,percentage,% of people where information available,
2018,Census usually resident population aged 5 years and over,Non-disabled,"Dwelling not owned and not held in a family trust, rent payments made",District health board,Lakes,28.7,percentage,% of people where information available,
2018,Census usually resident population aged 5 years and over,Disabled,"Dwelling not owned and not held in a family trust, rent payments made",District health board,Lakes,32.3,percentage,% of people where information available,
2018,Census usually resident population aged 5 years and over,Total including disability status unknown,"Dwelling not owned and not held in a family trust, rent payments made",District health board,Lakes,31.6,percentage,% of people where information available,
2018,Census usually resident population aged 5 years and over,Non-disabled,"Dwelling not owned and not held in a family trust, rent payments made",District health board,Bay of Plenty,26.3,percentage,% of people where information available,
2018,Census usually resident population aged 5 years and over,Disabled,"Dwelling not owned and not held in a family trust, rent payments made",District health board,Bay of Plenty,29.7,percentage,% of people where information available,
2018,Census usually resident population aged 5 years and over,Total including disability status unknown,"Dwelling not owned and not held in a family trust, rent payments made",District health board,Bay of Plenty,28.4,percentage,% of people where information available,
2018,Census usually resident population aged 5 years and over,Non-disabled,"Dwelling not owned and not held in a family trust, rent payments made",District health board,Tairāwhiti,32,percentage,% of people where information available,
2018,Census usually resident population aged 5 years and over,Disabled,"Dwelling not owned and not held in a family trust, rent payments made",District health board,Tairāwhiti,36.7,percentage,% of people where information available,
2018,Census usually resident population aged 5 years and over,Total including disability status unknown,"Dwelling not owned and not held in a family trust, rent payments made",District health board,Tairāwhiti,35.8,percentage,% of people where information available,
2018,Census usually resident population aged 5 years and over,Non-disabled,"Dwelling not owned and not held in a family trust, rent payments made",District health board,Taranaki,23,percentage,% of people where information available,
2018,Census usually resident population aged 5 years and over,Disabled,"Dwelling not owned and not held in a family trust, rent payments made",District health board,Taranaki,30,percentage,% of people where information available,
2018,Census usually resident population aged 5 years and over,Total including disability status unknown,"Dwelling not owned and not held in a family trust, rent payments made",District health board,Taranaki,25.1,percentage,% of people where information available,
2018,Census usually resident population aged 5 years and over,Non-disabled,"Dwelling not owned and not held in a family trust, rent payments made",District health board,Hawke's Bay,26.1,percentage,% of people where information available,
2018,Census usually resident population aged 5 years and over,Disabled,"Dwelling not owned and not held in a family trust, rent payments made",District health board,Hawke's Bay,31.8,percentage,% of people where information available,
2018,Census usually resident population aged 5 years and over,Total including disability status unknown,"Dwelling not owned and not held in a family trust, rent payments made",District health board,Hawke's Bay,29.1,percentage,% of people where information available,
2018,Census usually resident population aged 5 years and over,Non-disabled,"Dwelling not owned and not held in a family trust, rent payments made",District health board,Whanganui,24.2,percentage,% of people where information available,
2018,Census usually resident population aged 5 years and over,Disabled,"Dwelling not owned and not held in a family trust, rent payments made",District health board,Whanganui,30.4,percentage,% of people where information available,
2018,Census usually resident population aged 5 years and over,Total including disability status unknown,"Dwelling not owned and not held in a family trust, rent payments made",District health board,Whanganui,27.5,percentage,% of people where information available,
2018,Census usually resident population aged 5 years and over,Non-disabled,"Dwelling not owned and not held in a family trust, rent payments made",District health board,MidCentral,26.6,percentage,% of people where information available,
2018,Census usually resident population aged 5 years and over,Disabled,"Dwelling not owned and not held in a family trust, rent payments made",District health board,MidCentral,33,percentage,% of people where information available,
2018,Census usually resident population aged 5 years and over,Total including disability status unknown,"Dwelling not owned and not held in a family trust, rent payments made",District health board,MidCentral,28.7,percentage,% of people where information available,
2018,Census usually resident population aged 5 years and over,Non-disabled,"Dwelling not owned and not held in a family trust, rent payments made",District health board,Hutt Valley,25.3,percentage,% of people where information available,
2018,Census usually resident population aged 5 years and over,Disabled,"Dwelling not owned and not held in a family trust, rent payments made",District health board,Hutt Valley,35.3,percentage,% of people where information available,
2018,Census usually resident population aged 5 years and over,Total including disability status unknown,"Dwelling not owned and not held in a family trust, rent payments made",District health board,Hutt Valley,28,percentage,% of people where information available,
2018,Census usually resident population aged 5 years and over,Non-disabled,"Dwelling not owned and not held in a family trust, rent payments made",District health board,Capital and Coast,32.6,percentage,% of people where information available,
2018,Census usually resident population aged 5 years and over,Disabled,"Dwelling not owned and not held in a family trust, rent payments made",District health board,Capital and Coast,37.9,percentage,% of people where information available,
2018,Census usually resident population aged 5 years and over,Total including disability status unknown,"Dwelling not owned and not held in a family trust, rent payments made",District health board,Capital and Coast,34.6,percentage,% of people where information available,
2018,Census usually resident population aged 5 years and over,Non-disabled,"Dwelling not owned and not held in a family trust, rent payments made",District health board,Wairarapa,20.8,percentage,% of people where information available,
2018,Census usually resident population aged 5 years and over,Disabled,"Dwelling not owned and not held in a family trust, rent payments made",District health board,Wairarapa,28.5,percentage,% of people where information available,
2018,Census usually resident population aged 5 years and over,Total including disability status unknown,"Dwelling not owned and not held in a family trust, rent payments made",District health board,Wairarapa,23.2,percentage,% of people where information available,
2018,Census usually resident population aged 5 years and over,Non-disabled,"Dwelling not owned and not held in a family trust, rent payments made",District health board,Nelson Marlborough,22.6,percentage,% of people where information available,
2018,Census usually resident population aged 5 years and over,Disabled,"Dwelling not owned and not held in a family trust, rent payments made",District health board,Nelson Marlborough,27.3,percentage,% of people where information available,
2018,Census usually resident population aged 5 years and over,Total including disability status unknown,"Dwelling not owned and not held in a family trust, rent payments made",District health board,Nelson Marlborough,24,percentage,% of people where information available,
2018,Census usually resident population aged 5 years and over,Non-disabled,"Dwelling not owned and not held in a family trust, rent payments made",District health board,West Coast,22.8,percentage,% of people where information available,
2018,Census usually resident population aged 5 years and over,Disabled,"Dwelling not owned and not held in a family trust, rent payments made",District health board,West Coast,25.9,percentage,% of people where information available,
2018,Census usually resident population aged 5 years and over,Total including disability status unknown,"Dwelling not owned and not held in a family trust, rent payments made",District health board,West Coast,24.4,percentage,% of people where information available,
2018,Census usually resident population aged 5 years and over,Non-disabled,"Dwelling not owned and not held in a family trust, rent payments made",District health board,Canterbury,27.5,percentage,% of people where information available,
2018,Census usually resident population aged 5 years and over,Disabled,"Dwelling not owned and not held in a family trust, rent payments made",District health board,Canterbury,32.9,percentage,% of people where information available,
2018,Census usually resident population aged 5 years and over,Total including disability status unknown,"Dwelling not owned and not held in a family trust, rent payments made",District health board,Canterbury,29.3,percentage,% of people where information available,
2018,Census usually resident population aged 5 years and over,Non-disabled,"Dwelling not owned and not held in a family trust, rent payments made",District health board,South Canterbury,21.3,percentage,% of people where information available,
2018,Census usually resident population aged 5 years and over,Disabled,"Dwelling not owned and not held in a family trust, rent payments made",District health board,South Canterbury,24.9,percentage,% of people where information available,
2018,Census usually resident population aged 5 years and over,Total including disability status unknown,"Dwelling not owned and not held in a family trust, rent payments made",District health board,South Canterbury,22.9,percentage,% of people where information available,
2018,Census usually resident population aged 5 years and over,Non-disabled,"Dwelling not owned and not held in a family trust, rent payments made",District health board,Southern,26.4,percentage,% of people where information available,
2018,Census usually resident population aged 5 years and over,Disabled,"Dwelling not owned and not held in a family trust, rent payments made",District health board,Southern,27.5,percentage,% of people where information available,
2018,Census usually resident population aged 5 years and over,Total including disability status unknown,"Dwelling not owned and not held in a family trust, rent payments made",District health board,Southern,28,percentage,% of people where information available,
2018,Census usually resident population aged 5 years and over,Non-disabled,"Dwelling not owned and not held in a family trust, rent payments made",District health board,Total,29.6,percentage,% of people where information available,
2018,Census usually resident population aged 5 years and over,Disabled,"Dwelling not owned and not held in a family trust, rent payments made",District health board,Total,34.6,percentage,% of people where information available,
2018,Census usually resident population aged 5 years and over,Total including disability status unknown,"Dwelling not owned and not held in a family trust, rent payments made",District health board,Total,32,percentage,% of people where information available,
2018,Census usually resident population aged 5 years and over,Non-disabled,"Dwelling not owned and not held in a family trust, rent payments not made",District health board,Northland,4.2,percentage,% of people where information available,
2018,Census usually resident population aged 5 years and over,Disabled,"Dwelling not owned and not held in a family trust, rent payments not made",District health board,Northland,5.5,percentage,% of people where information available,
2018,Census usually resident population aged 5 years and over,Total including disability status unknown,"Dwelling not owned and not held in a family trust, rent payments not made",District health board,Northland,4.3,percentage,% of people where information available,
2018,Census usually resident population aged 5 years and over,Non-disabled,"Dwelling not owned and not held in a family trust, rent payments not made",District health board,Waitematā,2.4,percentage,% of people where information available,
2018,Census usually resident population aged 5 years and over,Disabled,"Dwelling not owned and not held in a family trust, rent payments not made",District health board,Waitematā,3.9,percentage,% of people where information available,
2018,Census usually resident population aged 5 years and over,Total including disability status unknown,"Dwelling not owned and not held in a family trust, rent payments not made",District health board,Waitematā,2.5,percentage,% of people where information available,
2018,Census usually resident population aged 5 years and over,Non-disabled,"Dwelling not owned and not held in a family trust, rent payments not made",District health board,Auckland,2.2,percentage,% of people where information available,
2018,Census usually resident population aged 5 years and over,Disabled,"Dwelling not owned and not held in a family trust, rent payments not made",District health board,Auckland,3.2,percentage,% of people where information available,
2018,Census usually resident population aged 5 years and over,Total including disability status unknown,"Dwelling not owned and not held in a family trust, rent payments not made",District health board,Auckland,2.3,percentage,% of people where information available,
2018,Census usually resident population aged 5 years and over,Non-disabled,"Dwelling not owned and not held in a family trust, rent payments not made",District health board,Counties Manukau,2.9,percentage,% of people where information available,
2018,Census usually resident population aged 5 years and over,Disabled,"Dwelling not owned and not held in a family trust, rent payments not made",District health board,Counties Manukau,4,percentage,% of people where information available,
2018,Census usually resident population aged 5 years and over,Total including disability status unknown,"Dwelling not owned and not held in a family trust, rent payments not made",District health board,Counties Manukau,2.9,percentage,% of people where information available,
2018,Census usually resident population aged 5 years and over,Non-disabled,"Dwelling not owned and not held in a family trust, rent payments not made",District health board,Waikato,4.1,percentage,% of people where information available,
2018,Census usually resident population aged 5 years and over,Disabled,"Dwelling not owned and not held in a family trust, rent payments not made",District health board,Waikato,4.6,percentage,% of people where information available,
2018,Census usually resident population aged 5 years and over,Total including disability status unknown,"Dwelling not owned and not held in a family trust, rent payments not made",District health board,Waikato,4.1,percentage,% of people where information available,
2018,Census usually resident population aged 5 years and over,Non-disabled,"Dwelling not owned and not held in a family trust, rent payments not made",District health board,Lakes,3.7,percentage,% of people where information available,
2018,Census usually resident population aged 5 years and over,Disabled,"Dwelling not owned and not held in a family trust, rent payments not made",District health board,Lakes,4.3,percentage,% of people where information available,
2018,Census usually resident population aged 5 years and over,Total including disability status unknown,"Dwelling not owned and not held in a family trust, rent payments not made",District health board,Lakes,3.7,percentage,% of people where information available,
2018,Census usually resident population aged 5 years and over,Non-disabled,"Dwelling not owned and not held in a family trust, rent payments not made",District health board,Bay of Plenty,3.2,percentage,% of people where information available,
2018,Census usually resident population aged 5 years and over,Disabled,"Dwelling not owned and not held in a family trust, rent payments not made",District health board,Bay of Plenty,5.1,percentage,% of people where information available,
2018,Census usually resident population aged 5 years and over,Total including disability status unknown,"Dwelling not owned and not held in a family trust, rent payments not made",District health board,Bay of Plenty,3.3,percentage,% of people where information available,
2018,Census usually resident population aged 5 years and over,Non-disabled,"Dwelling not owned and not held in a family trust, rent payments not made",District health board,Tairāwhiti,4.1,percentage,% of people where information available,
2018,Census usually resident population aged 5 years and over,Disabled,"Dwelling not owned and not held in a family trust, rent payments not made",District health board,Tairāwhiti,5,percentage,% of people where information available,
2018,Census usually resident population aged 5 years and over,Total including disability status unknown,"Dwelling not owned and not held in a family trust, rent payments not made",District health board,Tairāwhiti,4,percentage,% of people where information available,
2018,Census usually resident population aged 5 years and over,Non-disabled,"Dwelling not owned and not held in a family trust, rent payments not made",District health board,Taranaki,4.8,percentage,% of people where information available,
2018,Census usually resident population aged 5 years and over,Disabled,"Dwelling not owned and not held in a family trust, rent payments not made",District health board,Taranaki,4.7,percentage,% of people where information available,
2018,Census usually resident population aged 5 years and over,Total including disability status unknown,"Dwelling not owned and not held in a family trust, rent payments not made",District health board,Taranaki,4.7,percentage,% of people where information available,
2018,Census usually resident population aged 5 years and over,Non-disabled,"Dwelling not owned and not held in a family trust, rent payments not made",District health board,Hawke's Bay,2.9,percentage,% of people where information available,
2018,Census usually resident population aged 5 years and over,Disabled,"Dwelling not owned and not held in a family trust, rent payments not made",District health board,Hawke's Bay,4.4,percentage,% of people where information available,
2018,Census usually resident population aged 5 years and over,Total including disability status unknown,"Dwelling not owned and not held in a family trust, rent payments not made",District health board,Hawke's Bay,3,percentage,% of people where information available,
2018,Census usually resident population aged 5 years and over,Non-disabled,"Dwelling not owned and not held in a family trust, rent payments not made",District health board,Whanganui,3.7,percentage,% of people where information available,
2018,Census usually resident population aged 5 years and over,Disabled,"Dwelling not owned and not held in a family trust, rent payments not made",District health board,Whanganui,3.8,percentage,% of people where information available,
2018,Census usually resident population aged 5 years and over,Total including disability status unknown,"Dwelling not owned and not held in a family trust, rent payments not made",District health board,Whanganui,3.7,percentage,% of people where information available,
2018,Census usually resident population aged 5 years and over,Non-disabled,"Dwelling not owned and not held in a family trust, rent payments not made",District health board,MidCentral,3.1,percentage,% of people where information available,
2018,Census usually resident population aged 5 years and over,Disabled,"Dwelling not owned and not held in a family trust, rent payments not made",District health board,MidCentral,4.1,percentage,% of people where information available,
2018,Census usually resident population aged 5 years and over,Total including disability status unknown,"Dwelling not owned and not held in a family trust, rent payments not made",District health board,MidCentral,3.1,percentage,% of people where information available,
2018,Census usually resident population aged 5 years and over,Non-disabled,"Dwelling not owned and not held in a family trust, rent payments not made",District health board,Hutt Valley,1.9,percentage,% of people where information available,
2018,Census usually resident population aged 5 years and over,Disabled,"Dwelling not owned and not held in a family trust, rent payments not made",District health board,Hutt Valley,3.3,percentage,% of people where information available,
2018,Census usually resident population aged 5 years and over,Total including disability status unknown,"Dwelling not owned and not held in a family trust, rent payments not made",District health board,Hutt Valley,2.1,percentage,% of people where information available,
2018,Census usually resident population aged 5 years and over,Non-disabled,"Dwelling not owned and not held in a family trust, rent payments not made",District health board,Capital and Coast,1.9,percentage,% of people where information available,
2018,Census usually resident population aged 5 years and over,Disabled,"Dwelling not owned and not held in a family trust, rent payments not made",District health board,Capital and Coast,3.4,percentage,% of people where information available,
2018,Census usually resident population aged 5 years and over,Total including disability status unknown,"Dwelling not owned and not held in a family trust, rent payments not made",District health board,Capital and Coast,2,percentage,% of people where information available,
2018,Census usually resident population aged 5 years and over,Non-disabled,"Dwelling not owned and not held in a family trust, rent payments not made",District health board,Wairarapa,3.5,percentage,% of people where information available,
2018,Census usually resident population aged 5 years and over,Disabled,"Dwelling not owned and not held in a family trust, rent payments not made",District health board,Wairarapa,4.4,percentage,% of people where information available,
2018,Census usually resident population aged 5 years and over,Total including disability status unknown,"Dwelling not owned and not held in a family trust, rent payments not made",District health board,Wairarapa,3.5,percentage,% of people where information available,
2018,Census usually resident population aged 5 years and over,Non-disabled,"Dwelling not owned and not held in a family trust, rent payments not made",District health board,Nelson Marlborough,2.5,percentage,% of people where information available,
2018,Census usually resident population aged 5 years and over,Disabled,"Dwelling not owned and not held in a family trust, rent payments not made",District health board,Nelson Marlborough,4.1,percentage,% of people where information available,
2018,Census usually resident population aged 5 years and over,Total including disability status unknown,"Dwelling not owned and not held in a family trust, rent payments not made",District health board,Nelson Marlborough,2.6,percentage,% of people where information available,
2018,Census usually resident population aged 5 years and over,Non-disabled,"Dwelling not owned and not held in a family trust, rent payments not made",District health board,West Coast,5.1,percentage,% of people where information available,
2018,Census usually resident population aged 5 years and over,Disabled,"Dwelling not owned and not held in a family trust, rent payments not made",District health board,West Coast,5.8,percentage,% of people where information available,
2018,Census usually resident population aged 5 years and over,Total including disability status unknown,"Dwelling not owned and not held in a family trust, rent payments not made",District health board,West Coast,5.2,percentage,% of people where information available,
2018,Census usually resident population aged 5 years and over,Non-disabled,"Dwelling not owned and not held in a family trust, rent payments not made",District health board,Canterbury,2.5,percentage,% of people where information available,
2018,Census usually resident population aged 5 years and over,Disabled,"Dwelling not owned and not held in a family trust, rent payments not made",District health board,Canterbury,4,percentage,% of people where information available,
2018,Census usually resident population aged 5 years and over,Total including disability status unknown,"Dwelling not owned and not held in a family trust, rent payments not made",District health board,Canterbury,2.6,percentage,% of people where information available,
2018,Census usually resident population aged 5 years and over,Non-disabled,"Dwelling not owned and not held in a family trust, rent payments not made",District health board,South Canterbury,4.2,percentage,% of people where information available,
2018,Census usually resident population aged 5 years and over,Disabled,"Dwelling not owned and not held in a family trust, rent payments not made",District health board,South Canterbury,4.6,percentage,% of people where information available,
2018,Census usually resident population aged 5 years and over,Total including disability status unknown,"Dwelling not owned and not held in a family trust, rent payments not made",District health board,South Canterbury,4.2,percentage,% of people where information available,
2018,Census usually resident population aged 5 years and over,Non-disabled,"Dwelling not owned and not held in a family trust, rent payments not made",District health board,Southern,3.4,percentage,% of people where information available,
2018,Census usually resident population aged 5 years and over,Disabled,"Dwelling not owned and not held in a family trust, rent payments not made",District health board,Southern,4.1,percentage,% of people where information available,
2018,Census usually resident population aged 5 years and over,Total including disability status unknown,"Dwelling not owned and not held in a family trust, rent payments not made",District health board,Southern,3.4,percentage,% of people where information available,
2018,Census usually resident population aged 5 years and over,Non-disabled,"Dwelling not owned and not held in a family trust, rent payments not made",District health board,Total,2.9,percentage,% of people where information available,
2018,Census usually resident population aged 5 years and over,Disabled,"Dwelling not owned and not held in a family trust, rent payments not made",District health board,Total,4.2,percentage,% of people where information available,
2018,Census usually resident population aged 5 years and over,Total including disability status unknown,"Dwelling not owned and not held in a family trust, rent payments not made",District health board,Total,3,percentage,% of people where information available,
2018,Census usually resident population aged 5 years and over,Non-disabled,"Dwelling held in a family trust, mortgage arrangements not further defined",District health board,Northland,0.8,percentage,% of people where information available,
2018,Census usually resident population aged 5 years and over,Disabled,"Dwelling held in a family trust, mortgage arrangements not further defined",District health board,Northland,1.1,percentage,% of people where information available,
2018,Census usually resident population aged 5 years and over,Total including disability status unknown,"Dwelling held in a family trust, mortgage arrangements not further defined",District health board,Northland,1.1,percentage,% of people where information available,
2018,Census usually resident population aged 5 years and over,Non-disabled,"Dwelling held in a family trust, mortgage arrangements not further defined",District health board,Waitematā,0.9,percentage,% of people where information available,
2018,Census usually resident population aged 5 years and over,Disabled,"Dwelling held in a family trust, mortgage arrangements not further defined",District health board,Waitematā,1.2,percentage,% of people where information available,
2018,Census usually resident population aged 5 years and over,Total including disability status unknown,"Dwelling held in a family trust, mortgage arrangements not further defined",District health board,Waitematā,1.1,percentage,% of people where information available,
2018,Census usually resident population aged 5 years and over,Non-disabled,"Dwelling held in a family trust, mortgage arrangements not further defined",District health board,Auckland,0.9,percentage,% of people where information available,
2018,Census usually resident population aged 5 years and over,Disabled,"Dwelling held in a family trust, mortgage arrangements not further defined",District health board,Auckland,1.4,percentage,% of people where information available,
2018,Census usually resident population aged 5 years and over,Total including disability status unknown,"Dwelling held in a family trust, mortgage arrangements not further defined",District health board,Auckland,1.1,percentage,% of people where information available,
2018,Census usually resident population aged 5 years and over,Non-disabled,"Dwelling held in a family trust, mortgage arrangements not further defined",District health board,Counties Manukau,0.8,percentage,% of people where information available,
2018,Census usually resident population aged 5 years and over,Disabled,"Dwelling held in a family trust, mortgage arrangements not further defined",District health board,Counties Manukau,1.3,percentage,% of people where information available,
2018,Census usually resident population aged 5 years and over,Total including disability status unknown,"Dwelling held in a family trust, mortgage arrangements not further defined",District health board,Counties Manukau,1.1,percentage,% of people where information available,
2018,Census usually resident population aged 5 years and over,Non-disabled,"Dwelling held in a family trust, mortgage arrangements not further defined",District health board,Waikato,0.7,percentage,% of people where information available,
2018,Census usually resident population aged 5 years and over,Disabled,"Dwelling held in a family trust, mortgage arrangements not further defined",District health board,Waikato,1.2,percentage,% of people where information available,
2018,Census usually resident population aged 5 years and over,Total including disability status unknown,"Dwelling held in a family trust, mortgage arrangements not further defined",District health board,Waikato,0.9,percentage,% of people where information available,
2018,Census usually resident population aged 5 years and over,Non-disabled,"Dwelling held in a family trust, mortgage arrangements not further defined",District health board,Lakes,0.7,percentage,% of people where information available,
2018,Census usually resident population aged 5 years and over,Disabled,"Dwelling held in a family trust, mortgage arrangements not further defined",District health board,Lakes,1.1,percentage,% of people where information available,
2018,Census usually resident population aged 5 years and over,Total including disability status unknown,"Dwelling held in a family trust, mortgage arrangements not further defined",District health board,Lakes,1,percentage,% of people where information available,
2018,Census usually resident population aged 5 years and over,Non-disabled,"Dwelling held in a family trust, mortgage arrangements not further defined",District health board,Bay of Plenty,1,percentage,% of people where information available,
2018,Census usually resident population aged 5 years and over,Disabled,"Dwelling held in a family trust, mortgage arrangements not further defined",District health board,Bay of Plenty,1.5,percentage,% of people where information available,
2018,Census usually resident population aged 5 years and over,Total including disability status unknown,"Dwelling held in a family trust, mortgage arrangements not further defined",District health board,Bay of Plenty,1.3,percentage,% of people where information available,
2018,Census usually resident population aged 5 years and over,Non-disabled,"Dwelling held in a family trust, mortgage arrangements not further defined",District health board,Tairāwhiti,0.9,percentage,% of people where information available,
2018,Census usually resident population aged 5 years and over,Disabled,"Dwelling held in a family trust, mortgage arrangements not further defined",District health board,Tairāwhiti,1.4,percentage,% of people where information available,
2018,Census usually resident population aged 5 years and over,Total including disability status unknown,"Dwelling held in a family trust, mortgage arrangements not further defined",District health board,Tairāwhiti,1.1,percentage,% of people where information available,
2018,Census usually resident population aged 5 years and over,Non-disabled,"Dwelling held in a family trust, mortgage arrangements not further defined",District health board,Taranaki,0.8,percentage,% of people where information available,
2018,Census usually resident population aged 5 years and over,Disabled,"Dwelling held in a family trust, mortgage arrangements not further defined",District health board,Taranaki,1.5,percentage,% of people where information available,
2018,Census usually resident population aged 5 years and over,Total including disability status unknown,"Dwelling held in a family trust, mortgage arrangements not further defined",District health board,Taranaki,1,percentage,% of people where information available,
2018,Census usually resident population aged 5 years and over,Non-disabled,"Dwelling held in a family trust, mortgage arrangements not further defined",District health board,Hawke's Bay,0.8,percentage,% of people where information available,
2018,Census usually resident population aged 5 years and over,Disabled,"Dwelling held in a family trust, mortgage arrangements not further defined",District health board,Hawke's Bay,1.5,percentage,% of people where information available,
2018,Census usually resident population aged 5 years and over,Total including disability status unknown,"Dwelling held in a family trust, mortgage arrangements not further defined",District health board,Hawke's Bay,1.1,percentage,% of people where information available,
2018,Census usually resident population aged 5 years and over,Non-disabled,"Dwelling held in a family trust, mortgage arrangements not further defined",District health board,Whanganui,0.9,percentage,% of people where information available,
2018,Census usually resident population aged 5 years and over,Disabled,"Dwelling held in a family trust, mortgage arrangements not further defined",District health board,Whanganui,1.5,percentage,% of people where information available,
2018,Census usually resident population aged 5 years and over,Total including disability status unknown,"Dwelling held in a family trust, mortgage arrangements not further defined",District health board,Whanganui,1.3,percentage,% of people where information available,
2018,Census usually resident population aged 5 years and over,Non-disabled,"Dwelling held in a family trust, mortgage arrangements not further defined",District health board,MidCentral,0.7,percentage,% of people where information available,
2018,Census usually resident population aged 5 years and over,Disabled,"Dwelling held in a family trust, mortgage arrangements not further defined",District health board,MidCentral,1.2,percentage,% of people where information available,
2018,Census usually resident population aged 5 years and over,Total including disability status unknown,"Dwelling held in a family trust, mortgage arrangements not further defined",District health board,MidCentral,0.9,percentage,% of people where information available,
2018,Census usually resident population aged 5 years and over,Non-disabled,"Dwelling held in a family trust, mortgage arrangements not further defined",District health board,Hutt Valley,0.6,percentage,% of people where information available,
2018,Census usually resident population aged 5 years and over,Disabled,"Dwelling held in a family trust, mortgage arrangements not further defined",District health board,Hutt Valley,1.1,percentage,% of people where information available,
2018,Census usually resident population aged 5 years and over,Total including disability status unknown,"Dwelling held in a family trust, mortgage arrangements not further defined",District health board,Hutt Valley,0.8,percentage,% of people where information available,
2018,Census usually resident population aged 5 years and over,Non-disabled,"Dwelling held in a family trust, mortgage arrangements not further defined",District health board,Capital and Coast,0.5,percentage,% of people where information available,
2018,Census usually resident population aged 5 years and over,Disabled,"Dwelling held in a family trust, mortgage arrangements not further defined",District health board,Capital and Coast,1.1,percentage,% of people where information available,
2018,Census usually resident population aged 5 years and over,Total including disability status unknown,"Dwelling held in a family trust, mortgage arrangements not further defined",District health board,Capital and Coast,0.7,percentage,% of people where information available,
2018,Census usually resident population aged 5 years and over,Non-disabled,"Dwelling held in a family trust, mortgage arrangements not further defined",District health board,Wairarapa,0.7,percentage,% of people where information available,
2018,Census usually resident population aged 5 years and over,Disabled,"Dwelling held in a family trust, mortgage arrangements not further defined",District health board,Wairarapa,0.8,percentage,% of people where information available,
2018,Census usually resident population aged 5 years and over,Total including disability status unknown,"Dwelling held in a family trust, mortgage arrangements not further defined",District health board,Wairarapa,0.8,percentage,% of people where information available,
2018,Census usually resident population aged 5 years and over,Non-disabled,"Dwelling held in a family trust, mortgage arrangements not further defined",District health board,Nelson Marlborough,0.8,percentage,% of people where information available,
2018,Census usually resident population aged 5 years and over,Disabled,"Dwelling held in a family trust, mortgage arrangements not further defined",District health board,Nelson Marlborough,1.5,percentage,% of people where information available,
2018,Census usually resident population aged 5 years and over,Total including disability status unknown,"Dwelling held in a family trust, mortgage arrangements not further defined",District health board,Nelson Marlborough,1,percentage,% of people where information available,
2018,Census usually resident population aged 5 years and over,Non-disabled,"Dwelling held in a family trust, mortgage arrangements not further defined",District health board,West Coast,0.5,percentage,% of people where information available,
2018,Census usually resident population aged 5 years and over,Disabled,"Dwelling held in a family trust, mortgage arrangements not further defined",District health board,West Coast,0.9,percentage,% of people where information available,
2018,Census usually resident population aged 5 years and over,Total including disability status unknown,"Dwelling held in a family trust, mortgage arrangements not further defined",District health board,West Coast,0.6,percentage,% of people where information available,
2018,Census usually resident population aged 5 years and over,Non-disabled,"Dwelling held in a family trust, mortgage arrangements not further defined",District health board,Canterbury,0.7,percentage,% of people where information available,
2018,Census usually resident population aged 5 years and over,Disabled,"Dwelling held in a family trust, mortgage arrangements not further defined",District health board,Canterbury,1.2,percentage,% of people where information available,
2018,Census usually resident population aged 5 years and over,Total including disability status unknown,"Dwelling held in a family trust, mortgage arrangements not further defined",District health board,Canterbury,0.9,percentage,% of people where information available,
2018,Census usually resident population aged 5 years and over,Non-disabled,"Dwelling held in a family trust, mortgage arrangements not further defined",District health board,South Canterbury,0.7,percentage,% of people where information available,
2018,Census usually resident population aged 5 years and over,Disabled,"Dwelling held in a family trust, mortgage arrangements not further defined",District health board,South Canterbury,1.4,percentage,% of people where information available,
2018,Census usually resident population aged 5 years and over,Total including disability status unknown,"Dwelling held in a family trust, mortgage arrangements not further defined",District health board,South Canterbury,0.9,percentage,% of people where information available,
2018,Census usually resident population aged 5 years and over,Non-disabled,"Dwelling held in a family trust, mortgage arrangements not further defined",District health board,Southern,1,percentage,% of people where information available,
2018,Census usually resident population aged 5 years and over,Disabled,"Dwelling held in a family trust, mortgage arrangements not further defined",District health board,Southern,1.7,percentage,% of people where information available,
2018,Census usually resident population aged 5 years and over,Total including disability status unknown,"Dwelling held in a family trust, mortgage arrangements not further defined",District health board,Southern,1.2,percentage,% of people where information available,
2018,Census usually resident population aged 5 years and over,Non-disabled,"Dwelling held in a family trust, mortgage arrangements not further defined",District health board,Total,0.8,percentage,% of people where information available,
2018,Census usually resident population aged 5 years and over,Disabled,"Dwelling held in a family trust, mortgage arrangements not further defined",District health board,Total,1.3,percentage,% of people where information available,
2018,Census usually resident population aged 5 years and over,Total including disability status unknown,"Dwelling held in a family trust, mortgage arrangements not further defined",District health board,Total,1,percentage,% of people where information available,
2018,Census usually resident population aged 5 years and over,Non-disabled,"Dwelling held in a family trust, mortgage payments made",District health board,Northland,5.5,percentage,% of people where information available,
2018,Census usually resident population aged 5 years and over,Disabled,"Dwelling held in a family trust, mortgage payments made",District health board,Northland,3.3,percentage,% of people where information available,
2018,Census usually resident population aged 5 years and over,Total including disability status unknown,"Dwelling held in a family trust, mortgage payments made",District health board,Northland,5,percentage,% of people where information available,
2018,Census usually resident population aged 5 years and over,Non-disabled,"Dwelling held in a family trust, mortgage payments made",District health board,Waitematā,8.7,percentage,% of people where information available,
2018,Census usually resident population aged 5 years and over,Disabled,"Dwelling held in a family trust, mortgage payments made",District health board,Waitematā,5.5,percentage,% of people where information available,
2018,Census usually resident population aged 5 years and over,Total including disability status unknown,"Dwelling held in a family trust, mortgage payments made",District health board,Waitematā,8.1,percentage,% of people where information available,
2018,Census usually resident population aged 5 years and over,Non-disabled,"Dwelling held in a family trust, mortgage payments made",District health board,Auckland,9.7,percentage,% of people where information available,
2018,Census usually resident population aged 5 years and over,Disabled,"Dwelling held in a family trust, mortgage payments made",District health board,Auckland,4.9,percentage,% of people where information available,
2018,Census usually resident population aged 5 years and over,Total including disability status unknown,"Dwelling held in a family trust, mortgage payments made",District health board,Auckland,9,percentage,% of people where information available,
2018,Census usually resident population aged 5 years and over,Non-disabled,"Dwelling held in a family trust, mortgage payments made",District health board,Counties Manukau,6.9,percentage,% of people where information available,
2018,Census usually resident population aged 5 years and over,Disabled,"Dwelling held in a family trust, mortgage payments made",District health board,Counties Manukau,4.6,percentage,% of people where information available,
2018,Census usually resident population aged 5 years and over,Total including disability status unknown,"Dwelling held in a family trust, mortgage payments made",District health board,Counties Manukau,6.3,percentage,% of people where information available,
2018,Census usually resident population aged 5 years and over,Non-disabled,"Dwelling held in a family trust, mortgage payments made",District health board,Waikato,6.6,percentage,% of people where information available,
2018,Census usually resident population aged 5 years and over,Disabled,"Dwelling held in a family trust, mortgage payments made",District health board,Waikato,3.6,percentage,% of people where information available,
2018,Census usually resident population aged 5 years and over,Total including disability status unknown,"Dwelling held in a family trust, mortgage payments made",District health board,Waikato,6.2,percentage,% of people where information available,
2018,Census usually resident population aged 5 years and over,Non-disabled,"Dwelling held in a family trust, mortgage payments made",District health board,Lakes,5.6,percentage,% of people where information available,
2018,Census usually resident population aged 5 years and over,Total including disability status unknown,"Dwelling held in a family trust, mortgage payments made",District health board,Lakes,5.1,percentage,% of people where information available,
2018,Census usually resident population aged 5 years and over,Non-disabled,"Dwelling held in a family trust, mortgage payments made",District health board,Bay of Plenty,8,percentage,% of people where information available,
2018,Census usually resident population aged 5 years and over,Disabled,"Dwelling held in a family trust, mortgage payments made",District health board,Bay of Plenty,4.1,percentage,% of people where information available,
2018,Census usually resident population aged 5 years and over,Total including disability status unknown,"Dwelling held in a family trust, mortgage payments made",District health board,Bay of Plenty,7.3,percentage,% of people where information available,
2018,Census usually resident population aged 5 years and over,Non-disabled,"Dwelling held in a family trust, mortgage payments made",District health board,Tairāwhiti,4.5,percentage,% of people where information available,
2018,Census usually resident population aged 5 years and over,Disabled,"Dwelling held in a family trust, mortgage payments made",District health board,Tairāwhiti,2.2,percentage,% of people where information available,
2018,Census usually resident population aged 5 years and over,Total including disability status unknown,"Dwelling held in a family trust, mortgage payments made",District health board,Tairāwhiti,4,percentage,% of people where information available,
2018,Census usually resident population aged 5 years and over,Non-disabled,"Dwelling held in a family trust, mortgage payments made",District health board,Taranaki,6.9,percentage,% of people where information available,
2018,Census usually resident population aged 5 years and over,Disabled,"Dwelling held in a family trust, mortgage payments made",District health board,Taranaki,3.3,percentage,% of people where information available,
2018,Census usually resident population aged 5 years and over,Total including disability status unknown,"Dwelling held in a family trust, mortgage payments made",District health board,Taranaki,6.3,percentage,% of people where information available,
2018,Census usually resident population aged 5 years and over,Non-disabled,"Dwelling held in a family trust, mortgage payments made",District health board,Hawke's Bay,7.4,percentage,% of people where information available,
2018,Census usually resident population aged 5 years and over,Disabled,"Dwelling held in a family trust, mortgage payments made",District health board,Hawke's Bay,3.4,percentage,% of people where information available,
2018,Census usually resident population aged 5 years and over,Total including disability status unknown,"Dwelling held in a family trust, mortgage payments made",District health board,Hawke's Bay,6.7,percentage,% of people where information available,
2018,Census usually resident population aged 5 years and over,Non-disabled,"Dwelling held in a family trust, mortgage payments made",District health board,Whanganui,5.6,percentage,% of people where information available,
2018,Census usually resident population aged 5 years and over,Disabled,"Dwelling held in a family trust, mortgage payments made",District health board,Whanganui,2.7,percentage,% of people where information available,
2018,Census usually resident population aged 5 years and over,Total including disability status unknown,"Dwelling held in a family trust, mortgage payments made",District health board,Whanganui,5,percentage,% of people where information available,
2018,Census usually resident population aged 5 years and over,Non-disabled,"Dwelling held in a family trust, mortgage payments made",District health board,MidCentral,5.4,percentage,% of people where information available,
2018,Census usually resident population aged 5 years and over,Disabled,"Dwelling held in a family trust, mortgage payments made",District health board,MidCentral,3,percentage,% of people where information available,
2018,Census usually resident population aged 5 years and over,Total including disability status unknown,"Dwelling held in a family trust, mortgage payments made",District health board,MidCentral,5,percentage,% of people where information available,
2018,Census usually resident population aged 5 years and over,Non-disabled,"Dwelling held in a family trust, mortgage payments made",District health board,Hutt Valley,5.9,percentage,% of people where information available,
2018,Census usually resident population aged 5 years and over,Disabled,"Dwelling held in a family trust, mortgage payments made",District health board,Hutt Valley,3.5,percentage,% of people where information available,
2018,Census usually resident population aged 5 years and over,Total including disability status unknown,"Dwelling held in a family trust, mortgage payments made",District health board,Hutt Valley,5.5,percentage,% of people where information available,
2018,Census usually resident population aged 5 years and over,Non-disabled,"Dwelling held in a family trust, mortgage payments made",District health board,Capital and Coast,6.2,percentage,% of people where information available,
2018,Census usually resident population aged 5 years and over,Disabled,"Dwelling held in a family trust, mortgage payments made",District health board,Capital and Coast,3.9,percentage,% of people where information available,
2018,Census usually resident population aged 5 years and over,Total including disability status unknown,"Dwelling held in a family trust, mortgage payments made",District health board,Capital and Coast,5.9,percentage,% of people where information available,
2018,Census usually resident population aged 5 years and over,Non-disabled,"Dwelling held in a family trust, mortgage payments made",District health board,Wairarapa,5.5,percentage,% of people where information available,
2018,Census usually resident population aged 5 years and over,Disabled,"Dwelling held in a family trust, mortgage payments made",District health board,Wairarapa,2.4,percentage,% of people where information available,
2018,Census usually resident population aged 5 years and over,Total including disability status unknown,"Dwelling held in a family trust, mortgage payments made",District health board,Wairarapa,5.1,percentage,% of people where information available,
2018,Census usually resident population aged 5 years and over,Non-disabled,"Dwelling held in a family trust, mortgage payments made",District health board,Nelson Marlborough,5.4,percentage,% of people where information available,
2018,Census usually resident population aged 5 years and over,Disabled,"Dwelling held in a family trust, mortgage payments made",District health board,Nelson Marlborough,3.4,percentage,% of people where information available,
2018,Census usually resident population aged 5 years and over,Total including disability status unknown,"Dwelling held in a family trust, mortgage payments made",District health board,Nelson Marlborough,5.2,percentage,% of people where information available,
2018,Census usually resident population aged 5 years and over,Non-disabled,"Dwelling held in a family trust, mortgage payments made",District health board,West Coast,2.5,percentage,% of people where information available,
2018,Census usually resident population aged 5 years and over,Disabled,"Dwelling held in a family trust, mortgage payments made",District health board,West Coast,1,percentage,% of people where information available,
2018,Census usually resident population aged 5 years and over,Total including disability status unknown,"Dwelling held in a family trust, mortgage payments made",District health board,West Coast,2.3,percentage,% of people where information available,
2018,Census usually resident population aged 5 years and over,Non-disabled,"Dwelling held in a family trust, mortgage payments made",District health board,Canterbury,6.1,percentage,% of people where information available,
2018,Census usually resident population aged 5 years and over,Disabled,"Dwelling held in a family trust, mortgage payments made",District health board,Canterbury,3.5,percentage,% of people where information available,
2018,Census usually resident population aged 5 years and over,Total including disability status unknown,"Dwelling held in a family trust, mortgage payments made",District health board,Canterbury,5.7,percentage,% of people where information available,
2018,Census usually resident population aged 5 years and over,Non-disabled,"Dwelling held in a family trust, mortgage payments made",District health board,South Canterbury,4.6,percentage,% of people where information available,
2018,Census usually resident population aged 5 years and over,Disabled,"Dwelling held in a family trust, mortgage payments made",District health board,South Canterbury,2.9,percentage,% of people where information available,
2018,Census usually resident population aged 5 years and over,Total including disability status unknown,"Dwelling held in a family trust, mortgage payments made",District health board,South Canterbury,4.3,percentage,% of people where information available,
2018,Census usually resident population aged 5 years and over,Non-disabled,"Dwelling held in a family trust, mortgage payments made",District health board,Southern,7,percentage,% of people where information available,
2018,Census usually resident population aged 5 years and over,Disabled,"Dwelling held in a family trust, mortgage payments made",District health board,Southern,3.9,percentage,% of people where information available,
2018,Census usually resident population aged 5 years and over,Total including disability status unknown,"Dwelling held in a family trust, mortgage payments made",District health board,Southern,6.5,percentage,% of people where information available,
2018,Census usually resident population aged 5 years and over,Non-disabled,"Dwelling held in a family trust, mortgage payments made",District health board,Total,7,percentage,% of people where information available,
2018,Census usually resident population aged 5 years and over,Disabled,"Dwelling held in a family trust, mortgage payments made",District health board,Total,3.9,percentage,% of people where information available,
2018,Census usually resident population aged 5 years and over,Total including disability status unknown,"Dwelling held in a family trust, mortgage payments made",District health board,Total,6.5,percentage,% of people where information available,
2018,Census usually resident population aged 5 years and over,Non-disabled,"Dwelling held in a family trust, mortgage payments not made",District health board,Northland,6.9,percentage,% of people where information available,
2018,Census usually resident population aged 5 years and over,Disabled,"Dwelling held in a family trust, mortgage payments not made",District health board,Northland,6.9,percentage,% of people where information available,
2018,Census usually resident population aged 5 years and over,Total including disability status unknown,"Dwelling held in a family trust, mortgage payments not made",District health board,Northland,6.5,percentage,% of people where information available,
2018,Census usually resident population aged 5 years and over,Non-disabled,"Dwelling held in a family trust, mortgage payments not made",District health board,Waitematā,5.9,percentage,% of people where information available,
2018,Census usually resident population aged 5 years and over,Disabled,"Dwelling held in a family trust, mortgage payments not made",District health board,Waitematā,6.8,percentage,% of people where information available,
2018,Census usually resident population aged 5 years and over,Total including disability status unknown,"Dwelling held in a family trust, mortgage payments not made",District health board,Waitematā,5.7,percentage,% of people where information available,
2018,Census usually resident population aged 5 years and over,Non-disabled,"Dwelling held in a family trust, mortgage payments not made",District health board,Auckland,7,percentage,% of people where information available,
2018,Census usually resident population aged 5 years and over,Disabled,"Dwelling held in a family trust, mortgage payments not made",District health board,Auckland,6,percentage,% of people where information available,
2018,Census usually resident population aged 5 years and over,Total including disability status unknown,"Dwelling held in a family trust, mortgage payments not made",District health board,Auckland,6.5,percentage,% of people where information available,
2018,Census usually resident population aged 5 years and over,Non-disabled,"Dwelling held in a family trust, mortgage payments not made",District health board,Counties Manukau,4.2,percentage,% of people where information available,
2018,Census usually resident population aged 5 years and over,Disabled,"Dwelling held in a family trust, mortgage payments not made",District health board,Counties Manukau,4.4,percentage,% of people where information available,
2018,Census usually resident population aged 5 years and over,Total including disability status unknown,"Dwelling held in a family trust, mortgage payments not made",District health board,Counties Manukau,3.8,percentage,% of people where information available,
2018,Census usually resident population aged 5 years and over,Non-disabled,"Dwelling held in a family trust, mortgage payments not made",District health board,Waikato,5.5,percentage,% of people where information available,
2018,Census usually resident population aged 5 years and over,Disabled,"Dwelling held in a family trust, mortgage payments not made",District health board,Waikato,5.7,percentage,% of people where information available,
2018,Census usually resident population aged 5 years and over,Total including disability status unknown,"Dwelling held in a family trust, mortgage payments not made",District health board,Waikato,5.3,percentage,% of people where information available,
2018,Census usually resident population aged 5 years and over,Non-disabled,"Dwelling held in a family trust, mortgage payments not made",District health board,Lakes,6.1,percentage,% of people where information available,
2018,Census usually resident population aged 5 years and over,Disabled,"Dwelling held in a family trust, mortgage payments not made",District health board,Lakes,6.5,percentage,% of people where information available,
2018,Census usually resident population aged 5 years and over,Total including disability status unknown,"Dwelling held in a family trust, mortgage payments not made",District health board,Lakes,5.7,percentage,% of people where information available,
2018,Census usually resident population aged 5 years and over,Non-disabled,"Dwelling held in a family trust, mortgage payments not made",District health board,Bay of Plenty,8.5,percentage,% of people where information available,
2018,Census usually resident population aged 5 years and over,Disabled,"Dwelling held in a family trust, mortgage payments not made",District health board,Bay of Plenty,8.7,percentage,% of people where information available,
2018,Census usually resident population aged 5 years and over,Total including disability status unknown,"Dwelling held in a family trust, mortgage payments not made",District health board,Bay of Plenty,8.1,percentage,% of people where information available,
2018,Census usually resident population aged 5 years and over,Non-disabled,"Dwelling held in a family trust, mortgage payments not made",District health board,Tairāwhiti,4.9,percentage,% of people where information available,
2018,Census usually resident population aged 5 years and over,Disabled,"Dwelling held in a family trust, mortgage payments not made",District health board,Tairāwhiti,5.1,percentage,% of people where information available,
2018,Census usually resident population aged 5 years and over,Total including disability status unknown,"Dwelling held in a family trust, mortgage payments not made",District health board,Tairāwhiti,4.5,percentage,% of people where information available,
2018,Census usually resident population aged 5 years and over,Non-disabled,"Dwelling held in a family trust, mortgage payments not made",District health board,Taranaki,6.9,percentage,% of people where information available,
2018,Census usually resident population aged 5 years and over,Disabled,"Dwelling held in a family trust, mortgage payments not made",District health board,Taranaki,6.6,percentage,% of people where information available,
2018,Census usually resident population aged 5 years and over,Total including disability status unknown,"Dwelling held in a family trust, mortgage payments not made",District health board,Taranaki,6.6,percentage,% of people where information available,
2018,Census usually resident population aged 5 years and over,Non-disabled,"Dwelling held in a family trust, mortgage payments not made",District health board,Hawke's Bay,7.4,percentage,% of people where information available,
2018,Census usually resident population aged 5 years and over,Disabled,"Dwelling held in a family trust, mortgage payments not made",District health board,Hawke's Bay,7.3,percentage,% of people where information available,
2018,Census usually resident population aged 5 years and over,Total including disability status unknown,"Dwelling held in a family trust, mortgage payments not made",District health board,Hawke's Bay,7,percentage,% of people where information available,
2018,Census usually resident population aged 5 years and over,Non-disabled,"Dwelling held in a family trust, mortgage payments not made",District health board,Whanganui,6.4,percentage,% of people where information available,
2018,Census usually resident population aged 5 years and over,Disabled,"Dwelling held in a family trust, mortgage payments not made",District health board,Whanganui,7.3,percentage,% of people where information available,
2018,Census usually resident population aged 5 years and over,Total including disability status unknown,"Dwelling held in a family trust, mortgage payments not made",District health board,Whanganui,6,percentage,% of people where information available,
2018,Census usually resident population aged 5 years and over,Non-disabled,"Dwelling held in a family trust, mortgage payments not made",District health board,MidCentral,5.6,percentage,% of people where information available,
2018,Census usually resident population aged 5 years and over,Disabled,"Dwelling held in a family trust, mortgage payments not made",District health board,MidCentral,6.3,percentage,% of people where information available,
2018,Census usually resident population aged 5 years and over,Total including disability status unknown,"Dwelling held in a family trust, mortgage payments not made",District health board,MidCentral,5.4,percentage,% of people where information available,
2018,Census usually resident population aged 5 years and over,Non-disabled,"Dwelling held in a family trust, mortgage payments not made",District health board,Hutt Valley,5.4,percentage,% of people where information available,
2018,Census usually resident population aged 5 years and over,Disabled,"Dwelling held in a family trust, mortgage payments not made",District health board,Hutt Valley,5.8,percentage,% of people where information available,
2018,Census usually resident population aged 5 years and over,Total including disability status unknown,"Dwelling held in a family trust, mortgage payments not made",District health board,Hutt Valley,5.2,percentage,% of people where information available,
2018,Census usually resident population aged 5 years and over,Non-disabled,"Dwelling held in a family trust, mortgage payments not made",District health board,Capital and Coast,5.9,percentage,% of people where information available,
2018,Census usually resident population aged 5 years and over,Disabled,"Dwelling held in a family trust, mortgage payments not made",District health board,Capital and Coast,6.3,percentage,% of people where information available,
2018,Census usually resident population aged 5 years and over,Total including disability status unknown,"Dwelling held in a family trust, mortgage payments not made",District health board,Capital and Coast,5.7,percentage,% of people where information available,
2018,Census usually resident population aged 5 years and over,Non-disabled,"Dwelling held in a family trust, mortgage payments not made",District health board,Wairarapa,6.2,percentage,% of people where information available,
2018,Census usually resident population aged 5 years and over,Disabled,"Dwelling held in a family trust, mortgage payments not made",District health board,Wairarapa,5.4,percentage,% of people where information available,
2018,Census usually resident population aged 5 years and over,Total including disability status unknown,"Dwelling held in a family trust, mortgage payments not made",District health board,Wairarapa,5.9,percentage,% of people where information available,
2018,Census usually resident population aged 5 years and over,Non-disabled,"Dwelling held in a family trust, mortgage payments not made",District health board,Nelson Marlborough,7.5,percentage,% of people where information available,
2018,Census usually resident population aged 5 years and over,Disabled,"Dwelling held in a family trust, mortgage payments not made",District health board,Nelson Marlborough,8.9,percentage,% of people where information available,
2018,Census usually resident population aged 5 years and over,Total including disability status unknown,"Dwelling held in a family trust, mortgage payments not made",District health board,Nelson Marlborough,7.4,percentage,% of people where information available,
2018,Census usually resident population aged 5 years and over,Non-disabled,"Dwelling held in a family trust, mortgage payments not made",District health board,West Coast,4.4,percentage,% of people where information available,
2018,Census usually resident population aged 5 years and over,Disabled,"Dwelling held in a family trust, mortgage payments not made",District health board,West Coast,5.8,percentage,% of people where information available,
2018,Census usually resident population aged 5 years and over,Total including disability status unknown,"Dwelling held in a family trust, mortgage payments not made",District health board,West Coast,4.4,percentage,% of people where information available,
2018,Census usually resident population aged 5 years and over,Non-disabled,"Dwelling held in a family trust, mortgage payments not made",District health board,Canterbury,6,percentage,% of people where information available,
2018,Census usually resident population aged 5 years and over,Disabled,"Dwelling held in a family trust, mortgage payments not made",District health board,Canterbury,6.6,percentage,% of people where information available,
2018,Census usually resident population aged 5 years and over,Total including disability status unknown,"Dwelling held in a family trust, mortgage payments not made",District health board,Canterbury,5.9,percentage,% of people where information available,
2018,Census usually resident population aged 5 years and over,Non-disabled,"Dwelling held in a family trust, mortgage payments not made",District health board,South Canterbury,6.5,percentage,% of people where information available,
2018,Census usually resident population aged 5 years and over,Disabled,"Dwelling held in a family trust, mortgage payments not made",District health board,South Canterbury,7.4,percentage,% of people where information available,
2018,Census usually resident population aged 5 years and over,Total including disability status unknown,"Dwelling held in a family trust, mortgage payments not made",District health board,South Canterbury,6.4,percentage,% of people where information available,
2018,Census usually resident population aged 5 years and over,Non-disabled,"Dwelling held in a family trust, mortgage payments not made",District health board,Southern,7.5,percentage,% of people where information available,
2018,Census usually resident population aged 5 years and over,Disabled,"Dwelling held in a family trust, mortgage payments not made",District health board,Southern,8.9,percentage,% of people where information available,
2018,Census usually resident population aged 5 years and over,Total including disability status unknown,"Dwelling held in a family trust, mortgage payments not made",District health board,Southern,7.4,percentage,% of people where information available,
2018,Census usually resident population aged 5 years and over,Non-disabled,"Dwelling held in a family trust, mortgage payments not made",District health board,Total,6.2,percentage,% of people where information available,
2018,Census usually resident population aged 5 years and over,Disabled,"Dwelling held in a family trust, mortgage payments not made",District health board,Total,6.6,percentage,% of people where information available,
2018,Census usually resident population aged 5 years and over,Total including disability status unknown,"Dwelling held in a family trust, mortgage payments not made",District health board,Total,5.9,percentage,% of people where information available,
2018,Census usually resident population aged 5 years and over,Non-disabled,Total stated,District health board,Northland,100,percentage,% of people where information available,
2018,Census usually resident population aged 5 years and over,Disabled,Total stated,District health board,Northland,100,percentage,% of people where information available,
2018,Census usually resident population aged 5 years and over,Total including disability status unknown,Total stated,District health board,Northland,100,percentage,% of people where information available,
2018,Census usually resident population aged 5 years and over,Non-disabled,Total stated,District health board,Waitematā,100,percentage,% of people where information available,
2018,Census usually resident population aged 5 years and over,Disabled,Total stated,District health board,Waitematā,100,percentage,% of people where information available,
2018,Census usually resident population aged 5 years and over,Total including disability status unknown,Total stated,District health board,Waitematā,100,percentage,% of people where information available,
2018,Census usually resident population aged 5 years and over,Non-disabled,Total stated,District health board,Auckland,100,percentage,% of people where information available,
2018,Census usually resident population aged 5 years and over,Disabled,Total stated,District health board,Auckland,100,percentage,% of people where information available,
2018,Census usually resident population aged 5 years and over,Total including disability status unknown,Total stated,District health board,Auckland,100,percentage,% of people where information available,
2018,Census usually resident population aged 5 years and over,Non-disabled,Total stated,District health board,Counties Manukau,100,percentage,% of people where information available,
2018,Census usually resident population aged 5 years and over,Disabled,Total stated,District health board,Counties Manukau,100,percentage,% of people where information available,
2018,Census usually resident population aged 5 years and over,Total including disability status unknown,Total stated,District health board,Counties Manukau,100,percentage,% of people where information available,
2018,Census usually resident population aged 5 years and over,Non-disabled,Total stated,District health board,Waikato,100,percentage,% of people where information available,
2018,Census usually resident population aged 5 years and over,Disabled,Total stated,District health board,Waikato,100,percentage,% of people where information available,
2018,Census usually resident population aged 5 years and over,Total including disability status unknown,Total stated,District health board,Waikato,100,percentage,% of people where information available,
2018,Census usually resident population aged 5 years and over,Non-disabled,Total stated,District health board,Lakes,100,percentage,% of people where information available,
2018,Census usually resident population aged 5 years and over,Disabled,Total stated,District health board,Lakes,100,percentage,% of people where information available,
2018,Census usually resident population aged 5 years and over,Total including disability status unknown,Total stated,District health board,Lakes,100,percentage,% of people where information available,
2018,Census usually resident population aged 5 years and over,Non-disabled,Total stated,District health board,Bay of Plenty,100,percentage,% of people where information available,
2018,Census usually resident population aged 5 years and over,Disabled,Total stated,District health board,Bay of Plenty,100,percentage,% of people where information available,
2018,Census usually resident population aged 5 years and over,Total including disability status unknown,Total stated,District health board,Bay of Plenty,100,percentage,% of people where information available,
2018,Census usually resident population aged 5 years and over,Non-disabled,Total stated,District health board,Tairāwhiti,100,percentage,% of people where information available,
2018,Census usually resident population aged 5 years and over,Disabled,Total stated,District health board,Tairāwhiti,100,percentage,% of people where information available,
2018,Census usually resident population aged 5 years and over,Total including disability status unknown,Total stated,District health board,Tairāwhiti,100,percentage,% of people where information available,
2018,Census usually resident population aged 5 years and over,Non-disabled,Total stated,District health board,Taranaki,100,percentage,% of people where information available,
2018,Census usually resident population aged 5 years and over,Disabled,Total stated,District health board,Taranaki,100,percentage,% of people where information available,
2018,Census usually resident population aged 5 years and over,Total including disability status unknown,Total stated,District health board,Hawke's Bay,100,percentage,% of people where information available,
2018,Census usually resident population aged 5 years and over,Non-disabled,Total stated,District health board,Whanganui,100,percentage,% of people where information available,
2018,Census usually resident population aged 5 years and over,Disabled,Total stated,District health board,Whanganui,100,percentage,% of people where information available,
2018,Census usually resident population aged 5 years and over,Total including disability status unknown,Total stated,District health board,Whanganui,100,percentage,% of people where information available,
2018,Census usually resident population aged 5 years and over,Non-disabled,Total stated,District health board,MidCentral,100,percentage,% of people where information available,
2018,Census usually resident population aged 5 years and over,Disabled,Total stated,District health board,MidCentral,100,percentage,% of people where information available,
2018,Census usually resident population aged 5 years and over,Total including disability status unknown,Total stated,District health board,MidCentral,100,percentage,% of people where information available,
2018,Census usually resident population aged 5 years and over,Non-disabled,Total stated,District health board,Hutt Valley,100,percentage,% of people where information available,
2018,Census usually resident population aged 5 years and over,Disabled,Total stated,District health board,Hutt Valley,100,percentage,% of people where information available,
2018,Census usually resident population aged 5 years and over,Total including disability status unknown,Total stated,District health board,Hutt Valley,100,percentage,% of people where information available,
2018,Census usually resident population aged 5 years and over,Non-disabled,Total stated,District health board,Capital and Coast,100,percentage,% of people where information available,
2018,Census usually resident population aged 5 years and over,Disabled,Total stated,District health board,Capital and Coast,100,percentage,% of people where information available,
2018,Census usually resident population aged 5 years and over,Total including disability status unknown,Total stated,District health board,Capital and Coast,100,percentage,% of people where information available,
2018,Census usually resident population aged 5 years and over,Non-disabled,Total stated,District health board,Wairarapa,100,percentage,% of people where information available,
2018,Census usually resident population aged 5 years and over,Disabled,Total stated,District health board,Wairarapa,100,percentage,% of people where information available,
2018,Census usually resident population aged 5 years and over,Total including disability status unknown,Total stated,District health board,Wairarapa,100,percentage,% of people where information available,
2018,Census usually resident population aged 5 years and over,Non-disabled,Total stated,District health board,Nelson Marlborough,100,percentage,% of people where information available,
2018,Census usually resident population aged 5 years and over,Disabled,Total stated,District health board,Nelson Marlborough,100,percentage,% of people where information available,
2018,Census usually resident population aged 5 years and over,Total including disability status unknown,Total stated,District health board,Nelson Marlborough,100,percentage,% of people where information available,
2018,Census usually resident population aged 5 years and over,Non-disabled,Total stated,District health board,West Coast,100,percentage,% of people where information available,
2018,Census usually resident population aged 5 years and over,Disabled,Total stated,District health board,West Coast,100,percentage,% of people where information available,
2018,Census usually resident population aged 5 years and over,Total including disability status unknown,Total stated,District health board,West Coast,100,percentage,% of people where information available,
2018,Census usually resident population aged 5 years and over,Non-disabled,Total stated,District health board,Canterbury,100,percentage,% of people where information available,
2018,Census usually resident population aged 5 years and over,Disabled,Total stated,District health board,Canterbury,100,percentage,% of people where information available,
2018,Census usually resident population aged 5 years and over,Total including disability status unknown,Total stated,District health board,Canterbury,100,percentage,% of people where information available,
2018,Census usually resident population aged 5 years and over,Non-disabled,Total stated,District health board,South Canterbury,100,percentage,% of people where information available,
2018,Census usually resident population aged 5 years and over,Disabled,Total stated,District health board,South Canterbury,100,percentage,% of people where information available,
2018,Census usually resident population aged 5 years and over,Total including disability status unknown,Total stated,District health board,South Canterbury,100,percentage,% of people where information available,
2018,Census usually resident population aged 5 years and over,Non-disabled,Total stated,District health board,Southern,100,percentage,% of people where information available,
2018,Census usually resident population aged 5 years and over,Disabled,Total stated,District health board,Southern,100,percentage,% of people where information available,
2018,Census usually resident population aged 5 years and over,Total including disability status unknown,Total stated,District health board,Southern,100,percentage,% of people where information available,
2018,Census usually resident population aged 5 years and over,Non-disabled,Total stated,District health board,Total,100,percentage,% of people where information available,
2018,Census usually resident population aged 5 years and over,Disabled,Total stated,District health board,Total,100,percentage,% of people where information available,
2018,Census usually resident population aged 5 years and over,Total including disability status unknown,Total stated,District health board,Total,100,percentage,% of people where information available,
