Date,Addington,Akaroa,Aranui,Avondale,Avonhead,Avonside,Beckenham,Belfast,Bishopdale,Bromley,Broomfield,Bryndwr,Burnside,Burwood,Casebrook,Cashmere,Cass Bay,Charteris Bay,Christchurch Central,Clifton,Cracroft,Dallington,Diamond Harbour,Duvauchelle,Edgeware,Fendalton,Governors Bay,Halswell,Harewood,Heathcote Valley,Hei Hei,Hillmorton,Hillsborough,Hoon Hay,Hornby,Huntsbury,Ilam,Islington,Kainga,Kennedys Bush,Linwood,Little River,Lyttelton,Mairehau,Marshland,Merivale,Middleton,Moncks Bay,Mount Pleasant,New Brighton,North New Brighton,Northcote,Northwood,Opawa,Papanui,Parklands,Phillipstown,Redcliffs,Redwood,Riccarton,Richmond,Richmond Hill,Russley,Saint Albans,Saint Martins,Scarborough,Shirley,Sockburn,Somerfield,South New Brighton,Southshore,Spencerville,Spreydon,Strowan,Sumner,Sydenham,Takamatua,Templeton,Upper Riccarton,Waimairi Beach,Wainoni,Wainui,Waltham,Westmorland,Wigram
1/01/2000,119200,255600,101700,151000,223300,126000,187300,160100,164400,123100,172600,174300,224300,174900,201000,293500,,251700,186500,325800,,151900,189000,,126900,368100,,219700,261100,185700,139600,162400,200200,152200,140600,302200,245500,130500,,,118600,,181700,143400,,314900,,287300,294400,131700,132700,129800,,193900,169200,199200,100600,304700,170300,184200,139000,,183800,192700,180800,,163000,155500,164200,142400,185900,,139900,258600,238300,121600,,178000,168300,250800,123100,136300,113700,320000,
1/02/2000,120400,264500,103200,151000,225400,125300,185500,158200,164200,121600,173000,173900,225000,175500,202200,301500,,,185000,330200,,151000,183000,,126100,371000,264400,222100,264200,189500,139700,163200,197000,153400,140600,307800,245500,128300,,,116800,,178200,141900,,312800,,288500,294800,130200,130900,131100,,196300,169200,200800,99800,310100,167300,182500,137300,,185000,191500,180500,,166300,155200,163400,139800,179600,,140300,258900,239200,123100,,176100,168300,256700,122900,136000,113700,333800,
1/04/2000,118000,251900,100800,150000,220600,122500,185200,156100,166300,123100,174700,172700,224200,175600,203400,298600,,239500,182900,325600,,147100,185800,,125000,361300,271300,223700,258900,188800,141400,163000,188400,151700,141400,303000,240600,126500,,,115700,,176300,138700,,310300,,285600,290500,129600,134400,129300,,194000,167600,200700,99400,310700,168700,182000,134300,,181800,190000,176100,,163400,156100,160200,140000,181900,,139700,260200,236800,121500,,180500,167400,254100,120700,134600,112300,330400,
1/06/2000,116500,255900,98500,148600,220400,123700,183600,153700,166200,123200,173200,170500,220600,173000,199500,290500,,232600,183700,326300,,147200,187500,,123900,345600,254300,219400,255300,184100,139400,163600,189800,151900,141100,299900,238600,125800,,,114400,,169400,136800,,305200,,280800,292000,128300,129300,128500,,190000,167200,198300,99400,305500,166700,179500,133200,,181200,190500,172700,,162200,154900,160100,141600,189500,,139100,260300,235300,119600,,175500,165500,251100,119700,137800,110600,322500,
1/08/2000,115600,252800,95900,144700,217000,123700,180400,156100,160400,122500,173900,170800,217700,172000,199100,288200,,222900,178700,319900,,147700,186300,,123400,361300,245800,219800,258600,184300,137400,157500,187800,148900,140700,295800,233900,126200,,,113600,,169300,138500,,309700,,285200,281700,127700,131500,128100,,188600,166800,197800,97900,300300,164800,177800,132700,,179400,190200,169800,,164600,152200,158000,138900,184800,,136900,263900,234000,116700,,180000,162600,252000,120200,,107800,321900,
1/10/2000,116000,252600,98400,145700,215600,124300,184000,156400,159900,120500,167700,170000,217000,168900,198400,278600,,224300,178600,323300,,145300,183400,,120700,368200,245900,220000,257300,184700,136100,154300,184600,144500,139400,298200,231900,122400,,,112000,,169300,135000,,306600,,278600,287000,128700,132300,124900,,191800,164400,194200,94300,308400,166700,176500,132900,,178200,187400,167200,,163100,151100,159400,139300,183200,,135600,266000,236600,117800,,179000,162300,246900,118500,,107500,307500,
1/12/2000,114600,244100,99500,143800,211800,120500,185200,155100,158900,116400,168400,166700,218300,169400,196100,279100,,225000,176700,313900,,143900,182800,,119300,367000,243700,218000,252400,180800,135700,154200,184300,143000,136500,297100,231600,121800,,,112000,,169000,135200,,305300,,,286700,128200,130000,124500,296100,190200,162100,197600,95700,303800,163900,177400,132000,,173200,186100,167400,,162900,149200,153900,138300,183500,,135400,266100,234500,116400,,179400,159800,252900,117700,184300,107100,310900,
1/01/2001,113200,239700,99200,145600,214100,121300,182100,156000,159800,115300,168400,166600,217900,169800,198000,279700,,223900,176400,313700,,145200,182000,,119700,367800,235200,215700,253700,180200,136400,151600,182400,143000,137200,295300,232500,121600,,,111900,,167700,134200,,312300,,277700,286300,127400,127900,124700,289600,187200,162400,199000,95300,304000,162600,179100,133000,,175100,186900,167900,,163400,147800,152800,137500,183600,,134700,264600,231900,116500,,180300,160300,254200,116900,,107400,311200,
1/02/2001,115300,233100,98500,144500,214600,119200,183600,155100,159400,116000,165400,164900,218400,172200,197400,282300,,221500,180000,318800,,145500,178000,,120300,376200,228000,215400,254100,181200,134300,148600,183400,142800,135600,297300,232400,122500,,,111300,,169200,134600,,314200,,280200,288800,127600,127700,124500,280100,188000,160800,198500,94600,306000,161100,178000,131300,,175700,187000,167800,,163000,147300,153100,139600,182100,,132500,260400,233500,116200,,180900,160500,254900,115900,,108000,316000,
1/03/2001,115300,234200,98500,144500,215100,117200,183900,155000,156800,116500,165300,165800,218500,171600,194800,279600,,220000,181300,325100,,145900,179900,,120400,384700,236100,217600,255800,184000,133600,149700,180400,143000,134800,294500,233500,122100,,,109100,,174100,135700,,320900,,281200,290600,126600,128100,123900,282000,190300,161300,196400,92900,307500,161900,179200,128900,,175300,188100,164300,,161400,148900,154100,139800,182800,,133700,261600,232300,117000,,180200,161300,247600,112200,,107700,311500,
1/04/2001,113700,230200,97300,143500,214900,115000,185600,154800,156300,118100,164400,163700,218500,171200,195000,279600,,220600,180800,321700,,143900,181900,,118800,383300,233300,215100,255000,183700,134700,152900,183300,143600,136100,297600,235600,120400,,,108400,,167400,135800,,320700,,282400,290000,125100,128100,122200,278900,189000,159100,196600,93600,308200,163400,178400,126100,,174600,187800,167400,,159100,148800,154400,136700,180200,,133500,258200,233500,115900,,180400,160400,247000,109700,,107000,313000,
1/05/2001,113900,227700,97000,144200,213400,117100,184200,153400,155600,117200,164600,164200,217000,171600,194900,278500,,220100,181000,338000,,145300,183800,,118300,388200,232600,217600,255300,182100,135100,155600,182100,145100,136500,299200,233900,120700,,,108900,,167200,134700,,321100,,280400,290000,124900,127400,123200,275700,188200,159000,196700,94200,313000,164100,178900,127300,,174500,186000,166400,466200,158900,149800,154000,135800,178900,,134300,256500,232000,115900,,177400,160500,247200,113000,141300,107200,308300,
1/06/2001,114000,227400,95400,143400,212100,116900,184900,152800,155900,118100,163700,164300,216300,171100,194900,281900,,223900,178800,338300,,144700,186100,,119000,386300,241900,216200,251000,179800,132300,158100,182700,145700,136800,299400,232100,120000,,,109300,,166300,134200,,322400,,280300,291100,124500,128300,124800,275200,190400,160500,197000,94900,314400,163700,177500,126700,,174400,185800,167500,,158800,149400,153100,136300,180800,,134400,252400,232200,116700,,177100,160200,250800,113000,140900,107500,310900,
1/07/2001,114900,226500,94600,143000,211800,116000,188900,153200,156400,117600,166000,164100,216600,170400,197800,285700,,221600,176300,328800,,143900,183200,,118700,377300,250100,216600,251900,176200,132900,153700,181400,145000,136600,293600,232100,120200,,,110500,,166600,134300,,318800,,282500,289000,124500,129800,124400,274400,191200,160500,194800,94700,313100,164000,178100,126900,,173100,186000,165900,,158900,149600,152400,135600,181000,,133600,251800,228800,116900,,176800,159400,252100,113300,142500,108300,321600,
1/08/2001,114000,229000,95200,143700,210800,116700,186400,153700,156500,116500,165800,163800,216600,169900,198700,282700,,227600,175000,338300,,143900,185000,,118400,381100,253000,213600,250000,176400,129400,155100,181800,143300,134600,290400,231500,119400,,,111300,,167800,133900,,320200,,283400,290500,123100,129200,124400,275700,189100,161400,194000,95000,309500,163500,177200,127900,,172000,184900,166000,467600,157800,150500,153700,134400,179100,,133900,250500,228300,115400,,175900,159100,247100,113700,138000,107900,319100,
1/09/2001,114500,236400,94800,143700,212100,116300,189300,152900,157300,114700,166200,164900,218100,169600,197600,284100,,226200,173300,336300,,142800,180000,,118000,385100,252100,213600,250400,173800,131100,154200,182400,142500,134600,296500,232700,119900,,,110500,,166600,133900,,320900,,285300,288700,122600,128800,124300,,188300,159500,194200,94600,313200,162900,178700,127000,,173300,184900,166700,,157200,151100,152300,133700,182600,,132000,251800,227400,115200,,174300,159900,246200,112400,138300,107400,317400,
1/10/2001,114600,237600,96900,144800,212200,116800,189600,153000,157100,113600,165800,165700,219600,171000,194700,285300,,227000,174600,349700,,142600,174400,,117400,384500,256400,214000,258000,177200,132500,154700,185300,143400,133800,300800,233600,120600,,,109900,,167200,133800,,320500,,285200,288300,122500,127500,123400,306400,189000,159700,195600,93000,313100,163100,176900,126900,,173800,185400,168900,474800,158400,150900,153200,134500,182400,,133100,253100,228000,115100,,173600,159000,249500,113400,138000,106400,319500,
1/11/2001,116400,242400,96000,145200,213100,116600,187800,153700,158100,112600,164000,165100,222300,172500,196600,287900,,235500,171800,352900,,143600,176200,,118100,387300,263300,213500,255000,179800,134000,156800,187500,144100,134800,298000,236800,121000,,,109500,,166800,133900,,325200,,290400,289800,123400,128400,121200,313500,190900,157900,197300,92300,314200,163700,177700,127900,,175300,186000,169300,,159500,150300,153900,135000,184800,,134300,253700,232100,116400,,173100,160500,250600,113000,140600,106700,315200,
1/12/2001,116800,245500,96900,143000,213300,117700,187400,153800,158500,113400,163300,166800,221500,173000,195300,290100,,238900,173700,356900,,140800,178900,,118600,391200,260600,213000,255300,183500,132500,157300,186800,144700,136000,301000,237200,122000,,,108500,,168200,132700,,326700,,295600,290500,123500,128700,124500,319300,192800,160000,199800,90800,315300,163100,178500,127400,,175100,186100,168700,,159900,152900,155200,134600,183300,,135100,259500,236900,118400,,173700,160500,256600,112100,139600,106500,312600,
1/01/2002,116700,250400,94400,144700,214700,120100,184600,154000,158700,112700,161600,166300,219500,173500,195200,283900,,240500,173400,355300,,142200,180000,,119800,404100,263500,213000,254200,182000,133700,158900,185100,144500,136000,303400,233900,120800,,,107800,,171200,133600,,334500,,296000,294700,123400,130500,124600,320800,189200,163700,198300,91100,312800,163800,181700,127900,,177200,188100,168300,,161300,152900,154500,134700,184600,,134400,261300,238600,117500,,174700,161500,258500,113000,140900,106200,301300,
1/02/2002,116800,251800,95100,143700,214000,116700,185200,156100,158300,111900,163300,166500,218300,171000,196100,285000,,238900,176500,339700,,140300,180200,,118700,400600,262800,213700,263200,185500,135000,156700,185700,143500,135700,297800,232700,120300,,,108100,,171900,134600,,329200,,,298800,123300,129400,123600,,189500,164300,199000,91900,314500,163900,182600,127700,,177700,189600,170000,,161100,153200,154100,134900,184100,,132900,264200,240700,118400,,177600,160300,257900,111500,,108100,307900,
1/03/2002,114400,247500,94000,143800,214500,120000,187200,152700,158400,114100,164100,167500,218900,171100,196900,287900,,237800,171900,345400,,142200,180900,,121100,411600,259100,216800,263600,184900,135200,156000,187600,144400,136100,297500,233400,119800,,,108000,,172500,136100,,335300,,299200,298900,122500,130100,122600,272800,191400,164800,196300,91700,316400,165500,184600,128500,,176900,190800,170000,,162800,152400,154100,133900,182000,,134400,260700,240400,117100,,176900,160600,255700,113600,,106000,317300,
1/04/2002,115000,250100,95800,146500,219400,117800,189000,150900,159100,110800,163400,168200,222000,172600,197100,287100,,238800,173600,347400,,142400,179900,,120000,408000,259200,218300,269100,182900,135400,153100,187600,143200,136500,302600,238200,119500,,,108200,,173100,136700,,333800,,302200,299600,122400,130200,124100,277200,193700,165400,198100,92200,319100,166200,187400,126600,,178900,191800,169900,,162000,152400,154400,134000,181100,,135500,260200,242100,118800,,176900,162500,253900,113500,,106800,319100,
1/05/2002,114200,254500,94900,144200,221000,119500,190100,151300,160100,112200,162900,168700,223500,173100,198500,288900,,235200,178000,350900,,142400,177800,,121100,415900,255300,216400,270800,184500,136400,151700,186300,142600,138000,300900,239800,121600,,,109000,,172800,135600,,336800,,,303600,123100,129500,126000,325000,196900,166200,199500,92100,322200,167500,188100,127600,,178200,192600,168700,,161900,154500,154800,131900,179700,,136800,259100,245000,119000,,177100,164200,253600,114500,,107400,315100,
1/06/2002,115400,255200,95600,145200,224600,119200,188600,150700,160100,110300,164600,167900,225900,171400,198900,292400,,,180800,353000,,144200,177500,,121400,412300,255100,216700,271800,187000,136400,149300,189400,141600,138900,303400,242700,122200,,,108900,,175000,136400,,340800,,293700,303500,124300,128900,123900,285900,196000,164700,199300,91600,317700,169700,191200,128400,,180500,195900,169700,,163200,154100,155600,136000,179300,,136800,262400,246000,119800,,174700,165500,252700,116000,151600,106700,318700,
1/07/2002,117600,253600,97400,145400,223900,,182200,151400,160300,113300,164900,168900,226500,173200,201300,292900,,,181600,349900,,144700,176200,,122100,426700,254500,220800,267700,190400,137100,150400,190000,144000,140800,308300,243800,122500,,,109100,,176400,135300,,342100,,,303100,125800,128500,124500,291300,195300,164700,199000,91400,315100,171500,192100,130000,,181000,195100,171800,,164300,153300,154800,137000,181900,,135100,262000,250100,119500,,175100,165100,252500,113900,,109000,324800,
1/08/2002,118300,253900,98800,147600,226300,117200,181100,154700,162900,112100,171000,170100,229300,174000,203100,294200,,,183800,360400,,144200,178100,,124800,429000,256000,220100,272900,189900,138500,154900,189500,145400,142000,310000,247300,123100,,,108800,,178900,137800,,344000,,296300,300700,127200,130400,124600,293800,193000,165800,201500,92900,313100,172600,194200,129800,,183300,197400,171700,,165900,154400,155200,139700,187600,,135500,261900,249600,118400,,176800,166600,255900,113300,161300,108400,328000,
1/09/2002,119500,261900,99600,149200,226900,119500,182300,155800,163800,115500,171000,171900,230300,176700,205600,295600,,,185200,359800,,145500,178500,,125700,426600,253100,220100,274400,185400,139000,156700,188100,145800,141100,310300,248000,123200,,,109400,,179100,138900,,345600,,298300,300400,126100,129900,126000,351300,192300,167000,203800,94100,315200,171600,193200,131400,,182200,197800,171400,,167400,154800,155400,139700,187300,,135100,261700,248200,120600,,177500,168600,260800,114800,,110300,327400,
1/10/2002,121100,266100,97300,149800,232400,122500,191400,159700,164800,116200,171200,175600,234800,177200,205800,299100,,,188000,373500,,147700,179800,,128500,429300,248900,223300,275800,185800,136900,157500,189500,147500,142200,311100,252300,122700,,,112000,,179000,141800,,347500,,304300,305200,127500,132200,128500,365000,195900,170700,207000,96300,324500,173700,192300,135900,,186900,201600,173100,,168600,155700,159800,140900,185800,,137300,262400,250700,122400,,180200,170600,264200,114400,162800,111400,326200,
1/11/2002,121500,270500,95500,150800,232800,124900,192900,160700,167300,117400,172700,178100,235000,179200,208100,302300,,240300,190400,373700,,150300,178600,,129700,439900,251400,229800,278100,188100,138600,160000,194000,150100,144100,314600,253300,126600,,,111100,,177000,142100,,354600,,307000,308500,127100,135200,131400,356800,200200,170800,207800,95400,327800,174500,195600,135600,,186700,200700,176200,,169100,161200,160900,142400,186000,,138200,266600,251900,123700,,181200,173600,264000,116400,160800,111700,328100,
1/12/2002,121300,267900,98500,152300,236400,124600,193800,165000,168300,119600,176300,181900,241500,180900,212000,312500,,249800,195600,368400,,152400,182000,,131500,447500,257700,231000,285200,190700,140400,161500,199200,151100,145500,314700,260300,127500,,,113600,,176600,145100,,359700,,311800,318300,129800,135600,134800,359600,197700,176100,209100,98200,336900,177200,198700,136900,,192000,204100,179400,,170100,162300,164600,143000,186300,,140900,278200,260200,123400,,183400,177200,264000,118100,163400,111100,329700,
1/01/2003,119700,273300,99200,153900,236600,126100,192600,164800,169300,120100,178700,183200,245300,182300,215400,312300,,250900,198300,371900,,151900,182000,,132000,454400,259300,233800,290000,193900,142100,164100,202000,153500,145300,316000,262400,128100,,,114600,,180200,145400,,368100,,315000,324000,131100,136400,135700,355800,198200,177200,206800,99300,338500,177700,201500,137700,,192500,207500,182600,,171000,163500,164400,145600,191800,220800,141600,281300,267300,122100,,181900,176100,263700,117900,163800,111000,333000,
1/02/2003,122500,279800,100700,155900,242100,130200,199300,166800,171100,120400,177400,185600,248700,183800,217300,312900,,259700,200500,375100,,155400,187900,,136000,453400,268600,237000,293700,196400,140700,171000,202600,154700,146100,319800,266200,126600,,,117500,,181300,148900,,373500,,323100,324600,134200,136100,140000,356100,200400,180600,208700,102300,343300,178300,203300,140700,,196900,214500,183400,,172100,164500,167500,148800,192800,221600,143800,298300,272600,126400,,182500,179800,269900,117200,165600,114400,336100,
1/03/2003,125000,287800,100700,157300,240900,133100,205000,166700,176900,119900,180100,188100,249700,184500,218900,314900,,269800,201800,375700,,155300,193200,,137300,464900,271100,238800,296600,194600,143800,174900,202900,158800,148200,320500,267900,129100,,,120500,,184900,148400,,380900,,332700,327000,134800,138600,145600,354900,201200,181900,210300,103700,349200,179800,206700,143400,,197500,215800,181900,,172700,168200,169200,151300,194900,224400,145300,303800,276400,127800,,182900,180200,270800,120000,165700,117500,336400,
1/04/2003,128600,288900,103200,157500,245400,131500,209000,168100,178000,125800,181800,192300,253300,187300,220100,324000,,275300,204200,,,161100,195000,,137700,464200,286100,240100,298100,198400,146500,175600,204400,158700,151200,322800,272000,132200,,,122500,,185400,149500,,382700,,343500,328200,139300,143100,146300,354600,208200,186300,215200,106200,359300,180500,209000,144800,,203200,217700,187500,,174700,171600,172500,154000,198100,231000,148800,307600,279600,132100,,184400,184200,277000,119300,168200,120900,346200,
1/05/2003,130700,291700,108300,160600,247600,134000,215100,169900,180900,127900,181900,192300,258600,188900,223800,330400,,275600,209200,393100,,163500,195300,,140600,471200,288600,241600,304400,202100,146000,176900,208400,161100,153200,325800,275500,134200,,,123800,,187600,154100,,388800,,341600,338100,141700,146400,145600,363600,211900,189000,219300,108400,369300,182200,211900,147500,,202700,220200,189500,,177500,172100,174800,155200,197600,234700,152600,316400,281100,134100,,186900,187900,278900,120700,169900,123100,349200,
1/06/2003,133900,291200,110000,160700,250300,136700,216700,170700,182100,129500,183100,196000,261400,193300,224200,336600,,273100,210200,392200,,165000,198300,,139300,469600,292300,242800,305000,199200,147800,176700,212600,163100,154300,336400,277000,137200,,,124600,,187400,156900,,391200,,,339800,142200,147800,146900,367900,218900,191700,221500,109800,371600,184400,211700,149500,,207300,221900,196100,,180300,174000,178200,157800,202700,239200,154300,318700,285600,136800,,189000,188900,280000,123000,171300,124700,353700,
1/07/2003,134900,301600,112500,164100,250700,140700,214500,174200,183400,128900,185000,201000,265600,198300,226300,336100,,274000,217500,401500,,167800,198400,,142500,475300,294600,248100,308800,206700,150500,180200,217400,166100,155300,341600,281400,138200,,,126000,,188800,159800,,394200,,353500,355300,144700,149100,149300,324300,221000,196500,228800,111900,390100,186300,218500,152700,,207600,226900,201400,,187100,175200,179000,163600,206200,241100,157300,321100,298400,137600,,194300,191600,293100,127100,,126600,361500,
1/08/2003,134200,307300,112500,164300,257500,143300,219000,177700,188600,129600,187000,205200,271200,203400,231900,352800,,280200,221100,418800,,173200,199900,,147900,482100,294200,253000,309400,214000,155300,183300,219400,167500,158900,349400,284000,139700,,,128700,,198400,161900,,397900,,,363300,146300,150200,149900,364600,222200,199600,232400,113200,398500,188600,220400,154900,,212100,229500,201000,,192400,176300,181300,165300,208800,251600,159400,323500,304400,139000,,197300,193900,295400,130700,,128000,372800,
1/09/2003,139700,319300,117000,168600,261900,147900,225200,180400,193800,133000,189500,211100,273500,205400,236800,355400,,273300,225600,436600,,177500,199500,,154000,500900,298300,256500,315100,221400,158000,185900,218500,173300,163300,348800,289400,140900,,,133000,,202400,163400,,416600,,,375900,153800,155300,152000,382000,228600,206400,234900,116800,410600,193800,229100,156400,,217700,237800,199700,,194800,180900,187100,171800,212500,254000,163900,324200,311000,143700,,199800,196900,302000,136200,,132100,375700,
1/10/2003,143800,321800,120500,175000,268900,152100,235500,185100,198100,134100,195400,215300,279200,211500,239700,363900,,,230000,444100,,182800,206200,,157400,509500,308600,261200,324400,228800,162100,190100,226000,177100,168300,355300,299000,143700,,,135800,,207800,168100,,434000,,,382700,158600,160400,156700,354100,235700,209700,237700,119200,416200,198600,233700,159700,,221800,246500,213000,,200000,188500,195100,172900,215700,263300,169900,332800,314700,147200,,205500,202900,307100,142200,178100,135800,383200,
1/11/2003,147800,331400,128300,184400,274300,158600,239400,190100,205300,137500,201100,225300,286400,217900,246800,370000,,,230300,465100,,186900,216600,,160400,528400,340300,267900,331200,231800,171900,195400,230800,185100,173300,357700,308000,150000,,,141000,,213000,170300,,448000,,,395400,166800,167700,160400,360900,238000,217000,242400,124300,434000,203300,240800,168000,,229600,254100,216900,,203800,195000,197400,177900,225000,262200,172500,343200,325900,151800,,210300,207400,321100,146900,199500,139200,386500,
1/12/2003,152500,337400,129300,186900,281600,159700,249400,195300,209700,141500,207800,227900,294600,221700,252400,376300,,,231700,476700,,190900,219800,,165300,540100,335200,277300,338900,241800,176100,202200,241100,188000,175700,371600,314000,155200,,,143700,,220500,177400,,458600,,416000,401700,171100,172400,165100,370200,247800,219500,249100,125500,448600,208400,247100,170700,,232000,261500,226100,,208500,196900,202400,181900,227500,267000,177800,351300,333500,156200,,216200,212300,325700,148500,204300,142600,389400,
1/01/2004,156000,351100,131400,187300,288100,160700,256100,197500,213400,144800,212600,232100,299800,221700,254600,388300,,,234100,482900,,195500,237700,,167600,558700,333800,279800,336400,245100,180100,199400,243600,188900,180800,382300,320100,157700,,,144100,,221800,181600,,468700,,,414000,174200,173900,168600,361700,256400,225000,248800,127500,450900,209400,252300,170900,,238900,267700,226200,,208800,200000,205800,185100,229600,271200,179700,356300,342100,158900,,219100,214900,320700,152200,209000,143300,406700,
1/02/2004,158200,361500,134100,190600,290500,164500,260500,201100,217900,147700,215400,232800,306800,228800,255900,395900,,,239200,484200,,198600,242900,,175500,572200,342300,285800,344700,252400,181200,204900,257100,194200,183000,394900,322100,161100,,,146400,,224300,189200,,476700,,414100,417600,179700,178500,171700,371800,260900,226500,254900,128900,451000,212700,256100,173700,,241400,275100,240200,,217600,204600,212800,193600,235900,279600,183600,359100,346500,161300,,225100,220600,327500,153200,,146200,410400,
1/03/2004,161400,379000,137500,195500,291900,169900,267700,205200,224000,150100,217600,239900,312800,235400,260600,404900,,,244900,483200,,203600,248800,,180900,585700,342200,290300,346000,259600,185500,208300,259500,195100,187600,392900,326000,164700,,,152700,,237500,195200,,478300,,,426400,185700,183700,172600,379500,270000,232800,262500,133900,460800,221100,260500,182700,,244100,279000,239400,,223000,211600,215900,203200,254100,282700,185900,371300,354100,165300,,229000,224600,336100,156900,,152100,420900,
1/04/2004,165600,383900,142900,200200,295800,177800,269000,208100,227800,152000,222400,243100,317500,241400,265500,403900,,,250200,492100,,203300,263000,,185000,581300,357200,298800,354600,263000,188400,215800,259200,202700,188700,390800,332300,166300,,,157900,,246200,198500,,483600,,,430800,189500,187100,176700,383200,274300,234900,268800,139200,463500,225100,258900,186800,,246000,283200,242500,,227300,216000,220200,208100,258000,294900,190500,374200,357200,169900,,232000,225900,347700,160100,,156400,419700,
1/05/2004,171200,398100,144800,205400,301300,179700,275700,213400,231400,156200,224700,246900,322600,241700,268600,401000,,,255500,498700,,209400,268400,,186000,584500,358700,302800,357900,264400,191900,219700,264200,205600,191600,391600,337300,170300,,,159800,,252200,201000,,485500,,432200,426800,191100,189800,179200,384400,282500,237400,273100,141200,464900,231200,264500,186400,,249400,284300,246100,,231000,219500,224500,209400,261800,294300,193000,378400,360000,172800,,238300,232500,362800,168300,,159900,412000,
1/06/2004,170600,393100,145600,207800,308000,183100,270100,214700,236500,160200,229900,250300,327700,244400,275600,406600,,,260400,501800,,211500,277000,,186100,586400,363200,305000,361100,270800,195600,220400,269800,209200,197800,393700,340800,177600,,,163800,,256500,204500,,490500,,441100,434200,196800,195200,186300,397100,281500,240200,277900,145700,474900,235100,266700,189800,,255200,290400,249100,732600,232400,220700,228800,215000,269300,297400,197700,388100,368400,175200,,239300,236100,365500,169600,242400,164200,420800,
1/07/2004,174500,397400,145700,211200,308900,184100,279400,217100,237700,165000,233500,256100,328800,248000,276100,409300,,368300,259000,508100,,214500,281800,,187600,592700,373400,308300,366000,272300,195200,224000,275100,212800,200400,397800,342900,178000,,,166300,,262500,206300,,497000,,445500,435600,199400,198000,186500,398800,280400,244100,282100,147000,476100,239100,271900,190400,,258200,290200,255300,722600,238100,223900,230500,219600,275400,307000,203200,390700,371300,178500,,238800,237800,372400,169900,241900,165600,422400,
1/08/2004,175900,407100,148000,213000,314700,186700,278300,220000,238900,166800,235400,259800,331200,250700,281400,417000,,380900,264000,543200,,221200,286600,,191900,598000,392500,310400,369000,272900,196700,232800,274700,213700,202700,401900,346300,181700,,,168600,,261500,209000,,503900,,460800,445400,202400,204000,188200,394800,281200,249400,284900,148500,483900,241600,274600,195900,,258400,294700,255800,745800,241300,223000,232500,221700,283100,304400,203200,397800,377000,179300,,241400,238600,367900,172800,242400,165800,430800,
1/09/2004,177900,411400,149600,221700,315600,187600,281800,223500,241100,166300,236200,261600,332700,255300,282900,417000,,381100,262500,557100,,223600,291900,276300,194100,602400,397000,314200,376000,272400,194100,238500,279200,217400,201800,420600,348400,181100,,,169000,,268900,212800,,512800,,465300,440900,204900,204800,190100,392500,286800,250800,290200,149900,483700,241700,277500,197700,,260100,296800,258000,756900,244200,226000,235500,224900,292400,304300,205100,402000,375600,183100,,242700,240400,372000,173300,246300,169900,429600,
1/10/2004,183100,410600,152800,224000,319900,190000,282800,228600,243800,170400,239300,264600,332000,256200,285800,420200,,387500,264100,564200,,225000,297700,283300,195200,613400,411800,317800,383700,273300,197900,240200,282300,220500,208200,422400,352600,183200,,,171200,,273700,219500,,515200,,479800,449500,206000,208500,193500,398200,292400,251500,292200,153400,500900,246900,282800,202900,,262400,299100,259500,764500,247300,228800,238500,227600,294900,308400,210000,404700,385200,188800,,247100,243900,375600,175000,250100,174600,431400,
1/11/2004,185300,425700,155800,226900,320700,192600,284700,232200,246500,175800,241200,270300,336000,260100,287900,425600,,396500,264500,569700,,229000,302200,290500,195600,616400,415700,321900,388200,276700,202200,241200,289500,223500,210600,425100,353700,187600,,,174200,,278200,220800,,514400,,486600,462300,208000,211900,195700,400300,296000,254100,294900,156300,504100,251100,283500,204300,,266600,301900,262600,765100,250200,234700,239400,229700,299200,305200,212000,421300,393800,190400,,253900,246700,386200,177200,252100,177200,437000,
1/12/2004,186700,440800,159900,228500,325200,194400,285500,236000,248400,182000,239600,271500,336300,264500,291800,439000,,403200,268500,564900,,231200,307200,291300,197800,628000,421600,324500,390600,271900,204300,244000,298900,225600,214400,440200,357100,190600,,,177600,,291400,222500,,532200,,490100,467200,211600,213900,195500,407800,297800,259100,298900,158100,514300,252600,287300,208200,,273000,310900,271600,769100,251300,236000,242500,234300,300000,317800,215500,430200,397600,191500,,256700,250400,389800,178500,255600,177700,448500,
1/01/2005,189900,446600,162800,231100,329500,198200,291400,240600,248700,182200,241600,270900,340500,269200,292900,448900,,412800,272000,568100,,237700,313300,306800,201400,644700,428400,328500,396100,286800,208100,245700,302000,225800,216600,444400,363600,191300,,,180300,,295400,230100,,537000,,487800,465600,214600,214100,197200,411400,300500,261200,302600,159200,512900,256200,290900,211600,,276400,317100,276500,770800,258800,237700,244100,237900,308000,316600,216000,431700,395200,193600,,262700,255700,395900,182100,276500,180100,461000,
1/02/2005,195400,449500,164900,233600,335200,199900,291700,241600,254900,186200,246000,272800,346600,274300,299200,444700,,408900,272500,564800,,243500,317300,314300,210200,642800,430400,331200,403000,291900,212800,251300,305400,232100,217300,455700,369600,192900,,,184100,,299100,236400,,539600,,486500,467500,218300,219300,201500,410300,300400,269000,308400,163300,515800,261500,294600,214400,,281700,320400,280300,776300,262000,241000,252600,239700,315200,320600,220100,430000,403200,195900,,266600,259400,394000,184400,286300,184500,459100,
1/03/2005,202600,457100,168500,237000,341400,202900,305500,245700,260500,188100,251500,279300,351400,280600,309700,453900,,424100,278500,576800,,247900,323200,323000,215600,650600,442500,339500,408800,303100,215700,251400,306500,236000,220700,460300,378700,197900,,,188400,,307700,242900,,549500,,496700,487700,221600,223700,212200,414800,316500,273300,312000,166100,530000,265500,300500,219000,,285100,325300,284800,810400,266800,244700,257600,247600,318300,334300,225600,433100,412700,203300,,269500,264100,401100,191400,291700,190900,463300,
1/04/2005,204800,461700,175800,236800,342600,213000,321200,250900,265700,190700,254500,284100,356500,286000,315800,454000,,422200,282200,605000,,249800,328900,,221700,662500,446700,341800,407500,309000,222400,253000,309800,241100,229900,459000,379300,201600,,,194300,,316700,247100,,567200,,513700,515200,227000,229100,216400,424200,327600,277200,316100,169500,555400,268900,303200,222300,,288100,330200,283100,833900,272500,250000,267600,251000,316700,330800,232900,442600,430400,209000,,274300,266200,402100,197700,,191200,473700,
1/05/2005,204200,468700,175500,241300,346000,220100,320100,252700,268600,196500,259500,286600,359000,290300,319900,462400,,433100,286700,605400,,251700,334600,,223600,675200,457800,347100,410900,310900,224700,256000,316900,245800,233800,468300,383800,205900,,,195500,,315800,246700,,570300,,519500,514200,233700,230600,220900,423800,326200,279900,320500,173800,554900,271500,309000,226600,,292800,334300,287300,842200,273700,253700,268900,256900,319100,,235500,447900,429800,210500,,276400,269000,412000,202100,307000,192700,481000,
1/06/2005,206100,483800,177700,244000,344500,222400,317000,254300,271300,202100,265200,291000,372200,290200,321400,466600,,448700,286900,600600,,258700,338200,349200,224900,688600,467100,347200,417900,318800,230000,264100,321000,252300,235400,478700,389700,208800,,,200600,,319800,250000,,579400,,529400,520400,235500,235000,222900,427400,323100,281900,322100,178100,557200,276000,312700,234500,,290800,338900,289000,,277100,256200,273300,259500,318000,337800,239000,446500,431200,211000,,284400,274600,408800,208200,308900,195300,491700,
1/07/2005,211200,485600,178300,247400,349300,225000,316000,255100,276000,206400,268700,292300,376800,288300,326100,474000,,438800,292200,618600,,262800,341200,,227500,691100,464600,349800,428300,319900,236500,263300,325500,253900,237200,487700,395400,213100,,,203600,,325500,251900,,583300,,538800,516200,236600,238100,226200,430400,322100,286500,323500,183700,553800,280900,318700,238800,,293400,341400,297600,,277500,259300,271500,258500,322500,347900,239400,447200,432100,213000,,283700,279000,420000,208000,305800,200900,507300,
1/08/2005,214300,483100,184300,254500,353400,229700,322100,259700,278300,205900,277500,299200,378400,292000,328600,478800,,441700,297300,611000,,266200,347100,,226700,686500,466800,352700,423200,327600,238900,267000,324900,256400,242400,494900,399000,219200,,,204000,,328700,254700,,585000,,536200,518000,236200,240400,229600,426900,327900,287600,324400,185400,557500,285200,320900,242400,,298800,344400,296500,,282400,262200,274500,257700,323100,,244000,446500,433700,216600,,291200,279200,417800,210800,314300,203700,514000,
1/09/2005,215200,487300,188800,258500,358100,235000,326900,261600,279000,210300,279400,301100,384000,295400,329100,478700,,443700,296800,619000,,266100,348800,,230300,682000,469200,357100,425700,328900,241900,269400,327200,259200,245500,495400,402500,220900,,,208200,,332100,257400,,581300,,535400,522400,240700,242200,232900,430600,324400,291200,327600,187100,568700,290700,323200,247500,,299500,345700,296300,,285600,269100,279200,263700,335300,357000,246800,452300,436900,217100,,290000,284800,426900,213700,313200,204800,508200,
1/10/2005,218800,492900,191800,261100,363400,236400,334600,266100,281900,212500,282500,304700,386800,301000,329700,482300,,450000,306600,623500,,268900,350900,,231200,709200,468900,359600,430200,328900,243100,275400,334600,263500,247300,505500,407000,225400,,,210300,,339700,259200,,597700,,544900,529600,243600,243500,232300,435500,330200,293900,332900,190400,578100,293500,325300,248600,,303500,347200,300700,882100,290400,272900,283300,267200,335600,363100,250800,463200,444200,220400,,293800,288900,428100,217300,,206900,500300,
1/11/2005,221500,497800,194100,264800,369900,236600,336700,268800,282700,215900,284100,307500,391600,305800,333100,490600,,450500,307600,636100,,272300,355400,,236800,712700,474800,361600,442000,339400,246300,278500,341800,265700,248700,517600,411700,228400,,,215200,,340600,265100,,597900,,545000,534400,247700,247900,237800,448400,333600,296000,340600,193500,582400,296800,325900,249800,,310800,350900,307300,,294000,275300,288100,270500,341200,367900,256200,470800,454600,224200,,295900,291200,437900,218100,,209700,508300,
1/12/2005,224400,497700,195800,267200,372600,238900,338900,270600,284900,217300,287800,311600,390600,306600,334900,497800,,449300,312400,647500,,274600,359600,,237200,715100,476000,363900,445000,338400,250200,285500,341000,267200,251100,518900,413900,230900,,,215000,,343900,264400,,598500,,556500,537800,249700,249900,240000,449700,341100,300700,340500,194300,604900,295300,329400,250800,,310400,351900,312500,869100,294700,276400,293200,272400,345100,367600,260200,470800,453100,228300,,299600,293200,433600,221100,327600,213900,521400,
1/01/2006,225700,500900,195500,267200,374800,236400,338500,268800,285300,217200,287300,312700,389100,308700,339100,504700,,461200,313500,643000,,276300,371200,368200,238400,725500,482300,364800,445200,344000,251600,286600,347000,268400,251200,527300,414400,228400,,,216100,,339700,265700,,606600,,557000,538300,250400,250800,245000,458600,344000,301500,342800,194800,601700,295000,334900,247000,,313300,353300,319100,,292900,278600,295900,272100,348800,368800,261600,480200,459400,227400,,299600,297600,432400,220500,327300,213800,520600,
1/02/2006,228800,502200,197300,266900,378000,242900,346700,270800,286600,219000,289300,315800,389600,307300,339300,504100,,467000,314600,640800,,272500,372700,387400,242300,727000,490800,365600,444700,338700,255200,293100,347500,268500,257300,527000,416600,231300,,,216700,,344100,266900,,604600,,559000,532900,251900,254300,245100,456200,349300,304800,338300,195300,594800,293400,337900,249100,,314000,356900,318200,,295800,278700,294100,275300,348300,363400,259100,483700,459800,230300,,297800,300200,425700,227100,340300,214000,521600,
1/03/2006,229700,506900,201000,266400,375200,245900,352900,276000,288900,221800,289900,318900,393500,310400,338500,506000,,472800,319600,634500,,275100,381800,395300,243000,736200,501800,368100,446000,344200,252400,290900,344900,271800,258800,530400,417300,231500,,,217400,,345000,267300,,605300,,558700,538100,253700,254000,245400,457300,355300,306200,341300,195600,596200,295300,338700,251800,,312900,360000,320100,,295900,277900,294000,279000,356200,365200,258600,486700,458400,231000,,301000,298900,444300,225500,348000,216100,517100,
1/04/2006,230500,507600,203300,266900,376100,247000,358000,278300,294900,225300,292300,318200,400300,309400,339700,504500,,485100,319100,648600,,273900,386100,398900,245800,739200,511900,366000,449400,342800,250100,289800,345400,271600,259900,523400,419800,235100,,,220400,,346600,271700,,623800,,566800,539300,255900,253900,245300,462900,358500,308600,342600,197800,591600,295400,340000,254800,,312400,369500,318600,896300,298400,275300,295500,285600,358300,369400,260300,491600,463000,232500,,302800,299300,444800,226000,348800,218500,513700,
1/05/2006,230600,514100,201600,268400,378100,246900,362700,278800,297400,226500,293400,318100,405800,314900,343600,509800,,481100,323300,651400,,276000,394600,399700,250400,738600,513500,370400,456300,344900,255000,285500,349800,275500,261400,530600,422800,235100,,,221400,,348200,275100,,627000,,567900,542000,256500,254600,244900,469300,360500,309400,346900,195800,599400,293000,337900,254100,,315000,371300,321600,896300,299300,277500,293200,287800,364400,373900,258500,490500,466500,233000,,304400,302400,449900,226300,346800,217800,517000,
1/06/2006,229200,509600,199600,269300,382600,243500,365400,280900,298200,226100,294200,319300,404800,316500,347000,512300,,479600,325300,641800,,279300,393800,386200,250800,732900,521800,373900,460000,345600,255600,287600,355600,275900,264200,534500,425100,237000,,,222300,,356900,277200,,632200,,565500,541200,258500,258800,247800,474400,362400,311200,347800,197000,591200,294400,336700,255900,,320800,372900,326600,901400,303400,283300,299200,287300,360900,377900,263900,492500,466700,233500,,308700,304600,449000,226100,338200,216900,517500,
1/07/2006,231300,512200,204400,270300,380900,242100,361900,281800,298200,224800,291600,323500,399300,317000,353800,516800,,,323200,633400,,280800,390500,390900,249800,733100,535700,376100,455000,347800,256400,284300,357400,278100,262700,540300,423300,237300,,,224000,,362900,277800,,632000,,553900,536400,261600,260900,253800,478000,361800,314200,348500,196800,582900,299900,339000,255300,,323200,370400,327300,878800,302300,285600,300300,291400,373900,377200,265200,491300,464600,236800,,312200,304300,445900,224200,346500,219100,523100,
1/08/2006,235600,525100,205900,271600,380600,245600,364600,285800,298000,225400,293900,323800,400700,318100,354700,511000,,496100,328300,628500,,284400,393000,393100,249000,739400,555200,379300,456600,348600,256300,287700,361200,277300,260900,541500,426400,237900,,,228400,,365800,278100,,634300,,551300,538100,262700,263500,256300,487900,365800,315900,352200,200300,584200,302000,344900,257700,,323700,373100,329900,897000,305000,286300,302800,289600,376600,384000,268700,495000,464900,239600,,313600,306000,450900,225700,350600,222600,521500,
1/09/2006,238700,527700,211500,274000,385500,249600,365400,286500,301400,230500,298000,326800,403300,321000,357600,518000,,495400,328600,651500,,287300,394200,396000,251000,743000,546800,381800,463300,350400,256800,295500,362800,281000,262900,544000,428400,237400,,,232000,,368500,283400,,638800,,553200,550400,263700,262700,258100,493200,371300,321600,357200,202400,588800,306100,348900,264800,,325800,375000,332000,,306700,289400,304800,291800,381800,390000,271100,502700,473700,242100,,312800,309100,456400,229000,351200,224300,526400,
1/10/2006,240900,537300,213700,279100,391500,254300,371300,289400,310200,231700,301200,334300,414100,325000,362700,525100,,493200,331300,651300,,293300,387000,404100,253000,754200,541500,387200,467900,353600,259800,302100,367900,285300,266900,547700,436700,243500,,,236100,,372700,289400,,646300,,555900,561700,264400,265500,258200,499300,377300,328800,360600,208100,594400,308600,353800,269900,,330900,378900,338400,,316100,292100,310600,292000,380600,387300,274700,513500,475000,243500,,318100,316000,463700,235200,362300,228400,532300,
1/11/2006,243100,551300,214400,286000,394700,260800,377200,290100,313700,234700,305100,338700,421600,328000,369200,536200,,506600,332300,648700,,298500,391200,402100,256800,766400,536800,390700,473800,357300,263800,302000,371200,289200,270000,548400,441900,246600,,,239200,,377000,294600,,651100,,556800,564000,268800,268800,263000,513100,382700,334700,364400,211100,592600,313600,361100,273800,,334600,385600,342500,,316700,295600,317100,299400,386400,385900,280200,525800,474000,245900,,317800,321500,466600,239200,357600,230000,535800,
1/12/2006,246200,563500,217100,285100,394700,264600,378200,292000,316000,236400,305400,345000,425900,333500,372100,541800,,511300,333000,655700,,303800,394400,402600,256900,790600,541200,394200,483700,361900,269800,301900,372800,292700,275000,553700,445200,251000,,,239400,,384000,294300,,662900,,565200,574900,271700,272200,266400,511000,383800,337700,366200,211800,603500,314300,364500,276400,,335800,389700,346000,965200,320600,295100,318500,306600,391800,390500,282200,535400,481000,246700,,322800,324000,469600,244400,356500,232800,545600,
1/01/2007,249600,574000,215800,289700,395700,265000,381900,292300,319800,239600,309300,351600,423100,336700,372600,547500,,519200,335700,659600,,305100,408800,404200,261300,792800,549000,396900,485500,364800,272200,305200,373200,296900,275500,553100,445600,253200,,,243600,,386000,293800,,670200,,570100,579300,275900,274600,271900,517200,386200,342800,368800,217900,610000,317500,367500,280300,,337800,395700,349300,966300,320500,295100,320200,309600,391700,398800,283000,542400,483700,249400,,322800,323800,470400,253500,363700,237500,550900,
1/02/2007,251800,584700,220700,294100,400600,269200,381200,294600,322700,242600,314100,356400,430200,342500,372900,550700,,530700,339100,665200,,306700,420500,406700,264100,801100,561500,401500,497200,368700,274900,308900,378500,298100,277700,560000,449900,253600,,,247700,,393000,298500,,674500,,571500,587800,279800,276800,275600,516200,389500,346000,372300,222900,612000,321300,373400,288300,,341300,402300,352000,979300,327500,295800,324700,312800,396800,400400,286300,550700,490000,253000,,330300,328200,475700,256300,364600,243600,552500,
1/03/2007,255100,588400,224800,299000,406400,273600,384800,301000,328800,248200,316100,362400,437300,344500,377300,561000,575900,534900,340300,684500,,310900,425500,421700,268500,810500,566300,407800,500000,376300,276900,319900,386800,303500,276700,565000,458700,254600,,,252800,,397300,302000,,681600,,586300,593100,281100,281900,275100,526400,391900,351700,376000,225700,629700,327400,377500,289800,,345900,406600,354300,1001600,332700,298700,326200,315300,402500,407700,288100,559800,494000,255800,,332800,332800,488200,259300,377700,244000,550000,
1/04/2007,260800,589600,231100,302900,410500,276600,386400,303800,333100,250000,322800,365700,439400,353500,381700,569000,576300,533700,346200,706500,,312300,429600,437300,270000,813800,568700,415800,503400,378600,280600,327100,390900,305200,282600,572000,461900,259700,,,255900,,402300,305700,,686400,,610100,605500,284600,283900,276800,531500,393900,355000,383900,227900,652100,332200,378900,292600,,350000,412300,359200,1014700,335100,305000,329200,318500,407600,405600,291200,562200,500900,261900,,332600,335500,500300,261200,390000,248700,560100,
1/05/2007,260300,588600,232400,306700,414500,275400,386200,306200,338400,254000,324900,365900,444000,354700,386700,570100,578800,542400,348800,709300,,314900,431300,439500,273200,815600,572500,420900,505700,379200,284300,326700,391700,303900,289200,570800,468500,263100,,,258400,,402600,306800,,690400,,616500,610000,290300,289200,282000,535100,395700,356800,388500,229900,654100,336300,381900,294300,,353100,415400,359700,1023800,334200,311000,331100,325000,413200,412100,292500,564800,506800,262500,,332600,338900,497000,260300,393400,248700,566700,
1/06/2007,261100,591500,233100,310600,417300,278000,391400,307200,339700,258100,326800,367000,447200,360200,390900,571800,,542300,348800,699000,,317700,434000,439600,275200,820100,572100,420600,511200,383200,285700,325300,392500,306700,293200,581600,472400,265700,,,260700,,407400,311200,,692800,,609900,608400,296300,295600,282400,536500,398400,356900,392800,234000,650700,338000,382200,296500,,355900,419500,363400,1018400,337500,312600,333500,331200,414500,413300,295100,568100,506100,263700,,335800,341300,504100,263700,394900,250700,567700,
1/07/2007,261600,594400,233900,314200,420300,276700,390400,309400,343300,259200,330500,369200,450000,359000,392600,578000,,542100,352600,706300,,318400,436500,442300,277900,820400,572100,418900,515800,381500,288700,328400,396100,309600,293700,581400,474200,268600,,,260800,,405700,311700,,694000,,609300,604500,297500,298400,282800,530200,398700,358000,394500,234100,648200,339500,383300,298400,,356600,422400,366500,1020700,339200,315200,337000,332300,420900,415500,298600,570800,506200,265100,,337600,343900,502100,262400,394600,249700,573300,
1/08/2007,264600,598600,232700,314600,416700,273900,389800,310700,344700,259800,334100,373500,451500,361200,394900,583200,589500,540000,354600,706800,,319200,436100,,275500,820100,569800,422400,514700,384700,290600,321200,392700,310300,294700,576800,474200,268500,,,263500,,408300,312300,,693100,,608900,607400,296000,297800,284700,527700,399700,360200,394700,235900,649400,341700,382600,299700,,352100,421600,364400,1028000,340100,315200,340900,328300,419800,411900,301700,573400,506900,266300,,340600,342300,508000,264400,396600,252700,576600,
1/09/2007,266600,596400,234100,315300,422200,274400,389100,313100,343700,260000,333800,375500,454800,359000,394600,578500,585100,533400,354800,705300,,315800,436300,,276200,823100,564500,424500,519500,383500,290900,325300,390500,314300,296000,572300,478400,268500,,,261300,,410500,312100,,694700,,609200,612900,296900,299700,286700,537000,402600,361100,395400,230300,651100,344500,383400,298200,,356000,423500,367900,1028400,338600,317300,342700,326100,411200,421000,303200,577400,505200,270400,,340700,345400,505100,267800,,253700,577400,
1/10/2007,271800,605700,234800,316200,422200,277900,390500,317200,341600,262200,333900,376200,455700,363100,394700,579500,586700,533800,354400,719300,,322500,436200,,277900,837800,565500,423000,525500,386700,290000,326000,389200,316200,298400,573300,479200,267100,,,263800,,412200,314500,,703800,,619900,621000,298400,300100,284600,545300,405000,362200,396700,232200,658300,346900,385500,300600,,357800,424100,365700,,342800,318400,341100,327300,413100,422500,300800,580800,503200,272200,,341700,347000,506200,266400,395200,258000,579900,
1/11/2007,275100,603900,236500,314000,420300,279500,394700,318200,341000,262900,330000,373200,453500,362500,396100,583000,590500,528500,355800,713000,,324300,433400,,277200,838200,568700,418800,523500,384400,289900,338600,394600,320800,298900,585700,478200,268800,,,259700,,414900,313500,,714600,,612500,610700,299300,300300,282800,533200,407100,363100,397800,230200,648600,346200,385300,297900,,358300,419800,372800,1036200,344100,319900,341000,326800,413700,412400,301900,573600,503400,273600,,341800,347800,502200,269500,391300,257000,583100,
1/12/2007,274800,606400,239500,311900,421400,279600,400000,320600,339500,263300,329400,376900,446100,362100,392800,588600,602600,537700,358500,699100,,323400,432500,,275700,842000,569800,420100,518900,382300,290000,342200,395600,320100,296900,584400,478200,266500,,,259100,,417500,314300,,727300,,594600,604300,297600,297100,282500,534500,410400,363800,398500,230600,644400,346300,386500,297000,,357700,419700,371100,1048400,347900,320600,339000,323900,415600,411700,300000,575300,506600,274900,,348900,346000,508300,268200,394400,258000,591400,
1/01/2008,273700,604200,241000,312800,422300,278100,404600,317000,339600,262600,332000,379100,444500,362200,394400,588900,605700,539900,359900,690200,,320200,422300,451900,274500,850200,574800,418600,516800,388200,290500,333700,395900,315900,296600,582000,477200,267000,,,259100,283800,420800,313300,,727100,,598300,603700,295600,293400,283300,535700,409500,365000,399900,231600,639000,345900,389400,296900,,360300,419200,372700,,347800,321900,341200,321700,412700,410100,302300,574800,511500,276800,,349400,346700,512400,266600,398000,258800,595700,
1/02/2008,274700,606600,238700,316200,427100,282800,401800,316400,339600,258200,330500,379900,443100,363000,392200,593300,611200,553800,359800,685700,,321200,423400,450800,273900,842600,590400,423600,516600,394500,292700,333300,402400,316400,298700,590300,476400,269100,,,259000,284000,424400,315500,,724700,,599000,610100,296500,296000,282400,538000,406800,370000,402000,234000,634200,346100,389600,298300,,360000,420400,379600,,348500,321200,343600,324000,409200,415200,301100,579800,515800,277100,,353100,347700,508400,267100,398600,259400,596300,
1/03/2008,274900,611900,239400,315800,421800,284200,398100,314500,341900,259600,327200,376900,444600,360900,396000,591900,,547900,362700,711000,,320900,432800,447100,275400,838900,579000,425200,516000,396000,292200,326000,404600,314200,298400,591900,473400,266500,,,259300,281600,415600,313600,,721000,,620200,611500,295100,295800,287500,534800,407400,364400,400000,234200,646700,343600,389900,294800,,356100,417900,378400,,349400,322600,348300,324100,411200,410900,302200,569900,526200,276100,,352700,345400,504600,267400,398200,259500,590100,
1/04/2008,269000,610100,235600,315600,422800,280300,395400,315400,337900,257800,327900,373000,444400,359300,391600,582300,,561300,357600,705900,,316100,439800,,273200,842300,586400,423400,509700,392900,293300,329400,402200,315000,296300,586800,473400,269400,234100,,257800,,415800,311300,,713300,,616100,593400,294000,297100,288300,529900,403300,361200,401600,232200,647700,342400,392900,292400,,357100,415500,376400,1058100,346700,322900,350200,321400,400100,407400,301200,566600,517100,271800,,351200,345800,512200,265200,397300,254500,567900,
1/05/2008,268200,606300,232600,312200,422000,274100,393600,311300,334000,255800,323200,368400,442500,355200,391600,578400,,571600,358600,691000,,307500,441200,,270300,840700,596300,422900,503600,393800,288100,328100,400800,313900,292900,583800,473400,266400,230800,,256100,,416900,307100,,714400,,613900,587000,288200,293600,288000,531600,403200,356600,399100,228300,624000,340100,390500,288200,,358100,413600,370700,,338400,322100,342900,315000,390500,409100,295700,563900,511300,270600,,349600,342300,506200,260000,394600,251800,560800,
1/06/2008,266300,594300,231900,310900,417400,270800,394800,307000,332600,253800,325700,361500,437900,348800,387600,571900,,562900,353900,689500,,304300,440400,,267700,829500,595100,419100,507400,387900,284000,319000,396200,308200,291000,593100,464900,264900,227300,,254700,,407600,301800,,709600,,599100,586700,287800,288700,280100,516500,399800,352600,390800,224600,633700,338100,385200,286800,,353800,406500,368500,,333500,321300,339700,313900,392000,404400,293900,557800,509000,268100,,347000,339700,491200,253700,391600,250700,552500,
1/07/2008,262500,595200,231700,310300,408400,269300,398600,306700,332500,250800,320400,356700,431300,343900,388800,562900,,560000,353900,682100,,308500,433200,,266400,807600,597900,411700,509600,372800,280100,316200,393800,303300,288700,589400,457600,262800,228500,,251900,270200,402500,299900,,696200,,599600,570800,285200,286000,277300,512000,397700,347600,380300,221600,620900,332300,379700,285100,,347600,403000,362100,,333300,312100,337800,309700,381500,402500,291900,550700,502700,266100,,345500,335400,484400,255200,393500,247600,546600,
1/08/2008,258900,590700,227200,302100,401900,266400,398200,305000,322500,246200,314800,353600,427100,342900,384300,555100,,555600,349700,669700,,304700,433700,435100,265200,803700,590900,410600,506500,369800,280200,314900,389900,300700,285200,581800,453100,262500,229400,,250300,,401200,296800,,680200,,588300,567300,285700,285800,275400,506300,398400,344000,379600,218900,616700,327400,377600,283000,,339300,396100,359300,,331600,303800,330200,307600,377300,399500,285200,548400,497500,263500,,344600,331500,487600,255600,387600,244900,552900,
1/09/2008,254300,590900,221000,299400,395700,255600,395100,298300,318500,243700,308300,348900,422700,339800,376700,540200,,549600,345800,650200,,300900,427600,422900,261200,777200,579200,408000,501000,360800,274800,310900,378300,293800,282900,578500,448300,256600,,,245100,,396900,293100,,665100,,586700,559800,282600,284000,272200,510000,395300,344000,380800,216600,611900,328700,373000,275000,,331400,392100,352700,936300,324200,298300,326400,305000,377400,401500,282300,538300,483000,259300,,336100,327600,486200,247000,378700,242800,544300,
1/10/2008,249900,593300,218400,294200,393500,252500,388700,295700,316100,241500,303400,348900,419400,337000,367000,544200,,529300,344900,679800,,296400,420400,,256000,765800,568500,406200,491300,366400,270600,313300,378100,292900,280500,567200,446900,252900,,,242700,,381500,290200,,659200,,591800,570600,278500,277600,269400,501200,392800,342400,376700,213800,623400,328000,369900,271200,,333500,392300,351900,,317000,295700,319300,299800,371500,394200,276600,542500,491300,255300,,328100,327200,484400,239200,374600,238300,543400,
1/11/2008,249500,583700,214700,286300,388300,244100,382500,297200,316300,240200,305500,345700,418000,333200,363500,536000,,518900,343300,671900,,294000,413300,420600,253900,761200,555900,399000,488000,362900,269800,308200,374500,288000,279500,563700,441600,251200,,,241700,,376300,284600,,659700,,581100,565200,279000,275500,263200,498500,387800,340000,373800,213800,615700,323300,365400,267900,,329900,386700,348100,,311800,296800,318800,302500,371900,393000,277000,541400,490600,252300,,331400,326000,479800,235100,378200,238400,530800,
1/12/2008,247800,574900,214800,286200,381000,248900,370600,293800,316300,238600,304400,342100,415300,332100,360000,532900,,518800,335300,646600,,291400,408400,426200,249700,753900,560700,397800,485400,361300,270200,303300,365800,286900,279200,551100,435500,250200,,,236700,,374600,288000,,662000,,569000,545900,272300,270100,260300,510400,380800,336900,368700,209900,594100,317600,362200,270300,,328000,388900,340100,,308800,291600,314600,298400,368700,400200,272800,545200,478500,250400,,324300,320600,473300,237700,381100,234400,529100,
1/01/2009,246100,562600,213400,287100,382400,248500,361700,291000,315700,242600,306400,340900,414400,331700,360700,531000,546800,523500,331700,629200,,288800,405900,406600,247300,755900,562900,395900,479400,352500,268300,296500,363600,280800,275900,549100,433200,247000,,,238300,,374200,283000,,658700,357300,562200,531200,270900,271400,254700,500900,371800,335400,368600,210500,586000,311200,359400,270400,,328200,386900,338800,891800,309600,287200,313400,293800,367700,396900,274700,544300,469500,248300,445900,318900,318400,479600,240100,363000,234200,528300,
1/02/2009,247600,567500,208600,285500,381900,250900,360900,287900,313800,242800,299300,338500,410800,329300,359300,530800,,517900,329400,634400,,292100,407400,412300,246700,750000,554100,395400,474000,352400,264300,296100,362400,274900,272300,547400,431400,239100,,,237300,,371700,285000,,658600,352800,553500,526900,266500,267000,254800,491300,372700,335400,364300,207700,587000,309100,357200,270400,,323200,388700,331000,,310200,287200,313700,289900,372500,386300,273500,544900,468000,247700,453900,317400,317400,476200,238800,367100,233300,523100,
1/03/2009,247100,559400,204900,287600,383200,254400,364700,290900,314300,235300,302200,340200,409900,333300,362700,526500,,503000,328900,637400,,293400,394500,417500,247500,741100,522300,396200,475000,356400,263700,302600,362900,279000,271300,544900,429200,243900,,,236300,,369400,284700,,647800,354400,558300,543700,265400,266300,255300,489700,375000,336400,371000,207500,594400,308400,351800,272200,,325100,385000,331000,902000,317100,288700,313100,294100,373600,387000,274000,538200,468700,249100,458700,316300,314700,481400,237800,370100,236800,529800,
1/04/2009,248100,547000,206500,291300,384600,254700,365800,289900,310400,235100,310100,340600,406900,333100,359700,533500,514500,494900,330900,645400,,291800,400100,412700,250800,740100,525300,397400,475700,359300,265100,301100,360500,278900,274900,534000,426600,244700,,809200,234600,,371800,289000,,640100,353400,555600,543100,264500,266900,255900,484600,377200,336500,370800,207900,592000,311600,354000,271100,,326800,388400,331000,910800,316300,288500,316100,293400,372800,387200,275600,535400,468800,248100,450600,317700,314700,473500,238400,,235100,539200,
1/05/2009,245100,547000,208200,293400,385400,250200,362800,287800,311800,238700,312300,338900,410000,336500,360100,534200,516000,485800,336700,647200,,293100,389000,414000,252100,726000,516400,398000,475000,358900,268600,301800,363000,282300,274400,529400,428100,247100,,,237000,,373600,289300,,637800,348500,553800,545200,264200,264800,257100,480100,370000,336100,373700,208400,591400,312900,354000,271300,,327200,387400,334500,,314400,292300,314100,294100,367100,377700,274900,532000,463400,246500,447600,315800,316900,479500,238900,,234100,531900,
1/06/2009,249800,544600,211800,287400,392100,251300,367800,289700,312300,238100,316000,343400,411100,335700,362700,540500,522100,493200,342800,659800,,293900,390700,425800,253100,753000,521400,399300,480700,357700,268000,303200,365500,291800,272300,537100,434500,246500,,812100,237700,,372900,292100,,662000,349300,570000,545600,267000,271000,261100,490300,377400,341000,374100,207400,593500,314700,357100,272000,,330600,393500,337500,,314800,294200,316600,296900,367600,392400,277800,537000,474700,251000,455300,316400,321800,475900,240500,,235900,547200,
1/07/2009,256700,546600,214800,290800,394500,253700,378400,292800,316200,242700,315300,347200,414300,335000,364100,542800,522500,,343300,657100,,299100,397600,417900,257100,758900,550100,399500,481900,356100,268600,308600,365900,295800,273400,541700,437800,249000,,812500,239600,,375000,291200,,679800,351200,573000,549800,268100,275200,264300,488200,387000,344800,375700,209600,595000,318100,359900,274600,,334800,395700,336200,,316000,294100,319200,294000,366800,392300,279100,540300,477100,256800,444600,319400,324200,477200,242800,,238600,547600,
1/08/2009,261500,554900,213200,291000,398400,258800,387500,293800,317800,245200,316000,349900,418200,337500,366200,540100,539900,,342200,661900,,302100,393000,420700,255900,764900,543800,398200,485600,359700,269100,317600,375700,298200,277600,550600,443700,253900,,812900,240000,,376500,286500,,673300,354000,578700,563000,268600,273300,261900,494300,393500,343000,382500,211500,599600,319300,363800,276700,,338200,398000,347600,,320400,293100,323200,295100,369500,391500,283700,542200,480800,261400,448500,323200,324200,483200,245700,366200,242700,551400,
1/09/2009,257700,552600,210900,294300,404100,259000,389100,297600,319500,246100,320000,348900,418900,339900,372000,536800,538800,,337900,660100,,299900,392200,418300,255200,768700,550800,398900,487300,361500,271900,325500,372600,299900,278200,553300,446700,252800,,810000,238200,,376800,289600,,662100,355900,589700,564800,269700,271600,267400,503500,395000,344200,381200,211000,605300,321200,366800,278100,,340500,398000,348500,951900,321100,294300,328200,294700,378400,395000,288700,542800,483300,259500,448100,329800,326600,486700,249100,365400,240700,542800,
1/10/2009,258900,560700,207300,296800,408200,260700,392200,298500,321900,244700,321600,351000,421200,340000,375100,537400,545600,,339600,660400,,304500,388400,422900,258200,766800,540000,403900,490000,368800,276000,327100,374400,301600,279900,552600,451800,255600,,804000,238000,,380200,291800,,663000,356200,601000,572500,272300,273200,271600,503000,392900,343600,381200,210500,614300,323800,368500,277000,,342300,400400,350500,,326100,295200,329100,297300,377800,397000,290200,546100,496000,260000,451700,330500,327900,489500,249500,368700,240400,542000,
1/11/2009,258000,564800,208100,300300,410100,261600,393400,303600,327200,247700,324600,356800,432200,341700,379600,541700,551900,,344100,670300,,301400,395800,420800,260700,778400,548600,404600,494100,372900,278800,326500,380600,305300,281700,556400,460200,259400,,814200,241300,,379900,299000,,670700,359600,600000,576200,275400,280600,276000,518500,393700,350200,381000,214100,613000,326600,370700,282000,,344200,406100,359700,,326900,303800,335100,302300,377500,410600,294600,551500,501400,263800,447700,334000,331300,489100,248000,365600,243000,543100,
1/12/2009,257600,565000,207100,302400,414300,264900,392800,305300,330100,250200,327000,358100,441300,343600,378500,544400,554200,,346900,664700,,308100,406400,424800,262100,783800,554100,408700,496700,375000,280700,330600,383500,307900,284000,559400,466200,260800,,813200,244300,,385100,296900,,674900,365800,595600,571500,274400,279100,279100,517300,391800,353600,382700,220600,597100,327100,370900,286000,,351500,406700,358400,,328000,306800,338500,302400,373400,412500,296800,562300,486800,264800,448600,336400,334200,496800,248800,363700,244700,545200,
1/01/2010,258300,575600,214900,303600,418300,270100,390600,306100,330600,252100,331000,364200,443300,345600,377700,545400,576100,,346500,675400,,308400,408200,427900,261100,799700,562900,411500,494800,374000,282200,327900,388000,310500,284800,568600,464800,261900,,,245900,,394000,297300,,681700,364100,591600,577800,278200,278500,281500,510000,392800,357700,385200,221600,614700,330100,372600,287200,,354600,409500,365700,,331600,314200,339200,308200,378200,408100,296500,566100,494300,265900,457000,338100,334700,497000,252400,368400,246400,539900,
1/02/2010,261100,574800,214900,303500,415600,269800,388500,305300,333100,251000,335400,365700,445300,345000,379900,543300,546400,,343100,677600,,308200,416500,429000,262300,806900,569000,413600,496200,376700,284900,330100,388300,312500,286100,570500,464900,262000,,,247000,,389400,296900,,685500,366800,599400,578100,281000,281300,281700,509000,390400,357400,389300,221100,612500,330900,376000,288200,,351900,410900,367000,,331200,312700,342000,311200,385400,406900,296400,565500,494600,266600,465300,333700,333400,502800,252100,380400,246800,537000,
1/03/2010,263300,568500,218300,305300,416900,269800,389400,310900,333700,249500,338500,364600,445400,343200,382400,554100,538000,548300,342000,683100,,308900,414400,426800,265400,783000,563300,414800,495800,377300,286600,337900,397400,312500,286600,575900,467300,265400,,806000,249100,,391100,300500,,676100,363400,599400,584900,284900,285000,280100,515200,390300,355200,386000,223500,613000,333400,375800,288800,,351700,413800,373200,992800,330700,317600,341400,311700,384500,416000,298500,565900,497000,267800,457000,334700,334400,488900,256100,374300,250700,552400,
1/04/2010,259400,583000,219100,305300,417300,268000,388900,309900,336900,249400,336600,364000,447500,345700,385100,555000,541000,544600,342900,695700,,307500,424900,441100,264700,788100,560300,415400,500800,374500,284200,335300,395900,310600,284900,573400,467600,266500,,841900,248000,,391400,302100,,681600,362700,610900,580900,283700,285400,279600,520800,389900,356700,386900,222000,624200,333100,374400,286600,,352300,413800,370700,,329800,318000,339600,308600,381800,408700,296200,574800,495100,265900,480100,336600,334900,486100,253500,391000,246600,558100,
1/05/2010,261300,580500,220900,308000,419900,268900,389800,309200,337000,247200,337500,365900,443700,345400,386400,560700,530200,546100,343600,678500,,307000,420000,437000,263900,788600,572500,419700,501600,373500,281400,330000,395100,308400,284700,569700,469600,264900,,,246300,,392300,301700,,676900,366900,603400,581600,283900,285900,279500,521000,389100,356600,384500,221700,616900,338300,376000,286700,,353900,410700,368700,,331700,315200,338500,312700,383400,405400,297100,571700,494100,266700,477500,335800,338200,488400,250900,,247700,564900,
1/06/2010,261200,569000,223900,307600,416900,272400,392300,304800,337800,252800,335700,366600,445100,345800,383400,565000,533400,553400,344300,670600,,305800,421100,438500,263100,802600,574900,420300,503300,375100,277400,323400,394300,307200,282300,569400,468500,262700,,847000,245000,,400000,307900,,688200,367600,587500,585000,278300,282500,279900,519300,393500,360300,386700,220300,625100,336600,375800,286700,,351400,411400,369600,948600,335700,313200,336200,310100,376500,407800,294500,568700,494600,266000,,335700,335700,494400,250400,,247500,568900,
1/07/2010,261200,556600,220400,305500,415100,270800,391800,304400,336900,247500,330400,366200,441300,343200,382500,557700,523000,535600,344200,669900,,305400,418500,438400,262900,800100,561700,419700,501300,376200,276700,324200,395100,308300,279200,569900,470500,257000,,832900,245800,,398400,304100,,685300,362600,588700,592200,278200,281900,277500,518000,395600,358600,388500,218400,626700,335000,376600,288600,,350100,406200,370500,946700,332500,311300,338400,310200,380600,404900,295600,563600,491900,265600,,334600,336000,497700,249400,,246800,558500,
1/08/2010,259600,555500,217800,298800,416100,268700,393200,305400,333700,248900,330300,367000,439600,343100,384300,563400,523000,538700,342300,675500,,309800,415600,437100,262400,803500,562200,412400,500400,372300,276800,316400,392400,304400,280000,568000,468300,256900,,836200,245700,,394400,301400,,686500,364200,591000,594200,278600,283100,278600,528000,400300,360500,384900,218000,630000,330100,377200,287400,,351900,406100,363300,946000,331400,308200,334900,306100,376500,394200,291900,567200,492600,264200,477700,334200,334200,485200,252700,387400,245500,554800,
1/09/2010,259200,557000,219900,299000,412300,266400,393100,304200,333700,244500,324100,363800,440000,343100,383700,560800,516500,523700,338400,668300,,307700,405200,,262400,798100,553200,410800,499100,366800,275000,319900,384800,304900,283200,576700,465700,259300,,835300,243400,,387900,301200,,682100,362600,585800,583300,274700,277500,276300,519500,404200,357700,384300,211700,629500,329400,375200,284600,,349900,404300,361300,950900,329800,299400,330600,298900,371100,393700,288300,552400,490500,262900,,333100,331000,486200,249300,384800,242700,560800,
1/10/2010,256900,561500,218500,297600,409100,267800,401900,303200,334900,240100,320400,360800,440700,345200,383600,561100,520200,526900,332700,670600,,306900,400000,,261800,790500,548500,407400,498000,370500,274300,318100,385400,303000,279200,565800,465100,258600,,825300,243900,,388200,300700,,683500,363000,586600,577800,274500,276700,274000,517100,408100,355700,387300,212800,611100,329900,375700,284700,,345700,402800,359700,,331500,298600,332300,298600,374900,396800,288100,547600,487700,262800,,335100,331300,487500,247500,384500,242800,561400,
1/11/2010,255300,562500,218000,300500,408700,269400,407000,302600,334900,240300,319900,362100,436900,345000,383900,563300,532500,522300,332700,670000,,307700,393800,,260800,798100,541900,407000,497700,375000,271900,322400,384500,304300,277700,563600,463700,256300,,,243000,,386100,304300,,686500,357100,597800,572300,273700,275700,271700,512900,415300,357000,389600,212000,618400,327800,373100,284800,,347000,403000,358400,967100,334600,300300,334100,300000,374600,399400,293300,556400,484500,263100,,335400,331000,490800,250100,384400,239400,561400,
1/12/2010,254900,571400,222000,300800,410400,265300,410700,304900,333200,237500,317100,363400,434800,345700,382700,561500,539200,509200,334000,656000,,308400,396100,,261800,806200,529300,409400,494500,372500,274400,313200,381000,301900,279900,557800,459700,255400,,,247000,,385400,299200,,690500,360200,589100,563100,274500,276800,270700,518500,415000,356300,388900,215200,604000,330000,373700,287400,,351500,398500,359000,959800,334400,302800,334800,301400,376400,407500,294500,556500,474400,263200,463500,338300,332300,490700,248400,377100,243100,558000,
1/01/2011,255300,567400,220400,296900,407800,267800,403100,304800,332500,237400,318200,361200,435300,345100,379300,560300,536000,506400,335200,660500,,309700,400400,427900,259200,799500,517500,408600,497600,369900,273300,312900,383200,299800,282300,561800,459900,257700,,,244000,,393500,300200,,675600,362300,590700,567600,274700,277600,268900,506200,413800,355100,386500,214500,617900,329900,375800,285600,,348200,400300,353400,,331500,301900,334800,301700,377200,396100,296400,550200,476800,263100,472400,335900,331700,498700,254600,379300,244300,560000,
1/02/2011,255800,560600,220700,297900,407000,263200,406100,301400,332500,238300,322700,360200,441300,343600,377200,553600,541600,495800,333900,661700,,303700,399900,435600,258800,797600,514700,407100,502000,364800,273200,311700,377600,298800,281200,558000,461400,258000,,,244500,,393000,301100,,672800,362200,591500,558100,272800,276000,268500,511000,413800,352200,383400,213700,614900,329500,374900,283500,,344300,399600,350700,972600,326800,299200,335700,292900,371300,396400,295800,553500,479100,263500,472000,335100,330800,496100,252700,385900,243400,542900,
1/03/2011,255100,563800,218200,300300,408900,266700,408700,301300,330700,236400,323800,362500,441000,342600,376100,548400,546200,499100,332800,669200,,305700,400300,433600,259600,801900,513600,404100,503700,362700,271100,325100,377500,303800,280200,559000,465200,256300,,,244100,,390400,302800,,685100,361300,599900,562100,274400,275900,267400,506800,410100,352800,382300,213700,615400,328800,373300,285300,,343500,399100,348300,1027200,327400,299700,337300,293700,369000,394100,295100,555700,478200,263200,476200,335600,333300,491900,255700,388400,241400,535400,
1/04/2011,252600,569500,218500,300400,413900,267200,405600,304500,326400,236400,323300,360200,438700,343100,377700,549300,561300,510100,332400,662700,,305400,403400,442700,260200,800500,531800,408600,515000,362600,272800,329500,377800,306500,283900,569900,468900,256100,,,243000,,393700,304500,,676200,363900,599300,557900,275400,276400,267800,518100,409300,354800,381900,215000,614100,334300,373200,285200,,346400,402900,346700,1020100,329300,298800,333800,294100,369400,394200,292000,556400,473900,259200,479400,337100,336400,490600,255000,392700,238800,534800,
1/05/2011,254300,574100,221400,303700,414900,267400,405500,307200,329000,235500,324900,365000,438300,341100,376100,552600,569300,510800,335000,663200,,305900,395900,435000,261900,801700,524400,407600,520900,366400,276000,331700,380800,309400,286800,570500,470300,259300,,909600,242000,,397400,308600,,680900,366000,585000,557500,271100,271100,267100,513900,409600,356800,381200,213800,609300,333600,378000,285700,,346400,410100,353000,999200,328600,299000,334400,290900,371100,387400,294500,569000,474400,260900,480200,341900,339000,486900,256800,392800,240600,536000,
1/06/2011,257200,571700,219400,302600,415000,266300,404300,306400,327300,235600,331300,364000,436800,345200,376400,548800,576500,508600,336900,666900,,307100,400000,439700,261500,820400,524200,410200,520600,369000,275000,329900,381300,306700,287400,576700,465600,258500,,920000,240100,,401800,305900,,693700,364100,586500,560900,273200,272700,269400,526100,407800,356000,385100,212100,609900,339500,377900,284200,,347500,412900,355200,953700,331500,303200,337900,293900,385600,401700,297200,570400,479000,262400,489700,340500,338200,490700,256900,398400,240400,535000,
1/07/2011,256500,569400,220700,305200,420300,266000,414200,307900,328800,238600,332400,362900,437000,346200,377800,548800,578100,509400,340100,674200,,307600,394200,441900,260900,830300,528700,411100,523700,367300,276800,327100,381200,307000,287700,574700,467600,259400,,,241200,,403000,302000,,696100,366800,587200,563800,273000,272300,271300,533600,409900,356500,384000,212000,626200,340300,380300,284100,,350800,411500,355200,952500,333600,307700,338100,291200,374200,406700,298600,565100,484700,263500,,347000,337500,493900,259200,400600,238900,531500,
1/08/2011,257900,573000,219200,304200,418800,267300,417800,309700,336900,241900,335100,366300,437300,349600,385200,546000,575500,503600,339500,665800,,313200,396000,440200,258900,821200,522400,416700,524600,368900,281400,329400,381000,308900,290900,581800,464000,260200,,,241500,,404500,301700,,698300,365800,579100,560400,275800,278400,278500,540900,411100,361400,391200,210300,619400,344800,381900,287200,,356000,409400,355700,919800,335600,312800,337700,294400,359100,424200,296800,561800,482300,265900,,343300,337700,506000,259100,397000,242300,537100,
1/09/2011,261500,567300,217000,307500,418700,271700,415800,312800,339800,241100,337000,370000,437100,353100,389700,552800,578100,516800,337000,659700,,312800,397900,442000,257200,820800,530200,417100,525000,370000,283300,332500,385700,309200,292600,574200,467300,262500,,916100,240800,,402000,305400,,698600,364800,587600,571500,279200,281200,281000,550000,411800,370200,396000,210400,629900,346400,378200,280900,,359400,412700,360700,960100,339900,313900,338600,295500,359900,423500,298400,577400,488200,267400,,348500,336100,513200,263200,397900,246600,545900,
1/10/2011,258800,560700,207200,306000,423900,269800,412800,319300,344700,240900,349300,374500,440200,355400,395800,552900,572700,515400,332800,674000,,307900,396600,442300,258500,817600,531300,422600,525800,373900,285000,338000,385600,315600,294800,549000,467400,268200,,915400,242800,,399100,309200,,698900,361100,576700,558300,280600,278600,281500,559100,410700,368400,403500,211400,609900,350100,376300,281900,,364000,415800,361900,948100,342100,314400,340600,302400,370700,431400,299800,575300,480700,266400,477900,354500,339800,513000,259200,398800,244000,563800,
1/11/2011,256800,558600,211600,308700,428700,274900,418700,320400,342900,240800,348600,373700,444700,358300,402400,557700,590500,507000,331600,661600,,317400,395900,,258300,820600,532300,427900,530500,374400,290600,337500,387500,314500,298400,551200,474200,271700,,,240500,273800,398300,310500,,701500,361500,564900,550300,288200,286000,284100,551200,413400,363400,404600,210000,597000,350300,379900,286300,,365300,415100,360900,,347400,315500,343600,319300,400000,424700,301900,573200,475600,267600,,353900,345400,516200,256300,,243200,577500,
1/12/2011,258400,576400,215300,304900,431600,267700,421600,323400,344700,244500,357500,375700,445700,359500,408200,562700,603300,500500,334000,661900,,321000,391300,,261800,820400,534700,430200,529300,375200,294000,341500,391800,317800,303100,565100,476800,276800,,,241700,,406900,312000,,703000,361800,567400,553100,287500,289500,287100,560900,416500,368600,403800,210700,602500,351400,381200,286900,,363800,418300,368100,,343100,317200,346900,326400,410100,438000,304300,585600,474900,268300,,353400,344300,511800,249300,,245400,574100,
1/01/2012,270350,583250,215300,304950,434300,270100,425850,359450,341000,244650,379600,389300,442650,368850,454550,566250,,533800,344400,648300,,326450,402700,452500,272750,788150,561450,444900,525750,377400,295100,340800,392800,315650,313850,571800,479550,277350,,,235300,278100,407850,316750,,685800,372000,576550,550650,286250,289450,288700,565900,415800,372100,400100,208350,600000,356100,374000,281300,,369200,409650,365000,,336450,316100,344250,320900,391550,431350,299200,583600,478300,271700,,355150,346950,514100,246950,405050,245050,606950,
1/02/2012,272400,581800,216700,306100,435850,269850,420600,359800,344100,248250,381450,391450,446000,371050,457250,570150,,534400,349750,648150,,322100,405600,448100,270150,751300,555050,451000,530400,375050,296700,342000,391450,313050,318300,572400,479900,278850,,,236650,274400,406750,313300,,678050,371550,589050,553950,282900,289200,287950,574300,417550,371800,401900,207950,604100,358750,374400,278350,,372100,406650,357350,,335200,317500,343750,316000,388800,433500,296800,578100,474100,272050,,361050,346900,522900,248100,395850,245450,608750,
1/03/2012,273750,572050,209550,,441050,255850,419450,363850,349850,249650,381850,394050,452550,373950,461350,570850,,,344550,668750,,318400,407150,448400,,745250,557950,450700,532500,386050,299950,343900,386750,314850,321300,570300,481100,281900,,,237600,278550,405700,315000,,691500,370400,603150,547400,288400,287650,288000,577950,410850,372950,407100,212150,636850,359900,376150,273900,,377250,403200,351300,,344250,320250,346300,313850,377700,,302700,536050,474250,274700,,364750,351800,526050,253350,391650,249200,615500,
1/04/2012,267900,575300,208500,,442750,260500,417700,363500,354350,253200,382050,394350,455800,369550,463000,578150,,,347650,664250,,317400,400100,447850,,765250,545950,452850,536600,390400,299400,352700,380200,319450,325250,568200,484800,282800,,,244750,274750,403150,322900,,684350,376850,607850,560250,279000,284200,289750,582300,409600,372950,410950,218100,646600,359700,382100,270850,,382100,405050,349600,,343000,330150,351500,303950,369400,,305050,536650,477100,276800,,364650,355950,529300,256500,394850,248600,610250,
1/05/2012,269800,577200,205800,,442000,261850,416750,363750,354600,253900,382400,393850,457350,369650,462900,580400,,526750,348750,694700,,316650,400850,457750,,751750,549600,452700,527550,385550,302100,355200,378800,324100,325900,571950,485500,285100,,,247650,276800,397400,325650,,682450,387650,,563450,281600,286850,293200,572750,406400,374800,408400,222550,644650,362350,382550,277850,,382600,408650,346300,,344500,335450,351850,305750,370450,,306350,537100,484850,278650,,367650,355450,525600,259450,402000,250700,612300,
1/06/2012,272900,588050,206750,,442900,264300,424150,367400,355000,260750,378600,394150,460150,374800,464650,583950,,,350700,670550,,317750,397600,461550,,758000,538400,455900,530050,384500,305150,353700,382650,326350,329900,577250,488900,285900,247550,,251350,277750,398500,330050,,650800,395450,,550350,282400,287000,298050,566050,418600,376600,407950,225550,656350,365300,383900,273550,,381500,412050,349750,,348350,334300,355800,307850,373850,,309800,544850,484350,279450,,374150,357600,533550,261100,405750,251900,620200,
1/07/2012,277200,598400,207800,,444200,,425150,369800,357350,264200,377950,398250,458800,376100,466750,590250,,,349300,650600,,319950,398700,461950,,767000,535900,458400,533400,389700,308000,349450,388150,330000,332450,598200,488950,285700,246150,,248400,278150,400850,330200,,650850,397100,,550350,285750,291900,300050,568900,417950,380100,409800,224300,656700,363700,386500,270900,,380300,413700,355950,,349550,331950,358350,311650,373300,,313600,551250,486250,282350,,371550,359800,531300,262900,403900,252950,618050,
1/08/2012,277800,593100,206950,,443650,,430600,367500,361550,267550,382450,401100,466300,375100,468850,586250,,529200,349600,642650,,314850,412950,460400,,770850,538750,459100,541800,393100,311900,356300,390600,334850,335950,601750,489500,286250,,,252300,,406900,337000,,707100,398450,,546300,286450,291550,303550,580600,420500,383700,410200,226100,613950,364350,389600,278900,,380550,416150,356600,953150,350950,336450,366200,312650,374650,,316000,559150,486150,281850,,376000,362200,536650,264600,402250,254100,615850,
1/09/2012,278750,588000,205150,,446600,,434100,370050,365000,268850,389700,405550,473650,376200,472300,590600,,,352200,664850,,309050,420600,469350,,781300,540850,460000,552050,395200,318100,361600,401750,337200,336600,609650,493700,289100,,,255200,,406500,338700,,710300,400900,,560500,292750,296700,307200,582700,424850,387650,414300,227200,615050,365000,388950,281350,,384700,422650,371750,964850,347900,337550,363950,316600,,,314900,560000,499250,281750,,376550,363100,525300,265300,413450,256950,620550,
1/10/2012,277100,583800,206300,,448150,,433400,374550,368450,269200,394450,411050,476550,378050,479750,597000,,519100,352500,696600,,309100,422750,470050,,766900,536800,466450,554950,398050,319300,360750,405000,341350,341950,611400,500150,293650,,,257850,283850,409600,341100,,702250,402650,,574550,293100,296500,307250,585100,425200,390650,414400,229550,628550,372300,393900,279950,,389050,421550,369250,974650,351550,341850,367050,316900,,,319550,564650,502350,282900,,382600,367150,529200,261350,412250,254550,635500,
1/11/2012,277550,587200,213500,,457800,,442450,375650,372800,278150,401150,414500,482000,379800,481200,605700,,523400,353850,700900,,312550,417800,477850,,776800,541850,470350,557900,405250,323200,350600,409250,337350,347450,621550,510000,300550,,,261900,,417450,343700,,706550,404900,,587150,295600,300500,308850,581950,433250,391550,414750,235500,638150,375300,401050,283950,,397300,425300,377200,979900,354700,346500,369100,318550,,,320200,560300,508250,284250,,381350,374000,528350,263800,424300,256700,646600,
1/12/2012,278900,597350,220250,,461350,,445750,382450,376100,282200,404000,419600,486900,385050,487600,622950,,514450,357300,736750,,326700,417000,483550,,795750,540100,473100,565950,406150,324850,357400,411200,341150,351850,620450,518800,304850,,,263000,,423700,348000,,700450,406000,,603300,298750,302050,318000,597400,438850,396350,414650,235450,659650,381600,407800,281700,,394800,424350,376800,,360650,352300,374500,320150,,,324800,572550,524200,285800,,385900,376100,536300,270350,429100,258050,659500,
1/01/2013,286000,596100,223300,,466850,,442800,379900,378150,280450,402800,423250,489750,388350,482150,627100,,,371350,741300,,330700,427150,473900,,821900,560300,477450,565750,404350,328550,358300,417800,341200,352900,623300,524600,307250,,,263750,,431700,353600,,705050,407350,658250,607150,301550,304000,321900,603200,436950,401700,419950,236900,674150,381700,409600,284500,,396550,432400,382750,,364050,356950,375950,323300,,,326700,581600,528300,289100,,383650,378700,539450,276650,422450,261350,659350,
1/02/2013,292350,591150,227650,,468500,283500,442800,387800,381450,280850,406300,425650,493900,391000,482800,632600,,539400,371600,735200,,331950,414300,,,815600,556100,480100,576450,411500,336950,368650,426250,346300,361150,639100,533200,313750,,,265900,,434850,355050,,697550,406750,663000,625250,305750,306100,321350,610450,433500,403300,422050,238050,679550,384400,413600,287450,,398900,436150,389150,,366950,358200,377600,328350,,,331150,586250,537250,291300,,393950,385600,536000,281300,408700,262400,660450,
1/03/2013,300900,593950,231200,,471500,288250,441050,388800,388300,280900,413250,434300,504850,393050,493750,636250,,,378000,748150,,331400,428850,438350,,814150,559250,487600,590250,431400,343150,374450,430650,350900,366900,656050,540650,321250,,,270100,,435550,357900,,694700,416250,659450,633050,301700,305550,323650,605700,432450,406050,425550,240750,684450,387150,420100,294900,,405100,439100,393450,,370250,362800,386150,326900,,,340950,594400,536800,294500,,395900,390400,545500,284900,400200,268050,659350,507550
1/04/2013,301100,595000,232300,,480800,287900,449050,394550,389650,285800,413600,438650,510850,398150,497250,631250,,545350,377200,760700,,336850,431000,426400,,823550,566200,489550,597900,441100,345350,383200,436800,360000,369400,665950,551150,323250,,,272750,,437250,362600,,693350,418700,670150,640850,303500,310850,333000,605450,440400,410300,434000,244950,694400,395250,419600,301400,,414100,442450,394800,,376850,369350,391750,326650,369000,,350600,590200,545250,299000,,395650,397050,549200,284150,386950,270050,656700,508650
1/05/2013,305300,604600,239150,,486600,288200,459700,399700,393350,292400,418150,443150,517500,404300,504200,627550,,552450,377100,760400,,337100,437750,428450,,829750,575250,493900,603800,442650,348100,386900,442550,364900,372250,666050,551300,327600,,,275900,308050,433450,369400,,705250,425000,675700,645000,306650,314150,337950,608400,447000,412450,440900,244850,691400,398500,426650,303050,,415650,452500,399200,,378750,373800,398550,326150,363800,,355600,599900,548150,308050,,400600,401900,559850,285450,390950,274700,650000,517750
1/06/2013,307750,588550,235900,,496500,,466150,406050,401600,293000,419900,446000,524950,409600,506500,626750,,570800,384150,737700,,342150,443200,440700,,846950,589200,500650,616200,454250,354250,397050,449000,371900,378250,681350,558450,334200,,,275700,312900,434700,370200,,711800,431550,670150,648150,312450,321400,345150,611750,454100,417850,445350,247800,690600,399950,431700,303650,,425100,457600,408500,,383800,381300,406200,330950,366650,,359350,609850,551150,310900,,404500,408350,562450,292100,396100,279000,653900,522700
1/07/2013,312600,595400,240400,,506500,297450,473550,412250,409450,296750,424000,451800,531800,411600,510550,634450,,569150,383700,749650,,348350,450800,440450,,845650,600550,505200,620700,450950,360650,393500,461750,374050,377400,685350,567450,335750,,,279100,,443300,372650,,698750,435900,696050,658950,316600,323950,350350,613100,463100,422150,446000,251700,706500,401100,439800,306650,,434200,460700,419800,,387000,378050,407800,336550,371550,,360200,616050,550750,314100,,408450,413800,563750,300750,396650,284200,653750,519550
1/08/2013,319200,594350,239650,,509050,311350,480400,416350,413050,300600,425400,457300,533950,412600,509800,639150,,578000,378350,770400,,353850,465300,439750,,853300,603550,507650,615850,447950,368550,399650,461600,378100,382350,687300,569350,338250,,,279700,,441650,373500,,707600,440500,664750,660000,316600,321750,352450,625000,469950,430450,445800,253850,728050,402800,444050,308000,,437050,467650,422600,,391700,381700,410100,340050,372100,,360900,623350,554700,317600,,413550,417200,565900,305950,387650,288050,664350,529000
1/09/2013,318950,553300,243300,,515600,304050,488150,431750,406100,292500,425450,460200,534150,414750,520850,637100,,571650,371950,794150,,352750,467300,434250,,848200,625900,520200,613750,436700,363300,413650,453950,379250,389100,655950,577100,335250,281050,,278650,,419950,376950,,,444850,683950,662450,319100,323700,344900,643650,450350,435800,450400,250050,720800,417950,439750,306950,,437000,474050,422600,,389350,385400,405800,348100,412150,,354050,633250,565950,316050,,410100,419150,569350,285650,387150,284750,677700,528700
1/10/2013,320800,555550,243000,,518900,304950,489850,435000,410950,292900,428250,466400,536800,415950,526750,637150,,572350,376100,791850,,355900,469750,431600,,860800,629600,523500,615400,437350,365150,421850,452900,382700,389300,659650,579800,337400,283550,,280550,,419350,380000,,738350,447050,684150,660800,319400,325800,350450,649200,454900,440650,450950,251950,722000,417450,443200,305050,,438050,477500,424450,,391200,387350,406300,349300,415650,,356800,638550,567800,318450,,414300,421400,568500,285600,384000,286200,680050,527000
1/11/2013,322600,558800,246500,,521200,306100,493150,436850,412900,294400,430400,469300,541750,417800,529400,637550,,570550,383050,796700,,358200,471550,431000,,860700,628950,525800,618250,441250,366650,422550,452700,383600,392300,658100,585350,337850,284800,,282600,,421100,380250,,750800,448650,689600,665550,320700,327300,351700,652800,459500,443850,452050,253450,725000,422200,445700,307450,,440600,478150,423700,,392250,389200,408700,350800,417450,,358400,643300,569400,320050,,415850,423700,577150,288100,383650,289400,677050,527600
1/12/2013,322350,561750,246650,,523250,305950,509200,440750,414600,297550,432500,471600,549000,419950,531700,641250,,576000,370400,801250,,360650,473900,431450,,871750,635400,526350,620600,443950,368100,423600,452700,384700,393750,659750,589150,339300,289350,,283200,,423950,382950,,,450800,691000,668900,321200,326750,353250,658100,463250,445250,456450,251750,729200,422000,447500,309100,,442200,480750,425800,,396100,390450,409150,350750,419400,,359250,653200,578500,322050,,416350,426850,579150,290200,382550,288950,681500,532450
1/01/2014,323150,563600,244650,,520750,304700,505400,442050,412900,298200,430800,471650,552250,418000,536300,643350,,570850,376050,811650,,361650,471450,430400,,910950,632000,523650,624850,449950,368900,420050,455500,383450,393800,658600,593400,339800,291200,,287000,,422600,380150,,,455400,696000,672700,322200,328250,353850,654900,466500,448850,456400,251700,730450,420750,449500,312550,,442650,485200,425450,,393800,391400,412800,352600,421300,,361050,658900,593700,323750,,419500,428200,570200,287250,380850,290250,679600,538400
1/02/2014,326800,566550,248350,,522100,315050,510100,444950,415100,299350,431200,474500,554250,419550,541550,648900,,573950,380200,810350,,374650,472150,428600,,907850,630150,529050,630500,447550,370150,427800,456600,390100,397850,659400,592300,344100,292350,,288800,,425400,387200,,821150,454750,696250,671850,324400,331550,354600,663350,471950,450650,458850,256250,730900,427400,451450,315150,,446100,488050,426000,1045700,400550,394650,416450,355300,428600,,364750,662950,594250,326300,,422400,429600,568000,297550,379850,293750,689450,543400
1/03/2014,329600,564100,248750,,530200,316550,516700,445850,425850,303050,432300,482350,563850,423500,538900,654900,,573400,380500,801500,,374450,469700,432600,,950600,626900,533200,638350,450450,373850,423300,464350,395900,401200,661400,597000,344950,296200,,291900,,424400,390450,,836500,462450,704750,673600,327700,338550,360600,669500,473500,458100,463000,261550,723250,428100,456450,318000,,447550,499450,431900,1031400,406150,407050,422400,358100,436600,,372300,666250,600450,330250,,425700,433600,568600,299450,379250,297250,680400,545800
1/04/2014,331300,557600,254600,,540850,323150,516150,449900,428550,306300,446950,488300,570550,428150,538300,659500,,565200,384300,817300,,380950,467850,437050,,930650,616150,534700,643350,457150,376450,425950,467700,399350,405500,660100,606150,349450,301700,,292800,,427500,398500,,841000,467400,717100,689700,328150,339100,363250,674400,479750,462850,467100,265450,737550,437000,461850,324500,,458200,503500,437050,,416650,413150,427650,358900,,,373750,677400,608450,333200,,428300,440200,580350,306900,384600,300400,689600,552500
1/05/2014,337450,557800,257600,,546100,,530250,451600,430050,309600,445500,492100,579300,430850,539500,666100,,549850,393700,824500,,382800,463450,437750,,935000,609100,540000,648950,461200,375450,425250,480100,398800,408550,662250,611200,349350,,,295700,,434400,402100,,870350,466800,725700,690900,330200,339300,366400,685350,489800,468400,470750,268700,738250,439600,461500,322250,,463750,507050,444400,1061200,418300,414700,428550,361400,435600,,376000,687300,607000,339100,,426750,442750,580550,307350,387300,304800,693850,552900
1/06/2014,341600,563800,257500,,550400,,526450,454150,430700,310950,450950,498250,579550,439450,540300,668650,,560050,390300,845150,,378250,468400,440350,,932750,615050,543350,653600,463300,379700,432250,484800,404200,410050,674450,610650,347450,,1085800,296100,,444500,403150,,874950,469050,,691400,326550,339750,370200,684150,489050,476550,478100,268300,744200,440300,457750,321100,,470050,510850,450000,1069550,414550,417350,428050,366350,442500,,374550,699950,607900,339950,434100,427100,441550,587350,309550,392600,307200,702500,563500
1/07/2014,342150,560800,258800,,548700,321550,525200,459300,438000,316850,458150,503950,579200,443150,542850,691500,,557750,397750,845900,,378550,464100,447550,,988200,611800,546150,648800,466850,384500,433600,485700,407900,415150,675250,609500,356850,309000,,297000,,453400,407300,,911650,471250,,691350,330200,341800,375900,685900,483400,479350,477450,269300,751200,441800,459500,324350,,469500,522050,450250,1092850,411500,420300,430500,367350,443850,,375850,713550,608650,340950,,431150,441850,591250,309350,396650,309650,732400,569050
1/08/2014,349450,563200,267200,,550550,320700,527700,464950,435450,318150,463100,498050,578000,443450,545450,691600,,554200,397800,844750,,369100,456050,452500,,990350,607600,544700,653400,473200,386300,445300,487300,411750,418600,669100,610800,359700,308250,,299600,,462900,404700,,924550,477550,,703850,325750,340000,374400,695700,489050,481000,477500,273650,749900,442250,461350,326750,,471300,529700,450700,,409750,423000,438750,364000,434850,,382300,712950,611550,348200,438900,433050,445200,586600,310750,395100,316950,736650,567400
1/09/2014,350500,569600,274100,,553900,320000,533900,465000,437700,318750,465350,502650,575400,446050,547250,681350,,566600,404550,857550,,369100,456050,447800,,1014200,611900,548000,651150,467550,391600,438650,487400,412750,419100,667000,608150,362100,307400,,300950,,465000,410250,,924700,487000,,703050,329300,340800,376750,688550,491000,480950,481850,272050,757000,443650,472100,327750,,471800,534300,444400,,415400,426950,442000,365200,443400,,387200,716400,615200,349400,435950,432850,451950,582200,310300,391250,316650,730100,565700
1/10/2014,349700,574400,277050,,558450,321150,536300,467650,440800,320300,462700,503200,578100,448350,544650,680800,,556750,398450,834400,,370400,451150,455300,,996800,612900,550500,653400,468700,392850,441950,488600,414450,417550,672900,613200,362500,307300,,305350,,463700,417150,,909800,494350,,709650,330000,344250,375650,689950,496300,478800,485200,276750,748100,442500,480100,329400,,477600,534500,458200,1110300,413250,436000,447300,366450,448750,,392000,715300,617000,349850,,438100,461350,587750,306850,394750,317950,727350,569600
1/11/2014,351750,572900,276600,,558150,326450,540650,458600,446950,321800,463900,508350,579350,451950,551250,688100,,559550,401700,829300,,373150,454850,460700,,1020150,623000,557100,654450,466800,395150,437900,489550,416200,421850,679250,620950,364500,316450,,308600,,462750,418950,,921550,492700,,701550,336900,347100,381050,694300,499350,482900,488200,284750,744300,442650,480100,330650,,481700,537150,460400,1100800,416000,435950,450500,372200,447050,,391150,723700,609500,351950,,435450,462600,599050,310800,402200,319800,737800,570150
1/12/2014,353750,579500,271100,,563800,330200,544900,465300,446000,320600,466450,514200,584050,451750,552900,689700,,550900,402900,835700,,378150,457400,459600,,1041300,639000,558250,657100,480200,399250,447400,501550,419950,424650,687350,629400,368650,317650,,310450,,465900,414900,660200,932250,486450,,701550,341500,347850,382450,702400,505400,487000,489650,288300,744400,442900,477500,339450,,482150,542950,466000,1086250,416900,437300,454200,374500,452150,,395650,727950,613900,354050,456850,438200,461650,604600,307600,402700,321350,745050,582000
1/01/2015,354250,578250,272700,,561750,332200,545650,461450,446400,318050,465100,514900,579000,449500,555650,679800,,590300,399850,835300,,382050,475950,460850,,991900,670800,555150,650200,477750,402000,437300,501500,420950,426100,690950,627250,370400,311250,,309950,,453100,406000,,932250,482600,,694500,333250,339900,381200,691700,503800,486400,489000,286700,740300,443400,480300,336800,,478200,534300,459750,1056050,415900,437000,455550,362150,442450,,395200,718300,607600,353700,448100,434600,461700,608600,306100,398100,323850,738450,578350
1/02/2015,355050,582600,272800,,561900,338200,550100,459050,442400,316350,463450,514450,574850,452700,557900,679000,,596450,397400,838750,,386800,478600,455350,,1037850,673850,557100,647000,477100,402000,435900,497850,421300,423150,687950,627200,371600,311200,,310850,,451650,407750,,901800,479350,742700,698850,332700,345150,380200,681400,498100,485850,491250,287050,744500,444000,487800,340650,,474250,534750,456250,1076700,416750,433650,457450,364600,448100,,396550,720900,612950,356150,,435750,461850,608750,310000,397400,322550,729450,575100
1/03/2015,352900,577300,269850,,563200,339750,550950,466550,445250,316750,465850,514400,574300,449550,561400,684500,,603600,399250,806800,,387400,476200,,,1048000,680250,556350,646900,476550,403550,430850,496500,420550,428200,693000,627450,375550,314950,,310900,,442450,404450,,925200,483050,746350,689950,333750,351100,383100,683300,508450,486750,485950,283350,731300,446800,486950,339350,,477800,537400,458700,1087800,416300,434250,460100,366150,447550,,398050,719000,617000,354650,,439900,465600,597800,307350,394100,321350,738750,577900
1/04/2015,351350,574000,265100,,561950,341100,534050,466600,446350,325100,468350,515950,580800,446750,562700,688600,,611300,400150,823700,,386350,485850,456450,,1020800,682550,555650,657600,476000,399200,437900,501450,421250,428900,691100,629550,372450,315000,,313250,,458700,406750,656100,916300,480750,747750,692350,337750,354500,380250,684000,502900,489000,484250,284100,741950,449850,479650,341150,,475500,539550,456750,1098950,422400,433200,458850,372400,440750,,398200,722100,629500,352300,,440600,461750,597450,309300,397250,320450,750950,575100
1/05/2015,356150,571750,262800,,560700,336450,537800,464500,451300,326700,467900,519950,581750,447850,563500,688900,,611400,405900,839200,,385300,484600,455950,,1030050,675500,555400,655850,483400,395250,443200,503800,422600,423700,696400,628250,368950,320500,1107950,317550,,455800,412800,649750,944000,480650,765050,704550,340250,356050,385200,693750,508450,489650,485250,292200,745000,447200,480100,343500,,477750,543950,469150,1119100,417700,433800,457100,380800,447300,,399700,732150,630950,356750,,442350,462300,598700,308400,399250,327700,742750,577550
1/06/2015,354400,588500,274550,,564000,346450,535350,466050,455450,327000,469700,515600,589300,453850,568950,688050,,607150,409650,856350,,399900,498550,462850,,1029500,667000,556050,656350,483100,393400,448450,503700,422900,422850,695500,630750,370500,326950,,315700,,457500,417100,648650,914300,487850,765250,721600,348600,360950,389100,705600,503450,484600,489950,289600,766650,453750,484200,343700,,482000,538550,465550,1112150,428050,430050,454500,386650,462550,,397200,731450,636250,353550,462950,444050,464800,602650,316550,414350,322550,736050,578000
1/07/2015,356050,590700,279300,,563100,348800,538150,463950,453700,326350,468500,520200,590600,457100,569000,689650,,612850,408700,875150,,397450,501650,466650,,1076350,669300,557300,664600,485250,398000,448950,505000,423650,425050,700550,633250,373200,326900,,317800,,461050,416450,657400,942200,487350,752150,725650,352150,361650,393150,710850,506800,488500,495050,290450,773200,452700,487650,345050,,482900,540000,468600,1111100,424900,432200,456400,387800,467300,,398800,732700,639150,355650,458450,441850,466300,608600,323650,415400,321750,733100,577050
1/08/2015,354850,585650,283900,,567450,347700,538800,461550,451750,324500,466350,522000,582500,458650,568100,685650,,613700,412500,871900,,396350,497500,463200,,1041850,667000,558400,663750,488650,400350,453500,507950,424800,426800,706500,634700,376800,323700,1146000,317450,,474150,407350,658850,940700,488550,759600,728400,350900,360700,391800,702250,504900,488650,493350,289600,781500,455850,489600,348000,,484600,540650,469150,1107950,424950,434400,457400,386450,463150,,398150,731850,643700,354450,456650,442650,466400,603850,326100,410150,323200,734050,575100
1/09/2015,355100,583050,284400,,570700,348800,532900,460250,454900,328600,467000,524350,583100,454700,569950,686750,,610850,419200,872800,,395400,495850,460550,,1063250,664400,559450,662000,491200,400100,445550,508000,421850,424800,706950,637100,372250,320500,,320750,,468100,414250,664500,947050,491800,764300,728100,354250,363150,393750,697000,500750,489850,485850,292100,777900,454800,494800,350750,,483800,541800,465800,1117300,420500,438050,458700,387550,464100,,400800,735600,630700,356000,459050,440450,470750,608850,329600,411700,322400,733850,575650
1/10/2015,355450,582300,282150,,579550,352000,537250,460350,457850,330800,467250,520600,589550,456900,569950,693450,,609250,423850,867550,,396150,496200,463250,,1076950,665350,562950,666000,494600,401300,444900,511400,423600,423900,716600,646050,373300,319950,,322050,,471000,416150,661350,949300,488500,775000,723200,355150,363550,392150,700900,507100,490500,487100,294450,780000,455500,497700,350900,,489700,543900,471300,1120300,422600,437350,458050,390950,468450,,400400,737150,644500,355500,458850,438950,473550,607800,332150,412700,323050,738750,571850
1/11/2015,355850,581550,284650,,580500,354650,536300,458450,457250,331550,469100,520850,595150,458050,572850,689550,,598250,423600,869150,,399650,497600,462050,,1119800,658950,561500,666850,491850,399900,448700,513800,423950,421200,712700,647950,371600,318450,,325900,,471000,418800,660850,961700,489850,779250,718300,353450,361400,393300,706400,506050,491500,487450,296300,769450,455900,499250,354850,,491750,544600,471050,1143600,427250,437500,461700,389600,468650,,401400,737600,639250,356100,456250,440350,476600,611600,335400,412800,325050,730700,570050
1/12/2015,357950,579350,281600,,574100,350600,537650,459000,457500,332050,472150,517150,601050,457100,573300,688700,,601000,424000,860050,,403200,495400,463200,,1093700,654700,561900,675800,490050,397150,457100,511050,424600,421950,708450,651250,370950,317350,,325000,,478150,418500,662350,965350,496500,767000,715850,354600,361700,391100,715150,505800,488050,492650,296550,776650,456800,498650,358200,,491550,541000,468850,1156300,429700,435550,460850,391250,467700,,400400,730500,638150,358400,461450,445200,475400,620100,334000,408450,326400,726750,568000
1/01/2016,359300,586650,286450,,574350,352800,534500,462800,459350,333000,468150,515500,604850,459850,575700,706900,,596100,428350,867800,,406050,498800,458050,,1096650,660400,559250,675000,489600,397250,457200,513550,422700,423550,715900,652050,372400,318750,,325050,,478850,420350,658250,971950,498750,772650,721550,355950,363450,390900,715900,504450,487750,495850,295350,784100,456950,499300,357600,,493150,542200,471750,1162950,431900,434000,464450,390600,467650,,403300,734100,641300,360100,457800,446850,474800,623150,337750,404500,326400,744950,572400
1/02/2016,358450,588750,284200,,572750,359750,539700,462300,459200,335400,468550,517200,605250,457450,571500,708800,,593400,426150,862150,,407950,501500,456350,,1107350,658450,560600,679900,490500,398200,456100,514150,424400,429450,713350,655950,370900,318800,,325100,,477650,420000,655250,974000,500050,769200,720000,358350,365950,391800,718500,503500,488800,497300,292650,782450,457700,501550,359000,,490050,548750,470450,1161600,433800,438300,464250,393500,469150,,403650,744200,642950,360900,455600,445950,476350,615550,339700,406550,325550,752150,580400
1/03/2016,358950,597150,285150,,577250,357800,538200,458300,455400,340150,472050,522050,605250,458750,575300,717150,,599900,429050,876700,,407500,500200,457000,,1137400,658900,558600,679350,492400,399450,461200,513900,426800,430500,716350,657550,371900,319800,,326250,,482000,421350,666200,1000000,499150,792250,724450,361300,367350,390500,734550,508350,491300,494900,292400,780500,458900,504000,355850,,487700,549400,469500,1203650,433750,437400,467800,395450,470600,,405350,741450,643600,362450,456050,449300,478100,619650,337450,407450,324900,759750,588150
1/04/2016,359350,599350,285550,,580950,359550,545550,465250,458600,337000,472200,528000,611800,458550,577450,725300,,615600,435800,879000,,408800,499050,462850,,1133200,674250,570450,678600,494150,402450,461550,516950,431750,429100,712650,662250,377100,322350,,326750,,487600,425800,663250,986950,501250,,731900,362500,369350,394550,735650,514800,502150,496500,294150,790600,464000,506450,358450,,487900,554600,472700,1172850,431400,436150,471350,398150,471800,,410250,774650,649050,362200,461250,450150,481500,617900,338650,411400,325800,766150,583500
1/05/2016,362950,605850,290400,,582650,359400,547650,466250,458900,339400,472600,531900,612800,458250,579750,726550,,616300,435100,893850,,410500,504100,462850,,1135850,679250,567300,688400,494900,398900,462350,515700,431750,431450,709650,667450,376850,323300,,327200,,483700,425450,668300,1002850,505150,,745100,365800,372100,393650,747100,516250,505400,497800,296700,805250,459150,508900,364050,,493000,560000,474100,1195850,429500,436150,469650,400250,473200,,409500,783000,657800,361350,462850,451000,485350,619550,338850,412500,327850,767500,586200
1/06/2016,363250,607500,292350,,586200,361000,554100,471850,460100,336350,476350,533400,611850,457250,576000,727450,,627800,434800,876800,,409250,509800,455650,,1144050,682450,566050,682650,499850,399550,463100,517550,430100,431000,721300,666200,373500,323800,,325000,,485800,427100,667950,999250,502600,,761050,363550,371750,394350,742050,518750,504100,495550,294500,800650,463000,509300,359450,,495500,564650,474700,1195650,426300,433550,470050,397350,477750,,409400,779550,665150,361300,463000,451200,487000,619150,337100,407500,328000,766900,583000
1/07/2016,358550,572500,290300,,579650,346650,537850,462650,458300,328150,483500,532050,598950,450900,570850,725650,,601050,446950,856450,,410800,501950,419100,,1169950,654350,565000,687000,500000,403100,458400,522000,423500,429950,730800,660850,371600,323300,1148400,318300,,497850,423300,660550,966500,492500,,747000,357250,361850,386850,738600,504550,501850,494150,288550,792500,458900,504550,361450,,500700,550000,468000,1112150,429050,434850,471000,384900,467350,,412400,798250,663950,360600,477550,445950,483450,628100,327200,421150,327600,771600,585600
1/08/2016,358300,570400,290750,,579850,346150,537500,464400,459300,329350,482950,531050,600200,452200,571100,726750,,600400,448350,854100,,407450,503600,417150,,1142900,657100,566650,681700,500600,403400,459950,523250,425750,432250,731650,660700,373900,323650,1145600,319250,,497950,424000,662300,971900,493250,,746650,358050,362550,389600,738150,504900,502050,495800,289900,792150,460550,505050,360350,,503350,551400,470300,1111100,429400,435950,470300,386400,471700,,412700,793900,661100,361300,475600,446800,483850,630500,327200,421700,330050,767050,586950
1/09/2016,359050,571200,291950,,581700,345800,539050,464600,464000,327550,483650,533700,604100,453900,577150,723950,,600350,448700,862150,,408000,505650,417950,,1119650,658850,565350,685500,500900,405350,460900,523700,425500,433650,730850,662950,374800,323900,1144600,318900,,499000,423400,666450,970700,491900,,746500,358500,363150,389300,729400,505350,503950,495600,289850,798000,459750,505750,360950,,502500,554400,470150,1106700,430400,437850,472200,385800,471500,,412850,798500,666650,362200,474300,447950,483800,630200,327350,423900,328750,760800,590700
1/10/2016,360850,574050,292250,,581500,345800,545100,466400,462250,330450,488550,533450,604550,454950,577200,722250,,599000,448250,858250,,405600,506850,420650,,1099750,657800,564600,679650,502150,408500,463700,524750,429500,436600,727800,667500,376700,324900,1149100,320800,,501150,425700,661300,964400,496000,,746950,359650,363300,391350,739500,510150,504450,497750,289850,794700,463850,509800,361800,,503800,556650,473400,1091300,429950,439650,473900,388850,475600,,414050,800550,669450,364550,477700,449300,487050,627700,328000,426400,329050,756450,594500
1/11/2016,362200,574550,292000,,585150,348050,550650,466150,463000,333350,490950,536350,605050,456500,579350,726950,,608050,456900,856400,,411800,507350,423000,,1123850,662700,568300,682800,505300,409400,471250,528900,432200,436450,733500,670200,376400,325800,1159900,322550,,502400,430050,656650,959050,496650,781600,749900,361200,367700,391150,743800,515600,505150,495300,293150,799600,466000,509500,367600,,503250,563800,477600,1100000,433250,443000,472700,390650,475850,,415500,818450,672650,366700,483100,451600,488900,623500,329850,428650,330300,762500,600950
1/12/2016,367200,585050,293350,,581650,351100,561950,468050,465550,329050,491200,535650,607700,457850,582050,734150,,610650,459700,864200,,412650,509200,424250,,1156950,674900,569650,689650,507150,410400,466150,526850,430800,438200,730950,672900,384250,327050,1181300,324650,,499050,432550,653100,953450,499250,785650,752500,364250,372150,390400,745550,521200,507450,494200,298100,803150,468600,514750,370150,,501100,567800,478900,1115400,435400,444000,474900,393500,477500,,416200,815150,683150,370900,477150,453950,490600,614900,331450,426050,336400,769900,603850
1/01/2017,370100,586850,295150,,581750,351900,562100,467350,468900,326550,490750,537200,605100,457550,585000,738900,,612700,464350,870150,,412600,507950,426050,,1163100,672550,573700,688800,512150,413100,465950,528100,429300,440500,731700,668350,383100,331900,1183900,325000,,499900,433900,656150,951850,499550,790650,754850,362350,372300,389950,741200,520350,506450,494150,297950,801900,466100,513700,369950,,500400,569150,475400,1119650,434250,446650,475150,391300,477000,,416750,815100,686600,371800,481400,454150,490300,616100,331500,429400,338900,775950,605850
1/02/2017,371350,585300,300100,,581200,353300,560600,466750,466750,327100,490750,538150,609350,460900,582650,740300,,609750,459600,868550,,415700,509000,426750,,1177100,673750,574500,688450,515350,412300,453950,526050,428150,441750,730950,671150,383600,332400,1185750,327500,,495500,436500,658000,947700,501650,797400,751550,362700,373500,390450,739250,523750,508900,497500,300200,797650,468800,518200,370300,,500500,569650,476400,1096100,436250,447400,478850,395100,481950,,416800,828200,687200,374250,481700,454950,493400,625550,336250,430400,340900,773950,601050
1/03/2017,372150,582550,303100,,585250,354500,556650,462750,461850,328750,492750,538900,601950,461300,576550,737150,,604650,457000,864350,,415100,505700,430200,,1078600,666000,576900,681800,517200,411850,455250,529400,429550,440300,736950,667500,382200,333050,,329000,,497400,438100,665300,934500,500100,787300,744800,363550,372700,390900,722000,521650,507300,500000,301450,799050,465050,517350,371200,,503900,570200,480450,1067450,435000,446700,476250,397900,481950,,418400,806300,683100,375250,486950,458850,492000,634600,337300,440200,341600,775550,596650
1/04/2017,372500,580000,305650,,584900,354250,562350,461700,462700,331100,492550,537150,607700,458400,577850,734950,,602100,456600,867200,,415500,500250,429450,,1087450,668900,572700,684750,515150,411100,461850,527600,429400,438300,736700,669800,381950,330700,,326300,,496600,437550,669600,952500,499450,784000,742650,365600,375400,388850,721950,521800,505750,499450,298050,802350,459800,515800,369650,,501850,568950,478400,1093450,436900,448400,475050,398550,482550,,417700,808350,686700,375200,486400,455650,488050,634850,339100,437800,338350,770400,590050
1/05/2017,374500,581250,304350,,584300,355500,565300,463500,463350,328300,492100,535750,606850,456550,581350,733950,,603750,458350,866200,,415550,498750,427550,,1087000,665800,569800,683550,514900,408550,473250,523100,434800,437650,730200,668800,380550,330650,,326250,,499550,434400,669700,956950,499600,776750,746550,367700,378550,390250,729150,521250,504900,496000,297950,804950,461750,514100,370500,,499300,565400,476550,1087600,437000,448200,479200,397750,481000,,421750,808950,688800,375250,486200,452350,487350,630300,335450,437750,340350,776100,591300
1/06/2017,369600,578900,308850,,579650,354700,570050,462500,462050,326900,490150,533000,608750,454950,582450,735400,,607800,463900,871300,,413900,499700,430700,,1071950,664300,567900,685050,512250,410400,466450,524550,432300,438600,743550,666500,381500,330400,,325100,,501000,431400,675550,965050,496850,788950,746900,366200,376150,388900,728450,517800,501800,495850,296100,811200,461750,515050,369450,,500800,565450,473650,1093250,435650,446700,477850,395550,473500,,421850,814250,690900,372250,486450,451300,485700,637350,335800,434250,335400,786200,590150
1/07/2017,371500,579750,310950,,579000,350750,566250,463750,460200,326650,484550,534950,601600,453650,577850,725750,,605900,458300,863500,,415300,505800,430500,,1055950,664200,567900,679700,510300,411050,465550,525500,433800,436750,738900,662800,382950,329450,,323900,,506150,428950,678150,961700,497650,796600,746100,367000,373650,387450,732800,518550,500450,495700,296700,800000,463950,514250,370600,,498550,565400,472100,1086700,434400,446200,476650,394500,469700,,420600,816600,683300,373700,483550,453800,485050,637600,331450,430850,337950,778500,585200
1/08/2017,369950,572800,305400,,572250,349650,558750,464700,458850,325800,483150,529200,598800,452300,574150,711450,,598500,455750,850250,,413350,502950,427600,,1039650,662450,565800,678800,504450,410600,460550,528100,432600,432500,736350,660650,375500,332400,,321050,,504400,431800,676550,951150,498750,787750,740000,363600,367400,385750,732900,515400,494800,490550,295950,788550,456900,509950,367350,,491400,561650,471400,1070750,432800,442600,472150,392550,468550,,417200,797150,680550,372250,480800,453250,480300,634300,329950,429600,337000,756550,590100
1/09/2017,367150,563400,299400,,572250,350550,551150,466200,457600,324300,481400,522750,594850,452600,570600,705850,,593800,457600,848450,,414250,499250,424800,,1046450,658950,564200,676300,504500,407200,461350,525450,431900,432450,728550,655800,371400,335350,,320600,,504000,430500,691150,971700,501900,787100,735650,358450,362000,383700,732800,507650,493750,489000,293000,787900,458950,506300,366900,,494250,558300,463750,1068300,432550,440200,470150,388500,466500,,416250,808150,678800,370750,478700,451250,479200,636150,329700,432550,333700,753200,591900
1/10/2017,366600,570050,292550,,571700,347850,548000,465250,456950,327250,480150,527950,601650,454700,572600,709750,,593050,461350,849800,,412750,497750,428700,,1047950,660800,570100,676200,508200,405500,450800,523950,427750,430400,725050,659650,371150,327300,1143600,322450,,506950,432400,691100,972150,504250,787150,742050,356800,362300,384950,725850,506000,495500,494000,293550,790950,458300,508250,365550,,496750,559650,468650,1073650,430800,440100,473600,387350,467700,,418150,814700,683600,368100,480400,449950,479100,638550,326400,431600,332900,744300,592300
1/11/2017,368050,575300,288500,,574500,347900,547900,465100,450850,329200,480150,530850,604400,459750,569250,713900,,597650,463850,851500,,411800,492500,429350,,1074000,660400,570200,681350,511650,403350,451850,526050,429300,430650,728550,666150,369750,,1165900,321450,,512800,430600,695150,977900,500600,787050,746800,354500,361450,384000,730200,509450,500050,500700,293350,788450,458300,509350,367450,,498700,561600,470200,1085700,432800,442650,475900,383050,466800,,416300,827450,684950,370250,482500,448350,477900,651900,329700,432100,334900,748500,590400
1/12/2017,366600,580800,291450,,581100,347300,549950,465300,453850,327850,485000,533100,603600,458100,566900,717250,,606250,463550,871700,,410700,490500,423650,,1047300,659650,573800,678450,511150,404600,453750,530150,425200,432250,733600,662050,369900,327000,1162000,320650,,512850,429400,677700,976450,503450,794150,750650,354100,358050,385850,728350,509850,502200,501750,292250,794900,456500,504200,362700,,500750,561450,470300,1129200,429700,443300,478200,383350,465400,,417500,828250,686650,370150,481400,448150,479000,649200,328950,428750,336150,751000,595550
1/01/2018,365800,582400,285050,,570200,348200,548850,464050,452400,325850,484050,529200,595750,458800,567850,715850,,600850,456800,855700,,407100,488550,425050,,1091250,655300,570400,679000,505250,403450,454800,522500,426100,432550,726500,656950,368900,330400,1162000,318350,,509900,432650,677500,982350,496450,799700,743600,352550,358700,386800,730450,508350,501850,503700,288900,777000,457450,504850,362300,,490550,564950,466300,1103150,429050,441150,480900,381600,463050,,418000,827800,682550,369800,481300,450250,475400,648200,328150,427900,334350,755400,595950
1/02/2018,365700,584250,293150,,570450,348850,544300,464100,454850,322550,486650,530150,592950,460800,568050,711850,,603900,460150,858350,,405150,488750,429000,,1081050,659250,569150,681450,503750,404800,455650,524250,427150,434050,726750,654650,371700,331650,1151250,316550,,512500,430500,668300,978450,496400,800850,740300,353800,360850,389250,733200,512450,503800,498500,287950,785600,456300,504400,363450,,491350,563250,468300,1101200,425800,441300,485700,382200,463750,,420550,810950,677200,369750,483250,457950,475650,646250,330250,435350,334200,753600,597800
1/03/2018,364700,584900,289700,,569600,345700,546750,464050,455550,321700,489050,534100,595050,459700,570600,713050,,607500,457550,872950,,410150,486550,427750,,1086400,658400,570250,688200,501800,405450,453600,525750,431250,432000,723050,653950,367850,333050,1162250,317600,,510300,428000,663950,973500,495300,801200,747450,352600,360700,390950,730750,512100,503950,500900,289950,787250,456150,507100,364300,,490950,559650,470250,1111550,425750,441100,483150,381700,465650,,419750,816350,685100,367500,483550,461150,476900,647700,329250,437500,335000,753050,595950
1/04/2018,364450,586200,295350,,574350,342350,541900,465350,456800,321350,482350,532950,598350,457200,570000,724050,,603100,462500,870950,,409100,488700,430900,,1082450,659600,570600,688400,507200,401150,453900,528600,429150,428300,727550,655750,368100,327900,1160000,320900,,506400,424900,678100,976900,496500,792600,751650,353800,363750,384850,726900,513350,499700,499700,294700,797800,454700,507050,362550,,494550,562050,471150,1115600,427550,440050,483900,386350,472600,,419650,816600,687950,369150,484000,456100,476450,643200,328900,438950,337550,759250,594600
1/05/2018,365400,587400,293250,,570950,343600,543850,462850,456150,322600,481050,529850,598900,456600,568300,731700,,607200,468250,866850,,406450,489750,430750,,1125650,655950,569800,686450,508200,398150,453600,530600,429500,427100,734400,654250,369150,331450,1163400,321300,,506900,422650,674900,990850,498600,795250,749500,355400,366050,386750,727050,511600,497500,502100,296550,802800,456050,508200,364350,,491850,565850,470600,1124700,427350,436250,480950,384100,473200,,418100,825150,689250,368750,486850,453650,473750,644250,330250,439350,338100,768600,589950
1/06/2018,367100,596100,295050,,567050,345650,558750,465850,455500,326300,480750,530300,600300,455000,574100,743000,,607050,481300,877450,,406200,492450,431800,,1195500,665600,571550,685050,513000,396100,457250,531850,430100,430150,743750,659800,370100,,1174900,321250,,509900,425650,682300,1012500,496850,814100,749550,357600,368300,388150,728100,519250,499250,500900,304550,799450,454300,505450,364200,,490250,571350,472150,1127150,428950,437100,485250,387600,472400,,419550,829550,697050,372050,490100,449850,473700,644500,332300,440050,340500,800000,593950
1/07/2018,367200,591550,294550,,562550,348000,559300,463100,457850,323600,484800,530050,597850,455600,572750,742550,,605000,478800,874200,,404300,499800,425900,,1159350,660500,574800,689000,511750,401800,461800,529100,432150,431450,742400,653500,370650,,1171750,319850,,507800,423750,686850,1017900,498250,827850,749300,354600,366850,384200,727150,519750,498250,497100,296650,799900,455800,503550,364900,,489700,570500,465750,1144250,428250,433950,480100,380200,469650,,415900,823700,696550,370950,483900,448950,472150,650100,332850,432950,338850,793700,594850
1/08/2018,364250,581850,299000,,564050,346150,554800,462850,454500,326800,480250,531600,594600,456950,571200,738550,,601150,478000,862500,,404950,503650,425350,,1187100,653150,573650,681900,515100,401600,462400,531800,432800,431350,743100,649300,371050,331900,1165550,323400,,508450,427650,690200,1000800,496400,825850,750000,357400,369650,383500,729550,517600,499950,498350,296750,793450,457100,501400,364850,,492150,570550,468050,1127100,428650,434650,477500,383050,469700,,413500,832550,692200,370150,481750,448850,472700,642450,332250,433550,338400,780350,593950
1/09/2018,361700,584600,298300,,560800,344200,544200,462000,456050,328950,481000,531050,594850,457700,570600,733550,,603450,486050,852100,,401650,508050,433200,,1196600,652750,572800,679950,515550,400700,460950,528850,430600,431300,748650,648400,373000,,1161900,324250,,510950,426200,688300,1005950,497400,810750,736400,358950,368250,384400,727400,512200,499950,498700,302700,784750,452900,497350,363400,910100,487450,575300,466150,1120300,427900,435200,475900,388200,474750,,414700,831900,694500,367350,486250,450050,468700,634650,331750,434800,336350,772650,590000
1/10/2018,361300,578500,290250,,559200,349400,549950,463850,455500,328350,478600,534500,598700,461200,572500,726400,,600400,475850,859500,,404150,507900,434050,,1217700,652200,571250,676950,511600,397800,462050,534100,431900,431850,756850,650500,372950,330800,1161650,325450,,507800,425700,687500,998600,496950,806900,733300,360600,364650,386050,723350,512200,499050,502500,302000,779950,453600,501750,365500,904900,488950,569400,466650,1099750,429250,435500,474350,389850,470200,,413950,820250,689750,368700,493800,446700,471900,640150,333500,445300,336250,767900,590400
1/11/2018,365250,589400,287400,,560100,351550,552100,467700,456450,329150,483200,536050,596300,461800,576450,729900,,607250,486450,871550,,407450,514750,439600,,1199200,657450,572800,683750,515750,403700,465800,533200,432400,436400,753850,652850,375350,332600,1172700,325600,,513900,428400,686750,985400,495750,820050,739950,362850,366150,388100,727000,514750,501200,502250,302750,786700,455300,506500,366850,916650,487700,574350,465850,1120350,432050,438950,477150,393800,474200,,418000,833800,700700,370700,499150,445050,474900,641450,332400,449150,337650,764200,595550
1/12/2018,367650,585850,293850,,558750,351050,558750,466750,456200,330050,482250,534400,594350,461050,576000,724400,,604600,490100,863200,,406650,513400,443650,,1235750,659450,569800,678400,517450,404250,463750,529050,431900,431250,744900,650800,377050,329050,1171750,326900,,511850,428150,686750,991300,495150,811950,743100,363000,364650,390250,721100,517350,499900,502100,302600,786950,457800,508150,365400,907550,489000,570650,469250,1111000,429800,437900,477200,395300,472750,,416900,821700,695350,373250,497050,441700,477050,643500,332200,451000,339600,751300,590900
1/01/2019,367200,590450,298200,,562100,351450,554300,466050,459600,329350,481350,533700,589200,460200,579100,730550,,605500,495200,862000,,409700,514300,436100,,1191500,660450,568500,678800,515000,400900,462350,532300,429750,430200,741050,650400,372250,325350,1175800,327350,,512050,427950,690600,982850,495850,804650,745750,362700,367250,390050,723650,518450,503700,503500,302700,788400,457150,507200,365150,907300,486800,568650,474900,1092650,430050,435800,477500,392750,470800,,418700,821550,695150,371850,496350,445900,476400,644400,332500,441750,339500,755500,590450
1/02/2019,363250,587000,296100,,564950,347150,548650,463650,456850,328700,478750,532400,588700,460100,573650,726850,,604700,490700,864800,,408450,516450,429900,,1182800,655750,569100,672650,511700,400900,455000,529550,427400,431200,736850,649450,370100,320000,1174950,323800,,508700,424150,691950,976900,494250,788950,738850,359200,364800,387400,725050,515100,503400,501650,297300,785350,454200,505450,362400,901600,487550,566350,476000,1079600,426900,434700,475000,389250,465250,,416250,814850,695100,369600,497750,445600,476950,645400,327200,440800,336750,749800,584200
1/03/2019,364300,601550,290700,,561650,344950,551950,461400,458650,329000,479900,534400,587200,459700,571000,739150,,613500,495500,865950,,409300,519350,435950,,1193550,675350,569450,665900,514350,406750,459050,538000,426950,433700,745300,648500,374200,325250,1157800,323600,,512650,421850,685800,983300,494450,794550,738600,360200,365500,388250,720900,519200,503800,502800,297300,794800,451800,507950,362900,914050,489500,570000,481250,1091600,427500,437100,476900,389050,473350,,418700,817950,688800,370750,494050,443000,478150,641750,328550,444550,338950,769050,588500
1/04/2019,366100,601900,285300,,563500,347400,552550,468700,458100,332300,481200,539200,594450,460150,574000,735900,,622800,497650,861350,,409700,520700,431800,,1250400,688650,572200,670900,513900,410600,462300,539100,432200,435450,748150,656650,381150,331050,1146150,324100,,514000,428100,686300,1005800,500800,805000,744250,364650,370600,391550,723750,519900,505250,502600,296200,798900,456600,512950,369100,927750,493750,575600,483450,1102000,428850,435050,477100,393050,476550,,421400,835250,705350,371800,492950,448050,479550,641400,328400,443900,337800,771300,592550
1/05/2019,367700,601650,293000,,560500,349500,555600,465000,456400,332800,481950,536900,593250,461000,573900,743300,,626300,497600,871900,,410900,523050,434800,,1256750,692200,572650,669700,514100,412450,462300,540600,432600,434900,751900,657250,382150,335450,1149750,323900,,515700,427800,683250,1010400,500700,802200,755000,363150,367950,392600,716200,520500,505650,501700,295150,805150,455100,510250,368350,943450,492400,580400,482450,1115750,429950,431150,478900,393350,474550,,422550,842650,712200,372750,490350,447250,479500,637000,331050,440850,336650,784100,593150
1/06/2019,366750,657750,302100,,564200,350850,558700,458000,451900,332950,480100,537400,604200,459000,573750,749900,,634600,503650,899300,,402600,527950,482400,,1219750,693650,569100,665700,514800,406600,454800,542450,430700,434050,764650,661800,377500,331800,1182100,323200,382600,529300,430800,686400,1010850,502350,812200,760950,363700,368150,390750,716500,524800,507950,505000,303600,812350,451400,504750,370050,974050,493150,581450,488800,1217050,429600,432000,490000,381350,462050,,427450,844300,750600,373050,533450,449450,488050,642350,329600,450500,337550,779200,592400
1/07/2019,366700,659800,302800,,565000,350950,560450,458250,451700,333600,477550,538000,603750,459250,574650,750550,,634850,504200,900100,,403100,527850,482150,,1222150,694250,570300,664750,515200,405350,460150,542800,433250,432100,766300,662400,375650,332650,1180600,322950,381600,529750,429950,684400,1012400,503550,813100,762850,364200,369450,391850,717000,526150,508550,505000,304000,811700,451250,506150,370350,973200,493150,581600,488700,1214000,427700,431900,490000,381300,462800,,427600,845150,750600,374000,534600,451000,488250,640400,329550,451300,338150,779450,592450
1/08/2019,367650,658400,302400,,564100,350250,560950,456350,452000,333150,479050,537000,602950,458600,573000,752500,,634050,505900,900200,,403000,527500,482200,,1220850,693550,569000,662550,514800,404700,464450,543150,433150,433100,766300,659200,374600,333250,1180900,323200,381150,528100,429450,680700,1012850,503300,810400,761000,364000,369700,390900,717000,526550,507250,505450,303750,810600,450700,508050,370050,973100,492950,581600,488300,1214200,427100,431800,489500,381700,462250,,427800,847350,751550,373400,534000,450850,488350,642000,328850,452050,338150,779300,590500
1/09/2019,366550,659950,302200,,565550,350950,560450,457450,452800,333350,477800,538050,602850,458650,573550,750150,,635300,507700,901750,,403850,528850,483050,,1223250,693850,569600,664300,514700,405650,466150,542650,433500,433350,764250,661600,376050,334200,1173300,323550,380750,530400,430550,678100,1011000,505500,810200,760900,364500,369700,390750,721500,527250,507450,506450,305700,811250,451350,509700,371900,978900,493700,582350,487200,1207000,431150,432800,486650,381900,461700,,425800,849050,755650,373450,532750,454100,488800,645350,330700,449150,337450,781250,590350
1/10/2019,366100,660400,300500,,565350,351750,560950,459400,454350,333900,478250,537700,604250,459150,574600,752600,,635450,512100,898750,,406900,528450,483550,,1219000,695350,569800,664800,515700,406900,468450,542700,435350,434500,762150,663250,377200,333700,1178600,323000,377450,530750,430700,676100,1014850,502400,811450,761450,364950,370050,390850,723400,525700,506100,506000,305050,810850,452550,508100,372700,977150,495400,584350,489000,1213650,432200,433450,487000,382900,461050,,425350,852900,754600,373900,530800,454600,487550,646950,329950,449450,338350,782550,589450
1/11/2019,367500,662050,303800,,568750,352250,562150,461250,458900,334850,481000,540450,606250,460100,576100,748550,751650,636000,515200,897000,,407850,529400,483300,,1233750,694100,573250,669850,515600,406300,458500,545650,434550,435700,764600,663750,378500,333250,1170750,324600,380750,530050,431450,681700,1022200,503550,815150,762150,366300,371500,393450,727650,526500,509350,507550,305500,811350,453900,509200,374650,975950,495200,586200,490400,1220100,434650,436100,491550,385150,462150,,428300,863300,757950,375050,539700,454550,487650,650000,330750,451250,338400,778200,597750
1/12/2019,369350,664100,309400,,567600,355850,569150,462700,457800,340850,481500,543850,606900,463750,577200,755400,748050,639650,519050,901750,,412900,529500,488400,,1231200,699050,574400,670700,521250,406250,456700,549800,438600,435600,769400,661350,378650,331700,1157150,326700,383000,527200,434200,694150,1023950,501550,809900,767900,369000,375450,393650,730800,532350,511450,510050,305850,822150,454900,512000,377200,987550,493550,587950,493800,1210650,436600,438900,494300,390400,467250,,429000,862300,766800,377450,547250,454400,486900,651950,332250,458600,339900,783550,596850
1/01/2020,371500,663800,311700,,565200,361750,571300,461250,456650,342250,480650,542600,605950,464650,577000,752750,751150,642100,520300,908100,,416350,531700,488150,,1233700,699200,573800,671500,525450,407300,460050,549850,440000,437750,777000,655250,377250,333250,1163700,326450,386050,529700,434200,695000,1029200,502950,824400,769600,370600,376900,393300,732950,532000,511550,507100,305450,825350,453900,513300,377850,993550,492150,585400,492950,1205600,439450,438050,497600,391550,469100,,430100,864950,769750,378500,544300,452500,489550,646100,336850,458900,342600,781500,598500
1/02/2020,373850,668800,308750,,560850,362950,578300,465250,456550,338250,481350,544900,605150,465900,579400,754700,755550,641650,519200,905150,,419050,532800,490600,,1232600,700050,576100,670950,528650,410700,463450,549150,443550,439250,775250,654950,379200,339500,1166800,327350,387550,528800,436250,688850,1025250,505350,821800,769550,375150,381800,395550,731500,539900,512200,507000,306150,824800,458050,514750,381850,995100,494400,585600,497350,1194650,441450,437700,498400,395000,474950,,433450,859400,773800,382300,548350,458450,489050,644700,340550,461050,346400,785400,601450
1/03/2020,375100,670850,307850,,553350,366300,582500,468750,464000,337200,489650,546650,606000,469500,579850,749550,750500,639700,520750,901050,,417600,530650,493100,,1216200,700050,577800,672800,528450,410950,465450,551350,449550,444000,769600,649900,382050,340100,1180350,330150,,529600,441350,685950,1010000,507600,819650,769800,377850,383850,398350,732000,543850,514500,511700,309550,822450,458250,516050,384900,994200,489900,589400,498300,1206000,442200,439200,500800,397300,476100,,435000,859700,771100,386000,545550,458450,488600,643800,342900,456300,348450,784700,608850
1/04/2020,375800,671100,307400,,562800,364850,584100,471350,463200,335100,492400,548500,609350,470950,580800,747850,745500,637050,525100,902800,,419550,530800,492050,,1218650,688700,579600,673750,530300,409950,474100,555750,455900,445800,770300,665100,381250,342350,1184200,330550,,526950,442700,687350,1017700,508650,831000,768950,379100,385550,399250,733350,541700,516650,511600,310950,819100,461000,519550,387850,994050,492600,593000,504550,1211800,444800,438000,504750,398200,476150,,438250,866100,776300,387250,553100,464150,492800,643550,342700,460900,348450,780150,607100
1/05/2020,376750,670150,310050,,565100,368200,585850,471050,465000,338350,492000,550700,610400,471250,583050,748550,748350,639350,525500,897200,,421100,531550,491800,,1217200,688250,578850,671200,530950,410100,475800,555900,457350,444450,773500,666350,381500,342250,1180250,329950,397050,527150,442750,688400,1016450,506800,834550,769500,379150,386650,396550,735050,540700,515500,513150,310200,814950,463550,520100,387150,984350,493800,595700,503300,1211850,444850,437900,506250,399200,479200,,439550,870150,780850,388200,554000,463350,495200,644800,345200,459500,347950,781600,607300
1/06/2020,376650,666900,312700,,563100,367600,582650,471250,464100,343100,491450,549500,606750,473350,581550,751950,752800,643900,520300,895800,,419050,538550,492450,,1215650,694050,579750,666650,528700,413650,475450,558400,457150,446250,775500,665150,388550,345800,1183800,330250,,529500,440050,690200,1020350,508000,829400,756200,378150,385550,398100,736750,543250,518100,515900,310500,806450,467000,517000,389300,957550,492900,597200,506100,1212350,445850,439100,503150,397250,478150,,437400,873150,773400,386300,557900,463600,494200,650050,345300,464550,348400,782100,608900
1/07/2020,381300,674600,314150,,557250,370350,582250,472150,466650,352250,497950,552100,605050,478800,585500,767050,760600,656900,526600,883900,,421000,550300,497350,,1214900,709150,583400,666100,527200,416100,476900,558300,458400,450600,773100,660000,395400,,1163950,336350,,530300,438900,696350,1022400,512350,821000,754100,382800,391550,407100,729900,545550,519750,526200,316250,807850,469050,517200,393750,953950,490400,595700,505300,1196600,449100,440750,503450,399900,482500,,438900,859200,758900,389000,558700,464750,493400,656800,348800,464350,353800,801150,614100
1/08/2020,384750,675200,317250,,565150,371700,581450,472300,473400,357850,502250,556350,612800,480800,591500,770550,767150,657850,528150,889550,,424350,546050,498300,,1203500,710050,585950,670800,526900,417800,485350,563150,464750,452750,772750,666150,397000,,1177100,339700,,534600,435600,696400,1026150,516300,812750,753300,384400,395900,409100,721350,544300,520150,528850,318700,806100,472200,518450,392900,957750,494850,597300,505150,1192400,450600,450350,501700,403650,485050,,436300,868850,757350,391800,559300,464600,497450,657400,349450,471550,356800,804400,616400
1/09/2020,387100,680450,318600,,578300,376350,586000,477900,472050,355650,506050,557900,613350,482750,593300,779600,784000,666300,529150,904400,,430800,550950,498300,,1230150,720550,593150,674850,528800,430050,484550,564750,462850,453850,780550,676200,402750,352800,1210850,339650,,539750,439150,699500,1045700,519200,822600,768200,388550,403150,411050,725750,549200,522750,532400,316550,825100,476900,525350,397200,964750,506200,606000,507550,1208450,455800,452500,507900,409150,488150,,442450,880050,760100,394000,566700,466700,504600,665550,353150,473650,355550,815100,616750
1/10/2020,391250,702600,321800,,589450,383550,598950,480100,478850,363350,509550,571200,627300,490600,596350,797100,792000,665500,532500,933450,,435750,553150,508550,,1260500,724200,607200,680800,544300,431700,483100,577600,463800,461350,794450,694850,407950,359100,1245900,345700,,546350,445100,709300,1065300,534550,848150,792550,395050,409700,415250,742550,564250,530950,536950,322350,845300,480700,535800,402350,1000800,512350,613850,516550,1234750,461750,464800,514400,417500,497700,,447800,886400,778250,400700,585400,469600,515300,678400,356500,480050,362950,824150,623250
1/11/2020,398050,714900,332200,,605700,391450,612500,488550,484350,371200,512100,580200,639300,499350,608300,805750,794800,669550,539800,940000,,447400,562250,523700,,1268300,722250,612600,691250,557500,440100,493300,589000,473050,465050,807150,716050,412550,367400,1268300,355550,,555850,461950,724750,1078250,547650,868650,801550,401400,411050,421800,763300,569150,543550,542350,327800,854450,486500,549150,410150,1017800,524200,627100,525500,1262100,477250,470500,523550,422200,493950,,457950,898450,791600,409200,593750,476250,524550,688350,362950,489300,368150,823700,632200
1/12/2020,405150,728050,340600,,614550,398700,619350,493150,500800,378500,520250,591450,658350,507850,618750,814350,805450,684900,545650,966600,,454750,567550,520800,,1296500,734450,622050,707750,574300,445050,507600,595500,482150,471300,809400,739350,416450,372300,1284050,362600,,567850,474200,738600,1102900,552250,875550,821900,411650,421300,428000,759000,579100,557900,550300,335600,873900,493400,555950,417600,1051650,533950,640450,534050,1285400,485400,476100,537850,430700,502750,,467050,913050,804350,416950,596300,485450,532000,701100,373000,495600,376450,824300,639750
1/01/2021,411100,747050,346850,,625000,406400,625000,503750,509750,384350,529250,600550,660350,512700,630150,829300,816850,698350,546350,994250,,459250,575400,536700,,1311850,745950,627100,720450,577300,449300,523100,603450,495000,479600,831150,742950,427250,381700,1268900,365800,,579850,483950,749400,1112400,552550,901800,837950,416350,427950,434750,773550,586900,570600,557150,341250,892600,498700,562300,423700,1069450,539700,649750,538650,1300350,493750,481750,543950,438100,510150,,472300,928350,822800,420900,602950,492100,538700,707450,381650,512450,379100,839100,655750
1/02/2021,414600,753250,357850,,634950,408000,628200,507700,517000,385450,537150,602350,670050,516950,631750,835100,832300,710800,549500,1005300,,463650,577700,544350,,1316850,760850,638000,729600,582200,451450,526650,605450,494700,490550,835350,744950,427700,382450,1262700,369350,,589100,493300,753100,1112100,553200,909700,846300,420650,436950,438700,772450,593150,571550,560850,345600,904250,506550,578600,426450,1079600,545500,654550,537000,1303300,501800,483950,554050,441200,521400,,479500,938850,826550,425850,606500,498800,545350,717400,383650,520150,384550,843600,670950
1/03/2021,433750,784700,364000,,641200,417300,650450,518800,535300,402200,549600,620550,694300,526150,649500,854000,836300,742750,556100,1021900,,474100,592050,563350,,1319500,785450,656700,749850,602200,477700,533150,623100,507250,505100,842200,755950,445000,386900,1296150,378400,,599900,501700,769900,1144100,577100,922200,858400,429500,445800,448050,790500,610050,585300,571250,355150,918400,520800,593350,437400,1092750,555750,672850,559550,1333450,508300,497400,576650,454650,534050,,498900,967800,852400,440150,629250,507300,559400,732200,389450,535650,403550,873550,677800
1/04/2021,446850,798650,374850,,662900,429350,662750,539600,551250,406400,569000,635100,717400,547300,672600,884900,848700,760450,565700,1037750,,486650,608050,572150,,1381200,812100,683850,766100,630200,490450,547950,643700,528550,518100,869000,784100,458100,396300,1342350,393100,,611000,514950,794600,1166050,594500,965550,872950,445050,456900,469050,825250,634900,604050,598350,366650,935550,531900,612150,450400,1105050,577500,693700,577650,1393650,522800,513000,600650,470600,552500,,518850,1014150,890350,457100,643000,519450,580050,766450,402600,550150,415950,899900,707950
1/05/2021,450600,811750,375050,452750,669600,445700,690300,555800,567150,406950,582700,647950,731600,561150,681650,901550,872650,779950,576400,1070550,,494150,628400,589150,459550,1418250,828650,695600,775150,649600,502800,573600,659000,543800,530250,880750,792200,464300,400300,1363850,401350,,619100,516300,813050,1210450,597250,990050,900350,449100,458550,477200,829550,645250,613050,612600,371300,971550,540500,621900,454250,1136950,588450,700750,591350,1414350,531150,520950,608000,486050,570600,599100,525450,1055950,916500,465650,,532450,587450,786650,416350,561400,418300,920900,719000
1/06/2021,457200,817450,389050,462350,690150,448800,704300,566200,577700,409500,590350,660600,747350,571000,690000,918800,878800,790700,583800,1084950,,500750,640400,594900,467850,1446400,840900,704600,788550,651200,500750,592200,670850,550550,540000,901100,814400,468300,414900,1357200,404000,,631200,528850,821550,1220350,598950,1012950,921450,457500,466550,488250,850300,657800,625700,620150,375900,991700,549300,624600,458150,1170000,597650,711350,598400,1449700,540100,536150,615050,489850,570450,611800,527150,1069850,936600,474200,675500,552300,594050,791950,419150,568150,422100,936650,737100
1/07/2021,464450,818950,401650,483050,708300,466350,718800,574500,585550,424350,602550,677100,764950,579050,700200,931250,898000,805200,596000,1124950,,511750,648450,603850,480050,1496200,849800,722950,804300,658750,508700,614550,682400,559250,548000,923750,835900,472100,429350,1377500,418100,,643400,538650,839450,1246050,605450,1027300,942000,459450,473000,502100,866400,665500,634800,624800,385500,1008250,560500,639200,471550,1190550,613350,728400,609850,1464650,548600,546600,621400,493700,582800,613650,536850,1074050,948500,481750,676650,561350,604300,800000,433100,577750,431100,956950,747600
1/08/2021,479750,837700,408300,490950,731150,463950,770050,590900,603550,447750,617500,700850,783950,584150,712450,946250,931200,841050,612500,1154250,,524900,669500,619350,492600,1524750,890400,741700,823150,672150,516900,622500,715700,574150,563100,955600,854400,489600,433100,1396100,427250,,660050,552250,852950,1263550,617800,1049550,966800,476750,492500,516150,893750,687450,656250,637900,389050,1025800,574350,660050,477550,1213500,638400,754000,637700,1473750,555650,563800,646050,514850,605000,629200,556300,1098700,981350,495900,691700,567950,617950,815750,438350,583050,442550,971400,772200
1/09/2021,489050,850350,403550,489350,737700,473650,790150,606750,625550,466300,632100,730450,803600,597600,734350,969150,972700,860350,623800,1158650,,539900,676600,646350,501750,1574400,915850,765700,848750,690100,528000,639800,725200,587950,574700,972000,867300,500900,443500,1443650,440350,,689850,574050,871950,1287700,631050,1081050,989300,480500,491250,525450,916500,702050,678100,651500,397500,1051000,586400,675300,488300,1237450,643250,776850,650700,1507000,572800,580650,673800,522000,621500,647750,576200,1131350,1009950,504050,736150,589600,631900,841300,439200,608400,450300,1015850,797200
1/10/2021,499150,866350,407550,495350,765600,484050,819300,624200,653150,471700,658700,760950,822300,616250,764300,1021700,1012000,889100,631700,1182900,,557200,704900,671050,518050,1612300,947550,791350,879350,712400,555150,651050,752500,597500,591400,1013100,894650,517600,463300,1479850,453700,,711850,591500,905650,1324250,649200,1095750,1014550,494400,501000,546150,924450,722450,710600,674600,408750,1065900,615400,690750,503950,1257850,666300,797200,679250,1542000,590400,595850,691800,533700,629450,680650,591150,1163150,1033150,517700,755700,608950,658350,874950,450400,635750,460150,1071550,816850
1/11/2021,516350,902350,420700,511700,776950,522350,827100,641300,673100,485700,685650,785150,858950,644700,793250,1044700,1052950,916500,638750,1195700,,591900,738950,692950,534150,1632550,951100,819100,920100,732550,588800,663100,775300,608200,623700,1042650,926200,543000,482300,1520200,468350,,743800,608400,934450,1344650,670400,1113350,1054300,516150,518750,570600,951900,743950,729550,702350,425350,1103150,645500,714650,527000,1332000,677650,815050,693050,1553450,629100,613450,704350,548050,655100,702500,609600,1187100,1068550,536650,774750,634700,669250,913750,481200,643600,480100,1100700,847900
1/12/2021,536850,916550,438100,533250,804650,532250,880050,669600,688500,524250,707150,806300,886150,662750,820200,1088150,1099250,937650,668000,1218150,,604350,776950,712900,549350,1688000,985600,847750,968150,758300,602950,698100,802550,651900,656700,1076100,962600,562250,519700,1586400,487600,,758800,624000,996000,1379950,699500,1143400,1088350,539050,544250,580450,983400,782350,758450,728900,436800,1124800,676050,731700,543350,1352750,702750,842100,727650,1564000,643300,630300,729450,575100,678700,733050,635000,1268450,1114800,558100,820500,671350,691300,934550,494550,671000,495700,1119650,881800
1/01/2022,559750,938400,449850,539950,811900,545850,906150,677100,699000,542250,719700,804350,896750,667300,826850,1108450,1079900,958850,675500,1270600,,610250,795450,731300,562050,1675750,1008750,866200,974550,776650,615900,709350,824550,665050,671650,1100150,969600,577750,524800,1631350,496100,,764950,635250,1043550,1411250,710700,1165850,1104200,549500,559750,577400,998850,800050,756500,736950,443400,1154250,686050,740400,553150,1419750,725450,863950,751700,1618200,653500,641050,740950,587100,689350,722700,648150,1295850,1138700,571150,822900,678700,705550,935000,502200,683000,514350,1139200,893900
1/02/2022,565200,948350,439150,530300,820600,553200,918500,686750,704750,540700,723500,818200,897750,672500,835550,1106000,1088300,966700,675900,1278950,,615650,794950,720750,567950,1688100,1025250,882450,971850,780250,612350,714950,828450,674150,676000,1106600,971950,587400,535400,1680100,501000,,761400,635000,1050250,1429050,718200,1189350,1122900,546250,558250,582000,997450,807000,771950,740150,450000,1168300,689550,750100,561050,1417450,732550,872200,758700,1635950,656050,643800,753400,597000,693400,741950,652750,1310150,1151800,578400,813250,683600,713500,941750,504350,697450,516150,1150350,907000
1/03/2022,565250,968750,445650,549100,827900,575050,922300,686950,702200,537200,732000,830100,906500,688700,850600,1127550,1107250,980500,680050,1333050,,641800,812850,729650,570600,1715850,1035800,884800,994050,788950,633000,711050,840150,672600,675100,1124650,985750,593200,525700,1721100,503000,553150,769600,643600,1048350,1444950,731200,1224850,1140900,547800,560400,589600,1029100,816300,786300,751250,454700,1198400,691900,757350,572150,1467250,731600,886700,762750,1715700,670550,647550,750700,599000,702150,746450,652250,1345600,1172150,578850,827750,686600,719400,970100,514550,703450,521350,1174650,923050
1/04/2022,563550,988100,452100,548800,827450,572650,903350,691750,704050,538200,730600,835550,905150,693800,861950,1143100,1110250,976700,686100,1337350,,636700,809600,731800,578750,1727850,1034050,886050,1006200,782200,632450,699300,837750,670500,675250,1123350,990850,587250,521050,1719850,509250,,775350,660350,1035950,1470650,742250,1240000,1143600,557850,577400,603050,1068750,811850,793750,757150,461450,1199650,692150,764650,576900,1449950,722700,895800,762550,1737350,675300,647600,761250,605800,708650,749000,658450,1365800,1184000,582400,832050,683550,720950,979900,520450,696050,523400,1173900,918550
1/05/2022,565800,999350,471000,562550,824850,576700,880150,687500,701800,543100,726400,823550,903600,699750,863950,1151350,1098400,973300,689850,1330550,,636200,814500,735050,581900,1753900,1044800,878200,1016900,796300,633550,694600,842000,668100,671000,1110550,975350,583550,523100,1696400,514000,,786650,656350,1040500,1481700,746800,1266650,1153700,561600,579850,602200,1055700,803850,788550,768200,475150,1202650,687450,768650,580300,1451450,725250,899000,767900,1754900,671450,646900,754550,608200,714900,755650,653800,1351250,1182600,580800,822800,690150,722900,984900,519600,690000,526050,1170900,912900
1/06/2022,568850,1003100,476500,555300,816400,574850,877850,682100,701300,538900,718600,822600,905300,699500,853250,1139650,1091100,966350,688500,1323200,,633700,816550,735850,578350,1748450,1035000,871800,1006450,796900,623850,698600,835600,669600,667200,1108200,970750,579100,526100,1729700,512650,,776750,652350,1033650,1488550,740800,1242450,1151500,562300,583150,603850,1045550,798450,785600,768050,469600,1207400,686850,762650,578300,1464400,720500,898850,758550,1746500,667900,641800,751300,604950,710250,752700,651800,1344300,1177000,577750,834200,690700,712650,969050,518650,682500,523650,1167850,904700
1/07/2022,563350,988550,478800,554150,820000,575400,873450,683550,691600,524050,712000,811250,899500,699350,851450,1127500,1094750,953000,687500,1319200,,630900,790750,722300,572700,1696150,1008350,866550,1000550,797300,625250,702750,839000,668700,664700,1105500,966150,582900,523200,1698350,508600,,782150,652850,1030800,1466050,736750,1216500,1148400,561900,582950,601000,1016000,794150,774350,765800,468700,1205350,683900,755050,575500,1443950,718550,888000,756650,1733050,659600,640150,742450,603850,708250,747250,646700,1309400,1158200,573450,817650,681600,712050,953500,519650,681400,522450,1151400,888000
1/08/2022,574300,1046350,486600,560500,795350,546350,909500,676700,675100,534550,698000,809250,897450,695200,843250,1164200,1136050,964500,687850,1355900,,591850,788700,752150,572300,1697750,1013250,858100,994850,806150,617150,702900,827450,667400,660000,1149600,927900,577650,498000,1777300,505100,,791650,659550,1033000,1519900,730600,1193650,1161550,568200,595150,585000,1021100,804750,762000,757900,466250,1194500,668550,759550,585050,1469400,700600,908500,770050,1872050,642600,620250,744650,619350,730600,752800,622950,1290050,1148400,577050,,677450,690150,973100,508700,727150,524000,1213600,883900
1/09/2022,573150,1040800,485850,559750,790450,544650,904850,674350,671850,532400,693450,804600,892250,692800,840400,1158900,1127150,959400,684900,1344100,1171800,591200,782900,752750,570200,1701350,1008200,851900,988500,803050,613050,693450,824850,661200,652750,1146000,921500,574800,496000,1755350,503800,,789100,654700,1025150,1523850,727550,1194550,1160500,565700,591400,581550,1025100,800250,758500,754400,463450,1190000,665000,756550,584050,1462100,696200,906600,768000,1874400,639950,616750,741050,616450,727800,750300,620150,1284600,1146900,574450,,671350,687050,966250,507400,722700,523250,1206800,875250
1/10/2022,570950,1033950,484050,557950,784600,543350,897350,672500,670800,528900,690300,803800,889950,691350,837100,1154400,1121850,955250,680150,1340800,1173000,591250,777450,751700,566100,1702800,1003750,846400,983550,799350,610450,695700,819450,661850,649300,1142000,914500,571250,,1755000,500900,,784150,654150,1016400,1527600,723850,1194850,1153300,562900,590650,580900,1023000,796700,754750,751200,461950,1189900,666000,753350,582050,1458500,691250,901600,761900,1875750,638350,613900,738200,611150,723350,745400,616900,1285500,1141550,571400,,669500,684050,957350,506500,722600,521150,1194950,866200
1/11/2022,568100,1027300,483700,553500,781050,539900,895800,668650,672200,525400,691900,802000,884800,686050,836650,1146600,1116500,948550,678000,1326650,1163050,586450,771950,750250,564250,1703200,996600,844750,977100,794350,607100,693500,815750,660050,647250,1130150,907250,565200,,1737450,498500,,781750,650050,1010300,1527800,719900,1181100,1146800,558200,585450,577450,1010850,792500,752600,745500,461250,1179650,667650,746850,578150,1446500,686750,896850,755750,1864050,633900,611150,734750,607700,718950,739150,613400,1275600,1133300,568700,,662800,678400,947350,504250,722100,518650,1192350,870700
1/12/2022,564000,1023150,486450,548700,781750,539650,892350,661600,669650,520100,690950,794800,878400,679250,839350,1136800,1100150,950100,676150,1317700,1159150,584000,765100,744350,562400,1713050,993000,837900,971850,789500,604600,662650,803700,644350,640300,1127050,905000,562250,,1710200,495450,,770400,641100,1004550,1536650,707750,1168050,1138800,552900,578150,573800,1011650,786150,746700,738050,460200,1167500,661200,742750,575550,1409650,687550,890400,749450,1857150,630400,604700,730050,601300,708700,725900,604950,1264450,1113400,563850,,651550,675050,950500,505550,720050,516150,1183450,860450
1/01/2023,562450,1019850,485200,545050,782250,540100,889250,658850,669700,517850,686900,783150,868850,675350,838900,1125600,1090600,943150,669900,1292650,1149050,584100,763000,740250,558500,1704100,996050,832900,960750,782100,601500,658600,798900,638750,633500,1119050,898300,560150,485400,1707300,496550,,766000,637050,994100,1528100,695150,1159850,1120450,550900,576200,575900,997700,780800,740800,734500,461500,1152700,659500,731600,574050,1388400,686550,884950,747450,1828000,629750,592550,722400,598700,704500,719400,599000,1249900,1102250,559950,,645650,669050,947450,504950,722200,514700,1169450,856550
1/02/2023,555800,1004600,485500,542850,773300,541250,883800,656900,663400,515450,684000,780750,864200,674600,830850,1126450,1077350,935550,668000,1283900,1139450,586050,758100,739550,555950,1696150,982850,827150,957150,779800,600700,662500,795650,639050,635500,1106150,893850,561950,488250,1683600,495350,,759550,635850,982950,1519900,692450,1157200,1115150,548400,571600,573550,990400,773800,739200,729200,459100,1149200,649850,730450,571150,1386850,685400,881200,739200,1818300,628600,589500,717700,596200,702850,719200,595750,1243350,1099900,557000,,646450,667400,939000,506450,722350,510350,1171250,845250
1/03/2023,544900,1004850,474850,544500,773000,538650,874900,655750,660050,511450,678250,781000,854350,669050,824950,1116300,1080200,935150,656700,1301500,1144500,583100,749950,723800,553000,1688150,979750,819800,954550,778650,595450,665100,792300,639400,634600,1103450,888050,556600,,1658500,492650,,749700,636600,961000,1518150,689250,1161900,1122050,546300,569800,568650,986950,761750,736050,724300,456000,1158600,642750,729450,563250,1408200,682550,877350,736800,1820450,626500,590350,711750,591900,691450,711750,590650,1241450,1105250,551000,813350,647850,666400,939850,505100,715200,503150,1149550,836000
1/04/2023,544350,1004350,473250,540900,764850,536900,858700,654250,651850,512000,672800,774750,848000,666400,818700,1110150,1070850,935600,665050,1298100,1143300,578200,741950,718100,550250,1687500,967650,813300,947250,769700,592050,662700,789000,638450,629600,1103150,880200,552600,485700,1657950,492050,,753750,636050,951200,1511300,692650,1157850,1122950,543850,570750,570100,979800,751800,733200,724400,453550,1160550,635200,716150,561200,1410000,675850,871800,735700,1827150,624200,596800,709750,593000,690500,721500,591200,1242200,1098350,546550,812450,654250,661200,933250,502500,709600,504650,1148200,830850
1/05/2023,547350,1002500,476000,542500,764100,535450,865350,650550,644800,506950,671300,772800,851650,665050,813750,1095200,1063400,920750,658600,1289300,1144650,579100,734600,719050,549250,1668500,951200,804650,942050,766400,588400,639150,793600,623450,629350,1105900,882150,552100,,1659150,490650,,758550,635200,950650,1488750,697400,1160750,1114550,545400,571650,566000,979200,756300,732600,722500,454050,1150850,637250,716250,561850,1403350,672600,872700,735200,1806350,625700,594900,710600,594350,692300,725450,594750,1235200,1098900,549350,814750,654050,657450,928550,503800,708400,506300,1128350,835200
1/06/2023,539450,991750,484150,541650,757500,532150,864100,652850,644200,504150,672900,765300,847050,662800,806050,1084650,1050550,919100,656950,1282100,1136200,574000,734650,724950,540200,1641250,951800,803850,935250,753200,587900,634350,794050,621500,628350,1093000,873800,551000,491300,1640350,488950,533350,759450,632100,947850,1459250,698050,1147200,1104500,539750,568100,561400,977100,755800,724000,716850,452100,1138100,635100,712550,561000,1386900,670950,862700,736200,1785050,619650,592550,711400,590600,693050,724150,597500,1222650,1086750,546850,810150,653200,651350,915950,497600,712650,504300,1125750,839600
1/07/2023,539750,992600,483500,541800,756250,536800,864550,653150,645200,504100,679150,772000,853600,661450,803500,1085350,1047750,918600,664300,1283400,1133700,577000,735750,729200,543050,1612950,951150,808450,943750,758800,588900,638400,792600,619700,634750,1084650,876350,553950,491850,1640050,490700,536650,754900,629100,949750,1438350,696400,1150200,1101000,542750,567950,561700,980600,757900,724650,715150,452850,1136300,639150,714850,564250,1383750,672750,865050,737000,1759200,618650,594450,713550,593650,695000,724150,602800,1224050,1092900,549400,813400,655150,651500,919700,502350,707150,504400,1113400,852700
1/08/2023,538850,999350,471250,535750,761200,533650,867650,654400,653200,507650,680050,770100,850850,661100,811250,1094100,1047050,921500,651250,1280650,1127050,574550,738800,728750,544200,1612600,956200,817350,948600,759600,589100,651250,793150,627400,636900,1083650,874450,555000,488550,1637750,491600,531050,758350,632600,947450,1443600,689950,1151550,1100900,543800,569350,562400,984900,758650,720000,720700,451950,1141600,638150,711800,562250,1389150,674900,867000,737900,1757150,616800,599350,705500,593350,696800,722300,597900,1228800,1087900,549200,806050,652150,653850,926350,496700,714200,504050,1140750,855250
1/09/2023,546400,1009600,464400,540400,772300,541150,878400,663100,660950,522100,683450,781350,861800,670300,824500,1107300,1064750,935850,654800,1304050,1134550,579400,750050,736250,545500,1623750,961600,822500,959900,770850,596950,667600,799550,641050,640800,1103600,886950,563150,490300,1636500,494750,532900,770800,639550,959500,1444050,693450,1159450,1126800,551400,581550,573150,989550,774000,733050,731350,451300,1155100,652300,719950,564400,1408750,682050,875000,748450,,629900,608400,717950,605950,704900,730100,604650,1237500,1105950,552100,823750,660150,662300,931700,500000,721800,503450,1165350,855950
1/10/2023,544850,1005800,467550,542200,785000,543050,870700,666900,661750,516400,684200,779650,863600,670250,828700,1103900,1072950,931250,657400,1307650,1133900,585950,746450,735550,543900,1634850,959300,820800,962100,771800,602550,671050,799750,644200,642850,1097350,892300,570000,492750,1628850,492700,536950,772250,639150,964050,1446000,688050,1160000,1120150,551100,575200,576000,981000,767250,731250,727300,451500,1159600,654350,717700,565300,1424100,687750,868750,747950,1761950,636300,611150,715050,603050,709800,726850,604100,1232450,1103550,550800,823600,665150,664250,921500,503150,719650,501850,1151700,847400
1/11/2023,545650,1011050,471700,545500,794100,541150,873750,667550,660850,511750,685400,789100,864200,672650,831550,1123950,1084900,942500,657700,1324200,1146350,582300,749150,740400,549600,1661650,974150,828400,959750,784750,604650,682150,808950,646700,642000,1098850,898450,574350,494500,1633650,495300,,768500,641100,958100,1466350,695200,1169300,1140550,556850,578500,579250,983700,772300,738500,728400,453500,1175750,661150,719250,567650,1431150,693950,874650,755350,1803200,636800,615450,725850,607550,711750,736850,607900,1239900,1113550,554450,836300,666800,667550,925750,503050,719450,508400,1168950,848250
1/12/2023,549050,1009000,468350,548200,805000,543300,881600,670600,665050,513700,694850,801350,877350,676950,830250,1135950,1083250,944250,664650,1318650,1154650,585850,759400,749350,551150,1682050,989900,832800,969850,782450,610500,687450,811900,653600,647000,1104500,917700,578150,,1651300,497600,,773850,636550,966800,1484650,699800,1179250,1127900,559850,582350,579900,996000,776200,747550,730350,457050,1170900,663100,722550,572400,1417300,698000,877100,760100,1806550,633100,614100,728050,614100,721650,737650,611200,1250150,1120600,562250,,667950,670200,936500,500550,722650,511550,1176900,854300
1/01/2024,551350,1024450,472700,551550,800800,547150,885150,667350,674050,519950,697450,797900,878350,679150,830900,1133650,1092000,940450,655700,1327400,1148850,592800,761500,759600,553550,1667550,988450,834050,976450,787850,613200,687750,814600,655500,650450,1106750,914100,579700,,1671750,499400,,770600,640900,965800,1467150,698250,1182150,1134750,562500,584200,578000,988500,780100,745550,733200,456950,1171800,661500,723200,576950,1409250,696050,874950,762500,1807250,635300,614650,730300,608800,717250,740800,611000,1251750,1123450,562900,,674900,671500,942550,503800,731200,511450,1185550,858600
1/02/2024,550850,1020750,480900,551150,797850,546400,882000,667400,675600,525150,699000,797700,878900,680650,832900,1133450,1091200,944600,651200,1312600,1151750,591100,763750,764000,556800,1679300,991450,834300,981900,783450,616950,688300,816450,663150,653750,1109800,914600,582950,,1702800,499200,,773150,639000,972750,1475100,696150,1182850,1127700,561600,585350,579950,993350,778250,746950,735800,457700,1167400,662500,725400,577900,1419550,695350,877600,767350,1797100,634750,618700,731000,609900,718400,740900,614200,1260750,1125750,562850,,676300,674500,937050,505750,739050,511900,1175450,864750
1/03/2024,554450,1036300,487900,566050,794950,554950,880550,668100,689500,530050,698400,807100,891350,690550,841850,1136750,1111050,940000,653500,1314450,1157400,599200,756500,762900,564500,1718050,976000,842200,987150,786450,618400,694400,821050,665600,657800,1113800,918600,585400,,1727800,504000,,780250,650100,983300,1500850,706400,1195600,1140800,563500,588100,580450,995500,780350,751750,741000,458900,1182250,664050,737850,581750,1430850,700050,888950,766700,1807350,645350,620000,738900,611450,718800,745700,618600,1275450,1148550,568350,,670200,680600,943250,512400,735600,513500,1177100,866400
1/04/2024,556750,1041300,497750,583700,800200,556750,891650,676950,684650,539600,702450,805700,890600,694850,846700,1148800,1113950,938600,663900,1324850,1177350,600850,762600,766550,567300,1728550,967300,849600,986950,794600,621550,695700,827050,666700,661300,1124650,926500,589400,,1745600,507250,,781800,647900,990100,1524000,704300,1209300,1148700,558200,588000,586950,1005300,785950,755050,748400,463550,1189750,668050,739050,583700,1449000,704800,894900,768950,1830850,645850,618850,738250,614200,726500,751450,617300,1286250,1162450,569350,,673200,684250,947100,518900,741250,514150,1202900,867400
1/05/2024,558500,1047550,490250,578500,798950,558550,882200,675750,674700,536050,698800,797700,884000,694450,838850,1133700,1118700,929750,666200,1312800,1174300,605750,767200,760850,565750,1729650,963350,849100,975300,791050,624250,694400,822400,665650,661600,1123300,926100,586350,,1747300,509550,,780400,647350,988900,1523000,708250,1205100,1137200,555050,584350,586800,1006350,785350,754350,744000,465100,1179450,666300,734200,583000,1431750,705300,892450,762500,1839650,648100,617750,737200,609600,714050,744300,619350,1290750,1154850,570700,,674500,683500,935550,523850,736950,516450,1188250,864000
1/06/2024,555150,1042700,491600,578050,791900,556750,883100,672050,681000,537200,696250,797150,882450,694250,835200,1140750,1109400,933350,668650,1370150,1174500,600450,762000,768800,563350,1738550,955950,848900,980050,800300,618900,697150,825300,671850,661000,1124850,918500,584400,,1774550,508100,,774750,647400,985850,1541800,708900,1233000,1161800,558650,594600,583650,1018650,787100,750300,742950,464350,1206450,666600,737250,580150,1473250,700300,891900,763350,1865650,642000,622250,737500,617800,720700,746150,618700,1278100,1175300,571700,,672600,684700,941150,523100,736900,516400,1174350,869000
1/07/2024,553550,1030750,486950,573250,782700,559450,883000,667700,679750,536500,693700,800400,882700,693050,825650,1132250,1091500,928150,665700,1346250,1158550,600500,761400,760450,565550,1746450,949600,844400,974050,793950,624950,697500,814600,671300,660300,1122850,915050,586300,,1777750,507450,,768800,648950,978350,1535750,708150,1239450,1144850,557400,590150,582350,1010500,786100,752300,739950,464950,1194400,663200,743300,578300,1455600,698600,889900,754550,1861750,641700,625150,737500,616150,710850,747100,619250,1281800,1168200,570350,,672900,679350,937700,521850,730550,514350,1162500,869150
1/08/2024,552000,1034750,493600,574150,785850,556700,872950,667800,683900,531700,695500,802450,873250,697650,826100,1138150,1093200,935050,660600,1346100,1168300,601150,764050,761250,563800,1744100,955200,840600,979400,792950,625050,698150,814450,675100,660100,1133900,901000,583150,,1792300,506000,,777100,651500,1004900,1539200,709450,1218200,1142300,561100,590900,578400,1004400,783500,749200,743500,464200,1194900,665900,740000,579650,1447600,698250,886600,751350,1842250,641300,624350,735150,617950,718950,750100,619000,1275300,1164800,567400,831150,675450,677400,952500,521400,734900,512100,1178800,877150
1/09/2024,549700,1034400,506850,573900,802100,556200,867700,665650,688300,530800,700500,799700,872650,695700,819000,1122000,1073500,920500,645400,1348500,1171450,602400,772050,747100,565650,1719150,954000,839800,972200,799750,630700,709400,809600,678600,660200,1117950,907550,582200,524600,1771600,501850,,766200,645100,1011600,1506250,703300,1210500,1140150,559000,588300,577100,997950,780500,747150,749750,460000,1200850,669900,732400,578450,1468100,709650,880950,749850,1874000,647550,622500,729750,614750,714400,767050,619300,1277250,1158850,564150,819300,679350,678300,959850,525300,733700,510300,1156950,873550
1/10/2024,552000,1030450,502950,575850,803600,553550,872600,668850,688200,533750,699750,803550,872500,700900,827050,1127050,1079150,933600,650600,1354350,1166250,604450,772800,751050,566650,1699800,953650,837150,962200,797350,627650,706750,820000,674400,664150,1124050,909500,581600,,1759850,502500,,772150,651600,1016800,1500050,708800,1215000,1147250,562800,592050,575750,999100,781750,750100,747500,461200,1204200,673550,735450,581900,1480850,714600,884900,759900,1853800,649100,625000,735150,618550,719550,772600,623500,1281150,1161600,567750,824050,681950,684850,959300,528550,734550,511950,1160450,878000
1/11/2024,557550,1034050,503750,572600,812100,562350,881350,671650,691450,536100,703450,812300,880250,696050,834750,1130150,1094300,935500,662900,1379650,1165350,607200,780400,747000,566850,1706800,987950,841550,963600,805650,628650,688800,822850,662750,669150,1124800,922650,592800,,1730350,505650,,774950,655600,997350,1497600,706500,1218900,1168100,562750,591000,576400,1017850,790600,759300,747500,464350,1214050,673600,737950,586700,1492850,719700,886000,763400,1868200,651000,626250,740600,614700,720300,766250,625850,1287150,1159850,572550,839600,682600,690050,959350,530900,738350,518600,1179550,877300
1/12/2024,555450,1028800,498250,566900,812750,561450,891000,672750,685350,532500,702000,812600,884750,693000,840500,1147650,1100600,942100,660300,1367750,1158900,606150,779900,754850,559300,1740600,992700,845900,974550,806200,630150,686300,826500,657200,668000,1126300,929650,593650,,1716450,508150,,766250,652750,991500,1514200,707600,1226250,1160100,564600,592200,575850,1015600,799000,764150,747550,468300,1198450,673000,744850,587950,1462850,713900,893150,766700,1864050,645900,626850,744150,614550,726800,751000,624200,1295950,1170700,573200,863900,682400,691400,961850,528600,737900,521250,1189600,874350
1/01/2025,557200,1031200,504600,568350,811700,559200,893250,675900,685300,527600,705800,809750,889350,695850,835900,1140650,1102700,953900,658000,1365800,1158100,600800,770650,748050,557200,1758100,1006400,844900,986550,800450,626450,687350,830450,657150,661600,1124050,925950,590300,,1684750,506400,,765450,657250,995950,1540550,704350,1209000,1160400,560850,589650,579300,1009000,793250,759700,754150,467450,1195100,671450,744550,583650,1458700,716900,893450,766700,1870500,644550,626200,745000,610800,724600,752850,625300,1290450,1160900,574200,854150,683200,690150,961850,522850,736650,520650,1175650,865650
1/02/2025,553900,1022450,504450,572550,816750,558400,887700,676350,679650,532600,701800,810900,888350,698000,835300,1136400,1093650,956900,657850,1360950,1158000,602450,769850,753150,556950,1739600,1004100,842400,983250,798950,621750,691650,829550,660800,662450,1116350,927200,588300,,1680100,503600,,764900,655950,992600,1531650,706650,1229650,1163050,562850,591450,581050,998950,788600,756600,756900,465700,1202600,676250,747150,583050,1454700,721150,892100,768700,1870350,644950,627600,747050,614700,720450,756800,624400,1286200,1163650,569350,852550,682600,692650,964150,527050,731400,518400,1175750,860600
1/03/2025,559500,1022750,504050,573800,814600,562150,890800,681400,685000,541650,703000,816450,886300,702600,847000,1150800,1099450,971300,658800,1367500,1157400,605600,767900,751900,558650,1743000,1016700,844950,986150,795900,620600,693950,840400,662350,666800,1129050,925350,589900,,1670600,503200,,773150,661550,997650,1542850,710100,1240350,1171050,563800,600400,587750,1008300,799500,764400,764200,462100,1211750,680350,745900,584400,1456100,722200,899450,781250,1884850,648500,630200,752300,621400,724950,750850,627950,1307900,1176600,573250,857000,686300,696750,973400,528150,740300,515900,1179200,870500
1/04/2025,564100,1018600,501400,570450,821200,564750,893250,686450,702400,541050,707550,820450,891750,697450,862750,1160300,1090450,962550,662050,1367450,1178900,608700,767700,753600,564700,1731100,997000,852200,995350,800900,628200,700900,843100,669200,673350,1134100,937450,592700,,1716800,501250,,765450,662550,990300,1527950,714900,1245350,1162850,570400,604650,590350,1009100,800100,766450,756050,458500,1219950,689550,744400,584550,1435200,724800,902400,786250,1868750,652850,630850,750700,623300,722800,748600,628850,1305700,1186600,574500,,682400,704800,961200,521550,738600,518050,1186300,885800
1/05/2025,561750,1026450,494950,564250,822300,565250,895100,685400,701000,541500,707800,819250,892550,699000,867850,1153550,1099250,965900,665300,1363100,1179350,609150,773200,752600,563300,1743150,994650,851600,999900,803850,627400,707400,844200,675700,668300,1136300,939450,588150,,1705750,504800,,768250,657000,994000,1534650,714700,1249100,1162600,571900,606350,596050,1009600,800450,770300,764250,461350,1216200,686100,751600,586500,1438650,725950,904450,787650,1902950,656350,631750,756400,628350,726100,760950,630000,1317100,1183450,576150,,682200,707600,967100,518550,739100,517300,1176000,892000
1/06/2025,564600,1036500,494450,564550,825650,563050,897100,682100,708900,538150,707750,826550,909000,699600,863150,1148100,1126900,977100,669900,1375050,1190100,608600,782000,754950,568200,1755650,1012450,853850,1012450,805650,628700,700050,844200,676700,670550,1133700,944400,592900,,1719100,504600,,779100,663050,1004750,1553650,722150,1256400,1154950,575750,605900,590400,1013400,803750,768700,763850,462600,1219350,684400,752800,586750,1447600,720150,906600,781050,1942150,656550,632550,761800,630200,723900,766050,633800,1314900,1183950,578450,,684000,704900,970400,520600,743800,520450,1186900,882650
1/07/2025,562650,1033750,500250,576950,820500,566150,891550,678200,707300,536700,708850,828350,915700,703050,862850,1145700,1125100,974550,666850,1378450,1195950,613250,781850,760500,567450,1749850,1013000,858150,1020450,805050,626850,702550,839450,676650,670900,1116550,940950,597450,,1697500,508050,,783050,664350,1001800,1548850,723050,1243900,1166250,573650,605550,592350,1008300,801750,772400,765750,466800,1219700,682800,747150,592400,1452050,715100,901150,774600,1943400,658050,631700,761650,624100,722550,766700,632450,1307600,1179900,577250,,681950,701500,971600,523500,751300,521850,1185000,877250
1/08/2025,562250,1026200,499250,571250,822600,563400,889000,681500,708700,537800,713450,832000,919600,698350,862200,1148100,1124600,987750,661350,1380550,1207200,611400,783900,762750,565800,1718650,1031050,854900,1017100,803550,627650,698350,838050,672200,671050,1116350,948550,596350,,1694350,509100,,784450,661500,998600,1524800,719800,1245200,1161200,572600,602250,595400,1004050,803100,773250,760250,466900,1216400,685150,745750,586000,1436950,717900,905750,770400,1900900,659450,632000,756850,623100,717250,763700,631550,1313150,1196150,576550,864650,678300,700150,958450,522700,751000,519550,1186000,877250
1/09/2025,560550,1019500,494250,566800,814300,558800,888850,686150,706200,538100,711750,832900,920050,698100,865100,1145300,1126850,989150,665800,1382550,1215100,612350,787950,763850,568250,1705550,1033750,857300,1019300,799950,627900,712950,837650,682700,668950,1127000,945200,594500,,1711500,510600,,786000,656700,991150,1507850,721750,1246750,1176950,576700,609400,596400,998400,801200,775700,759000,468750,1227100,683700,746700,590000,1453100,718500,907600,768600,1871550,657750,637150,761300,628750,722750,754350,633850,1321150,1186100,574400,861750,675650,700900,963450,523500,748750,519850,1172750,878300
1/10/2025,563000,1056650,499600,569150,829900,544000,893500,673550,706400,536050,705150,821250,913950,699400,870000,1129250,1117900,981700,652350,1417050,1207300,584750,798350,813250,551900,1751650,1033550,859900,997350,817600,620150,702100,834500,674300,662800,1165450,953000,582050,513050,1751250,495650,,776600,660500,1002200,1522400,718550,1242650,1191900,569400,599800,591850,1007600,787500,769400,752650,451900,1236700,683800,743450,569000,1515450,717350,887800,770100,1957400,642500,629100,746550,620800,725400,800250,624900,1350300,1215950,572150,944600,674600,709700,957700,511600,752850,510800,1164950,880800
1/11/2025,563300,1056450,500450,568550,831350,545900,895500,674600,707800,536650,707050,823700,917300,700350,868150,1129750,1125550,983250,660200,1418150,1208000,587300,799100,816650,552300,1758850,1033750,861800,999750,819000,622800,702750,835650,675750,666000,1167000,954650,583700,515000,1751900,498000,579450,778300,661400,1011600,1527050,720450,1246150,1194300,571300,600600,593250,1011950,791050,772750,754300,453650,1242400,686050,744100,572450,1514850,718400,889300,771400,1967600,645850,630600,747900,622450,727550,802800,624400,1353200,1218400,573500,947050,677200,710900,965400,513700,755950,512100,1164650,881750
1/12/2025,565550,1059050,501450,569650,835750,547500,899200,678300,711450,536100,709750,824150,917650,701100,868700,1134150,1127900,982250,660000,1417750,1211850,589700,797450,818550,553550,1763850,1038100,866250,999400,823700,627250,703950,837350,677950,666100,1168750,957100,590500,515500,1750150,496200,580850,781100,664800,1011100,1537550,722850,1245450,1193200,572100,601200,595200,1015400,792500,771950,757200,452150,1243850,684600,745900,572450,1510350,722300,890400,773350,1968900,646400,633100,751100,623200,727400,804600,628500,1355600,1218800,573850,946300,679300,713250,967150,515800,759550,512400,1172050,882100
1/01/2026,564200,1058300,506700,574050,834150,549450,898400,679750,711400,538350,712600,826700,919100,702500,874600,1134900,1125600,985300,658150,1418850,1215750,592200,799600,818950,554400,1767150,1038200,867000,1003900,822850,632150,710850,840150,681850,669400,1169150,957850,597200,520050,1754200,496750,578300,781400,665250,1015300,1533800,720550,1245150,1194950,574400,605250,596000,1016450,792400,770400,756100,453150,1246200,683200,748500,574250,1514600,724100,890100,774450,1975050,645750,634900,752400,627050,729000,804750,626800,1356300,1222250,574450,948150,681800,714400,965700,519100,758950,512750,1171050,880700
1/02/2026,565750,1054050,508100,578900,835750,553600,896850,682100,712050,545200,714350,825200,918400,703400,875050,1139550,1122100,986400,657550,1420200,1219150,595300,795250,822100,554200,1766300,1040000,870100,1003800,822750,634950,710350,841600,682250,670750,1171450,958850,597850,518950,1756250,497900,584550,784500,664400,1014150,1537250,719750,1240650,1193600,576350,607900,596800,1015300,794050,770800,757050,453000,1243750,681300,746100,574700,1519750,727900,889400,776550,,647900,635950,752850,627800,730500,805550,626550,1354600,1213750,575350,954200,680700,715050,964750,524050,760550,513550,1179050,880650
1/03/2026,566850,1059550,510300,585700,835250,558200,897800,683850,713250,547300,714500,828500,919000,707750,876750,1139700,1124850,994450,657350,1430900,1222950,598400,801250,823750,551800,1770450,1043550,874500,1008150,830250,645700,722200,845600,686100,678450,1162500,960550,607550,523000,1763450,503100,585100,790700,663350,1017850,1539900,718850,1255250,1200150,580200,612600,598400,1013200,795600,776300,762050,457550,1252000,689200,749250,580150,1523700,724400,890250,778600,,652600,641200,755500,631700,732050,803400,630400,1353100,1218750,577550,960800,688000,718150,970850,529550,758400,516450,1177700,881250
1/04/2026,568300,1059950,511150,593350,844800,567950,896800,689800,719300,555500,719400,832450,927250,715950,881800,1143200,1126250,1003300,658100,1431750,1232000,604500,798550,827750,559900,1767200,1053150,874600,1012750,839700,654500,725750,848300,694350,683750,1161500,971000,612500,523900,1765250,508200,586900,792500,667150,1024300,1535100,721900,1263450,1203550,579800,615700,601900,1028800,802550,782800,770350,461300,1256550,697950,754650,583350,1528600,734900,893500,781800,,662350,645200,761900,635750,728950,808750,636300,1355000,1227000,579550,958750,697800,725500,978000,534500,770900,519400,1176100,881550
1/05/2026,566250,1063400,513250,597450,855200,574950,904550,691450,724100,561100,720850,834000,929900,717800,884650,1145850,1137400,1003100,658400,1432150,1240650,611350,796400,830600,561700,1773000,1055650,873800,1015750,838700,654000,728750,848950,695100,683500,1168050,978850,614450,523950,1773550,509250,584300,794650,670200,1027700,1530450,720950,1258500,1204300,584200,623700,606100,1036000,803400,784150,777250,462400,1255400,698450,751250,582950,1529750,740300,896000,785800,1961550,668100,644450,761300,637500,737200,815550,637750,1355550,1222450,579750,970700,699800,727550,984250,539850,777100,517300,1174100,878800
1/06/2026,567150,1069100,516350,598250,857450,573700,913100,694600,721600,565150,722300,835250,932650,718100,885450,1144850,1141200,1003900,657600,1431550,1244350,610800,798200,833850,561950,1764000,1058050,872400,1018500,838050,655900,726500,849150,694700,682900,1170100,981750,617400,528200,1781450,509500,585000,791000,669950,1028500,1530900,718650,1257900,1202850,585000,626300,608650,1038700,806900,786950,777250,462800,1253000,699200,749050,582550,1531250,739450,895400,787150,1959550,671950,643600,764100,639750,740400,815450,637950,1356300,1221400,580000,966450,696750,727950,980350,538500,777450,517400,1178800,875600
1/07/2026,567500,1059200,513800,596950,852900,572300,923400,696650,726850,564950,723450,840350,928500,719700,896600,1153350,1135550,1000350,658200,1438500,1242200,615900,801800,823350,558850,1774700,1059400,879750,1013250,840600,653350,720200,854050,687600,684300,1181100,985300,618000,531300,1755150,513000,595500,800000,673400,1025300,1524600,725200,1263700,1211150,588550,623750,616900,1032750,809700,787950,772250,463350,1258900,696000,753500,585000,1534450,739100,895550,789100,1982200,669000,654700,764400,643200,737950,809350,640400,1382500,1229000,577400,972150,700550,728200,976850,541000,772950,520200,1178900,885400
1/08/2026,565400,1063200,515500,599750,853800,573900,922950,704000,725600,565000,726650,840200,935400,719850,896600,1153450,1134650,1005050,654800,1440600,1239650,617700,805600,828100,558650,1786200,1065350,882600,1016000,836500,652000,722650,860350,690800,690800,1176350,993950,618500,532600,1731850,512300,594750,805700,679000,1024500,1529850,724350,1257850,1211800,584300,621800,617050,1025450,813750,786750,768850,464800,1256350,698650,751650,587700,1528500,737100,897750,790800,,670400,657750,770700,640050,738200,810850,643600,1380450,1229450,578650,968100,698900,729750,968550,541950,773350,519350,1171950,891600
1/09/2026,564300,1067150,515350,597350,862250,574650,923600,704750,724350,563700,727150,843900,937700,720050,898800,1156350,1143000,1010700,655300,1446950,1241700,621800,808150,829600,559650,1768900,1071800,883250,1018600,837750,653000,729000,863500,694600,692800,1184400,998750,618300,534300,1723700,513000,597500,806900,678500,1024700,1512700,723250,1261800,1216850,583950,620650,615150,1020150,817900,787400,771100,465050,1258500,700000,752850,588950,1542850,738250,894000,794000,,675200,662250,771900,643800,740250,811750,643000,1373650,1229950,576950,971750,700150,731250,974900,544800,777400,519150,1175800,894200
