Year ended June,Housing cost,Subject population,Measure,Value,Value Unit,Value Label,Null Reason,Metadata 1,Metadata 2
2025,Property and ground rent,Households with that type of expenditure,Average weekly household expenditure,495.4,nzd,NZD,
2025,Property and ground rent,Households with that type of expenditure,Relative sampling error for average weekly household expenditure,1.6,percentage,% error,,Sampling errors are rounded to one decimal place.
2025,Property and ground rent,Households with that type of expenditure,Percentage of households reporting expenditure,35.2,percentage,% of households,,Percentages are rounded to one decimal place and are calculated using unrounded figures.
2025,Property and ground rent,Households with that type of expenditure,Percentage of total housing costs expenditure,36.4,percentage,% of total housing costs,,Percentages are rounded to one decimal place and are calculated using unrounded figures.
2025,Property and ground rent,Households with that type of expenditure,Percent change from previous year,4.3,percentage,% change,,Percentages are rounded to one decimal place and are calculated using unrounded figures.
2025,Property and ground rent,Households with that type of expenditure,Level sample error on percent change,2.3,percentage,% error,,Sampling errors are rounded to one decimal place.
2025,Other payments connected with renting,Households with that type of expenditure,Average weekly household expenditure,42.6,nzd,NZD,
2025,Other payments connected with renting,Households with that type of expenditure,Relative sampling error for average weekly household expenditure,2.4,percentage,% error,,Sampling errors are rounded to one decimal place.
2025,Other payments connected with renting,Households with that type of expenditure,Percentage of households reporting expenditure,8.9,percentage,% of households,,Percentages are rounded to one decimal place and are calculated using unrounded figures.
2025,Other payments connected with renting,Households with that type of expenditure,Percentage of total housing costs expenditure,0.8,percentage,% of total housing costs,,Percentages are rounded to one decimal place and are calculated using unrounded figures.
2025,Other payments connected with renting,Households with that type of expenditure,Percent change from previous year,35.3,percentage,% change,,Percentages are rounded to one decimal place and are calculated using unrounded figures.
2025,Other payments connected with renting,Households with that type of expenditure,Level sample error on percent change,13.4,percentage,% error,,Sampling errors are rounded to one decimal place.
2025,Total rent payments,Households with that type of expenditure,Average weekly household expenditure,505.5,nzd,NZD,
2025,Total rent payments,Households with that type of expenditure,Relative sampling error for average weekly household expenditure,1.6,percentage,% error,,Sampling errors are rounded to one decimal place.
2025,Total rent payments,Households with that type of expenditure,Percentage of households reporting expenditure,35.2,percentage,% of households,,Percentages are rounded to one decimal place and are calculated using unrounded figures.
2025,Total rent payments,Households with that type of expenditure,Percentage of total housing costs expenditure,37.2,percentage,% of total housing costs,,Percentages are rounded to one decimal place and are calculated using unrounded figures.
2025,Total rent payments,Households with that type of expenditure,Percent change from previous year,9,percentage,% change,,Percentages are rounded to one decimal place and are calculated using unrounded figures.
2025,Total rent payments,Households with that type of expenditure,Level sample error on percent change,2.5,percentage,% error,,Sampling errors are rounded to one decimal place.
2025,Mortgage principal repayments,Households with that type of expenditure,Average weekly household expenditure,252.6,nzd,NZD,
2025,Mortgage principal repayments,Households with that type of expenditure,Relative sampling error for average weekly household expenditure,2.5,percentage,% error,,Sampling errors are rounded to one decimal place.
2025,Mortgage principal repayments,Households with that type of expenditure,Percentage of households reporting expenditure,28.4,percentage,% of households,,Percentages are rounded to one decimal place and are calculated using unrounded figures.
2025,Mortgage principal repayments,Households with that type of expenditure,Percentage of total housing costs expenditure,15,percentage,% of total housing costs,,Percentages are rounded to one decimal place and are calculated using unrounded figures.
2025,Mortgage principal repayments,Households with that type of expenditure,Percent change from previous year,-0.1,percentage,% change,,Percentages are rounded to one decimal place and are calculated using unrounded figures.
2025,Mortgage principal repayments,Households with that type of expenditure,Level sample error on percent change,4.3,percentage,% error,,Sampling errors are rounded to one decimal place.
2025,Mortgage interest payments,Households with that type of expenditure,Average weekly household expenditure,452.1,nzd,NZD,
2025,Mortgage interest payments,Households with that type of expenditure,Relative sampling error for average weekly household expenditure,3,percentage,% error,,Sampling errors are rounded to one decimal place.
2025,Mortgage interest payments,Households with that type of expenditure,Percentage of households reporting expenditure,29.6,percentage,% of households,,Percentages are rounded to one decimal place and are calculated using unrounded figures.
2025,Mortgage interest payments,Households with that type of expenditure,Percentage of total housing costs expenditure,28,percentage,% of total housing costs,,Percentages are rounded to one decimal place and are calculated using unrounded figures.
2025,Mortgage interest payments,Households with that type of expenditure,Percent change from previous year,6.8,percentage,% change,,Percentages are rounded to one decimal place and are calculated using unrounded figures.
2025,Mortgage interest payments,Households with that type of expenditure,Level sample error on percent change,4.4,percentage,% error,,Sampling errors are rounded to one decimal place.
2025,Application and service fees for mortgages,Households with that type of expenditure,Average weekly household expenditure,18.5,nzd,NZD,
2025,Application and service fees for mortgages,Households with that type of expenditure,Relative sampling error for average weekly household expenditure,40.2,percentage,% error,,Sampling errors are rounded to one decimal place.
2025,Application and service fees for mortgages,Households with that type of expenditure,Percentage of households reporting expenditure,1.7,percentage,% of households,,Percentages are rounded to one decimal place and are calculated using unrounded figures.
2025,Application and service fees for mortgages,Households with that type of expenditure,Percentage of total housing costs expenditure,0.1,percentage,% of total housing costs,,Percentages are rounded to one decimal place and are calculated using unrounded figures.
2025,Application and service fees for mortgages,Households with that type of expenditure,Percent change from previous year,28.1,percentage,% change,,Percentages are rounded to one decimal place and are calculated using unrounded figures.
2025,Application and service fees for mortgages,Households with that type of expenditure,Level sample error on percent change,66.4,percentage,% error,,Sampling errors are rounded to one decimal place.
2025,Total mortgage payments,Households with that type of expenditure,Average weekly household expenditure,690.9,nzd,NZD,
2025,Total mortgage payments,Households with that type of expenditure,Relative sampling error for average weekly household expenditure,2.3,percentage,% error,,Sampling errors are rounded to one decimal place.
2025,Total mortgage payments,Households with that type of expenditure,Percentage of households reporting expenditure,29.8,percentage,% of households,,Percentages are rounded to one decimal place and are calculated using unrounded figures.
2025,Total mortgage payments,Households with that type of expenditure,Percentage of total housing costs expenditure,43.1,percentage,% of total housing costs,,Percentages are rounded to one decimal place and are calculated using unrounded figures.
2025,Total mortgage payments,Households with that type of expenditure,Percent change from previous year,4.9,percentage,% change,,Percentages are rounded to one decimal place and are calculated using unrounded figures.
2025,Total mortgage payments,Households with that type of expenditure,Level sample error on percent change,3.5,percentage,% error,,Sampling errors are rounded to one decimal place.
2025,Property rates,Households with that type of expenditure,Average weekly household expenditure,78.3,nzd,NZD,
2025,Property rates,Households with that type of expenditure,Relative sampling error for average weekly household expenditure,1.3,percentage,% error,,Sampling errors are rounded to one decimal place.
2025,Property rates,Households with that type of expenditure,Percentage of households reporting expenditure,72.1,percentage,% of households,,Percentages are rounded to one decimal place and are calculated using unrounded figures.
2025,Property rates,Households with that type of expenditure,Percentage of total housing costs expenditure,11.8,percentage,% of total housing costs,,Percentages are rounded to one decimal place and are calculated using unrounded figures.
2025,Property rates,Households with that type of expenditure,Percent change from previous year,5.6,percentage,% change,,Percentages are rounded to one decimal place and are calculated using unrounded figures.
2025,Property rates,Households with that type of expenditure,Level sample error on percent change,2.2,percentage,% error,,Sampling errors are rounded to one decimal place.
2025,Building-related insurance,Households with that type of expenditure,Average weekly household expenditure,58.7,nzd,NZD,
2025,Building-related insurance,Households with that type of expenditure,Relative sampling error for average weekly household expenditure,1.3,percentage,% error,,Sampling errors are rounded to one decimal place.
2025,Building-related insurance,Households with that type of expenditure,Percentage of households reporting expenditure,54.7,percentage,% of households,,Percentages are rounded to one decimal place and are calculated using unrounded figures.
2025,Building-related insurance,Households with that type of expenditure,Percentage of total housing costs expenditure,6.7,percentage,% of total housing costs,,Percentages are rounded to one decimal place and are calculated using unrounded figures.
2025,Building-related insurance,Households with that type of expenditure,Percent change from previous year,9.8,percentage,% change,,Percentages are rounded to one decimal place and are calculated using unrounded figures.
2025,Building-related insurance,Households with that type of expenditure,Level sample error on percent change,2.7,percentage,% error,,Sampling errors are rounded to one decimal place.
2025,Other housing costs,Households with that type of expenditure,Average weekly household expenditure,74.1,nzd,NZD,
2025,Other housing costs,Households with that type of expenditure,Relative sampling error for average weekly household expenditure,16.9,percentage,% error,,Sampling errors are rounded to one decimal place.
2025,Other housing costs,Households with that type of expenditure,Percentage of households reporting expenditure,7.2,percentage,% of households,,Percentages are rounded to one decimal place and are calculated using unrounded figures.
2025,Other housing costs,Households with that type of expenditure,Percentage of total housing costs expenditure,1.1,percentage,% of total housing costs,,Percentages are rounded to one decimal place and are calculated using unrounded figures.
2025,Other housing costs,Households with that type of expenditure,Percent change from previous year,-1.7,percentage,% change,,Percentages are rounded to one decimal place and are calculated using unrounded figures.
2025,Other housing costs,Households with that type of expenditure,Level sample error on percent change,19.4,percentage,% error,,Sampling errors are rounded to one decimal place.
2025,Total housing costs,Households with that type of expenditure,Average weekly household expenditure,478,nzd,NZD,
2025,Total housing costs,Households with that type of expenditure,Relative sampling error for average weekly household expenditure,1.4,percentage,% error,,Sampling errors are rounded to one decimal place.
2025,Total housing costs,Households with that type of expenditure,Percentage of households reporting expenditure,100,percentage,% of households,,Percentages are rounded to one decimal place and are calculated using unrounded figures.
2025,Total housing costs,Households with that type of expenditure,Percentage of total housing costs expenditure,100,percentage,% of total housing costs,,Percentages are rounded to one decimal place and are calculated using unrounded figures.
2025,Total housing costs,Households with that type of expenditure,Percent change from previous year,4.4,percentage,% change,,Percentages are rounded to one decimal place and are calculated using unrounded figures.
2025,Total housing costs,Households with that type of expenditure,Level sample error on percent change,2.2,percentage,% error,,Sampling errors are rounded to one decimal place.
2024,Property and ground rent,Households with that type of expenditure,Average weekly household expenditure,475,nzd,NZD,,Revised
2024,Property and ground rent,Households with that type of expenditure,Relative sampling error for average weekly household expenditure,1.5,percentage,% error,,Revised,Sampling errors are rounded to one decimal place.
2024,Property and ground rent,Households with that type of expenditure,Percentage of households reporting expenditure,34.4,percentage,% of households,,Revised,Percentages are rounded to one decimal place and are calculated using unrounded figures.
2024,Property and ground rent,Households with that type of expenditure,Percentage of total housing costs expenditure,35.7,percentage,% of total housing costs,,Revised,Percentages are rounded to one decimal place and are calculated using unrounded figures.
2024,Property and ground rent,Households with that type of expenditure,Percent change from previous year,8.8,percentage,% change,,Revised,Percentages are rounded to one decimal place and are calculated using unrounded figures.
2024,Property and ground rent,Households with that type of expenditure,Level sample error on percent change,2.6,percentage,% error,,Revised,Sampling errors are rounded to one decimal place.
2024,Other payments connected with renting,Households with that type of expenditure,Average weekly household expenditure,31.5,nzd,NZD,,Revised
2024,Other payments connected with renting,Households with that type of expenditure,Relative sampling error for average weekly household expenditure,9.7,percentage,% error,,Revised,Sampling errors are rounded to one decimal place.
2024,Other payments connected with renting,Households with that type of expenditure,Percentage of households reporting expenditure,9.3,percentage,% of households,,Revised,Percentages are rounded to one decimal place and are calculated using unrounded figures.
2024,Other payments connected with renting,Households with that type of expenditure,Percentage of total housing costs expenditure,0.6,percentage,% of total housing costs,,Revised,Percentages are rounded to one decimal place and are calculated using unrounded figures.
2024,Other payments connected with renting,Households with that type of expenditure,Percent change from previous year,5,percentage,% change,,Revised,Percentages are rounded to one decimal place and are calculated using unrounded figures.
2024,Other payments connected with renting,Households with that type of expenditure,Level sample error on percent change,13.5,percentage,% error,,Revised,Sampling errors are rounded to one decimal place.
2024,Total rent payments,Households with that type of expenditure,Average weekly household expenditure,463.8,nzd,NZD,,Revised
2024,Total rent payments,Households with that type of expenditure,Relative sampling error for average weekly household expenditure,1.7,percentage,% error,,Revised,Sampling errors are rounded to one decimal place.
2024,Total rent payments,Households with that type of expenditure,Percentage of households reporting expenditure,35.9,percentage,% of households,,Revised,Percentages are rounded to one decimal place and are calculated using unrounded figures.
2024,Total rent payments,Households with that type of expenditure,Percentage of total housing costs expenditure,36.4,percentage,% of total housing costs,,Revised,Percentages are rounded to one decimal place and are calculated using unrounded figures.
2024,Total rent payments,Households with that type of expenditure,Percent change from previous year,8.8,percentage,% change,,Revised,Percentages are rounded to one decimal place and are calculated using unrounded figures.
2024,Total rent payments,Households with that type of expenditure,Level sample error on percent change,2.8,percentage,% error,,Revised,Sampling errors are rounded to one decimal place.
2024,Mortgage principal repayments,Households with that type of expenditure,Average weekly household expenditure,252.8,nzd,NZD,,Revised
2024,Mortgage principal repayments,Households with that type of expenditure,Relative sampling error for average weekly household expenditure,3.1,percentage,% error,,Revised,Sampling errors are rounded to one decimal place.
2024,Mortgage principal repayments,Households with that type of expenditure,Percentage of households reporting expenditure,29.2,percentage,% of households,,Revised,Percentages are rounded to one decimal place and are calculated using unrounded figures.
2024,Mortgage principal repayments,Households with that type of expenditure,Percentage of total housing costs expenditure,16.1,percentage,% of total housing costs,,Revised,Percentages are rounded to one decimal place and are calculated using unrounded figures.
2024,Mortgage principal repayments,Households with that type of expenditure,Percent change from previous year,-17.9,percentage,% change,,Revised,Percentages are rounded to one decimal place and are calculated using unrounded figures.
2024,Mortgage principal repayments,Households with that type of expenditure,Level sample error on percent change,6,percentage,% error,,Revised,Sampling errors are rounded to one decimal place.
2024,Mortgage interest payments,Households with that type of expenditure,Average weekly household expenditure,423.4,nzd,NZD,,Revised
2024,Mortgage interest payments,Households with that type of expenditure,Relative sampling error for average weekly household expenditure,2.9,percentage,% error,,Revised,Sampling errors are rounded to one decimal place.
2024,Mortgage interest payments,Households with that type of expenditure,Percentage of households reporting expenditure,30.8,percentage,% of households,,Revised,Percentages are rounded to one decimal place and are calculated using unrounded figures.
2024,Mortgage interest payments,Households with that type of expenditure,Percentage of total housing costs expenditure,28.4,percentage,% of total housing costs,,Revised,Percentages are rounded to one decimal place and are calculated using unrounded figures.
2024,Mortgage interest payments,Households with that type of expenditure,Percent change from previous year,35.6,percentage,% change,,Revised,Percentages are rounded to one decimal place and are calculated using unrounded figures.
2024,Mortgage interest payments,Households with that type of expenditure,Level sample error on percent change,6.6,percentage,% error,,Revised,Sampling errors are rounded to one decimal place.
2024,Application and service fees for mortgages,Households with that type of expenditure,Average weekly household expenditure,14.4,nzd,NZD,,Revised
2024,Application and service fees for mortgages,Households with that type of expenditure,Relative sampling error for average weekly household expenditure,31.9,percentage,% error,,Revised,Sampling errors are rounded to one decimal place.
2024,Application and service fees for mortgages,Households with that type of expenditure,Percentage of households reporting expenditure,1.8,percentage,% of households,,Revised,Percentages are rounded to one decimal place and are calculated using unrounded figures.
2024,Application and service fees for mortgages,Households with that type of expenditure,Percentage of total housing costs expenditure,0.1,percentage,% of total housing costs,,Revised,Percentages are rounded to one decimal place and are calculated using unrounded figures.
2024,Application and service fees for mortgages,Households with that type of expenditure,Percent change from previous year,6.6,percentage,% change,,Revised,Percentages are rounded to one decimal place and are calculated using unrounded figures.
2024,Application and service fees for mortgages,Households with that type of expenditure,Level sample error on percent change,51.4,percentage,% error,,Revised,Sampling errors are rounded to one decimal place.
2024,Total mortgage payments,Households with that type of expenditure,Average weekly household expenditure,658.4,nzd,NZD,,Revised
2024,Total mortgage payments,Households with that type of expenditure,Relative sampling error for average weekly household expenditure,2.4,percentage,% error,,Revised,Sampling errors are rounded to one decimal place.
2024,Total mortgage payments,Households with that type of expenditure,Percentage of households reporting expenditure,31,percentage,% of households,,Revised,Percentages are rounded to one decimal place and are calculated using unrounded figures.
2024,Total mortgage payments,Households with that type of expenditure,Percentage of total housing costs expenditure,44.6,percentage,% of total housing costs,,Revised,Percentages are rounded to one decimal place and are calculated using unrounded figures.
2024,Total mortgage payments,Households with that type of expenditure,Percent change from previous year,8.6,percentage,% change,,Revised,Percentages are rounded to one decimal place and are calculated using unrounded figures.
2024,Total mortgage payments,Households with that type of expenditure,Level sample error on percent change,5.2,percentage,% error,,Revised,Sampling errors are rounded to one decimal place.
2024,Property rates,Households with that type of expenditure,Average weekly household expenditure,74.2,nzd,NZD,,Revised
2024,Property rates,Households with that type of expenditure,Relative sampling error for average weekly household expenditure,1.7,percentage,% error,,Revised,Sampling errors are rounded to one decimal place.
2024,Property rates,Households with that type of expenditure,Percentage of households reporting expenditure,72.1,percentage,% of households,,Revised,Percentages are rounded to one decimal place and are calculated using unrounded figures.
2024,Property rates,Households with that type of expenditure,Percentage of total housing costs expenditure,11.7,percentage,% of total housing costs,,Revised,Percentages are rounded to one decimal place and are calculated using unrounded figures.
2024,Property rates,Households with that type of expenditure,Percent change from previous year,9.4,percentage,% change,,Revised,Percentages are rounded to one decimal place and are calculated using unrounded figures.
2024,Property rates,Households with that type of expenditure,Level sample error on percent change,2.8,percentage,% error,,Revised,Sampling errors are rounded to one decimal place.
2024,Building-related insurance,Households with that type of expenditure,Average weekly household expenditure,53.5,nzd,NZD,,Revised
2024,Building-related insurance,Households with that type of expenditure,Relative sampling error for average weekly household expenditure,2,percentage,% error,,Revised,Sampling errors are rounded to one decimal place.
2024,Building-related insurance,Households with that type of expenditure,Percentage of households reporting expenditure,53.3,percentage,% of households,,Revised,Percentages are rounded to one decimal place and are calculated using unrounded figures.
2024,Building-related insurance,Households with that type of expenditure,Percentage of total housing costs expenditure,6.2,percentage,% of total housing costs,,Revised,Percentages are rounded to one decimal place and are calculated using unrounded figures.
2024,Building-related insurance,Households with that type of expenditure,Percent change from previous year,15.7,percentage,% change,,Revised,Percentages are rounded to one decimal place and are calculated using unrounded figures.
2024,Building-related insurance,Households with that type of expenditure,Level sample error on percent change,5,percentage,% error,,Revised,Sampling errors are rounded to one decimal place.
2024,Other housing costs,Households with that type of expenditure,Average weekly household expenditure,75.4,nzd,NZD,,Revised
2024,Other housing costs,Households with that type of expenditure,Relative sampling error for average weekly household expenditure,11.8,percentage,% error,,Revised,Sampling errors are rounded to one decimal place.
2024,Other housing costs,Households with that type of expenditure,Percentage of households reporting expenditure,7,percentage,% of households,,Revised,Percentages are rounded to one decimal place and are calculated using unrounded figures.
2024,Other housing costs,Households with that type of expenditure,Percentage of total housing costs expenditure,1.1,percentage,% of total housing costs,,Revised,Percentages are rounded to one decimal place and are calculated using unrounded figures.
2024,Other housing costs,Households with that type of expenditure,Percent change from previous year,0,percentage,% change,,Revised,Percentages are rounded to one decimal place and are calculated using unrounded figures.
2024,Other housing costs,Households with that type of expenditure,Level sample error on percent change,21.2,percentage,% error,,Revised,Sampling errors are rounded to one decimal place.
2024,Total housing costs,Households with that type of expenditure,Average weekly household expenditure,457.9,nzd,NZD,,Revised
2024,Total housing costs,Households with that type of expenditure,Relative sampling error for average weekly household expenditure,1.5,percentage,% error,,Revised,Sampling errors are rounded to one decimal place.
2024,Total housing costs,Households with that type of expenditure,Percentage of households reporting expenditure,100,percentage,% of households,,Revised,Percentages are rounded to one decimal place and are calculated using unrounded figures.
2024,Total housing costs,Households with that type of expenditure,Percentage of total housing costs expenditure,100,percentage,% of total housing costs,,Revised,Percentages are rounded to one decimal place and are calculated using unrounded figures.
2024,Total housing costs,Households with that type of expenditure,Percent change from previous year,8.2,percentage,% change,,Revised,Percentages are rounded to one decimal place and are calculated using unrounded figures.
2024,Total housing costs,Households with that type of expenditure,Level sample error on percent change,2.9,percentage,% error,,Revised,Sampling errors are rounded to one decimal place.
2023,Property and ground rent,Households with that type of expenditure,Average weekly household expenditure,436.7,nzd,NZD,
2023,Property and ground rent,Households with that type of expenditure,Relative sampling error for average weekly household expenditure,2,percentage,% error,,Sampling errors are rounded to one decimal place.
2023,Property and ground rent,Households with that type of expenditure,Percentage of households reporting expenditure,33.6,percentage,% of households,,Percentages are rounded to one decimal place and are calculated using unrounded figures.
2023,Property and ground rent,Households with that type of expenditure,Percentage of total housing costs expenditure,34.6,percentage,% of total housing costs,,Percentages are rounded to one decimal place and are calculated using unrounded figures.
2023,Property and ground rent,Households with that type of expenditure,Percent change from previous year,4.3,percentage,% change,,Percentages are rounded to one decimal place and are calculated using unrounded figures.
2023,Property and ground rent,Households with that type of expenditure,Level sample error on percent change,3.4,percentage,% error,,Sampling errors are rounded to one decimal place.
2023,Other payments connected with renting,Households with that type of expenditure,Average weekly household expenditure,30,nzd,NZD,
2023,Other payments connected with renting,Households with that type of expenditure,Relative sampling error for average weekly household expenditure,7.7,percentage,% error,,Sampling errors are rounded to one decimal place.
2023,Other payments connected with renting,Households with that type of expenditure,Percentage of households reporting expenditure,9,percentage,% of households,,Percentages are rounded to one decimal place and are calculated using unrounded figures.
2023,Other payments connected with renting,Households with that type of expenditure,Percentage of total housing costs expenditure,0.6,percentage,% of total housing costs,,Percentages are rounded to one decimal place and are calculated using unrounded figures.
2023,Other payments connected with renting,Households with that type of expenditure,Percent change from previous year,12.8,percentage,% change,,Percentages are rounded to one decimal place and are calculated using unrounded figures.
2023,Other payments connected with renting,Households with that type of expenditure,Level sample error on percent change,12.9,percentage,% error,,Sampling errors are rounded to one decimal place.
2023,Total rent payments,Households with that type of expenditure,Average weekly household expenditure,426.2,nzd,NZD,
2023,Total rent payments,Households with that type of expenditure,Relative sampling error for average weekly household expenditure,2.1,percentage,% error,,Sampling errors are rounded to one decimal place.
2023,Total rent payments,Households with that type of expenditure,Percentage of households reporting expenditure,35,percentage,% of households,,Percentages are rounded to one decimal place and are calculated using unrounded figures.
2023,Total rent payments,Households with that type of expenditure,Percentage of total housing costs expenditure,35.3,percentage,% of total housing costs,,Percentages are rounded to one decimal place and are calculated using unrounded figures.
2023,Total rent payments,Households with that type of expenditure,Percent change from previous year,4.1,percentage,% change,,Percentages are rounded to one decimal place and are calculated using unrounded figures.
2023,Total rent payments,Households with that type of expenditure,Level sample error on percent change,3.5,percentage,% error,,Sampling errors are rounded to one decimal place.
2023,Mortgage principal repayments,Households with that type of expenditure,Average weekly household expenditure,307.9,nzd,NZD,
2023,Mortgage principal repayments,Households with that type of expenditure,Relative sampling error for average weekly household expenditure,6.3,percentage,% error,,Sampling errors are rounded to one decimal place.
2023,Mortgage principal repayments,Households with that type of expenditure,Percentage of households reporting expenditure,30.3,percentage,% of households,,Percentages are rounded to one decimal place and are calculated using unrounded figures.
2023,Mortgage principal repayments,Households with that type of expenditure,Percentage of total housing costs expenditure,22.1,percentage,% of total housing costs,,Percentages are rounded to one decimal place and are calculated using unrounded figures.
2023,Mortgage principal repayments,Households with that type of expenditure,Percent change from previous year,6.6,percentage,% change,,Percentages are rounded to one decimal place and are calculated using unrounded figures.
2023,Mortgage principal repayments,Households with that type of expenditure,Level sample error on percent change,7.8,percentage,% error,,Sampling errors are rounded to one decimal place.
2023,Mortgage interest payments,Households with that type of expenditure,Average weekly household expenditure,312.3,nzd,NZD,
2023,Mortgage interest payments,Households with that type of expenditure,Relative sampling error for average weekly household expenditure,3.7,percentage,% error,,Sampling errors are rounded to one decimal place.
2023,Mortgage interest payments,Households with that type of expenditure,Percentage of households reporting expenditure,31.8,percentage,% of households,,Percentages are rounded to one decimal place and are calculated using unrounded figures.
2023,Mortgage interest payments,Households with that type of expenditure,Percentage of total housing costs expenditure,23.4,percentage,% of total housing costs,,Percentages are rounded to one decimal place and are calculated using unrounded figures.
2023,Mortgage interest payments,Households with that type of expenditure,Percent change from previous year,50.1,percentage,% change,,Percentages are rounded to one decimal place and are calculated using unrounded figures.
2023,Mortgage interest payments,Households with that type of expenditure,Level sample error on percent change,7.7,percentage,% error,,Sampling errors are rounded to one decimal place.
2023,Application and service fees for mortgages,Households with that type of expenditure,Average weekly household expenditure,13.6,nzd,NZD,
2023,Application and service fees for mortgages,Households with that type of expenditure,Relative sampling error for average weekly household expenditure,31.9,percentage,% error,,Sampling errors are rounded to one decimal place.
2023,Application and service fees for mortgages,Households with that type of expenditure,Percentage of households reporting expenditure,2.6,percentage,% of households,,Percentages are rounded to one decimal place and are calculated using unrounded figures.
2023,Application and service fees for mortgages,Households with that type of expenditure,Percentage of total housing costs expenditure,0.1,percentage,% of total housing costs,,Percentages are rounded to one decimal place and are calculated using unrounded figures.
2023,Application and service fees for mortgages,Households with that type of expenditure,Percent change from previous year,60.4,percentage,% change,,Percentages are rounded to one decimal place and are calculated using unrounded figures.
2023,Application and service fees for mortgages,Households with that type of expenditure,Level sample error on percent change,73.5,percentage,% error,,Sampling errors are rounded to one decimal place.
2023,Total mortgage payments,Households with that type of expenditure,Average weekly household expenditure,606.2,nzd,NZD,
2023,Total mortgage payments,Households with that type of expenditure,Relative sampling error for average weekly household expenditure,3.9,percentage,% error,,Sampling errors are rounded to one decimal place.
2023,Total mortgage payments,Households with that type of expenditure,Percentage of households reporting expenditure,31.8,percentage,% of households,,Percentages are rounded to one decimal place and are calculated using unrounded figures.
2023,Total mortgage payments,Households with that type of expenditure,Percentage of total housing costs expenditure,45.6,percentage,% of total housing costs,,Percentages are rounded to one decimal place and are calculated using unrounded figures.
2023,Total mortgage payments,Households with that type of expenditure,Percent change from previous year,27.6,percentage,% change,,Percentages are rounded to one decimal place and are calculated using unrounded figures.
2023,Total mortgage payments,Households with that type of expenditure,Level sample error on percent change,5.5,percentage,% error,,Sampling errors are rounded to one decimal place.
2023,Property rates,Households with that type of expenditure,Average weekly household expenditure,67.8,nzd,NZD,
2023,Property rates,Households with that type of expenditure,Relative sampling error for average weekly household expenditure,1.8,percentage,% error,,Sampling errors are rounded to one decimal place.
2023,Property rates,Households with that type of expenditure,Percentage of households reporting expenditure,73,percentage,% of households,,Percentages are rounded to one decimal place and are calculated using unrounded figures.
2023,Property rates,Households with that type of expenditure,Percentage of total housing costs expenditure,11.7,percentage,% of total housing costs,,Percentages are rounded to one decimal place and are calculated using unrounded figures.
2023,Property rates,Households with that type of expenditure,Percent change from previous year,5.9,percentage,% change,,Percentages are rounded to one decimal place and are calculated using unrounded figures.
2023,Property rates,Households with that type of expenditure,Level sample error on percent change,3,percentage,% error,,Sampling errors are rounded to one decimal place.
2023,Building-related insurance,Households with that type of expenditure,Average weekly household expenditure,46.2,nzd,NZD,
2023,Building-related insurance,Households with that type of expenditure,Relative sampling error for average weekly household expenditure,3.8,percentage,% error,,Sampling errors are rounded to one decimal place.
2023,Building-related insurance,Households with that type of expenditure,Percentage of households reporting expenditure,57.4,percentage,% of households,,Percentages are rounded to one decimal place and are calculated using unrounded figures.
2023,Building-related insurance,Households with that type of expenditure,Percentage of total housing costs expenditure,6.3,percentage,% of total housing costs,,Percentages are rounded to one decimal place and are calculated using unrounded figures.
2023,Building-related insurance,Households with that type of expenditure,Percent change from previous year,14,percentage,% change,,Percentages are rounded to one decimal place and are calculated using unrounded figures.
2023,Building-related insurance,Households with that type of expenditure,Level sample error on percent change,5,percentage,% error,,Sampling errors are rounded to one decimal place.
2023,Other housing costs,Households with that type of expenditure,Average weekly household expenditure,75.4,nzd,NZD,
2023,Other housing costs,Households with that type of expenditure,Relative sampling error for average weekly household expenditure,16.8,percentage,% error,,Sampling errors are rounded to one decimal place.
2023,Other housing costs,Households with that type of expenditure,Percentage of households reporting expenditure,6.4,percentage,% of households,,Percentages are rounded to one decimal place and are calculated using unrounded figures.
2023,Other housing costs,Households with that type of expenditure,Percentage of total housing costs expenditure,1.1,percentage,% of total housing costs,,Percentages are rounded to one decimal place and are calculated using unrounded figures.
2023,Other housing costs,Households with that type of expenditure,Percent change from previous year,3.4,percentage,% change,,Percentages are rounded to one decimal place and are calculated using unrounded figures.
2023,Other housing costs,Households with that type of expenditure,Level sample error on percent change,24.5,percentage,% error,,Sampling errors are rounded to one decimal place.
2023,Total housing costs,Households with that type of expenditure,Average weekly household expenditure,423.1,nzd,NZD,
2023,Total housing costs,Households with that type of expenditure,Relative sampling error for average weekly household expenditure,2.2,percentage,% error,,Sampling errors are rounded to one decimal place.
2023,Total housing costs,Households with that type of expenditure,Percentage of households reporting expenditure,100,percentage,% of households,,Percentages are rounded to one decimal place and are calculated using unrounded figures.
2023,Total housing costs,Households with that type of expenditure,Percentage of total housing costs expenditure,100,percentage,% of total housing costs,,Percentages are rounded to one decimal place and are calculated using unrounded figures.
2023,Total housing costs,Households with that type of expenditure,Percent change from previous year,14.5,percentage,% change,,Percentages are rounded to one decimal place and are calculated using unrounded figures.
2023,Total housing costs,Households with that type of expenditure,Level sample error on percent change,3.1,percentage,% error,,Sampling errors are rounded to one decimal place.
2022,Property and ground rent,Households with that type of expenditure,Average weekly household expenditure,418.8,nzd,NZD,
2022,Property and ground rent,Households with that type of expenditure,Relative sampling error for average weekly household expenditure,2.5,percentage,% error,,Sampling errors are rounded to one decimal place.
2022,Property and ground rent,Households with that type of expenditure,Percentage of households reporting expenditure,33.2,percentage,% of households,,Percentages are rounded to one decimal place and are calculated using unrounded figures.
2022,Property and ground rent,Households with that type of expenditure,Percentage of total housing costs expenditure,37.6,percentage,% of total housing costs,,Percentages are rounded to one decimal place and are calculated using unrounded figures.
2022,Property and ground rent,Households with that type of expenditure,Percent change from previous year,4.8,percentage,% change,,Percentages are rounded to one decimal place and are calculated using unrounded figures.
2022,Property and ground rent,Households with that type of expenditure,Level sample error on percent change,3.2,percentage,% error,,Sampling errors are rounded to one decimal place.
2022,Other payments connected with renting,Households with that type of expenditure,Average weekly household expenditure,26.6,nzd,NZD,
2022,Other payments connected with renting,Households with that type of expenditure,Relative sampling error for average weekly household expenditure,9.4,percentage,% error,,Sampling errors are rounded to one decimal place.
2022,Other payments connected with renting,Households with that type of expenditure,Percentage of households reporting expenditure,9.7,percentage,% of households,,Percentages are rounded to one decimal place and are calculated using unrounded figures.
2022,Other payments connected with renting,Households with that type of expenditure,Percentage of total housing costs expenditure,0.7,percentage,% of total housing costs,,Percentages are rounded to one decimal place and are calculated using unrounded figures.
2022,Other payments connected with renting,Households with that type of expenditure,Percent change from previous year,5.6,percentage,% change,,Percentages are rounded to one decimal place and are calculated using unrounded figures.
2022,Other payments connected with renting,Households with that type of expenditure,Level sample error on percent change,12.3,percentage,% error,,Sampling errors are rounded to one decimal place.
2022,Total rent payments,Households with that type of expenditure,Average weekly household expenditure,409.4,nzd,NZD,
2022,Total rent payments,Households with that type of expenditure,Relative sampling error for average weekly household expenditure,2.6,percentage,% error,,Sampling errors are rounded to one decimal place.
2022,Total rent payments,Households with that type of expenditure,Percentage of households reporting expenditure,34.5,percentage,% of households,,Percentages are rounded to one decimal place and are calculated using unrounded figures.
2022,Total rent payments,Households with that type of expenditure,Percentage of total housing costs expenditure,38.3,percentage,% of total housing costs,,Percentages are rounded to one decimal place and are calculated using unrounded figures.
2022,Total rent payments,Households with that type of expenditure,Percent change from previous year,4.9,percentage,% change,,Percentages are rounded to one decimal place and are calculated using unrounded figures.
2022,Total rent payments,Households with that type of expenditure,Level sample error on percent change,3.3,percentage,% error,,Sampling errors are rounded to one decimal place.
2022,Mortgage principal repayments,Households with that type of expenditure,Average weekly household expenditure,289,nzd,NZD,
2022,Mortgage principal repayments,Households with that type of expenditure,Relative sampling error for average weekly household expenditure,3.3,percentage,% error,,Sampling errors are rounded to one decimal place.
2022,Mortgage principal repayments,Households with that type of expenditure,Percentage of households reporting expenditure,30.1,percentage,% of households,,Percentages are rounded to one decimal place and are calculated using unrounded figures.
2022,Mortgage principal repayments,Households with that type of expenditure,Percentage of total housing costs expenditure,23.5,percentage,% of total housing costs,,Percentages are rounded to one decimal place and are calculated using unrounded figures.
2022,Mortgage principal repayments,Households with that type of expenditure,Percent change from previous year,6.1,percentage,% change,,Percentages are rounded to one decimal place and are calculated using unrounded figures.
2022,Mortgage principal repayments,Households with that type of expenditure,Level sample error on percent change,4,percentage,% error,,Sampling errors are rounded to one decimal place.
2022,Mortgage interest payments,Households with that type of expenditure,Average weekly household expenditure,208,nzd,NZD,
2022,Mortgage interest payments,Households with that type of expenditure,Relative sampling error for average weekly household expenditure,4.1,percentage,% error,,Sampling errors are rounded to one decimal place.
2022,Mortgage interest payments,Households with that type of expenditure,Percentage of households reporting expenditure,32.2,percentage,% of households,,Percentages are rounded to one decimal place and are calculated using unrounded figures.
2022,Mortgage interest payments,Households with that type of expenditure,Percentage of total housing costs expenditure,18.1,percentage,% of total housing costs,,Percentages are rounded to one decimal place and are calculated using unrounded figures.
2022,Mortgage interest payments,Households with that type of expenditure,Percent change from previous year,2.6,percentage,% change,,Percentages are rounded to one decimal place and are calculated using unrounded figures.
2022,Mortgage interest payments,Households with that type of expenditure,Level sample error on percent change,5.3,percentage,% error,,Sampling errors are rounded to one decimal place.
2022,Application and service fees for mortgages,Households with that type of expenditure,Average weekly household expenditure,8.5,nzd,NZD,
2022,Application and service fees for mortgages,Households with that type of expenditure,Relative sampling error for average weekly household expenditure,28.7,percentage,% error,,Sampling errors are rounded to one decimal place.
2022,Application and service fees for mortgages,Households with that type of expenditure,Percentage of households reporting expenditure,3.6,percentage,% of households,,Percentages are rounded to one decimal place and are calculated using unrounded figures.
2022,Application and service fees for mortgages,Households with that type of expenditure,Percentage of total housing costs expenditure,0.1,percentage,% of total housing costs,,Percentages are rounded to one decimal place and are calculated using unrounded figures.
2022,Application and service fees for mortgages,Households with that type of expenditure,Percent change from previous year,-15.8,percentage,% change,,Percentages are rounded to one decimal place and are calculated using unrounded figures.
2022,Application and service fees for mortgages,Households with that type of expenditure,Level sample error on percent change,30.9,percentage,% error,,Sampling errors are rounded to one decimal place.
2022,Total mortgage payments,Households with that type of expenditure,Average weekly household expenditure,475,nzd,NZD,
2022,Total mortgage payments,Households with that type of expenditure,Relative sampling error for average weekly household expenditure,2.8,percentage,% error,,Sampling errors are rounded to one decimal place.
2022,Total mortgage payments,Households with that type of expenditure,Percentage of households reporting expenditure,32.5,percentage,% of households,,Percentages are rounded to one decimal place and are calculated using unrounded figures.
2022,Total mortgage payments,Households with that type of expenditure,Percentage of total housing costs expenditure,41.8,percentage,% of total housing costs,,Percentages are rounded to one decimal place and are calculated using unrounded figures.
2022,Total mortgage payments,Households with that type of expenditure,Percent change from previous year,4.6,percentage,% change,,Percentages are rounded to one decimal place and are calculated using unrounded figures.
2022,Total mortgage payments,Households with that type of expenditure,Level sample error on percent change,3.4,percentage,% error,,Sampling errors are rounded to one decimal place.
2022,Property rates,Households with that type of expenditure,Average weekly household expenditure,64,nzd,NZD,
2022,Property rates,Households with that type of expenditure,Relative sampling error for average weekly household expenditure,2.5,percentage,% error,,Sampling errors are rounded to one decimal place.
2022,Property rates,Households with that type of expenditure,Percentage of households reporting expenditure,72.6,percentage,% of households,,Percentages are rounded to one decimal place and are calculated using unrounded figures.
2022,Property rates,Households with that type of expenditure,Percentage of total housing costs expenditure,12.6,percentage,% of total housing costs,,Percentages are rounded to one decimal place and are calculated using unrounded figures.
2022,Property rates,Households with that type of expenditure,Percent change from previous year,5,percentage,% change,,Percentages are rounded to one decimal place and are calculated using unrounded figures.
2022,Property rates,Households with that type of expenditure,Level sample error on percent change,3.2,percentage,% error,,Sampling errors are rounded to one decimal place.
2022,Building-related insurance,Households with that type of expenditure,Average weekly household expenditure,40.6,nzd,NZD,
2022,Building-related insurance,Households with that type of expenditure,Relative sampling error for average weekly household expenditure,2,percentage,% error,,Sampling errors are rounded to one decimal place.
2022,Building-related insurance,Households with that type of expenditure,Percentage of households reporting expenditure,56.3,percentage,% of households,,Percentages are rounded to one decimal place and are calculated using unrounded figures.
2022,Building-related insurance,Households with that type of expenditure,Percentage of total housing costs expenditure,6.2,percentage,% of total housing costs,,Percentages are rounded to one decimal place and are calculated using unrounded figures.
2022,Building-related insurance,Households with that type of expenditure,Percent change from previous year,2.3,percentage,% change,,Percentages are rounded to one decimal place and are calculated using unrounded figures.
2022,Building-related insurance,Households with that type of expenditure,Level sample error on percent change,2.9,percentage,% error,,Sampling errors are rounded to one decimal place.
2022,Other housing costs,Households with that type of expenditure,Average weekly household expenditure,73,nzd,NZD,
2022,Other housing costs,Households with that type of expenditure,Relative sampling error for average weekly household expenditure,17.1,percentage,% error,,Sampling errors are rounded to one decimal place.
2022,Other housing costs,Households with that type of expenditure,Percentage of households reporting expenditure,6.1,percentage,% of households,,Percentages are rounded to one decimal place and are calculated using unrounded figures.
2021,Property rates,Households with that type of expenditure,Average weekly household expenditure,61,nzd,NZD,
2022,Other housing costs,Households with that type of expenditure,Percentage of total housing costs expenditure,1.2,percentage,% of total housing costs,,Percentages are rounded to one decimal place and are calculated using unrounded figures.
2022,Other housing costs,Households with that type of expenditure,Percent change from previous year,16.3,percentage,% change,,Percentages are rounded to one decimal place and are calculated using unrounded figures.
2022,Other housing costs,Households with that type of expenditure,Level sample error on percent change,25.5,percentage,% error,,Sampling errors are rounded to one decimal place.
2022,Total housing costs,Households with that type of expenditure,Average weekly household expenditure,369.5,nzd,NZD,
2022,Total housing costs,Households with that type of expenditure,Relative sampling error for average weekly household expenditure,1.9,percentage,% error,,Sampling errors are rounded to one decimal place.
2022,Total housing costs,Households with that type of expenditure,Percentage of households reporting expenditure,100,percentage,% of households,,Percentages are rounded to one decimal place and are calculated using unrounded figures.
2022,Total housing costs,Households with that type of expenditure,Percentage of total housing costs expenditure,100,percentage,% of total housing costs,,Percentages are rounded to one decimal place and are calculated using unrounded figures.
2022,Total housing costs,Households with that type of expenditure,Percent change from previous year,3.1,percentage,% change,,Percentages are rounded to one decimal place and are calculated using unrounded figures.
2022,Total housing costs,Households with that type of expenditure,Level sample error on percent change,2.7,percentage,% error,,Sampling errors are rounded to one decimal place.
2021,Property and ground rent,Households with that type of expenditure,Average weekly household expenditure,399.6,nzd,NZD,
2021,Property and ground rent,Households with that type of expenditure,Relative sampling error for average weekly household expenditure,1.9,percentage,% error,,Sampling errors are rounded to one decimal place.
2021,Property and ground rent,Households with that type of expenditure,Percentage of households reporting expenditure,33.5,percentage,% of households,,Percentages are rounded to one decimal place and are calculated using unrounded figures.
2021,Property and ground rent,Households with that type of expenditure,Percentage of total housing costs expenditure,37.4,percentage,% of total housing costs,,Percentages are rounded to one decimal place and are calculated using unrounded figures.
2021,Property and ground rent,Households with that type of expenditure,Percent change from previous year,5.1,percentage,% change,,Percentages are rounded to one decimal place and are calculated using unrounded figures.
2021,Property and ground rent,Households with that type of expenditure,Level sample error on percent change,2.1,percentage,% error,,Sampling errors are rounded to one decimal place.
2021,Other payments connected with renting,Households with that type of expenditure,Average weekly household expenditure,25.2,nzd,NZD,
2021,Other payments connected with renting,Households with that type of expenditure,Relative sampling error for average weekly household expenditure,6.9,percentage,% error,,Sampling errors are rounded to one decimal place.
2021,Other payments connected with renting,Households with that type of expenditure,Percentage of households reporting expenditure,9.9,percentage,% of households,,Percentages are rounded to one decimal place and are calculated using unrounded figures.
2021,Other payments connected with renting,Households with that type of expenditure,Percentage of total housing costs expenditure,0.7,percentage,% of total housing costs,,Percentages are rounded to one decimal place and are calculated using unrounded figures.
2021,Other payments connected with renting,Households with that type of expenditure,Percent change from previous year,-11.1,percentage,% change,,Percentages are rounded to one decimal place and are calculated using unrounded figures.
2021,Other payments connected with renting,Households with that type of expenditure,Level sample error on percent change,12.5,percentage,% error,,Sampling errors are rounded to one decimal place.
2021,Total rent payments,Households with that type of expenditure,Average weekly household expenditure,390.4,nzd,NZD,
2021,Total rent payments,Households with that type of expenditure,Relative sampling error for average weekly household expenditure,2,percentage,% error,,Sampling errors are rounded to one decimal place.
2021,Total rent payments,Households with that type of expenditure,Percentage of households reporting expenditure,34.9,percentage,% of households,,Percentages are rounded to one decimal place and are calculated using unrounded figures.
2021,Total rent payments,Households with that type of expenditure,Percentage of total housing costs expenditure,38.1,percentage,% of total housing costs,,Percentages are rounded to one decimal place and are calculated using unrounded figures.
2021,Total rent payments,Households with that type of expenditure,Percent change from previous year,5,percentage,% change,,Percentages are rounded to one decimal place and are calculated using unrounded figures.
2021,Total rent payments,Households with that type of expenditure,Level sample error on percent change,2.4,percentage,% error,,Sampling errors are rounded to one decimal place.
2021,Mortgage principal repayments,Households with that type of expenditure,Average weekly household expenditure,272.3,nzd,NZD,
2021,Mortgage principal repayments,Households with that type of expenditure,Relative sampling error for average weekly household expenditure,2.5,percentage,% error,,Sampling errors are rounded to one decimal place.
2021,Mortgage principal repayments,Households with that type of expenditure,Percentage of households reporting expenditure,30.8,percentage,% of households,,Percentages are rounded to one decimal place and are calculated using unrounded figures.
2021,Mortgage principal repayments,Households with that type of expenditure,Percentage of total housing costs expenditure,23.4,percentage,% of total housing costs,,Percentages are rounded to one decimal place and are calculated using unrounded figures.
2021,Mortgage principal repayments,Households with that type of expenditure,Percent change from previous year,16.9,percentage,% change,,Percentages are rounded to one decimal place and are calculated using unrounded figures.
2021,Mortgage principal repayments,Households with that type of expenditure,Level sample error on percent change,3.9,percentage,% error,,Sampling errors are rounded to one decimal place.
2021,Mortgage interest payments,Households with that type of expenditure,Average weekly household expenditure,202.8,nzd,NZD,
2021,Mortgage interest payments,Households with that type of expenditure,Relative sampling error for average weekly household expenditure,3.3,percentage,% error,,Sampling errors are rounded to one decimal place.
2021,Mortgage interest payments,Households with that type of expenditure,Percentage of households reporting expenditure,33.1,percentage,% of households,,Percentages are rounded to one decimal place and are calculated using unrounded figures.
2021,Mortgage interest payments,Households with that type of expenditure,Percentage of total housing costs expenditure,18.7,percentage,% of total housing costs,,Percentages are rounded to one decimal place and are calculated using unrounded figures.
2021,Mortgage interest payments,Households with that type of expenditure,Percent change from previous year,-15.5,percentage,% change,,Percentages are rounded to one decimal place and are calculated using unrounded figures.
2021,Mortgage interest payments,Households with that type of expenditure,Level sample error on percent change,3.5,percentage,% error,,Sampling errors are rounded to one decimal place.
2021,Application and service fees for mortgages,Households with that type of expenditure,Average weekly household expenditure,10,nzd,NZD,
2021,Application and service fees for mortgages,Households with that type of expenditure,Relative sampling error for average weekly household expenditure,21.3,percentage,% error,,Sampling errors are rounded to one decimal place.
2021,Application and service fees for mortgages,Households with that type of expenditure,Percentage of households reporting expenditure,4,percentage,% of households,,Percentages are rounded to one decimal place and are calculated using unrounded figures.
2021,Application and service fees for mortgages,Households with that type of expenditure,Percentage of total housing costs expenditure,0.1,percentage,% of total housing costs,,Percentages are rounded to one decimal place and are calculated using unrounded figures.
2021,Application and service fees for mortgages,Households with that type of expenditure,Percent change from previous year,17.7,percentage,% change,,Percentages are rounded to one decimal place and are calculated using unrounded figures.
2021,Application and service fees for mortgages,Households with that type of expenditure,Level sample error on percent change,33.2,percentage,% error,,Sampling errors are rounded to one decimal place.
2021,Total mortgage payments,Households with that type of expenditure,Average weekly household expenditure,453.9,nzd,NZD,
2021,Total mortgage payments,Households with that type of expenditure,Relative sampling error for average weekly household expenditure,2.4,percentage,% error,,Sampling errors are rounded to one decimal place.
2021,Total mortgage payments,Households with that type of expenditure,Percentage of households reporting expenditure,33.3,percentage,% of households,,Percentages are rounded to one decimal place and are calculated using unrounded figures.
2021,Total mortgage payments,Households with that type of expenditure,Percentage of total housing costs expenditure,42.2,percentage,% of total housing costs,,Percentages are rounded to one decimal place and are calculated using unrounded figures.
2021,Total mortgage payments,Households with that type of expenditure,Percent change from previous year,0.4,percentage,% change,,Percentages are rounded to one decimal place and are calculated using unrounded figures.
2021,Total mortgage payments,Households with that type of expenditure,Level sample error on percent change,3,percentage,% error,,Sampling errors are rounded to one decimal place.
2021,Property rates,Households with that type of expenditure,Relative sampling error for average weekly household expenditure,1.6,percentage,% error,,Sampling errors are rounded to one decimal place.
2021,Property rates,Households with that type of expenditure,Percentage of households reporting expenditure,72.5,percentage,% of households,,Percentages are rounded to one decimal place and are calculated using unrounded figures.
2021,Property rates,Households with that type of expenditure,Percentage of total housing costs expenditure,12.3,percentage,% of total housing costs,,Percentages are rounded to one decimal place and are calculated using unrounded figures.
2021,Property rates,Households with that type of expenditure,Percent change from previous year,4.9,percentage,% change,,Percentages are rounded to one decimal place and are calculated using unrounded figures.
2021,Property rates,Households with that type of expenditure,Level sample error on percent change,2,percentage,% error,,Sampling errors are rounded to one decimal place.
2021,Building-related insurance,Households with that type of expenditure,Average weekly household expenditure,39.6,nzd,NZD,
2021,Building-related insurance,Households with that type of expenditure,Relative sampling error for average weekly household expenditure,1.7,percentage,% error,,Sampling errors are rounded to one decimal place.
2021,Building-related insurance,Households with that type of expenditure,Percentage of households reporting expenditure,57.3,percentage,% of households,,Percentages are rounded to one decimal place and are calculated using unrounded figures.
2021,Building-related insurance,Households with that type of expenditure,Percentage of total housing costs expenditure,6.3,percentage,% of total housing costs,,Percentages are rounded to one decimal place and are calculated using unrounded figures.
2021,Building-related insurance,Households with that type of expenditure,Percent change from previous year,5.6,percentage,% change,,Percentages are rounded to one decimal place and are calculated using unrounded figures.
2021,Building-related insurance,Households with that type of expenditure,Level sample error on percent change,2.4,percentage,% error,,Sampling errors are rounded to one decimal place.
2021,Other housing costs,Households with that type of expenditure,Average weekly household expenditure,62.7,nzd,NZD,
2021,Other housing costs,Households with that type of expenditure,Relative sampling error for average weekly household expenditure,13.5,percentage,% error,,Sampling errors are rounded to one decimal place.
2021,Other housing costs,Households with that type of expenditure,Percentage of households reporting expenditure,5.8,percentage,% of households,,Percentages are rounded to one decimal place and are calculated using unrounded figures.
2021,Other housing costs,Households with that type of expenditure,Percentage of total housing costs expenditure,1,percentage,% of total housing costs,,Percentages are rounded to one decimal place and are calculated using unrounded figures.
2021,Other housing costs,Households with that type of expenditure,Percent change from previous year,-11.1,percentage,% change,,Percentages are rounded to one decimal place and are calculated using unrounded figures.
2021,Other housing costs,Households with that type of expenditure,Level sample error on percent change,16.1,percentage,% error,,Sampling errors are rounded to one decimal place.
2021,Total housing costs,Households with that type of expenditure,Average weekly household expenditure,358.3,nzd,NZD,
2021,Total housing costs,Households with that type of expenditure,Relative sampling error for average weekly household expenditure,1.9,percentage,% error,,Sampling errors are rounded to one decimal place.
2021,Total housing costs,Households with that type of expenditure,Percentage of households reporting expenditure,100,percentage,% of households,,Percentages are rounded to one decimal place and are calculated using unrounded figures.
2021,Total housing costs,Households with that type of expenditure,Percentage of total housing costs expenditure,100,percentage,% of total housing costs,,Percentages are rounded to one decimal place and are calculated using unrounded figures.
2021,Total housing costs,Households with that type of expenditure,Percent change from previous year,2.4,percentage,% change,,Percentages are rounded to one decimal place and are calculated using unrounded figures.
2021,Total housing costs,Households with that type of expenditure,Level sample error on percent change,1.9,percentage,% error,,Sampling errors are rounded to one decimal place.
2020,Property and ground rent,Households with that type of expenditure,Average weekly household expenditure,380.4,nzd,NZD,
2020,Property and ground rent,Households with that type of expenditure,Relative sampling error for average weekly household expenditure,1.9,percentage,% error,,Sampling errors are rounded to one decimal place.
2020,Property and ground rent,Households with that type of expenditure,Percentage of households reporting expenditure,34.8,percentage,% of households,,Percentages are rounded to one decimal place and are calculated using unrounded figures.
2020,Property and ground rent,Households with that type of expenditure,Percentage of total housing costs expenditure,37.9,percentage,% of total housing costs,,Percentages are rounded to one decimal place and are calculated using unrounded figures.
2020,Property and ground rent,Households with that type of expenditure,Percent change from previous year,4.2,percentage,% change,,Percentages are rounded to one decimal place and are calculated using unrounded figures.
2020,Property and ground rent,Households with that type of expenditure,Level sample error on percent change,2,percentage,% error,,Sampling errors are rounded to one decimal place.
2020,Other payments connected with renting,Households with that type of expenditure,Average weekly household expenditure,28.4,nzd,NZD,
2020,Other payments connected with renting,Households with that type of expenditure,Relative sampling error for average weekly household expenditure,11.7,percentage,% error,,Sampling errors are rounded to one decimal place.
2020,Other payments connected with renting,Households with that type of expenditure,Percentage of households reporting expenditure,10.6,percentage,% of households,,Percentages are rounded to one decimal place and are calculated using unrounded figures.
2020,Other payments connected with renting,Households with that type of expenditure,Percentage of total housing costs expenditure,0.9,percentage,% of total housing costs,,Percentages are rounded to one decimal place and are calculated using unrounded figures.
2020,Other payments connected with renting,Households with that type of expenditure,Percent change from previous year,11.3,percentage,% change,,Percentages are rounded to one decimal place and are calculated using unrounded figures.
2020,Other payments connected with renting,Households with that type of expenditure,Level sample error on percent change,14.8,percentage,% error,,Sampling errors are rounded to one decimal place.
2020,Total rent payments,Households with that type of expenditure,Average weekly household expenditure,371.8,nzd,NZD,
2020,Total rent payments,Households with that type of expenditure,Relative sampling error for average weekly household expenditure,2.1,percentage,% error,,Sampling errors are rounded to one decimal place.
2020,Total rent payments,Households with that type of expenditure,Percentage of households reporting expenditure,36.4,percentage,% of households,,Percentages are rounded to one decimal place and are calculated using unrounded figures.
2020,Total rent payments,Households with that type of expenditure,Percentage of total housing costs expenditure,38.7,percentage,% of total housing costs,,Percentages are rounded to one decimal place and are calculated using unrounded figures.
2020,Total rent payments,Households with that type of expenditure,Percent change from previous year,5.3,percentage,% change,,Percentages are rounded to one decimal place and are calculated using unrounded figures.
2020,Total rent payments,Households with that type of expenditure,Level sample error on percent change,2.4,percentage,% error,,Sampling errors are rounded to one decimal place.
2020,Mortgage principal repayments,Households with that type of expenditure,Average weekly household expenditure,232.9,nzd,NZD,
2020,Mortgage principal repayments,Households with that type of expenditure,Relative sampling error for average weekly household expenditure,2.6,percentage,% error,,Sampling errors are rounded to one decimal place.
2020,Mortgage principal repayments,Households with that type of expenditure,Percentage of households reporting expenditure,30,percentage,% of households,,Percentages are rounded to one decimal place and are calculated using unrounded figures.
2020,Mortgage principal repayments,Households with that type of expenditure,Percentage of total housing costs expenditure,20,percentage,% of total housing costs,,Percentages are rounded to one decimal place and are calculated using unrounded figures.
2020,Mortgage principal repayments,Households with that type of expenditure,Percent change from previous year,6.4,percentage,% change,,Percentages are rounded to one decimal place and are calculated using unrounded figures.
2020,Mortgage principal repayments,Households with that type of expenditure,Level sample error on percent change,3.6,percentage,% error,,Sampling errors are rounded to one decimal place.
2020,Mortgage interest payments,Households with that type of expenditure,Average weekly household expenditure,240,nzd,NZD,
2020,Mortgage interest payments,Households with that type of expenditure,Relative sampling error for average weekly household expenditure,3,percentage,% error,,Sampling errors are rounded to one decimal place.
2020,Mortgage interest payments,Households with that type of expenditure,Percentage of households reporting expenditure,32.4,percentage,% of households,,Percentages are rounded to one decimal place and are calculated using unrounded figures.
2020,Mortgage interest payments,Households with that type of expenditure,Percentage of total housing costs expenditure,22.2,percentage,% of total housing costs,,Percentages are rounded to one decimal place and are calculated using unrounded figures.
2020,Mortgage interest payments,Households with that type of expenditure,Percent change from previous year,-7.4,percentage,% change,,Percentages are rounded to one decimal place and are calculated using unrounded figures.
2020,Mortgage interest payments,Households with that type of expenditure,Level sample error on percent change,4,percentage,% error,,Sampling errors are rounded to one decimal place.
2020,Application and service fees for mortgages,Households with that type of expenditure,Average weekly household expenditure,8.5,nzd,NZD,
2020,Application and service fees for mortgages,Households with that type of expenditure,Relative sampling error for average weekly household expenditure,19.8,percentage,% error,,Sampling errors are rounded to one decimal place.
2020,Application and service fees for mortgages,Households with that type of expenditure,Percentage of households reporting expenditure,4.2,percentage,% of households,,Percentages are rounded to one decimal place and are calculated using unrounded figures.
2020,Application and service fees for mortgages,Households with that type of expenditure,Percentage of total housing costs expenditure,0.1,percentage,% of total housing costs,,Percentages are rounded to one decimal place and are calculated using unrounded figures.
2020,Application and service fees for mortgages,Households with that type of expenditure,Percent change from previous year,-0.4,percentage,% change,,Percentages are rounded to one decimal place and are calculated using unrounded figures.
2020,Application and service fees for mortgages,Households with that type of expenditure,Level sample error on percent change,25.9,percentage,% error,,Sampling errors are rounded to one decimal place.
2020,Total mortgage payments,Households with that type of expenditure,Average weekly household expenditure,452.2,nzd,NZD,
2020,Total mortgage payments,Households with that type of expenditure,Relative sampling error for average weekly household expenditure,2.3,percentage,% error,,Sampling errors are rounded to one decimal place.
2020,Total mortgage payments,Households with that type of expenditure,Percentage of households reporting expenditure,32.7,percentage,% of households,,Percentages are rounded to one decimal place and are calculated using unrounded figures.
2020,Total mortgage payments,Households with that type of expenditure,Percentage of total housing costs expenditure,42.3,percentage,% of total housing costs,,Percentages are rounded to one decimal place and are calculated using unrounded figures.
2020,Total mortgage payments,Households with that type of expenditure,Percent change from previous year,-1.2,percentage,% change,,Percentages are rounded to one decimal place and are calculated using unrounded figures.
2020,Total mortgage payments,Households with that type of expenditure,Level sample error on percent change,3,percentage,% error,,Sampling errors are rounded to one decimal place.
2020,Property rates,Households with that type of expenditure,Average weekly household expenditure,58.1,nzd,NZD,
2020,Property rates,Households with that type of expenditure,Relative sampling error for average weekly household expenditure,1.7,percentage,% error,,Sampling errors are rounded to one decimal place.
2020,Property rates,Households with that type of expenditure,Percentage of households reporting expenditure,72,percentage,% of households,,Percentages are rounded to one decimal place and are calculated using unrounded figures.
2020,Property rates,Households with that type of expenditure,Percentage of total housing costs expenditure,12,percentage,% of total housing costs,,Percentages are rounded to one decimal place and are calculated using unrounded figures.
2020,Property rates,Households with that type of expenditure,Percent change from previous year,6.1,percentage,% change,,Percentages are rounded to one decimal place and are calculated using unrounded figures.
2020,Property rates,Households with that type of expenditure,Level sample error on percent change,1.8,percentage,% error,,Sampling errors are rounded to one decimal place.
2020,Building-related insurance,Households with that type of expenditure,Average weekly household expenditure,37.6,nzd,NZD,
2020,Building-related insurance,Households with that type of expenditure,Relative sampling error for average weekly household expenditure,1.7,percentage,% error,,Sampling errors are rounded to one decimal place.
2020,Building-related insurance,Households with that type of expenditure,Percentage of households reporting expenditure,56.5,percentage,% of households,,Percentages are rounded to one decimal place and are calculated using unrounded figures.
2020,Building-related insurance,Households with that type of expenditure,Percentage of total housing costs expenditure,6.1,percentage,% of total housing costs,,Percentages are rounded to one decimal place and are calculated using unrounded figures.
2020,Building-related insurance,Households with that type of expenditure,Percent change from previous year,3.1,percentage,% change,,Percentages are rounded to one decimal place and are calculated using unrounded figures.
2020,Building-related insurance,Households with that type of expenditure,Level sample error on percent change,2.4,percentage,% error,,Sampling errors are rounded to one decimal place.
2020,Other housing costs,Households with that type of expenditure,Average weekly household expenditure,70.6,nzd,NZD,
2020,Other housing costs,Households with that type of expenditure,Relative sampling error for average weekly household expenditure,22.5,percentage,% error,,Sampling errors are rounded to one decimal place.
2020,Other housing costs,Households with that type of expenditure,Percentage of households reporting expenditure,4.7,percentage,% of households,,Percentages are rounded to one decimal place and are calculated using unrounded figures.
2020,Other housing costs,Households with that type of expenditure,Percentage of total housing costs expenditure,0.9,percentage,% of total housing costs,,Percentages are rounded to one decimal place and are calculated using unrounded figures.
2020,Other housing costs,Households with that type of expenditure,Percent change from previous year,15.1,percentage,% change,,Percentages are rounded to one decimal place and are calculated using unrounded figures.
2020,Other housing costs,Households with that type of expenditure,Level sample error on percent change,24.6,percentage,% error,,Sampling errors are rounded to one decimal place.
2020,Total housing costs,Households with that type of expenditure,Average weekly household expenditure,349.9,nzd,NZD,
2020,Total housing costs,Households with that type of expenditure,Relative sampling error for average weekly household expenditure,1.7,percentage,% error,,Sampling errors are rounded to one decimal place.
2020,Total housing costs,Households with that type of expenditure,Percentage of households reporting expenditure,100,percentage,% of households,,Percentages are rounded to one decimal place and are calculated using unrounded figures.
2020,Total housing costs,Households with that type of expenditure,Percentage of total housing costs expenditure,100,percentage,% of total housing costs,,Percentages are rounded to one decimal place and are calculated using unrounded figures.
2020,Total housing costs,Households with that type of expenditure,Percent change from previous year,2.8,percentage,% change,,Percentages are rounded to one decimal place and are calculated using unrounded figures.
2020,Total housing costs,Households with that type of expenditure,Level sample error on percent change,1.8,percentage,% error,,Sampling errors are rounded to one decimal place.
2019,Property and ground rent,Households with that type of expenditure,Average weekly household expenditure,365.2,nzd,NZD,
2019,Property and ground rent,Households with that type of expenditure,Relative sampling error for average weekly household expenditure,1.9,percentage,% error,,Sampling errors are rounded to one decimal place.
2019,Property and ground rent,Households with that type of expenditure,Percentage of households reporting expenditure,34.8,percentage,% of households,,Percentages are rounded to one decimal place and are calculated using unrounded figures.
2019,Property and ground rent,Households with that type of expenditure,Percentage of total housing costs expenditure,37.4,percentage,% of total housing costs,,Percentages are rounded to one decimal place and are calculated using unrounded figures.
2019,Property and ground rent,Households with that type of expenditure,Percent change from previous year,4.5,percentage,% change,,Percentages are rounded to one decimal place and are calculated using unrounded figures.
2019,Property and ground rent,Households with that type of expenditure,Level sample error on percent change,5,percentage,% error,,Sampling errors are rounded to one decimal place.
2019,Other payments connected with renting,Households with that type of expenditure,Average weekly household expenditure,25.5,nzd,NZD,
2019,Other payments connected with renting,Households with that type of expenditure,Relative sampling error for average weekly household expenditure,7.6,percentage,% error,,Sampling errors are rounded to one decimal place.
2019,Other payments connected with renting,Households with that type of expenditure,Percentage of households reporting expenditure,11,percentage,% of households,,Percentages are rounded to one decimal place and are calculated using unrounded figures.
2019,Other payments connected with renting,Households with that type of expenditure,Percentage of total housing costs expenditure,0.8,percentage,% of total housing costs,,Percentages are rounded to one decimal place and are calculated using unrounded figures.
2019,Other payments connected with renting,Households with that type of expenditure,Percent change from previous year,10.3,percentage,% change,,Percentages are rounded to one decimal place and are calculated using unrounded figures.
2019,Other payments connected with renting,Households with that type of expenditure,Level sample error on percent change,19.1,percentage,% error,,Sampling errors are rounded to one decimal place.
2019,Total rent payments,Households with that type of expenditure,Average weekly household expenditure,353,nzd,NZD,
2019,Total rent payments,Households with that type of expenditure,Relative sampling error for average weekly household expenditure,2,percentage,% error,,Sampling errors are rounded to one decimal place.
2019,Total rent payments,Households with that type of expenditure,Percentage of households reporting expenditure,36.8,percentage,% of households,,Percentages are rounded to one decimal place and are calculated using unrounded figures.
2019,Total rent payments,Households with that type of expenditure,Percentage of total housing costs expenditure,38.2,percentage,% of total housing costs,,Percentages are rounded to one decimal place and are calculated using unrounded figures.
2019,Total rent payments,Households with that type of expenditure,Percent change from previous year,3.7,percentage,% change,,Percentages are rounded to one decimal place and are calculated using unrounded figures.
2019,Total rent payments,Households with that type of expenditure,Level sample error on percent change,5.2,percentage,% error,,Sampling errors are rounded to one decimal place.
2019,Mortgage principal repayments,Households with that type of expenditure,Average weekly household expenditure,218.9,nzd,NZD,
2019,Mortgage principal repayments,Households with that type of expenditure,Relative sampling error for average weekly household expenditure,2.5,percentage,% error,,Sampling errors are rounded to one decimal place.
2019,Mortgage principal repayments,Households with that type of expenditure,Percentage of households reporting expenditure,29.4,percentage,% of households,,Percentages are rounded to one decimal place and are calculated using unrounded figures.
2019,Mortgage principal repayments,Households with that type of expenditure,Percentage of total housing costs expenditure,18.9,percentage,% of total housing costs,,Percentages are rounded to one decimal place and are calculated using unrounded figures.
2019,Mortgage principal repayments,Households with that type of expenditure,Percent change from previous year,5.9,percentage,% change,,Percentages are rounded to one decimal place and are calculated using unrounded figures.
2019,Mortgage principal repayments,Households with that type of expenditure,Level sample error on percent change,6.4,percentage,% error,,Sampling errors are rounded to one decimal place.
2019,Mortgage interest payments,Households with that type of expenditure,Average weekly household expenditure,259.2,nzd,NZD,
2019,Mortgage interest payments,Households with that type of expenditure,Relative sampling error for average weekly household expenditure,3.6,percentage,% error,,Sampling errors are rounded to one decimal place.
2019,Mortgage interest payments,Households with that type of expenditure,Percentage of households reporting expenditure,31.7,percentage,% of households,,Percentages are rounded to one decimal place and are calculated using unrounded figures.
2019,Mortgage interest payments,Households with that type of expenditure,Percentage of total housing costs expenditure,24.2,percentage,% of total housing costs,,Percentages are rounded to one decimal place and are calculated using unrounded figures.
2019,Mortgage interest payments,Households with that type of expenditure,Percent change from previous year,-0.6,percentage,% change,,Percentages are rounded to one decimal place and are calculated using unrounded figures.
2019,Mortgage interest payments,Households with that type of expenditure,Level sample error on percent change,8.3,percentage,% error,,Sampling errors are rounded to one decimal place.
2019,Application and service fees for mortgages,Households with that type of expenditure,Average weekly household expenditure,8.6,nzd,NZD,
2019,Application and service fees for mortgages,Households with that type of expenditure,Relative sampling error for average weekly household expenditure,16.3,percentage,% error,,Sampling errors are rounded to one decimal place.
2019,Application and service fees for mortgages,Households with that type of expenditure,Percentage of households reporting expenditure,4.9,percentage,% of households,,Percentages are rounded to one decimal place and are calculated using unrounded figures.
2019,Application and service fees for mortgages,Households with that type of expenditure,Percentage of total housing costs expenditure,0.1,percentage,% of total housing costs,,Percentages are rounded to one decimal place and are calculated using unrounded figures.
2019,Application and service fees for mortgages,Households with that type of expenditure,Percent change from previous year,47.2,percentage,% change,,Percentages are rounded to one decimal place and are calculated using unrounded figures.
2019,Application and service fees for mortgages,Households with that type of expenditure,Level sample error on percent change,37.6,percentage,% error,,Sampling errors are rounded to one decimal place.
2019,Total mortgage payments,Households with that type of expenditure,Average weekly household expenditure,457.8,nzd,NZD,
2019,Total mortgage payments,Households with that type of expenditure,Relative sampling error for average weekly household expenditure,2.3,percentage,% error,,Sampling errors are rounded to one decimal place.
2019,Total mortgage payments,Households with that type of expenditure,Percentage of households reporting expenditure,32.1,percentage,% of households,,Percentages are rounded to one decimal place and are calculated using unrounded figures.
2019,Total mortgage payments,Households with that type of expenditure,Percentage of total housing costs expenditure,43.2,percentage,% of total housing costs,,Percentages are rounded to one decimal place and are calculated using unrounded figures.
2019,Total mortgage payments,Households with that type of expenditure,Percent change from previous year,2.2,percentage,% change,,Percentages are rounded to one decimal place and are calculated using unrounded figures.
2019,Total mortgage payments,Households with that type of expenditure,Level sample error on percent change,6.3,percentage,% error,,Sampling errors are rounded to one decimal place.
2019,Property rates,Households with that type of expenditure,Average weekly household expenditure,54.8,nzd,NZD,
2019,Property rates,Households with that type of expenditure,Relative sampling error for average weekly household expenditure,1.5,percentage,% error,,Sampling errors are rounded to one decimal place.
2019,Property rates,Households with that type of expenditure,Percentage of households reporting expenditure,70.3,percentage,% of households,,Percentages are rounded to one decimal place and are calculated using unrounded figures.
2019,Property rates,Households with that type of expenditure,Percentage of total housing costs expenditure,11.3,percentage,% of total housing costs,,Percentages are rounded to one decimal place and are calculated using unrounded figures.
2019,Property rates,Households with that type of expenditure,Percent change from previous year,-1.5,percentage,% change,,Percentages are rounded to one decimal place and are calculated using unrounded figures.
2019,Property rates,Households with that type of expenditure,Level sample error on percent change,3.2,percentage,% error,,Sampling errors are rounded to one decimal place.
2019,Building-related insurance,Households with that type of expenditure,Average weekly household expenditure,36.4,nzd,NZD,
2019,Building-related insurance,Households with that type of expenditure,Relative sampling error for average weekly household expenditure,2,percentage,% error,,Sampling errors are rounded to one decimal place.
2019,Building-related insurance,Households with that type of expenditure,Percentage of households reporting expenditure,57.7,percentage,% of households,,Percentages are rounded to one decimal place and are calculated using unrounded figures.
2019,Building-related insurance,Households with that type of expenditure,Percentage of total housing costs expenditure,6.2,percentage,% of total housing costs,,Percentages are rounded to one decimal place and are calculated using unrounded figures.
2019,Building-related insurance,Households with that type of expenditure,Percent change from previous year,6.8,percentage,% change,,Percentages are rounded to one decimal place and are calculated using unrounded figures.
2019,Building-related insurance,Households with that type of expenditure,Level sample error on percent change,4.3,percentage,% error,,Sampling errors are rounded to one decimal place.
2019,Other housing costs,Households with that type of expenditure,Average weekly household expenditure,61.3,nzd,NZD,
2019,Other housing costs,Households with that type of expenditure,Relative sampling error for average weekly household expenditure,10.6,percentage,% error,,Sampling errors are rounded to one decimal place.
2019,Other housing costs,Households with that type of expenditure,Percentage of households reporting expenditure,6.2,percentage,% of households,,Percentages are rounded to one decimal place and are calculated using unrounded figures.
2019,Other housing costs,Households with that type of expenditure,Percentage of total housing costs expenditure,1.1,percentage,% of total housing costs,,Percentages are rounded to one decimal place and are calculated using unrounded figures.
2019,Other housing costs,Households with that type of expenditure,Percent change from previous year,7.7,percentage,% change,,Percentages are rounded to one decimal place and are calculated using unrounded figures.
2019,Other housing costs,Households with that type of expenditure,Level sample error on percent change,35.7,percentage,% error,,Sampling errors are rounded to one decimal place.
2019,Total housing costs,Households with that type of expenditure,Average weekly household expenditure,340.2,nzd,NZD,
2019,Total housing costs,Households with that type of expenditure,Relative sampling error for average weekly household expenditure,1.6,percentage,% error,,Sampling errors are rounded to one decimal place.
2019,Total housing costs,Households with that type of expenditure,Percentage of households reporting expenditure,100,percentage,% of households,,Percentages are rounded to one decimal place and are calculated using unrounded figures.
2019,Total housing costs,Households with that type of expenditure,Percentage of total housing costs expenditure,100,percentage,% of total housing costs,,Percentages are rounded to one decimal place and are calculated using unrounded figures.
2019,Total housing costs,Households with that type of expenditure,Percent change from previous year,0.5,percentage,% change,,Percentages are rounded to one decimal place and are calculated using unrounded figures.
2019,Total housing costs,Households with that type of expenditure,Level sample error on percent change,4.1,percentage,% error,,Sampling errors are rounded to one decimal place.
2018,Property and ground rent,Households with that type of expenditure,Average weekly household expenditure,349.4,nzd,NZD,
2018,Property and ground rent,Households with that type of expenditure,Relative sampling error for average weekly household expenditure,4.5,percentage,% error,,Sampling errors are rounded to one decimal place.
2018,Property and ground rent,Households with that type of expenditure,Percentage of households reporting expenditure,32.7,percentage,% of households,,Percentages are rounded to one decimal place and are calculated using unrounded figures.
2018,Property and ground rent,Households with that type of expenditure,Percentage of total housing costs expenditure,33.7,percentage,% of total housing costs,,Percentages are rounded to one decimal place and are calculated using unrounded figures.
2018,Property and ground rent,Households with that type of expenditure,Percent change from previous year,0.3,percentage,% change,,Percentages are rounded to one decimal place and are calculated using unrounded figures.
2018,Property and ground rent,Households with that type of expenditure,Level sample error on percent change,6,percentage,% error,,Sampling errors are rounded to one decimal place.
2018,Other payments connected with renting,Households with that type of expenditure,Average weekly household expenditure,23.1,nzd,NZD,
2018,Other payments connected with renting,Households with that type of expenditure,Relative sampling error for average weekly household expenditure,16,percentage,% error,,Sampling errors are rounded to one decimal place.
2018,Other payments connected with renting,Households with that type of expenditure,Percentage of households reporting expenditure,9.7,percentage,% of households,,Percentages are rounded to one decimal place and are calculated using unrounded figures.
2018,Other payments connected with renting,Households with that type of expenditure,Percentage of total housing costs expenditure,0.7,percentage,% of total housing costs,,Percentages are rounded to one decimal place and are calculated using unrounded figures.
2018,Other payments connected with renting,Households with that type of expenditure,Percent change from previous year,8.2,percentage,% change,,Percentages are rounded to one decimal place and are calculated using unrounded figures.
2018,Other payments connected with renting,Households with that type of expenditure,Level sample error on percent change,25.8,percentage,% error,,Sampling errors are rounded to one decimal place.
2018,Total rent payments,Households with that type of expenditure,Average weekly household expenditure,340.5,nzd,NZD,
2018,Total rent payments,Households with that type of expenditure,Relative sampling error for average weekly household expenditure,4.8,percentage,% error,,Sampling errors are rounded to one decimal place.
2018,Total rent payments,Households with that type of expenditure,Percentage of households reporting expenditure,34.2,percentage,% of households,,Percentages are rounded to one decimal place and are calculated using unrounded figures.
2018,Total rent payments,Households with that type of expenditure,Percentage of total housing costs expenditure,34.4,percentage,% of total housing costs,,Percentages are rounded to one decimal place and are calculated using unrounded figures.
2018,Total rent payments,Households with that type of expenditure,Percent change from previous year,0.4,percentage,% change,,Percentages are rounded to one decimal place and are calculated using unrounded figures.
2018,Total rent payments,Households with that type of expenditure,Level sample error on percent change,6.3,percentage,% error,,Sampling errors are rounded to one decimal place.
2018,Mortgage principal repayments,Households with that type of expenditure,Average weekly household expenditure,206.7,nzd,NZD,
2018,Mortgage principal repayments,Households with that type of expenditure,Relative sampling error for average weekly household expenditure,5.3,percentage,% error,,Sampling errors are rounded to one decimal place.
2018,Mortgage principal repayments,Households with that type of expenditure,Percentage of households reporting expenditure,32,percentage,% of households,,Percentages are rounded to one decimal place and are calculated using unrounded figures.
2018,Mortgage principal repayments,Households with that type of expenditure,Percentage of total housing costs expenditure,19.5,percentage,% of total housing costs,,Percentages are rounded to one decimal place and are calculated using unrounded figures.
2018,Mortgage principal repayments,Households with that type of expenditure,Percent change from previous year,-2.3,percentage,% change,,Percentages are rounded to one decimal place and are calculated using unrounded figures.
2018,Mortgage principal repayments,Households with that type of expenditure,Level sample error on percent change,8.4,percentage,% error,,Sampling errors are rounded to one decimal place.
2018,Mortgage interest payments,Households with that type of expenditure,Average weekly household expenditure,260.9,nzd,NZD,
2018,Mortgage interest payments,Households with that type of expenditure,Relative sampling error for average weekly household expenditure,7.7,percentage,% error,,Sampling errors are rounded to one decimal place.
2018,Mortgage interest payments,Households with that type of expenditure,Percentage of households reporting expenditure,35,percentage,% of households,,Percentages are rounded to one decimal place and are calculated using unrounded figures.
2018,Mortgage interest payments,Households with that type of expenditure,Percentage of total housing costs expenditure,26.9,percentage,% of total housing costs,,Percentages are rounded to one decimal place and are calculated using unrounded figures.
2018,Mortgage interest payments,Households with that type of expenditure,Percent change from previous year,6.7,percentage,% change,,Percentages are rounded to one decimal place and are calculated using unrounded figures.
2018,Mortgage interest payments,Households with that type of expenditure,Level sample error on percent change,11.5,percentage,% error,,Sampling errors are rounded to one decimal place.
2018,Application and service fees for mortgages,Households with that type of expenditure,Average weekly household expenditure,5.8,nzd,NZD,
2018,Application and service fees for mortgages,Households with that type of expenditure,Relative sampling error for average weekly household expenditure,21.5,percentage,% error,,Sampling errors are rounded to one decimal place.
2018,Application and service fees for mortgages,Households with that type of expenditure,Percentage of households reporting expenditure,4.9,percentage,% of households,,Percentages are rounded to one decimal place and are calculated using unrounded figures.
2018,Application and service fees for mortgages,Households with that type of expenditure,Percentage of total housing costs expenditure,0.1,percentage,% of total housing costs,,Percentages are rounded to one decimal place and are calculated using unrounded figures.
2018,Application and service fees for mortgages,Households with that type of expenditure,Percent change from previous year,-29.3,percentage,% change,,Percentages are rounded to one decimal place and are calculated using unrounded figures.
2018,Application and service fees for mortgages,Households with that type of expenditure,Level sample error on percent change,34.4,percentage,% error,,Sampling errors are rounded to one decimal place.
2018,Total mortgage payments,Households with that type of expenditure,Average weekly household expenditure,448.1,nzd,NZD,
2018,Total mortgage payments,Households with that type of expenditure,Relative sampling error for average weekly household expenditure,5.8,percentage,% error,,Sampling errors are rounded to one decimal place.
2018,Total mortgage payments,Households with that type of expenditure,Percentage of households reporting expenditure,35.2,percentage,% of households,,Percentages are rounded to one decimal place and are calculated using unrounded figures.
2018,Total mortgage payments,Households with that type of expenditure,Percentage of total housing costs expenditure,46.5,percentage,% of total housing costs,,Percentages are rounded to one decimal place and are calculated using unrounded figures.
2018,Total mortgage payments,Households with that type of expenditure,Percent change from previous year,2.7,percentage,% change,,Percentages are rounded to one decimal place and are calculated using unrounded figures.
2018,Total mortgage payments,Households with that type of expenditure,Level sample error on percent change,8.7,percentage,% error,,Sampling errors are rounded to one decimal place.
2018,Property rates,Households with that type of expenditure,Average weekly household expenditure,55.6,nzd,NZD,
2018,Property rates,Households with that type of expenditure,Relative sampling error for average weekly household expenditure,3,percentage,% error,,Sampling errors are rounded to one decimal place.
2018,Property rates,Households with that type of expenditure,Percentage of households reporting expenditure,74.3,percentage,% of households,,Percentages are rounded to one decimal place and are calculated using unrounded figures.
2018,Property rates,Households with that type of expenditure,Percentage of total housing costs expenditure,12.2,percentage,% of total housing costs,,Percentages are rounded to one decimal place and are calculated using unrounded figures.
2018,Property rates,Households with that type of expenditure,Percent change from previous year,3.3,percentage,% change,,Percentages are rounded to one decimal place and are calculated using unrounded figures.
2018,Property rates,Households with that type of expenditure,Level sample error on percent change,4.1,percentage,% error,,Sampling errors are rounded to one decimal place.
2018,Building-related insurance,Households with that type of expenditure,Average weekly household expenditure,34.1,nzd,NZD,
2018,Building-related insurance,Households with that type of expenditure,Relative sampling error for average weekly household expenditure,3.4,percentage,% error,,Sampling errors are rounded to one decimal place.
2018,Building-related insurance,Households with that type of expenditure,Percentage of households reporting expenditure,61.4,percentage,% of households,,Percentages are rounded to one decimal place and are calculated using unrounded figures.
2018,Building-related insurance,Households with that type of expenditure,Percentage of total housing costs expenditure,6.2,percentage,% of total housing costs,,Percentages are rounded to one decimal place and are calculated using unrounded figures.
2018,Building-related insurance,Households with that type of expenditure,Percent change from previous year,11.4,percentage,% change,,Percentages are rounded to one decimal place and are calculated using unrounded figures.
2018,Building-related insurance,Households with that type of expenditure,Level sample error on percent change,5.9,percentage,% error,,Sampling errors are rounded to one decimal place.
2018,Other housing costs,Households with that type of expenditure,Average weekly household expenditure,56.9,nzd,NZD,
2018,Other housing costs,Households with that type of expenditure,Relative sampling error for average weekly household expenditure,29.4,percentage,% error,,Sampling errors are rounded to one decimal place.
2018,Other housing costs,Households with that type of expenditure,Percentage of households reporting expenditure,3.9,percentage,% of households,,Percentages are rounded to one decimal place and are calculated using unrounded figures.
2018,Other housing costs,Households with that type of expenditure,Percentage of total housing costs expenditure,0.7,percentage,% of total housing costs,,Percentages are rounded to one decimal place and are calculated using unrounded figures.
2018,Other housing costs,Households with that type of expenditure,Percent change from previous year,-8.7,percentage,% change,,Percentages are rounded to one decimal place and are calculated using unrounded figures.
2018,Other housing costs,Households with that type of expenditure,Level sample error on percent change,43.3,percentage,% error,,Sampling errors are rounded to one decimal place.
2018,Total housing costs,Households with that type of expenditure,Average weekly household expenditure,338.6,nzd,NZD,
2018,Total housing costs,Households with that type of expenditure,Relative sampling error for average weekly household expenditure,3.9,percentage,% error,,Sampling errors are rounded to one decimal place.
2018,Total housing costs,Households with that type of expenditure,Percentage of households reporting expenditure,100,percentage,% of households,,Percentages are rounded to one decimal place and are calculated using unrounded figures.
2018,Total housing costs,Households with that type of expenditure,Percentage of total housing costs expenditure,100,percentage,% of total housing costs,,Percentages are rounded to one decimal place and are calculated using unrounded figures.
2018,Total housing costs,Households with that type of expenditure,Percent change from previous year,5.6,percentage,% change,,Percentages are rounded to one decimal place and are calculated using unrounded figures.
2018,Total housing costs,Households with that type of expenditure,Level sample error on percent change,5.8,percentage,% error,,Sampling errors are rounded to one decimal place.
2017,Property and ground rent,Households with that type of expenditure,Average weekly household expenditure,348.5,nzd,NZD,
2017,Property and ground rent,Households with that type of expenditure,Relative sampling error for average weekly household expenditure,4,percentage,% error,,Sampling errors are rounded to one decimal place.
2017,Property and ground rent,Households with that type of expenditure,Percentage of households reporting expenditure,34.7,percentage,% of households,,Percentages are rounded to one decimal place and are calculated using unrounded figures.
2017,Property and ground rent,Households with that type of expenditure,Percentage of total housing costs expenditure,37.8,percentage,% of total housing costs,,Percentages are rounded to one decimal place and are calculated using unrounded figures.
2017,Property and ground rent,Households with that type of expenditure,Percent change from previous year,10.8,percentage,% change,,Percentages are rounded to one decimal place and are calculated using unrounded figures.
2017,Property and ground rent,Households with that type of expenditure,Level sample error on percent change,6.3,percentage,% error,,Sampling errors are rounded to one decimal place.
2017,Other payments connected with renting,Households with that type of expenditure,Average weekly household expenditure,21.4,nzd,NZD,
2017,Other payments connected with renting,Households with that type of expenditure,Relative sampling error for average weekly household expenditure,17.4,percentage,% error,,Sampling errors are rounded to one decimal place.
2017,Other payments connected with renting,Households with that type of expenditure,Percentage of households reporting expenditure,10,percentage,% of households,,Percentages are rounded to one decimal place and are calculated using unrounded figures.
2017,Other payments connected with renting,Households with that type of expenditure,Percentage of total housing costs expenditure,0.7,percentage,% of total housing costs,,Percentages are rounded to one decimal place and are calculated using unrounded figures.
2017,Other payments connected with renting,Households with that type of expenditure,Percent change from previous year,-5.5,percentage,% change,,Percentages are rounded to one decimal place and are calculated using unrounded figures.
2017,Other payments connected with renting,Households with that type of expenditure,Level sample error on percent change,20.5,percentage,% error,,Sampling errors are rounded to one decimal place.
2017,Total rent payments,Households with that type of expenditure,Average weekly household expenditure,339.2,nzd,NZD,
2017,Total rent payments,Households with that type of expenditure,Relative sampling error for average weekly household expenditure,4.4,percentage,% error,,Sampling errors are rounded to one decimal place.
2017,Total rent payments,Households with that type of expenditure,Percentage of households reporting expenditure,36.3,percentage,% of households,,Percentages are rounded to one decimal place and are calculated using unrounded figures.
2017,Total rent payments,Households with that type of expenditure,Percentage of total housing costs expenditure,38.4,percentage,% of total housing costs,,Percentages are rounded to one decimal place and are calculated using unrounded figures.
2017,Total rent payments,Households with that type of expenditure,Percent change from previous year,10.7,percentage,% change,,Percentages are rounded to one decimal place and are calculated using unrounded figures.
2017,Total rent payments,Households with that type of expenditure,Level sample error on percent change,6.7,percentage,% error,,Sampling errors are rounded to one decimal place.
2017,Mortgage principal repayments,Households with that type of expenditure,Average weekly household expenditure,211.6,nzd,NZD,
2017,Mortgage principal repayments,Households with that type of expenditure,Relative sampling error for average weekly household expenditure,6.3,percentage,% error,,Sampling errors are rounded to one decimal place.
2017,Mortgage principal repayments,Households with that type of expenditure,Percentage of households reporting expenditure,28.8,percentage,% of households,,Percentages are rounded to one decimal place and are calculated using unrounded figures.
2017,Mortgage principal repayments,Households with that type of expenditure,Percentage of total housing costs expenditure,19,percentage,% of total housing costs,,Percentages are rounded to one decimal place and are calculated using unrounded figures.
2017,Mortgage principal repayments,Households with that type of expenditure,Percent change from previous year,6.5,percentage,% change,,Percentages are rounded to one decimal place and are calculated using unrounded figures.
2017,Mortgage principal repayments,Households with that type of expenditure,Level sample error on percent change,11.2,percentage,% error,,Sampling errors are rounded to one decimal place.
2017,Mortgage interest payments,Households with that type of expenditure,Average weekly household expenditure,244.4,nzd,NZD,
2017,Mortgage interest payments,Households with that type of expenditure,Relative sampling error for average weekly household expenditure,6.9,percentage,% error,,Sampling errors are rounded to one decimal place.
2017,Mortgage interest payments,Households with that type of expenditure,Percentage of households reporting expenditure,31.4,percentage,% of households,,Percentages are rounded to one decimal place and are calculated using unrounded figures.
2017,Mortgage interest payments,Households with that type of expenditure,Percentage of total housing costs expenditure,23.9,percentage,% of total housing costs,,Percentages are rounded to one decimal place and are calculated using unrounded figures.
2017,Mortgage interest payments,Households with that type of expenditure,Percent change from previous year,-10.3,percentage,% change,,Percentages are rounded to one decimal place and are calculated using unrounded figures.
2017,Mortgage interest payments,Households with that type of expenditure,Level sample error on percent change,9,percentage,% error,,Sampling errors are rounded to one decimal place.
2017,Application and service fees for mortgages,Households with that type of expenditure,Average weekly household expenditure,8.2,nzd,NZD,
2017,Application and service fees for mortgages,Households with that type of expenditure,Relative sampling error for average weekly household expenditure,41.5,percentage,% error,,Sampling errors are rounded to one decimal place.
2017,Application and service fees for mortgages,Households with that type of expenditure,Percentage of households reporting expenditure,4.5,percentage,% of households,,Percentages are rounded to one decimal place and are calculated using unrounded figures.
2017,Application and service fees for mortgages,Households with that type of expenditure,Percentage of total housing costs expenditure,0.1,percentage,% of total housing costs,,Percentages are rounded to one decimal place and are calculated using unrounded figures.
2017,Application and service fees for mortgages,Households with that type of expenditure,Percent change from previous year,-26.2,percentage,% change,,Percentages are rounded to one decimal place and are calculated using unrounded figures.
2017,Application and service fees for mortgages,Households with that type of expenditure,Level sample error on percent change,45.8,percentage,% error,,Sampling errors are rounded to one decimal place.
2017,Total mortgage payments,Households with that type of expenditure,Average weekly household expenditure,436.4,nzd,NZD,
2008,Total rent payments,Households with that type of expenditure,Average weekly household expenditure,225.6,nzd,NZD,
2017,Total mortgage payments,Households with that type of expenditure,Relative sampling error for average weekly household expenditure,5.4,percentage,% error,,Sampling errors are rounded to one decimal place.
2017,Total mortgage payments,Households with that type of expenditure,Percentage of households reporting expenditure,31.6,percentage,% of households,,Percentages are rounded to one decimal place and are calculated using unrounded figures.
2017,Total mortgage payments,Households with that type of expenditure,Percentage of total housing costs expenditure,43.1,percentage,% of total housing costs,,Percentages are rounded to one decimal place and are calculated using unrounded figures.
2017,Total mortgage payments,Households with that type of expenditure,Percent change from previous year,-3.3,percentage,% change,,Percentages are rounded to one decimal place and are calculated using unrounded figures.
2017,Total mortgage payments,Households with that type of expenditure,Level sample error on percent change,8.1,percentage,% error,,Sampling errors are rounded to one decimal place.
2017,Property rates,Households with that type of expenditure,Average weekly household expenditure,53.8,nzd,NZD,
2017,Property rates,Households with that type of expenditure,Relative sampling error for average weekly household expenditure,3.4,percentage,% error,,Sampling errors are rounded to one decimal place.
2017,Property rates,Households with that type of expenditure,Percentage of households reporting expenditure,72.3,percentage,% of households,,Percentages are rounded to one decimal place and are calculated using unrounded figures.
2017,Property rates,Households with that type of expenditure,Percentage of total housing costs expenditure,12.1,percentage,% of total housing costs,,Percentages are rounded to one decimal place and are calculated using unrounded figures.
2017,Property rates,Households with that type of expenditure,Percent change from previous year,3,percentage,% change,,Percentages are rounded to one decimal place and are calculated using unrounded figures.
2017,Property rates,Households with that type of expenditure,Level sample error on percent change,4.3,percentage,% error,,Sampling errors are rounded to one decimal place.
2017,Building-related insurance,Households with that type of expenditure,Average weekly household expenditure,30.6,nzd,NZD,
2017,Building-related insurance,Households with that type of expenditure,Relative sampling error for average weekly household expenditure,3.8,percentage,% error,,Sampling errors are rounded to one decimal place.
2017,Building-related insurance,Households with that type of expenditure,Percentage of households reporting expenditure,59.8,percentage,% of households,,Percentages are rounded to one decimal place and are calculated using unrounded figures.
2017,Building-related insurance,Households with that type of expenditure,Percentage of total housing costs expenditure,5.7,percentage,% of total housing costs,,Percentages are rounded to one decimal place and are calculated using unrounded figures.
2017,Building-related insurance,Households with that type of expenditure,Percent change from previous year,-0.4,percentage,% change,,Percentages are rounded to one decimal place and are calculated using unrounded figures.
2017,Building-related insurance,Households with that type of expenditure,Level sample error on percent change,5.8,percentage,% error,,Sampling errors are rounded to one decimal place.
2017,Other housing costs,Households with that type of expenditure,Average weekly household expenditure,62.3,nzd,NZD,
2017,Other housing costs,Households with that type of expenditure,Relative sampling error for average weekly household expenditure,36,percentage,% error,,Sampling errors are rounded to one decimal place.
2017,Other housing costs,Households with that type of expenditure,Percentage of households reporting expenditure,3.4,percentage,% of households,,Percentages are rounded to one decimal place and are calculated using unrounded figures.
2017,Other housing costs,Households with that type of expenditure,Percentage of total housing costs expenditure,0.7,percentage,% of total housing costs,,Percentages are rounded to one decimal place and are calculated using unrounded figures.
2017,Other housing costs,Households with that type of expenditure,Percent change from previous year,64.4,percentage,% change,,Percentages are rounded to one decimal place and are calculated using unrounded figures.
2017,Other housing costs,Households with that type of expenditure,Level sample error on percent change,73.8,percentage,% error,,Sampling errors are rounded to one decimal place.
2017,Total housing costs,Households with that type of expenditure,Average weekly household expenditure,320.5,nzd,NZD,
2017,Total housing costs,Households with that type of expenditure,Relative sampling error for average weekly household expenditure,3.6,percentage,% error,,Sampling errors are rounded to one decimal place.
2017,Total housing costs,Households with that type of expenditure,Percentage of households reporting expenditure,100,percentage,% of households,,Percentages are rounded to one decimal place and are calculated using unrounded figures.
2017,Total housing costs,Households with that type of expenditure,Percentage of total housing costs expenditure,100,percentage,% of total housing costs,,Percentages are rounded to one decimal place and are calculated using unrounded figures.
2017,Total housing costs,Households with that type of expenditure,Percent change from previous year,0.4,percentage,% change,,Percentages are rounded to one decimal place and are calculated using unrounded figures.
2017,Total housing costs,Households with that type of expenditure,Level sample error on percent change,5,percentage,% error,,Sampling errors are rounded to one decimal place.
2016,Property and ground rent,Households with that type of expenditure,Average weekly household expenditure,314.6,nzd,NZD,
2016,Property and ground rent,Households with that type of expenditure,Relative sampling error for average weekly household expenditure,4.6,percentage,% error,,Sampling errors are rounded to one decimal place.
2016,Property and ground rent,Households with that type of expenditure,Percentage of households reporting expenditure,32.1,percentage,% of households,,Percentages are rounded to one decimal place and are calculated using unrounded figures.
2016,Property and ground rent,Households with that type of expenditure,Percentage of total housing costs expenditure,31.7,percentage,% of total housing costs,,Percentages are rounded to one decimal place and are calculated using unrounded figures.
2016,Property and ground rent,Households with that type of expenditure,Percent change from previous year,2.7,percentage,% change,,Percentages are rounded to one decimal place and are calculated using unrounded figures.
2016,Property and ground rent,Households with that type of expenditure,Level sample error on percent change,6.4,percentage,% error,,Sampling errors are rounded to one decimal place.
2016,Other payments connected with renting,Households with that type of expenditure,Average weekly household expenditure,22.6,nzd,NZD,
2016,Other payments connected with renting,Households with that type of expenditure,Relative sampling error for average weekly household expenditure,19.4,percentage,% error,,Sampling errors are rounded to one decimal place.
2016,Other payments connected with renting,Households with that type of expenditure,Percentage of households reporting expenditure,10.1,percentage,% of households,,Percentages are rounded to one decimal place and are calculated using unrounded figures.
2016,Other payments connected with renting,Households with that type of expenditure,Percentage of total housing costs expenditure,0.7,percentage,% of total housing costs,,Percentages are rounded to one decimal place and are calculated using unrounded figures.
2016,Other payments connected with renting,Households with that type of expenditure,Percent change from previous year,38.6,percentage,% change,,Percentages are rounded to one decimal place and are calculated using unrounded figures.
2016,Other payments connected with renting,Households with that type of expenditure,Level sample error on percent change,34.7,percentage,% error,,Sampling errors are rounded to one decimal place.
2016,Total rent payments,Households with that type of expenditure,Average weekly household expenditure,306.3,nzd,NZD,
2016,Total rent payments,Households with that type of expenditure,Relative sampling error for average weekly household expenditure,5,percentage,% error,,Sampling errors are rounded to one decimal place.
2016,Total rent payments,Households with that type of expenditure,Percentage of households reporting expenditure,33.8,percentage,% of households,,Percentages are rounded to one decimal place and are calculated using unrounded figures.
2016,Total rent payments,Households with that type of expenditure,Percentage of total housing costs expenditure,32.4,percentage,% of total housing costs,,Percentages are rounded to one decimal place and are calculated using unrounded figures.
2016,Total rent payments,Households with that type of expenditure,Percent change from previous year,1.8,percentage,% change,,Percentages are rounded to one decimal place and are calculated using unrounded figures.
2016,Total rent payments,Households with that type of expenditure,Level sample error on percent change,6.5,percentage,% error,,Sampling errors are rounded to one decimal place.
2016,Mortgage principal repayments,Households with that type of expenditure,Average weekly household expenditure,198.7,nzd,NZD,
2016,Mortgage principal repayments,Households with that type of expenditure,Relative sampling error for average weekly household expenditure,8.8,percentage,% error,,Sampling errors are rounded to one decimal place.
2016,Mortgage principal repayments,Households with that type of expenditure,Percentage of households reporting expenditure,31.3,percentage,% of households,,Percentages are rounded to one decimal place and are calculated using unrounded figures.
2016,Mortgage principal repayments,Households with that type of expenditure,Percentage of total housing costs expenditure,19.5,percentage,% of total housing costs,,Percentages are rounded to one decimal place and are calculated using unrounded figures.
2016,Mortgage principal repayments,Households with that type of expenditure,Percent change from previous year,21.2,percentage,% change,,Percentages are rounded to one decimal place and are calculated using unrounded figures.
2016,Mortgage principal repayments,Households with that type of expenditure,Level sample error on percent change,13.6,percentage,% error,,Sampling errors are rounded to one decimal place.
2016,Mortgage interest payments,Households with that type of expenditure,Average weekly household expenditure,272.4,nzd,NZD,
2016,Mortgage interest payments,Households with that type of expenditure,Relative sampling error for average weekly household expenditure,8.9,percentage,% error,,Sampling errors are rounded to one decimal place.
2016,Mortgage interest payments,Households with that type of expenditure,Percentage of households reporting expenditure,34.5,percentage,% of households,,Percentages are rounded to one decimal place and are calculated using unrounded figures.
2016,Mortgage interest payments,Households with that type of expenditure,Percentage of total housing costs expenditure,29.5,percentage,% of total housing costs,,Percentages are rounded to one decimal place and are calculated using unrounded figures.
2016,Mortgage interest payments,Households with that type of expenditure,Percent change from previous year,3.8,percentage,% change,,Percentages are rounded to one decimal place and are calculated using unrounded figures.
2016,Mortgage interest payments,Households with that type of expenditure,Level sample error on percent change,10.4,percentage,% error,,Sampling errors are rounded to one decimal place.
2016,Application and service fees for mortgages,Households with that type of expenditure,Average weekly household expenditure,11.1,nzd,NZD,
2016,Application and service fees for mortgages,Households with that type of expenditure,Relative sampling error for average weekly household expenditure,42.4,percentage,% error,,Sampling errors are rounded to one decimal place.
2016,Application and service fees for mortgages,Households with that type of expenditure,Percentage of households reporting expenditure,5,percentage,% of households,,Percentages are rounded to one decimal place and are calculated using unrounded figures.
2016,Application and service fees for mortgages,Households with that type of expenditure,Percentage of total housing costs expenditure,0.2,percentage,% of total housing costs,,Percentages are rounded to one decimal place and are calculated using unrounded figures.
2016,Application and service fees for mortgages,Households with that type of expenditure,Percent change from previous year,80.6,percentage,% change,,Percentages are rounded to one decimal place and are calculated using unrounded figures.
2016,Application and service fees for mortgages,Households with that type of expenditure,Level sample error on percent change,135,percentage,% error,,Sampling errors are rounded to one decimal place.
2016,Total mortgage payments,Households with that type of expenditure,Average weekly household expenditure,451.3,nzd,NZD,
2016,Total mortgage payments,Households with that type of expenditure,Relative sampling error for average weekly household expenditure,7.6,percentage,% error,,Sampling errors are rounded to one decimal place.
2016,Total mortgage payments,Households with that type of expenditure,Percentage of households reporting expenditure,34.7,percentage,% of households,,Percentages are rounded to one decimal place and are calculated using unrounded figures.
2016,Total mortgage payments,Households with that type of expenditure,Percentage of total housing costs expenditure,49.1,percentage,% of total housing costs,,Percentages are rounded to one decimal place and are calculated using unrounded figures.
2016,Total mortgage payments,Households with that type of expenditure,Percent change from previous year,12.8,percentage,% change,,Percentages are rounded to one decimal place and are calculated using unrounded figures.
2016,Total mortgage payments,Households with that type of expenditure,Level sample error on percent change,9.2,percentage,% error,,Sampling errors are rounded to one decimal place.
2016,Property rates,Households with that type of expenditure,Average weekly household expenditure,52.3,nzd,NZD,
2016,Property rates,Households with that type of expenditure,Relative sampling error for average weekly household expenditure,2.7,percentage,% error,,Sampling errors are rounded to one decimal place.
2016,Property rates,Households with that type of expenditure,Percentage of households reporting expenditure,72.7,percentage,% of households,,Percentages are rounded to one decimal place and are calculated using unrounded figures.
2016,Property rates,Households with that type of expenditure,Percentage of total housing costs expenditure,11.9,percentage,% of total housing costs,,Percentages are rounded to one decimal place and are calculated using unrounded figures.
2016,Property rates,Households with that type of expenditure,Percent change from previous year,9.6,percentage,% change,,Percentages are rounded to one decimal place and are calculated using unrounded figures.
2016,Property rates,Households with that type of expenditure,Level sample error on percent change,4,percentage,% error,,Sampling errors are rounded to one decimal place.
2016,Building-related insurance,Households with that type of expenditure,Average weekly household expenditure,30.7,nzd,NZD,
2016,Building-related insurance,Households with that type of expenditure,Relative sampling error for average weekly household expenditure,4.1,percentage,% error,,Sampling errors are rounded to one decimal place.
2016,Building-related insurance,Households with that type of expenditure,Percentage of households reporting expenditure,62.7,percentage,% of households,,Percentages are rounded to one decimal place and are calculated using unrounded figures.
2016,Building-related insurance,Households with that type of expenditure,Percentage of total housing costs expenditure,6,percentage,% of total housing costs,,Percentages are rounded to one decimal place and are calculated using unrounded figures.
2016,Building-related insurance,Households with that type of expenditure,Percent change from previous year,7.1,percentage,% change,,Percentages are rounded to one decimal place and are calculated using unrounded figures.
2016,Building-related insurance,Households with that type of expenditure,Level sample error on percent change,5.5,percentage,% error,,Sampling errors are rounded to one decimal place.
2016,Other housing costs,Households with that type of expenditure,Average weekly household expenditure,37.9,nzd,NZD,
2016,Other housing costs,Households with that type of expenditure,Relative sampling error for average weekly household expenditure,31.2,percentage,% error,,Sampling errors are rounded to one decimal place.
2016,Other housing costs,Households with that type of expenditure,Percentage of households reporting expenditure,4.7,percentage,% of households,,Percentages are rounded to one decimal place and are calculated using unrounded figures.
2016,Other housing costs,Households with that type of expenditure,Percentage of total housing costs expenditure,0.6,percentage,% of total housing costs,,Percentages are rounded to one decimal place and are calculated using unrounded figures.
2016,Other housing costs,Households with that type of expenditure,Percent change from previous year,-51.5,percentage,% change,,Percentages are rounded to one decimal place and are calculated using unrounded figures.
2016,Other housing costs,Households with that type of expenditure,Level sample error on percent change,20.1,percentage,% error,,Sampling errors are rounded to one decimal place.
2016,Total housing costs,Households with that type of expenditure,Average weekly household expenditure,319.1,nzd,NZD,
2016,Total housing costs,Households with that type of expenditure,Relative sampling error for average weekly household expenditure,4.4,percentage,% error,,Sampling errors are rounded to one decimal place.
2016,Total housing costs,Households with that type of expenditure,Percentage of households reporting expenditure,100,percentage,% of households,,Percentages are rounded to one decimal place and are calculated using unrounded figures.
2016,Total housing costs,Households with that type of expenditure,Percentage of total housing costs expenditure,100,percentage,% of total housing costs,,Percentages are rounded to one decimal place and are calculated using unrounded figures.
2016,Total housing costs,Households with that type of expenditure,Percent change from previous year,8,percentage,% change,,Percentages are rounded to one decimal place and are calculated using unrounded figures.
2016,Total housing costs,Households with that type of expenditure,Level sample error on percent change,5.5,percentage,% error,,Sampling errors are rounded to one decimal place.
2015,Property and ground rent,Households with that type of expenditure,Average weekly household expenditure,306.5,nzd,NZD,
2015,Property and ground rent,Households with that type of expenditure,Relative sampling error for average weekly household expenditure,3.7,percentage,% error,,Sampling errors are rounded to one decimal place.
2015,Property and ground rent,Households with that type of expenditure,Percentage of households reporting expenditure,34.9,percentage,% of households,,Percentages are rounded to one decimal place and are calculated using unrounded figures.
2015,Property and ground rent,Households with that type of expenditure,Percentage of total housing costs expenditure,36.2,percentage,% of total housing costs,,Percentages are rounded to one decimal place and are calculated using unrounded figures.
2015,Property and ground rent,Households with that type of expenditure,Percent change from previous year,3.9,percentage,% change,,Percentages are rounded to one decimal place and are calculated using unrounded figures.
2015,Property and ground rent,Households with that type of expenditure,Level sample error on percent change,5.9,percentage,% error,,Sampling errors are rounded to one decimal place.
2015,Other payments connected with renting,Households with that type of expenditure,Average weekly household expenditure,16.3,nzd,NZD,
2015,Other payments connected with renting,Households with that type of expenditure,Relative sampling error for average weekly household expenditure,16.9,percentage,% error,,Sampling errors are rounded to one decimal place.
2015,Other payments connected with renting,Households with that type of expenditure,Percentage of households reporting expenditure,10,percentage,% of households,,Percentages are rounded to one decimal place and are calculated using unrounded figures.
2015,Other payments connected with renting,Households with that type of expenditure,Percentage of total housing costs expenditure,0.5,percentage,% of total housing costs,,Percentages are rounded to one decimal place and are calculated using unrounded figures.
2015,Other payments connected with renting,Households with that type of expenditure,Percent change from previous year,8.3,percentage,% change,,Percentages are rounded to one decimal place and are calculated using unrounded figures.
2015,Other payments connected with renting,Households with that type of expenditure,Level sample error on percent change,27.1,percentage,% error,,Sampling errors are rounded to one decimal place.
2015,Total rent payments,Households with that type of expenditure,Average weekly household expenditure,301,nzd,NZD,
2015,Total rent payments,Households with that type of expenditure,Relative sampling error for average weekly household expenditure,3.8,percentage,% error,,Sampling errors are rounded to one decimal place.
2015,Total rent payments,Households with that type of expenditure,Percentage of households reporting expenditure,36.1,percentage,% of households,,Percentages are rounded to one decimal place and are calculated using unrounded figures.
2015,Total rent payments,Households with that type of expenditure,Percentage of total housing costs expenditure,36.8,percentage,% of total housing costs,,Percentages are rounded to one decimal place and are calculated using unrounded figures.
2015,Total rent payments,Households with that type of expenditure,Percent change from previous year,4.2,percentage,% change,,Percentages are rounded to one decimal place and are calculated using unrounded figures.
2015,Total rent payments,Households with that type of expenditure,Level sample error on percent change,6.5,percentage,% error,,Sampling errors are rounded to one decimal place.
2015,Mortgage principal repayments,Households with that type of expenditure,Average weekly household expenditure,164,nzd,NZD,
2015,Mortgage principal repayments,Households with that type of expenditure,Relative sampling error for average weekly household expenditure,7,percentage,% error,,Sampling errors are rounded to one decimal place.
2015,Mortgage principal repayments,Households with that type of expenditure,Percentage of households reporting expenditure,28.2,percentage,% of households,,Percentages are rounded to one decimal place and are calculated using unrounded figures.
2015,Mortgage principal repayments,Households with that type of expenditure,Percentage of total housing costs expenditure,15.7,percentage,% of total housing costs,,Percentages are rounded to one decimal place and are calculated using unrounded figures.
2015,Mortgage principal repayments,Households with that type of expenditure,Percent change from previous year,-3.2,percentage,% change,,Percentages are rounded to one decimal place and are calculated using unrounded figures.
2015,Mortgage principal repayments,Households with that type of expenditure,Level sample error on percent change,9.3,percentage,% error,,Sampling errors are rounded to one decimal place.
2015,Mortgage interest payments,Households with that type of expenditure,Average weekly household expenditure,262.5,nzd,NZD,
2015,Mortgage interest payments,Households with that type of expenditure,Relative sampling error for average weekly household expenditure,4.7,percentage,% error,,Sampling errors are rounded to one decimal place.
2015,Mortgage interest payments,Households with that type of expenditure,Percentage of households reporting expenditure,33.3,percentage,% of households,,Percentages are rounded to one decimal place and are calculated using unrounded figures.
2015,Mortgage interest payments,Households with that type of expenditure,Percentage of total housing costs expenditure,29.5,percentage,% of total housing costs,,Percentages are rounded to one decimal place and are calculated using unrounded figures.
2015,Mortgage interest payments,Households with that type of expenditure,Percent change from previous year,6.4,percentage,% change,,Percentages are rounded to one decimal place and are calculated using unrounded figures.
2015,Mortgage interest payments,Households with that type of expenditure,Level sample error on percent change,8.7,percentage,% error,,Sampling errors are rounded to one decimal place.
2015,Application and service fees for mortgages,Households with that type of expenditure,Average weekly household expenditure,6.2,nzd,NZD,
2015,Application and service fees for mortgages,Households with that type of expenditure,Relative sampling error for average weekly household expenditure,52.9,percentage,% error,,Sampling errors are rounded to one decimal place.
2015,Application and service fees for mortgages,Households with that type of expenditure,Percentage of households reporting expenditure,2.1,percentage,% of households,,Percentages are rounded to one decimal place and are calculated using unrounded figures.
2015,Application and service fees for mortgages,Households with that type of expenditure,Percentage of total housing costs expenditure,0,percentage,% of total housing costs,,Percentages are rounded to one decimal place and are calculated using unrounded figures.
2015,Application and service fees for mortgages,Households with that type of expenditure,Percent change from previous year,13.6,percentage,% change,,Percentages are rounded to one decimal place and are calculated using unrounded figures.
2015,Application and service fees for mortgages,Households with that type of expenditure,Level sample error on percent change,73.9,percentage,% error,,Sampling errors are rounded to one decimal place.
2015,Total mortgage payments,Households with that type of expenditure,Average weekly household expenditure,400.2,nzd,NZD,
2015,Total mortgage payments,Households with that type of expenditure,Relative sampling error for average weekly household expenditure,4.4,percentage,% error,,Sampling errors are rounded to one decimal place.
2015,Total mortgage payments,Households with that type of expenditure,Percentage of households reporting expenditure,33.4,percentage,% of households,,Percentages are rounded to one decimal place and are calculated using unrounded figures.
2015,Total mortgage payments,Households with that type of expenditure,Percentage of total housing costs expenditure,45.2,percentage,% of total housing costs,,Percentages are rounded to one decimal place and are calculated using unrounded figures.
2015,Total mortgage payments,Households with that type of expenditure,Percent change from previous year,3,percentage,% change,,Percentages are rounded to one decimal place and are calculated using unrounded figures.
2015,Total mortgage payments,Households with that type of expenditure,Level sample error on percent change,7.6,percentage,% error,,Sampling errors are rounded to one decimal place.
2015,Property rates,Households with that type of expenditure,Average weekly household expenditure,47.7,nzd,NZD,
2015,Property rates,Households with that type of expenditure,Relative sampling error for average weekly household expenditure,2.9,percentage,% error,,Sampling errors are rounded to one decimal place.
2015,Property rates,Households with that type of expenditure,Percentage of households reporting expenditure,71,percentage,% of households,,Percentages are rounded to one decimal place and are calculated using unrounded figures.
2015,Property rates,Households with that type of expenditure,Percentage of total housing costs expenditure,11.5,percentage,% of total housing costs,,Percentages are rounded to one decimal place and are calculated using unrounded figures.
2015,Property rates,Households with that type of expenditure,Percent change from previous year,0.7,percentage,% change,,Percentages are rounded to one decimal place and are calculated using unrounded figures.
2015,Property rates,Households with that type of expenditure,Level sample error on percent change,4.6,percentage,% error,,Sampling errors are rounded to one decimal place.
2015,Building-related insurance,Households with that type of expenditure,Average weekly household expenditure,28.7,nzd,NZD,
2015,Building-related insurance,Households with that type of expenditure,Relative sampling error for average weekly household expenditure,3.8,percentage,% error,,Sampling errors are rounded to one decimal place.
2015,Building-related insurance,Households with that type of expenditure,Percentage of households reporting expenditure,61.4,percentage,% of households,,Percentages are rounded to one decimal place and are calculated using unrounded figures.
2015,Building-related insurance,Households with that type of expenditure,Percentage of total housing costs expenditure,6,percentage,% of total housing costs,,Percentages are rounded to one decimal place and are calculated using unrounded figures.
2015,Building-related insurance,Households with that type of expenditure,Percent change from previous year,9.9,percentage,% change,,Percentages are rounded to one decimal place and are calculated using unrounded figures.
2015,Building-related insurance,Households with that type of expenditure,Level sample error on percent change,6.4,percentage,% error,,Sampling errors are rounded to one decimal place.
2015,Other housing costs,Households with that type of expenditure,Average weekly household expenditure,78.2,nzd,NZD,
2015,Other housing costs,Households with that type of expenditure,Relative sampling error for average weekly household expenditure,26,percentage,% error,,Sampling errors are rounded to one decimal place.
2015,Other housing costs,Households with that type of expenditure,Percentage of households reporting expenditure,2.2,percentage,% of households,,Percentages are rounded to one decimal place and are calculated using unrounded figures.
2015,Other housing costs,Households with that type of expenditure,Percentage of total housing costs expenditure,0.6,percentage,% of total housing costs,,Percentages are rounded to one decimal place and are calculated using unrounded figures.
2015,Other housing costs,Households with that type of expenditure,Percent change from previous year,-17.6,percentage,% change,,Percentages are rounded to one decimal place and are calculated using unrounded figures.
2015,Other housing costs,Households with that type of expenditure,Level sample error on percent change,49.7,percentage,% error,,Sampling errors are rounded to one decimal place.
2015,Total housing costs,Households with that type of expenditure,Average weekly household expenditure,295.4,nzd,NZD,
2015,Total housing costs,Households with that type of expenditure,Relative sampling error for average weekly household expenditure,2.9,percentage,% error,,Sampling errors are rounded to one decimal place.
2015,Total housing costs,Households with that type of expenditure,Percentage of households reporting expenditure,100,percentage,% of households,,Percentages are rounded to one decimal place and are calculated using unrounded figures.
2015,Total housing costs,Households with that type of expenditure,Percentage of total housing costs expenditure,100,percentage,% of total housing costs,,Percentages are rounded to one decimal place and are calculated using unrounded figures.
2015,Total housing costs,Households with that type of expenditure,Percent change from previous year,4,percentage,% change,,Percentages are rounded to one decimal place and are calculated using unrounded figures.
2015,Total housing costs,Households with that type of expenditure,Level sample error on percent change,5.4,percentage,% error,,Sampling errors are rounded to one decimal place.
2014,Property and ground rent,Households with that type of expenditure,Average weekly household expenditure,295.1,nzd,NZD,
2014,Property and ground rent,Households with that type of expenditure,Relative sampling error for average weekly household expenditure,4.6,percentage,% error,,Sampling errors are rounded to one decimal place.
2014,Property and ground rent,Households with that type of expenditure,Percentage of households reporting expenditure,34.8,percentage,% of households,,Percentages are rounded to one decimal place and are calculated using unrounded figures.
2014,Property and ground rent,Households with that type of expenditure,Percentage of total housing costs expenditure,36.2,percentage,% of total housing costs,,Percentages are rounded to one decimal place and are calculated using unrounded figures.
2014,Property and ground rent,Households with that type of expenditure,Percent change from previous year,6.3,percentage,% change,,Percentages are rounded to one decimal place and are calculated using unrounded figures.
2014,Property and ground rent,Households with that type of expenditure,Level sample error on percent change,6.4,percentage,% error,,Sampling errors are rounded to one decimal place.
2014,Other payments connected with renting,Households with that type of expenditure,Average weekly household expenditure,15.1,nzd,NZD,
2014,Other payments connected with renting,Households with that type of expenditure,Relative sampling error for average weekly household expenditure,19.2,percentage,% error,,Sampling errors are rounded to one decimal place.
2014,Other payments connected with renting,Households with that type of expenditure,Percentage of households reporting expenditure,10.2,percentage,% of households,,Percentages are rounded to one decimal place and are calculated using unrounded figures.
2014,Other payments connected with renting,Households with that type of expenditure,Percentage of total housing costs expenditure,0.5,percentage,% of total housing costs,,Percentages are rounded to one decimal place and are calculated using unrounded figures.
2014,Other payments connected with renting,Households with that type of expenditure,Percent change from previous year,0,percentage,% change,,Percentages are rounded to one decimal place and are calculated using unrounded figures.
2014,Other payments connected with renting,Households with that type of expenditure,Level sample error on percent change,28.1,percentage,% error,,Sampling errors are rounded to one decimal place.
2014,Total rent payments,Households with that type of expenditure,Average weekly household expenditure,288.9,nzd,NZD,
2014,Total rent payments,Households with that type of expenditure,Relative sampling error for average weekly household expenditure,5.2,percentage,% error,,Sampling errors are rounded to one decimal place.
2014,Total rent payments,Households with that type of expenditure,Percentage of households reporting expenditure,36.1,percentage,% of households,,Percentages are rounded to one decimal place and are calculated using unrounded figures.
2014,Total rent payments,Households with that type of expenditure,Percentage of total housing costs expenditure,36.7,percentage,% of total housing costs,,Percentages are rounded to one decimal place and are calculated using unrounded figures.
2014,Total rent payments,Households with that type of expenditure,Percent change from previous year,5.6,percentage,% change,,Percentages are rounded to one decimal place and are calculated using unrounded figures.
2014,Total rent payments,Households with that type of expenditure,Level sample error on percent change,6.8,percentage,% error,,Sampling errors are rounded to one decimal place.
2014,Mortgage principal repayments,Households with that type of expenditure,Average weekly household expenditure,169.4,nzd,NZD,
2014,Mortgage principal repayments,Households with that type of expenditure,Relative sampling error for average weekly household expenditure,7.6,percentage,% error,,Sampling errors are rounded to one decimal place.
2014,Mortgage principal repayments,Households with that type of expenditure,Percentage of households reporting expenditure,27.9,percentage,% of households,,Percentages are rounded to one decimal place and are calculated using unrounded figures.
2014,Mortgage principal repayments,Households with that type of expenditure,Percentage of total housing costs expenditure,16.6,percentage,% of total housing costs,,Percentages are rounded to one decimal place and are calculated using unrounded figures.
2014,Mortgage principal repayments,Households with that type of expenditure,Percent change from previous year,14.7,percentage,% change,,Percentages are rounded to one decimal place and are calculated using unrounded figures.
2014,Mortgage principal repayments,Households with that type of expenditure,Level sample error on percent change,11.8,percentage,% error,,Sampling errors are rounded to one decimal place.
2014,Mortgage interest payments,Households with that type of expenditure,Average weekly household expenditure,246.6,nzd,NZD,
2014,Mortgage interest payments,Households with that type of expenditure,Relative sampling error for average weekly household expenditure,6.5,percentage,% error,,Sampling errors are rounded to one decimal place.
2014,Mortgage interest payments,Households with that type of expenditure,Percentage of households reporting expenditure,32.9,percentage,% of households,,Percentages are rounded to one decimal place and are calculated using unrounded figures.
2014,Mortgage interest payments,Households with that type of expenditure,Percentage of total housing costs expenditure,28.6,percentage,% of total housing costs,,Percentages are rounded to one decimal place and are calculated using unrounded figures.
2014,Mortgage interest payments,Households with that type of expenditure,Percent change from previous year,6,percentage,% change,,Percentages are rounded to one decimal place and are calculated using unrounded figures.
2014,Mortgage interest payments,Households with that type of expenditure,Level sample error on percent change,11.4,percentage,% error,,Sampling errors are rounded to one decimal place.
2014,Application and service fees for mortgages,Households with that type of expenditure,Average weekly household expenditure,5.4,nzd,NZD,
2014,Application and service fees for mortgages,Households with that type of expenditure,Relative sampling error for average weekly household expenditure,34.8,percentage,% error,,Sampling errors are rounded to one decimal place.
2014,Application and service fees for mortgages,Households with that type of expenditure,Percentage of households reporting expenditure,2.4,percentage,% of households,,Percentages are rounded to one decimal place and are calculated using unrounded figures.
2014,Application and service fees for mortgages,Households with that type of expenditure,Percentage of total housing costs expenditure,0,percentage,% of total housing costs,,Percentages are rounded to one decimal place and are calculated using unrounded figures.
2014,Application and service fees for mortgages,Households with that type of expenditure,Percent change from previous year,-5.5,percentage,% change,,Percentages are rounded to one decimal place and are calculated using unrounded figures.
2014,Application and service fees for mortgages,Households with that type of expenditure,Level sample error on percent change,64.2,percentage,% error,,Sampling errors are rounded to one decimal place.
2014,Total mortgage payments,Households with that type of expenditure,Average weekly household expenditure,388.6,nzd,NZD,
2014,Total mortgage payments,Households with that type of expenditure,Relative sampling error for average weekly household expenditure,6.2,percentage,% error,,Sampling errors are rounded to one decimal place.
2014,Total mortgage payments,Households with that type of expenditure,Percentage of households reporting expenditure,33.1,percentage,% of households,,Percentages are rounded to one decimal place and are calculated using unrounded figures.
2014,Total mortgage payments,Households with that type of expenditure,Percentage of total housing costs expenditure,45.3,percentage,% of total housing costs,,Percentages are rounded to one decimal place and are calculated using unrounded figures.
2014,Total mortgage payments,Households with that type of expenditure,Percent change from previous year,9.6,percentage,% change,,Percentages are rounded to one decimal place and are calculated using unrounded figures.
2014,Total mortgage payments,Households with that type of expenditure,Level sample error on percent change,10.5,percentage,% error,,Sampling errors are rounded to one decimal place.
2014,Property rates,Households with that type of expenditure,Average weekly household expenditure,47.4,nzd,NZD,
2014,Property rates,Households with that type of expenditure,Relative sampling error for average weekly household expenditure,3.4,percentage,% error,,Sampling errors are rounded to one decimal place.
2014,Property rates,Households with that type of expenditure,Percentage of households reporting expenditure,69.9,percentage,% of households,,Percentages are rounded to one decimal place and are calculated using unrounded figures.
2014,Property rates,Households with that type of expenditure,Percentage of total housing costs expenditure,11.7,percentage,% of total housing costs,,Percentages are rounded to one decimal place and are calculated using unrounded figures.
2014,Property rates,Households with that type of expenditure,Percent change from previous year,8.5,percentage,% change,,Percentages are rounded to one decimal place and are calculated using unrounded figures.
2014,Property rates,Households with that type of expenditure,Level sample error on percent change,5.2,percentage,% error,,Sampling errors are rounded to one decimal place.
2014,Building-related insurance,Households with that type of expenditure,Average weekly household expenditure,26.1,nzd,NZD,
2014,Building-related insurance,Households with that type of expenditure,Relative sampling error for average weekly household expenditure,4.8,percentage,% error,,Sampling errors are rounded to one decimal place.
2014,Building-related insurance,Households with that type of expenditure,Percentage of households reporting expenditure,62.1,percentage,% of households,,Percentages are rounded to one decimal place and are calculated using unrounded figures.
2014,Building-related insurance,Households with that type of expenditure,Percentage of total housing costs expenditure,5.7,percentage,% of total housing costs,,Percentages are rounded to one decimal place and are calculated using unrounded figures.
2014,Building-related insurance,Households with that type of expenditure,Percent change from previous year,9.1,percentage,% change,,Percentages are rounded to one decimal place and are calculated using unrounded figures.
2014,Building-related insurance,Households with that type of expenditure,Level sample error on percent change,7.4,percentage,% error,,Sampling errors are rounded to one decimal place.
2014,Other housing costs,Households with that type of expenditure,Average weekly household expenditure,95,nzd,NZD,
2014,Other housing costs,Households with that type of expenditure,Relative sampling error for average weekly household expenditure,48.2,percentage,% error,,Sampling errors are rounded to one decimal place.
2014,Other housing costs,Households with that type of expenditure,Percentage of households reporting expenditure,2,percentage,% of households,,Percentages are rounded to one decimal place and are calculated using unrounded figures.
2014,Other housing costs,Households with that type of expenditure,Percentage of total housing costs expenditure,0.7,percentage,% of total housing costs,,Percentages are rounded to one decimal place and are calculated using unrounded figures.
2014,Other housing costs,Households with that type of expenditure,Percent change from previous year,129.4,percentage,% change,,Percentages are rounded to one decimal place and are calculated using unrounded figures.
2014,Other housing costs,Households with that type of expenditure,Level sample error on percent change,151.4,percentage,% error,,Sampling errors are rounded to one decimal place.
2014,Total housing costs,Households with that type of expenditure,Average weekly household expenditure,284,nzd,NZD,
2014,Total housing costs,Households with that type of expenditure,Relative sampling error for average weekly household expenditure,4.3,percentage,% error,,Sampling errors are rounded to one decimal place.
2014,Total housing costs,Households with that type of expenditure,Percentage of households reporting expenditure,100,percentage,% of households,,Percentages are rounded to one decimal place and are calculated using unrounded figures.
2014,Total housing costs,Households with that type of expenditure,Percentage of total housing costs expenditure,100,percentage,% of total housing costs,,Percentages are rounded to one decimal place and are calculated using unrounded figures.
2014,Total housing costs,Households with that type of expenditure,Percent change from previous year,10.5,percentage,% change,,Percentages are rounded to one decimal place and are calculated using unrounded figures.
2014,Total housing costs,Households with that type of expenditure,Level sample error on percent change,6.6,percentage,% error,,Sampling errors are rounded to one decimal place.
2013,Property and ground rent,Households with that type of expenditure,Average weekly household expenditure,277.5,nzd,NZD,
2013,Property and ground rent,Households with that type of expenditure,Relative sampling error for average weekly household expenditure,4.3,percentage,% error,,Sampling errors are rounded to one decimal place.
2013,Property and ground rent,Households with that type of expenditure,Percentage of households reporting expenditure,33.7,percentage,% of households,,Percentages are rounded to one decimal place and are calculated using unrounded figures.
2013,Property and ground rent,Households with that type of expenditure,Percentage of total housing costs expenditure,36.3,percentage,% of total housing costs,,Percentages are rounded to one decimal place and are calculated using unrounded figures.
2013,Property and ground rent,Households with that type of expenditure,Percent change from previous year,0.8,percentage,% change,,Percentages are rounded to one decimal place and are calculated using unrounded figures.
2013,Property and ground rent,Households with that type of expenditure,Level sample error on percent change,5,percentage,% error,,Sampling errors are rounded to one decimal place.
2013,Other payments connected with renting,Households with that type of expenditure,Average weekly household expenditure,15.1,nzd,NZD,
2013,Other payments connected with renting,Households with that type of expenditure,Relative sampling error for average weekly household expenditure,18.2,percentage,% error,,Sampling errors are rounded to one decimal place.
2013,Other payments connected with renting,Households with that type of expenditure,Percentage of households reporting expenditure,9.3,percentage,% of households,,Percentages are rounded to one decimal place and are calculated using unrounded figures.
2013,Other payments connected with renting,Households with that type of expenditure,Percentage of total housing costs expenditure,0.5,percentage,% of total housing costs,,Percentages are rounded to one decimal place and are calculated using unrounded figures.
2013,Other payments connected with renting,Households with that type of expenditure,Percent change from previous year,2.9,percentage,% change,,Percentages are rounded to one decimal place and are calculated using unrounded figures.
2013,Other payments connected with renting,Households with that type of expenditure,Level sample error on percent change,26,percentage,% error,,Sampling errors are rounded to one decimal place.
2013,Total rent payments,Households with that type of expenditure,Average weekly household expenditure,273.5,nzd,NZD,
2013,Total rent payments,Households with that type of expenditure,Relative sampling error for average weekly household expenditure,4.3,percentage,% error,,Sampling errors are rounded to one decimal place.
2013,Total rent payments,Households with that type of expenditure,Percentage of households reporting expenditure,34.7,percentage,% of households,,Percentages are rounded to one decimal place and are calculated using unrounded figures.
2013,Total rent payments,Households with that type of expenditure,Percentage of total housing costs expenditure,36.9,percentage,% of total housing costs,,Percentages are rounded to one decimal place and are calculated using unrounded figures.
2013,Total rent payments,Households with that type of expenditure,Percent change from previous year,0.9,percentage,% change,,Percentages are rounded to one decimal place and are calculated using unrounded figures.
2013,Total rent payments,Households with that type of expenditure,Level sample error on percent change,5.3,percentage,% error,,Sampling errors are rounded to one decimal place.
2013,Mortgage principal repayments,Households with that type of expenditure,Average weekly household expenditure,147.6,nzd,NZD,
2013,Mortgage principal repayments,Households with that type of expenditure,Relative sampling error for average weekly household expenditure,7.3,percentage,% error,,Sampling errors are rounded to one decimal place.
2013,Mortgage principal repayments,Households with that type of expenditure,Percentage of households reporting expenditure,26.9,percentage,% of households,,Percentages are rounded to one decimal place and are calculated using unrounded figures.
2013,Mortgage principal repayments,Households with that type of expenditure,Percentage of total housing costs expenditure,15.4,percentage,% of total housing costs,,Percentages are rounded to one decimal place and are calculated using unrounded figures.
2013,Mortgage principal repayments,Households with that type of expenditure,Percent change from previous year,0.6,percentage,% change,,Percentages are rounded to one decimal place and are calculated using unrounded figures.
2013,Mortgage principal repayments,Households with that type of expenditure,Level sample error on percent change,9.5,percentage,% error,,Sampling errors are rounded to one decimal place.
2013,Mortgage interest payments,Households with that type of expenditure,Average weekly household expenditure,232.6,nzd,NZD,
2013,Mortgage interest payments,Households with that type of expenditure,Relative sampling error for average weekly household expenditure,8,percentage,% error,,Sampling errors are rounded to one decimal place.
2013,Mortgage interest payments,Households with that type of expenditure,Percentage of households reporting expenditure,32.3,percentage,% of households,,Percentages are rounded to one decimal place and are calculated using unrounded figures.
2013,Mortgage interest payments,Households with that type of expenditure,Percentage of total housing costs expenditure,29.3,percentage,% of total housing costs,,Percentages are rounded to one decimal place and are calculated using unrounded figures.
2013,Mortgage interest payments,Households with that type of expenditure,Percent change from previous year,-0.4,percentage,% change,,Percentages are rounded to one decimal place and are calculated using unrounded figures.
2013,Mortgage interest payments,Households with that type of expenditure,Level sample error on percent change,8.9,percentage,% error,,Sampling errors are rounded to one decimal place.
2013,Application and service fees for mortgages,Households with that type of expenditure,Average weekly household expenditure,5.7,nzd,NZD,
2013,Application and service fees for mortgages,Households with that type of expenditure,Relative sampling error for average weekly household expenditure,52.1,percentage,% error,,Sampling errors are rounded to one decimal place.
2013,Application and service fees for mortgages,Households with that type of expenditure,Percentage of households reporting expenditure,3.1,percentage,% of households,,Percentages are rounded to one decimal place and are calculated using unrounded figures.
2013,Application and service fees for mortgages,Households with that type of expenditure,Percentage of total housing costs expenditure,0.1,percentage,% of total housing costs,,Percentages are rounded to one decimal place and are calculated using unrounded figures.
2013,Application and service fees for mortgages,Households with that type of expenditure,Percent change from previous year,-10,percentage,% change,,Percentages are rounded to one decimal place and are calculated using unrounded figures.
2013,Application and service fees for mortgages,Households with that type of expenditure,Level sample error on percent change,57.9,percentage,% error,,Sampling errors are rounded to one decimal place.
2013,Total mortgage payments,Households with that type of expenditure,Average weekly household expenditure,354.7,nzd,NZD,
2013,Total mortgage payments,Households with that type of expenditure,Relative sampling error for average weekly household expenditure,6.9,percentage,% error,,Sampling errors are rounded to one decimal place.
2013,Total mortgage payments,Households with that type of expenditure,Percentage of households reporting expenditure,32.5,percentage,% of households,,Percentages are rounded to one decimal place and are calculated using unrounded figures.
2013,Total mortgage payments,Households with that type of expenditure,Percentage of total housing costs expenditure,44.8,percentage,% of total housing costs,,Percentages are rounded to one decimal place and are calculated using unrounded figures.
2013,Total mortgage payments,Households with that type of expenditure,Percent change from previous year,-0.6,percentage,% change,,Percentages are rounded to one decimal place and are calculated using unrounded figures.
2013,Total mortgage payments,Households with that type of expenditure,Level sample error on percent change,7.8,percentage,% error,,Sampling errors are rounded to one decimal place.
2013,Property rates,Households with that type of expenditure,Average weekly household expenditure,43.7,nzd,NZD,
2013,Property rates,Households with that type of expenditure,Relative sampling error for average weekly household expenditure,3.4,percentage,% error,,Sampling errors are rounded to one decimal place.
2013,Property rates,Households with that type of expenditure,Percentage of households reporting expenditure,72.1,percentage,% of households,,Percentages are rounded to one decimal place and are calculated using unrounded figures.
2013,Property rates,Households with that type of expenditure,Percentage of total housing costs expenditure,12.2,percentage,% of total housing costs,,Percentages are rounded to one decimal place and are calculated using unrounded figures.
2013,Property rates,Households with that type of expenditure,Percent change from previous year,4.2,percentage,% change,,Percentages are rounded to one decimal place and are calculated using unrounded figures.
2013,Property rates,Households with that type of expenditure,Level sample error on percent change,4.6,percentage,% error,,Sampling errors are rounded to one decimal place.
2013,Building-related insurance,Households with that type of expenditure,Average weekly household expenditure,23.9,nzd,NZD,
2013,Building-related insurance,Households with that type of expenditure,Relative sampling error for average weekly household expenditure,4,percentage,% error,,Sampling errors are rounded to one decimal place.
2013,Building-related insurance,Households with that type of expenditure,Percentage of households reporting expenditure,62.5,percentage,% of households,,Percentages are rounded to one decimal place and are calculated using unrounded figures.
2013,Building-related insurance,Households with that type of expenditure,Percentage of total housing costs expenditure,5.8,percentage,% of total housing costs,,Percentages are rounded to one decimal place and are calculated using unrounded figures.
2013,Building-related insurance,Households with that type of expenditure,Percent change from previous year,25.5,percentage,% change,,Percentages are rounded to one decimal place and are calculated using unrounded figures.
2013,Building-related insurance,Households with that type of expenditure,Level sample error on percent change,9.4,percentage,% error,,Sampling errors are rounded to one decimal place.
2013,Other housing costs,Households with that type of expenditure,Average weekly household expenditure,41.4,nzd,NZD,
2013,Other housing costs,Households with that type of expenditure,Relative sampling error for average weekly household expenditure,35.8,percentage,% error,,Sampling errors are rounded to one decimal place.
2013,Other housing costs,Households with that type of expenditure,Percentage of households reporting expenditure,1.8,percentage,% of households,,Percentages are rounded to one decimal place and are calculated using unrounded figures.
2013,Other housing costs,Households with that type of expenditure,Percentage of total housing costs expenditure,0.3,percentage,% of total housing costs,,Percentages are rounded to one decimal place and are calculated using unrounded figures.
2013,Other housing costs,Households with that type of expenditure,Percent change from previous year,-13.7,percentage,% change,,Percentages are rounded to one decimal place and are calculated using unrounded figures.
2013,Other housing costs,Households with that type of expenditure,Level sample error on percent change,31.5,percentage,% error,,Sampling errors are rounded to one decimal place.
2013,Total housing costs,Households with that type of expenditure,Average weekly household expenditure,257.1,nzd,NZD,
2013,Total housing costs,Households with that type of expenditure,Relative sampling error for average weekly household expenditure,4,percentage,% error,,Sampling errors are rounded to one decimal place.
2013,Total housing costs,Households with that type of expenditure,Percentage of households reporting expenditure,100,percentage,% of households,,Percentages are rounded to one decimal place and are calculated using unrounded figures.
2013,Total housing costs,Households with that type of expenditure,Percentage of total housing costs expenditure,100,percentage,% of total housing costs,,Percentages are rounded to one decimal place and are calculated using unrounded figures.
2013,Total housing costs,Households with that type of expenditure,Percent change from previous year,0.9,percentage,% change,,Percentages are rounded to one decimal place and are calculated using unrounded figures.
2013,Total housing costs,Households with that type of expenditure,Level sample error on percent change,5.2,percentage,% error,,Sampling errors are rounded to one decimal place.
2012,Property and ground rent,Households with that type of expenditure,Average weekly household expenditure,275.4,nzd,NZD,
2012,Property and ground rent,Households with that type of expenditure,Relative sampling error for average weekly household expenditure,3.9,percentage,% error,,Sampling errors are rounded to one decimal place.
2012,Property and ground rent,Households with that type of expenditure,Percentage of households reporting expenditure,34.7,percentage,% of households,,Percentages are rounded to one decimal place and are calculated using unrounded figures.
2012,Property and ground rent,Households with that type of expenditure,Percentage of total housing costs expenditure,37.5,percentage,% of total housing costs,,Percentages are rounded to one decimal place and are calculated using unrounded figures.
2012,Property and ground rent,Households with that type of expenditure,Percent change from previous year,4.1,percentage,% change,,Percentages are rounded to one decimal place and are calculated using unrounded figures.
2012,Property and ground rent,Households with that type of expenditure,Level sample error on percent change,4.6,percentage,% error,,Sampling errors are rounded to one decimal place.
2012,Other payments connected with renting,Households with that type of expenditure,Average weekly household expenditure,14.6,nzd,NZD,
2012,Other payments connected with renting,Households with that type of expenditure,Relative sampling error for average weekly household expenditure,16.1,percentage,% error,,Sampling errors are rounded to one decimal place.
2012,Other payments connected with renting,Households with that type of expenditure,Percentage of households reporting expenditure,11.3,percentage,% of households,,Percentages are rounded to one decimal place and are calculated using unrounded figures.
2012,Other payments connected with renting,Households with that type of expenditure,Percentage of total housing costs expenditure,0.6,percentage,% of total housing costs,,Percentages are rounded to one decimal place and are calculated using unrounded figures.
2012,Other payments connected with renting,Households with that type of expenditure,Percent change from previous year,-3.4,percentage,% change,,Percentages are rounded to one decimal place and are calculated using unrounded figures.
2012,Other payments connected with renting,Households with that type of expenditure,Level sample error on percent change,25.6,percentage,% error,,Sampling errors are rounded to one decimal place.
2012,Total rent payments,Households with that type of expenditure,Average weekly household expenditure,271,nzd,NZD,
2012,Total rent payments,Households with that type of expenditure,Relative sampling error for average weekly household expenditure,4.3,percentage,% error,,Sampling errors are rounded to one decimal place.
2012,Total rent payments,Households with that type of expenditure,Percentage of households reporting expenditure,35.9,percentage,% of households,,Percentages are rounded to one decimal place and are calculated using unrounded figures.
2012,Total rent payments,Households with that type of expenditure,Percentage of total housing costs expenditure,38.2,percentage,% of total housing costs,,Percentages are rounded to one decimal place and are calculated using unrounded figures.
2012,Total rent payments,Households with that type of expenditure,Percent change from previous year,4.4,percentage,% change,,Percentages are rounded to one decimal place and are calculated using unrounded figures.
2012,Total rent payments,Households with that type of expenditure,Level sample error on percent change,5.7,percentage,% error,,Sampling errors are rounded to one decimal place.
2012,Mortgage principal repayments,Households with that type of expenditure,Average weekly household expenditure,146.8,nzd,NZD,
2012,Mortgage principal repayments,Households with that type of expenditure,Relative sampling error for average weekly household expenditure,6.4,percentage,% error,,Sampling errors are rounded to one decimal place.
2012,Mortgage principal repayments,Households with that type of expenditure,Percentage of households reporting expenditure,26.9,percentage,% of households,,Percentages are rounded to one decimal place and are calculated using unrounded figures.
2012,Mortgage principal repayments,Households with that type of expenditure,Percentage of total housing costs expenditure,15.5,percentage,% of total housing costs,,Percentages are rounded to one decimal place and are calculated using unrounded figures.
2012,Mortgage principal repayments,Households with that type of expenditure,Percent change from previous year,-1.7,percentage,% change,,Percentages are rounded to one decimal place and are calculated using unrounded figures.
2012,Mortgage principal repayments,Households with that type of expenditure,Level sample error on percent change,10,percentage,% error,,Sampling errors are rounded to one decimal place.
2012,Mortgage interest payments,Households with that type of expenditure,Average weekly household expenditure,233.6,nzd,NZD,
2012,Mortgage interest payments,Households with that type of expenditure,Relative sampling error for average weekly household expenditure,5.8,percentage,% error,,Sampling errors are rounded to one decimal place.
2012,Mortgage interest payments,Households with that type of expenditure,Percentage of households reporting expenditure,32.2,percentage,% of households,,Percentages are rounded to one decimal place and are calculated using unrounded figures.
2012,Mortgage interest payments,Households with that type of expenditure,Percentage of total housing costs expenditure,29.6,percentage,% of total housing costs,,Percentages are rounded to one decimal place and are calculated using unrounded figures.
2012,Mortgage interest payments,Households with that type of expenditure,Percent change from previous year,-7.4,percentage,% change,,Percentages are rounded to one decimal place and are calculated using unrounded figures.
2012,Mortgage interest payments,Households with that type of expenditure,Level sample error on percent change,7,percentage,% error,,Sampling errors are rounded to one decimal place.
2012,Application and service fees for mortgages,Households with that type of expenditure,Average weekly household expenditure,6.4,nzd,NZD,
2012,Application and service fees for mortgages,Households with that type of expenditure,Relative sampling error for average weekly household expenditure,33.6,percentage,% error,,Sampling errors are rounded to one decimal place.
2012,Application and service fees for mortgages,Households with that type of expenditure,Percentage of households reporting expenditure,3.8,percentage,% of households,,Percentages are rounded to one decimal place and are calculated using unrounded figures.
2012,Application and service fees for mortgages,Households with that type of expenditure,Percentage of total housing costs expenditure,0.1,percentage,% of total housing costs,,Percentages are rounded to one decimal place and are calculated using unrounded figures.
2012,Application and service fees for mortgages,Households with that type of expenditure,Percent change from previous year,22,percentage,% change,,Percentages are rounded to one decimal place and are calculated using unrounded figures.
2012,Application and service fees for mortgages,Households with that type of expenditure,Level sample error on percent change,56.8,percentage,% error,,Sampling errors are rounded to one decimal place.
2012,Total mortgage payments,Households with that type of expenditure,Average weekly household expenditure,356.7,nzd,NZD,
2012,Total mortgage payments,Households with that type of expenditure,Relative sampling error for average weekly household expenditure,5.4,percentage,% error,,Sampling errors are rounded to one decimal place.
2012,Total mortgage payments,Households with that type of expenditure,Percentage of households reporting expenditure,32.3,percentage,% of households,,Percentages are rounded to one decimal place and are calculated using unrounded figures.
2012,Total mortgage payments,Households with that type of expenditure,Percentage of total housing costs expenditure,45.2,percentage,% of total housing costs,,Percentages are rounded to one decimal place and are calculated using unrounded figures.
2012,Total mortgage payments,Households with that type of expenditure,Percent change from previous year,-4.6,percentage,% change,,Percentages are rounded to one decimal place and are calculated using unrounded figures.
2012,Total mortgage payments,Households with that type of expenditure,Level sample error on percent change,6.9,percentage,% error,,Sampling errors are rounded to one decimal place.
2012,Property rates,Households with that type of expenditure,Average weekly household expenditure,41.9,nzd,NZD,
2012,Property rates,Households with that type of expenditure,Relative sampling error for average weekly household expenditure,3.9,percentage,% error,,Sampling errors are rounded to one decimal place.
2012,Property rates,Households with that type of expenditure,Percentage of households reporting expenditure,69.9,percentage,% of households,,Percentages are rounded to one decimal place and are calculated using unrounded figures.
2012,Property rates,Households with that type of expenditure,Percentage of total housing costs expenditure,11.5,percentage,% of total housing costs,,Percentages are rounded to one decimal place and are calculated using unrounded figures.
2012,Property rates,Households with that type of expenditure,Percent change from previous year,6.3,percentage,% change,,Percentages are rounded to one decimal place and are calculated using unrounded figures.
2012,Property rates,Households with that type of expenditure,Level sample error on percent change,4.8,percentage,% error,,Sampling errors are rounded to one decimal place.
2012,Building-related insurance,Households with that type of expenditure,Average weekly household expenditure,19.1,nzd,NZD,
2012,Building-related insurance,Households with that type of expenditure,Relative sampling error for average weekly household expenditure,5.4,percentage,% error,,Sampling errors are rounded to one decimal place.
2012,Building-related insurance,Households with that type of expenditure,Percentage of households reporting expenditure,63.7,percentage,% of households,,Percentages are rounded to one decimal place and are calculated using unrounded figures.
2012,Building-related insurance,Households with that type of expenditure,Percentage of total housing costs expenditure,4.8,percentage,% of total housing costs,,Percentages are rounded to one decimal place and are calculated using unrounded figures.
2012,Building-related insurance,Households with that type of expenditure,Percent change from previous year,15.2,percentage,% change,,Percentages are rounded to one decimal place and are calculated using unrounded figures.
2012,Building-related insurance,Households with that type of expenditure,Level sample error on percent change,7.1,percentage,% error,,Sampling errors are rounded to one decimal place.
2012,Other housing costs,Households with that type of expenditure,Average weekly household expenditure,48,nzd,NZD,
2012,Other housing costs,Households with that type of expenditure,Relative sampling error for average weekly household expenditure,24.9,percentage,% error,,Sampling errors are rounded to one decimal place.
2012,Other housing costs,Households with that type of expenditure,Percentage of households reporting expenditure,2.2,percentage,% of households,,Percentages are rounded to one decimal place and are calculated using unrounded figures.
2012,Other housing costs,Households with that type of expenditure,Percentage of total housing costs expenditure,0.4,percentage,% of total housing costs,,Percentages are rounded to one decimal place and are calculated using unrounded figures.
2012,Other housing costs,Households with that type of expenditure,Percent change from previous year,29.7,percentage,% change,,Percentages are rounded to one decimal place and are calculated using unrounded figures.
2012,Other housing costs,Households with that type of expenditure,Level sample error on percent change,45.3,percentage,% error,,Sampling errors are rounded to one decimal place.
2012,Total housing costs,Households with that type of expenditure,Average weekly household expenditure,254.9,nzd,NZD,
2012,Total housing costs,Households with that type of expenditure,Relative sampling error for average weekly household expenditure,4.2,percentage,% error,,Sampling errors are rounded to one decimal place.
2012,Total housing costs,Households with that type of expenditure,Percentage of households reporting expenditure,100,percentage,% of households,,Percentages are rounded to one decimal place and are calculated using unrounded figures.
2012,Total housing costs,Households with that type of expenditure,Percentage of total housing costs expenditure,100,percentage,% of total housing costs,,Percentages are rounded to one decimal place and are calculated using unrounded figures.
2012,Total housing costs,Households with that type of expenditure,Percent change from previous year,0.3,percentage,% change,,Percentages are rounded to one decimal place and are calculated using unrounded figures.
2012,Total housing costs,Households with that type of expenditure,Level sample error on percent change,5.3,percentage,% error,,Sampling errors are rounded to one decimal place.
2011,Property and ground rent,Households with that type of expenditure,Average weekly household expenditure,264.4,nzd,NZD,
2011,Property and ground rent,Households with that type of expenditure,Relative sampling error for average weekly household expenditure,4.6,percentage,% error,,Sampling errors are rounded to one decimal place.
2011,Property and ground rent,Households with that type of expenditure,Percentage of households reporting expenditure,33.8,percentage,% of households,,Percentages are rounded to one decimal place and are calculated using unrounded figures.
2011,Property and ground rent,Households with that type of expenditure,Percentage of total housing costs expenditure,35.2,percentage,% of total housing costs,,Percentages are rounded to one decimal place and are calculated using unrounded figures.
2011,Property and ground rent,Households with that type of expenditure,Percent change from previous year,6,percentage,% change,,Percentages are rounded to one decimal place and are calculated using unrounded figures.
2011,Property and ground rent,Households with that type of expenditure,Level sample error on percent change,6,percentage,% error,,Sampling errors are rounded to one decimal place.
2011,Other payments connected with renting,Households with that type of expenditure,Average weekly household expenditure,15.1,nzd,NZD,
2011,Other payments connected with renting,Households with that type of expenditure,Relative sampling error for average weekly household expenditure,22.8,percentage,% error,,Sampling errors are rounded to one decimal place.
2011,Other payments connected with renting,Households with that type of expenditure,Percentage of households reporting expenditure,10.7,percentage,% of households,,Percentages are rounded to one decimal place and are calculated using unrounded figures.
2011,Other payments connected with renting,Households with that type of expenditure,Percentage of total housing costs expenditure,0.6,percentage,% of total housing costs,,Percentages are rounded to one decimal place and are calculated using unrounded figures.
2011,Other payments connected with renting,Households with that type of expenditure,Percent change from previous year,14.5,percentage,% change,,Percentages are rounded to one decimal place and are calculated using unrounded figures.
2011,Other payments connected with renting,Households with that type of expenditure,Level sample error on percent change,34.4,percentage,% error,,Sampling errors are rounded to one decimal place.
2011,Total rent payments,Households with that type of expenditure,Average weekly household expenditure,259.6,nzd,NZD,
2011,Total rent payments,Households with that type of expenditure,Relative sampling error for average weekly household expenditure,5.3,percentage,% error,,Sampling errors are rounded to one decimal place.
2011,Total rent payments,Households with that type of expenditure,Percentage of households reporting expenditure,35.1,percentage,% of households,,Percentages are rounded to one decimal place and are calculated using unrounded figures.
2011,Total rent payments,Households with that type of expenditure,Percentage of total housing costs expenditure,35.8,percentage,% of total housing costs,,Percentages are rounded to one decimal place and are calculated using unrounded figures.
2011,Total rent payments,Households with that type of expenditure,Percent change from previous year,7.6,percentage,% change,,Percentages are rounded to one decimal place and are calculated using unrounded figures.
2011,Total rent payments,Households with that type of expenditure,Level sample error on percent change,6.4,percentage,% error,,Sampling errors are rounded to one decimal place.
2011,Mortgage principal repayments,Households with that type of expenditure,Average weekly household expenditure,149.3,nzd,NZD,
2011,Mortgage principal repayments,Households with that type of expenditure,Relative sampling error for average weekly household expenditure,8.4,percentage,% error,,Sampling errors are rounded to one decimal place.
2011,Mortgage principal repayments,Households with that type of expenditure,Percentage of households reporting expenditure,26.9,percentage,% of households,,Percentages are rounded to one decimal place and are calculated using unrounded figures.
2011,Mortgage principal repayments,Households with that type of expenditure,Percentage of total housing costs expenditure,15.8,percentage,% of total housing costs,,Percentages are rounded to one decimal place and are calculated using unrounded figures.
2011,Mortgage principal repayments,Households with that type of expenditure,Percent change from previous year,9.5,percentage,% change,,Percentages are rounded to one decimal place and are calculated using unrounded figures.
2011,Mortgage principal repayments,Households with that type of expenditure,Level sample error on percent change,13.5,percentage,% error,,Sampling errors are rounded to one decimal place.
2011,Mortgage interest payments,Households with that type of expenditure,Average weekly household expenditure,252.3,nzd,NZD,
2011,Mortgage interest payments,Households with that type of expenditure,Relative sampling error for average weekly household expenditure,6.9,percentage,% error,,Sampling errors are rounded to one decimal place.
2011,Mortgage interest payments,Households with that type of expenditure,Percentage of households reporting expenditure,33.1,percentage,% of households,,Percentages are rounded to one decimal place and are calculated using unrounded figures.
2011,Mortgage interest payments,Households with that type of expenditure,Percentage of total housing costs expenditure,32.8,percentage,% of total housing costs,,Percentages are rounded to one decimal place and are calculated using unrounded figures.
2011,Mortgage interest payments,Households with that type of expenditure,Percent change from previous year,8.4,percentage,% change,,Percentages are rounded to one decimal place and are calculated using unrounded figures.
2011,Mortgage interest payments,Households with that type of expenditure,Level sample error on percent change,10.5,percentage,% error,,Sampling errors are rounded to one decimal place.
2011,Application and service fees for mortgages,Households with that type of expenditure,Average weekly household expenditure,5.2,nzd,NZD,
2011,Application and service fees for mortgages,Households with that type of expenditure,Relative sampling error for average weekly household expenditure,30.8,percentage,% error,,Sampling errors are rounded to one decimal place.
2011,Application and service fees for mortgages,Households with that type of expenditure,Percentage of households reporting expenditure,4.9,percentage,% of households,,Percentages are rounded to one decimal place and are calculated using unrounded figures.
2011,Application and service fees for mortgages,Households with that type of expenditure,Percentage of total housing costs expenditure,0.1,percentage,% of total housing costs,,Percentages are rounded to one decimal place and are calculated using unrounded figures.
2011,Application and service fees for mortgages,Households with that type of expenditure,Percent change from previous year,24.2,percentage,% change,,Percentages are rounded to one decimal place and are calculated using unrounded figures.
2011,Application and service fees for mortgages,Households with that type of expenditure,Level sample error on percent change,46.1,percentage,% error,,Sampling errors are rounded to one decimal place.
2011,Total mortgage payments,Households with that type of expenditure,Average weekly household expenditure,373.7,nzd,NZD,
2011,Total mortgage payments,Households with that type of expenditure,Relative sampling error for average weekly household expenditure,5.8,percentage,% error,,Sampling errors are rounded to one decimal place.
2011,Total mortgage payments,Households with that type of expenditure,Percentage of households reporting expenditure,33.1,percentage,% of households,,Percentages are rounded to one decimal place and are calculated using unrounded figures.
2011,Total mortgage payments,Households with that type of expenditure,Percentage of total housing costs expenditure,48.8,percentage,% of total housing costs,,Percentages are rounded to one decimal place and are calculated using unrounded figures.
2011,Total mortgage payments,Households with that type of expenditure,Percent change from previous year,6.6,percentage,% change,,Percentages are rounded to one decimal place and are calculated using unrounded figures.
2011,Total mortgage payments,Households with that type of expenditure,Level sample error on percent change,9.6,percentage,% error,,Sampling errors are rounded to one decimal place.
2011,Property rates,Households with that type of expenditure,Average weekly household expenditure,39.4,nzd,NZD,
2011,Property rates,Households with that type of expenditure,Relative sampling error for average weekly household expenditure,3.3,percentage,% error,,Sampling errors are rounded to one decimal place.
2011,Property rates,Households with that type of expenditure,Percentage of households reporting expenditure,70.7,percentage,% of households,,Percentages are rounded to one decimal place and are calculated using unrounded figures.
2011,Property rates,Households with that type of expenditure,Percentage of total housing costs expenditure,11,percentage,% of total housing costs,,Percentages are rounded to one decimal place and are calculated using unrounded figures.
2011,Property rates,Households with that type of expenditure,Percent change from previous year,7.2,percentage,% change,,Percentages are rounded to one decimal place and are calculated using unrounded figures.
2011,Property rates,Households with that type of expenditure,Level sample error on percent change,4.3,percentage,% error,,Sampling errors are rounded to one decimal place.
2011,Building-related insurance,Households with that type of expenditure,Average weekly household expenditure,16.6,nzd,NZD,
2011,Building-related insurance,Households with that type of expenditure,Relative sampling error for average weekly household expenditure,4.2,percentage,% error,,Sampling errors are rounded to one decimal place.
2011,Building-related insurance,Households with that type of expenditure,Percentage of households reporting expenditure,63.7,percentage,% of households,,Percentages are rounded to one decimal place and are calculated using unrounded figures.
2011,Building-related insurance,Households with that type of expenditure,Percentage of total housing costs expenditure,4.2,percentage,% of total housing costs,,Percentages are rounded to one decimal place and are calculated using unrounded figures.
2011,Building-related insurance,Households with that type of expenditure,Percent change from previous year,1.5,percentage,% change,,Percentages are rounded to one decimal place and are calculated using unrounded figures.
2011,Building-related insurance,Households with that type of expenditure,Level sample error on percent change,7.5,percentage,% error,,Sampling errors are rounded to one decimal place.
2011,Other housing costs,Households with that type of expenditure,Average weekly household expenditure,37,nzd,NZD,
2011,Other housing costs,Households with that type of expenditure,Relative sampling error for average weekly household expenditure,26.3,percentage,% error,,Sampling errors are rounded to one decimal place.
2011,Other housing costs,Households with that type of expenditure,Percentage of households reporting expenditure,1.9,percentage,% of households,,Percentages are rounded to one decimal place and are calculated using unrounded figures.
2011,Other housing costs,Households with that type of expenditure,Percentage of total housing costs expenditure,0.3,percentage,% of total housing costs,,Percentages are rounded to one decimal place and are calculated using unrounded figures.
2011,Other housing costs,Households with that type of expenditure,Percent change from previous year,-15.6,percentage,% change,,Percentages are rounded to one decimal place and are calculated using unrounded figures.
2011,Other housing costs,Households with that type of expenditure,Level sample error on percent change,66.9,percentage,% error,,Sampling errors are rounded to one decimal place.
2011,Total housing costs,Households with that type of expenditure,Average weekly household expenditure,254,nzd,NZD,
2011,Total housing costs,Households with that type of expenditure,Relative sampling error for average weekly household expenditure,3.9,percentage,% error,,Sampling errors are rounded to one decimal place.
2011,Total housing costs,Households with that type of expenditure,Percentage of households reporting expenditure,100,percentage,% of households,,Percentages are rounded to one decimal place and are calculated using unrounded figures.
2011,Total housing costs,Households with that type of expenditure,Percentage of total housing costs expenditure,100,percentage,% of total housing costs,,Percentages are rounded to one decimal place and are calculated using unrounded figures.
2011,Total housing costs,Households with that type of expenditure,Percent change from previous year,8.1,percentage,% change,,Percentages are rounded to one decimal place and are calculated using unrounded figures.
2011,Total housing costs,Households with that type of expenditure,Level sample error on percent change,5.6,percentage,% error,,Sampling errors are rounded to one decimal place.
2010,Property and ground rent,Households with that type of expenditure,Average weekly household expenditure,249.4,nzd,NZD,
2010,Property and ground rent,Households with that type of expenditure,Relative sampling error for average weekly household expenditure,4.2,percentage,% error,,Sampling errors are rounded to one decimal place.
2010,Property and ground rent,Households with that type of expenditure,Percentage of households reporting expenditure,34.8,percentage,% of households,,Percentages are rounded to one decimal place and are calculated using unrounded figures.
2010,Property and ground rent,Households with that type of expenditure,Percentage of total housing costs expenditure,36.9,percentage,% of total housing costs,,Percentages are rounded to one decimal place and are calculated using unrounded figures.
2010,Property and ground rent,Households with that type of expenditure,Percent change from previous year,-0.2,percentage,% change,,Percentages are rounded to one decimal place and are calculated using unrounded figures.
2010,Property and ground rent,Households with that type of expenditure,Level sample error on percent change,5.7,percentage,% error,,Sampling errors are rounded to one decimal place.
2010,Other payments connected with renting,Households with that type of expenditure,Average weekly household expenditure,13.2,nzd,NZD,
2010,Other payments connected with renting,Households with that type of expenditure,Relative sampling error for average weekly household expenditure,18.1,percentage,% error,,Sampling errors are rounded to one decimal place.
2010,Other payments connected with renting,Households with that type of expenditure,Percentage of households reporting expenditure,10.2,percentage,% of households,,Percentages are rounded to one decimal place and are calculated using unrounded figures.
2010,Other payments connected with renting,Households with that type of expenditure,Percentage of total housing costs expenditure,0.6,percentage,% of total housing costs,,Percentages are rounded to one decimal place and are calculated using unrounded figures.
2010,Other payments connected with renting,Households with that type of expenditure,Percent change from previous year,1.1,percentage,% change,,Percentages are rounded to one decimal place and are calculated using unrounded figures.
2010,Other payments connected with renting,Households with that type of expenditure,Level sample error on percent change,29.3,percentage,% error,,Sampling errors are rounded to one decimal place.
2010,Total rent payments,Households with that type of expenditure,Average weekly household expenditure,241.2,nzd,NZD,
2010,Total rent payments,Households with that type of expenditure,Relative sampling error for average weekly household expenditure,4.6,percentage,% error,,Sampling errors are rounded to one decimal place.
2010,Total rent payments,Households with that type of expenditure,Percentage of households reporting expenditure,36.5,percentage,% of households,,Percentages are rounded to one decimal place and are calculated using unrounded figures.
2010,Total rent payments,Households with that type of expenditure,Percentage of total housing costs expenditure,37.5,percentage,% of total housing costs,,Percentages are rounded to one decimal place and are calculated using unrounded figures.
2010,Total rent payments,Households with that type of expenditure,Percent change from previous year,-1.4,percentage,% change,,Percentages are rounded to one decimal place and are calculated using unrounded figures.
2010,Total rent payments,Households with that type of expenditure,Level sample error on percent change,5.8,percentage,% error,,Sampling errors are rounded to one decimal place.
2010,Mortgage principal repayments,Households with that type of expenditure,Average weekly household expenditure,136.3,nzd,NZD,
2010,Mortgage principal repayments,Households with that type of expenditure,Relative sampling error for average weekly household expenditure,9.3,percentage,% error,,Sampling errors are rounded to one decimal place.
2010,Mortgage principal repayments,Households with that type of expenditure,Percentage of households reporting expenditure,27.1,percentage,% of households,,Percentages are rounded to one decimal place and are calculated using unrounded figures.
2010,Mortgage principal repayments,Households with that type of expenditure,Percentage of total housing costs expenditure,15.8,percentage,% of total housing costs,,Percentages are rounded to one decimal place and are calculated using unrounded figures.
2010,Mortgage principal repayments,Households with that type of expenditure,Percent change from previous year,8,percentage,% change,,Percentages are rounded to one decimal place and are calculated using unrounded figures.
2010,Mortgage principal repayments,Households with that type of expenditure,Level sample error on percent change,22.4,percentage,% error,,Sampling errors are rounded to one decimal place.
2010,Mortgage interest payments,Households with that type of expenditure,Average weekly household expenditure,232.7,nzd,NZD,
2010,Mortgage interest payments,Households with that type of expenditure,Relative sampling error for average weekly household expenditure,8.4,percentage,% error,,Sampling errors are rounded to one decimal place.
2010,Mortgage interest payments,Households with that type of expenditure,Percentage of households reporting expenditure,31.4,percentage,% of households,,Percentages are rounded to one decimal place and are calculated using unrounded figures.
2010,Mortgage interest payments,Households with that type of expenditure,Percentage of total housing costs expenditure,31.1,percentage,% of total housing costs,,Percentages are rounded to one decimal place and are calculated using unrounded figures.
2010,Mortgage interest payments,Households with that type of expenditure,Percent change from previous year,-13.1,percentage,% change,,Percentages are rounded to one decimal place and are calculated using unrounded figures.
2010,Mortgage interest payments,Households with that type of expenditure,Level sample error on percent change,9.8,percentage,% error,,Sampling errors are rounded to one decimal place.
2010,Application and service fees for mortgages,Households with that type of expenditure,Average weekly household expenditure,4.2,nzd,NZD,
2010,Application and service fees for mortgages,Households with that type of expenditure,Relative sampling error for average weekly household expenditure,26.8,percentage,% error,,Sampling errors are rounded to one decimal place.
2010,Application and service fees for mortgages,Households with that type of expenditure,Percentage of households reporting expenditure,4.2,percentage,% of households,,Percentages are rounded to one decimal place and are calculated using unrounded figures.
2010,Application and service fees for mortgages,Households with that type of expenditure,Percentage of total housing costs expenditure,0.1,percentage,% of total housing costs,,Percentages are rounded to one decimal place and are calculated using unrounded figures.
2010,Application and service fees for mortgages,Households with that type of expenditure,Percent change from previous year,-26.2,percentage,% change,,Percentages are rounded to one decimal place and are calculated using unrounded figures.
2010,Application and service fees for mortgages,Households with that type of expenditure,Level sample error on percent change,37,percentage,% error,,Sampling errors are rounded to one decimal place.
2010,Total mortgage payments,Households with that type of expenditure,Average weekly household expenditure,350.7,nzd,NZD,
2010,Total mortgage payments,Households with that type of expenditure,Relative sampling error for average weekly household expenditure,8.1,percentage,% error,,Sampling errors are rounded to one decimal place.
2010,Total mortgage payments,Households with that type of expenditure,Percentage of households reporting expenditure,31.4,percentage,% of households,,Percentages are rounded to one decimal place and are calculated using unrounded figures.
2010,Total mortgage payments,Households with that type of expenditure,Percentage of total housing costs expenditure,46.9,percentage,% of total housing costs,,Percentages are rounded to one decimal place and are calculated using unrounded figures.
2010,Total mortgage payments,Households with that type of expenditure,Percent change from previous year,-6.9,percentage,% change,,Percentages are rounded to one decimal place and are calculated using unrounded figures.
2010,Total mortgage payments,Households with that type of expenditure,Level sample error on percent change,11.1,percentage,% error,,Sampling errors are rounded to one decimal place.
2010,Property rates,Households with that type of expenditure,Average weekly household expenditure,36.8,nzd,NZD,
2010,Property rates,Households with that type of expenditure,Relative sampling error for average weekly household expenditure,3.3,percentage,% error,,Sampling errors are rounded to one decimal place.
2010,Property rates,Households with that type of expenditure,Percentage of households reporting expenditure,70.4,percentage,% of households,,Percentages are rounded to one decimal place and are calculated using unrounded figures.
2010,Property rates,Households with that type of expenditure,Percentage of total housing costs expenditure,11,percentage,% of total housing costs,,Percentages are rounded to one decimal place and are calculated using unrounded figures.
2010,Property rates,Households with that type of expenditure,Percent change from previous year,2.3,percentage,% change,,Percentages are rounded to one decimal place and are calculated using unrounded figures.
2010,Property rates,Households with that type of expenditure,Level sample error on percent change,4.3,percentage,% error,,Sampling errors are rounded to one decimal place.
2010,Building-related insurance,Households with that type of expenditure,Average weekly household expenditure,16.3,nzd,NZD,
2010,Building-related insurance,Households with that type of expenditure,Relative sampling error for average weekly household expenditure,6.7,percentage,% error,,Sampling errors are rounded to one decimal place.
2010,Building-related insurance,Households with that type of expenditure,Percentage of households reporting expenditure,62.3,percentage,% of households,,Percentages are rounded to one decimal place and are calculated using unrounded figures.
2010,Building-related insurance,Households with that type of expenditure,Percentage of total housing costs expenditure,4.3,percentage,% of total housing costs,,Percentages are rounded to one decimal place and are calculated using unrounded figures.
2010,Building-related insurance,Households with that type of expenditure,Percent change from previous year,13.8,percentage,% change,,Percentages are rounded to one decimal place and are calculated using unrounded figures.
2010,Building-related insurance,Households with that type of expenditure,Level sample error on percent change,8.4,percentage,% error,,Sampling errors are rounded to one decimal place.
2010,Other housing costs,Households with that type of expenditure,Average weekly household expenditure,43.8,nzd,NZD,
2010,Other housing costs,Households with that type of expenditure,Relative sampling error for average weekly household expenditure,60.6,percentage,% error,,Sampling errors are rounded to one decimal place.
2010,Other housing costs,Households with that type of expenditure,Percentage of households reporting expenditure,1.5,percentage,% of households,,Percentages are rounded to one decimal place and are calculated using unrounded figures.
2010,Other housing costs,Households with that type of expenditure,Percentage of total housing costs expenditure,0.3,percentage,% of total housing costs,,Percentages are rounded to one decimal place and are calculated using unrounded figures.
2010,Other housing costs,Households with that type of expenditure,Percent change from previous year,13.7,percentage,% change,,Percentages are rounded to one decimal place and are calculated using unrounded figures.
2010,Other housing costs,Households with that type of expenditure,Level sample error on percent change,77.8,percentage,% error,,Sampling errors are rounded to one decimal place.
2010,Total housing costs,Households with that type of expenditure,Average weekly household expenditure,235,nzd,NZD,
2010,Total housing costs,Households with that type of expenditure,Relative sampling error for average weekly household expenditure,4.6,percentage,% error,,Sampling errors are rounded to one decimal place.
2010,Total housing costs,Households with that type of expenditure,Percentage of households reporting expenditure,100,percentage,% of households,,Percentages are rounded to one decimal place and are calculated using unrounded figures.
2010,Total housing costs,Households with that type of expenditure,Percentage of total housing costs expenditure,100,percentage,% of total housing costs,,Percentages are rounded to one decimal place and are calculated using unrounded figures.
2010,Total housing costs,Households with that type of expenditure,Percent change from previous year,-1.3,percentage,% change,,Percentages are rounded to one decimal place and are calculated using unrounded figures.
2010,Total housing costs,Households with that type of expenditure,Level sample error on percent change,7.2,percentage,% error,,Sampling errors are rounded to one decimal place.
2009,Property and ground rent,Households with that type of expenditure,Average weekly household expenditure,249.9,nzd,NZD,
2009,Property and ground rent,Households with that type of expenditure,Relative sampling error for average weekly household expenditure,4.7,percentage,% error,,Sampling errors are rounded to one decimal place.
2009,Property and ground rent,Households with that type of expenditure,Percentage of households reporting expenditure,32.3,percentage,% of households,,Percentages are rounded to one decimal place and are calculated using unrounded figures.
2009,Property and ground rent,Households with that type of expenditure,Percentage of total housing costs expenditure,33.9,percentage,% of total housing costs,,Percentages are rounded to one decimal place and are calculated using unrounded figures.
2009,Property and ground rent,Households with that type of expenditure,Percent change from previous year,7.7,percentage,% change,,Percentages are rounded to one decimal place and are calculated using unrounded figures.
2009,Property and ground rent,Households with that type of expenditure,Level sample error on percent change,5.8,percentage,% error,,Sampling errors are rounded to one decimal place.
2009,Other payments connected with renting,Households with that type of expenditure,Average weekly household expenditure,13.1,nzd,NZD,
2009,Other payments connected with renting,Households with that type of expenditure,Relative sampling error for average weekly household expenditure,22.7,percentage,% error,,Sampling errors are rounded to one decimal place.
2009,Other payments connected with renting,Households with that type of expenditure,Percentage of households reporting expenditure,10.7,percentage,% of households,,Percentages are rounded to one decimal place and are calculated using unrounded figures.
2009,Other payments connected with renting,Households with that type of expenditure,Percentage of total housing costs expenditure,0.6,percentage,% of total housing costs,,Percentages are rounded to one decimal place and are calculated using unrounded figures.
2009,Other payments connected with renting,Households with that type of expenditure,Percent change from previous year,-24.8,percentage,% change,,Percentages are rounded to one decimal place and are calculated using unrounded figures.
2009,Other payments connected with renting,Households with that type of expenditure,Level sample error on percent change,25.6,percentage,% error,,Sampling errors are rounded to one decimal place.
2009,Total rent payments,Households with that type of expenditure,Average weekly household expenditure,244.5,nzd,NZD,
2009,Total rent payments,Households with that type of expenditure,Relative sampling error for average weekly household expenditure,4.5,percentage,% error,,Sampling errors are rounded to one decimal place.
2009,Total rent payments,Households with that type of expenditure,Percentage of households reporting expenditure,33.6,percentage,% of households,,Percentages are rounded to one decimal place and are calculated using unrounded figures.
2009,Total rent payments,Households with that type of expenditure,Percentage of total housing costs expenditure,34.5,percentage,% of total housing costs,,Percentages are rounded to one decimal place and are calculated using unrounded figures.
2009,Total rent payments,Households with that type of expenditure,Percent change from previous year,8.4,percentage,% change,,Percentages are rounded to one decimal place and are calculated using unrounded figures.
2009,Total rent payments,Households with that type of expenditure,Level sample error on percent change,6.2,percentage,% error,,Sampling errors are rounded to one decimal place.
2009,Mortgage principal repayments,Households with that type of expenditure,Average weekly household expenditure,126.2,nzd,NZD,
2009,Mortgage principal repayments,Households with that type of expenditure,Relative sampling error for average weekly household expenditure,17.1,percentage,% error,,Sampling errors are rounded to one decimal place.
2009,Mortgage principal repayments,Households with that type of expenditure,Percentage of households reporting expenditure,27.5,percentage,% of households,,Percentages are rounded to one decimal place and are calculated using unrounded figures.
2009,Mortgage principal repayments,Households with that type of expenditure,Percentage of total housing costs expenditure,14.6,percentage,% of total housing costs,,Percentages are rounded to one decimal place and are calculated using unrounded figures.
2009,Mortgage principal repayments,Households with that type of expenditure,Percent change from previous year,5,percentage,% change,,Percentages are rounded to one decimal place and are calculated using unrounded figures.
2009,Mortgage principal repayments,Households with that type of expenditure,Level sample error on percent change,19.8,percentage,% error,,Sampling errors are rounded to one decimal place.
2009,Mortgage interest payments,Households with that type of expenditure,Average weekly household expenditure,267.7,nzd,NZD,
2009,Mortgage interest payments,Households with that type of expenditure,Relative sampling error for average weekly household expenditure,7.1,percentage,% error,,Sampling errors are rounded to one decimal place.
2009,Mortgage interest payments,Households with that type of expenditure,Percentage of households reporting expenditure,32,percentage,% of households,,Percentages are rounded to one decimal place and are calculated using unrounded figures.
2009,Mortgage interest payments,Households with that type of expenditure,Percentage of total housing costs expenditure,35.9,percentage,% of total housing costs,,Percentages are rounded to one decimal place and are calculated using unrounded figures.
2009,Mortgage interest payments,Households with that type of expenditure,Percent change from previous year,-5.6,percentage,% change,,Percentages are rounded to one decimal place and are calculated using unrounded figures.
2009,Mortgage interest payments,Households with that type of expenditure,Level sample error on percent change,9.4,percentage,% error,,Sampling errors are rounded to one decimal place.
2009,Application and service fees for mortgages,Households with that type of expenditure,Average weekly household expenditure,5.7,nzd,NZD,
2009,Application and service fees for mortgages,Households with that type of expenditure,Relative sampling error for average weekly household expenditure,38.8,percentage,% error,,Sampling errors are rounded to one decimal place.
2009,Application and service fees for mortgages,Households with that type of expenditure,Percentage of households reporting expenditure,3.4,percentage,% of households,,Percentages are rounded to one decimal place and are calculated using unrounded figures.
2009,Application and service fees for mortgages,Households with that type of expenditure,Percentage of total housing costs expenditure,0.1,percentage,% of total housing costs,,Percentages are rounded to one decimal place and are calculated using unrounded figures.
2009,Application and service fees for mortgages,Households with that type of expenditure,Percent change from previous year,-23.4,percentage,% change,,Percentages are rounded to one decimal place and are calculated using unrounded figures.
2009,Application and service fees for mortgages,Households with that type of expenditure,Level sample error on percent change,46.4,percentage,% error,,Sampling errors are rounded to one decimal place.
2009,Total mortgage payments,Households with that type of expenditure,Average weekly household expenditure,376.6,nzd,NZD,
2009,Total mortgage payments,Households with that type of expenditure,Relative sampling error for average weekly household expenditure,8.1,percentage,% error,,Sampling errors are rounded to one decimal place.
2009,Total mortgage payments,Households with that type of expenditure,Percentage of households reporting expenditure,32,percentage,% of households,,Percentages are rounded to one decimal place and are calculated using unrounded figures.
2009,Total mortgage payments,Households with that type of expenditure,Percentage of total housing costs expenditure,50.6,percentage,% of total housing costs,,Percentages are rounded to one decimal place and are calculated using unrounded figures.
2009,Total mortgage payments,Households with that type of expenditure,Percent change from previous year,-1.9,percentage,% change,,Percentages are rounded to one decimal place and are calculated using unrounded figures.
2009,Total mortgage payments,Households with that type of expenditure,Level sample error on percent change,10,percentage,% error,,Sampling errors are rounded to one decimal place.
2009,Property rates,Households with that type of expenditure,Average weekly household expenditure,35.9,nzd,NZD,
2009,Property rates,Households with that type of expenditure,Relative sampling error for average weekly household expenditure,3.6,percentage,% error,,Sampling errors are rounded to one decimal place.
2009,Property rates,Households with that type of expenditure,Percentage of households reporting expenditure,71.8,percentage,% of households,,Percentages are rounded to one decimal place and are calculated using unrounded figures.
2009,Property rates,Households with that type of expenditure,Percentage of total housing costs expenditure,10.8,percentage,% of total housing costs,,Percentages are rounded to one decimal place and are calculated using unrounded figures.
2009,Property rates,Households with that type of expenditure,Percent change from previous year,5.2,percentage,% change,,Percentages are rounded to one decimal place and are calculated using unrounded figures.
2009,Property rates,Households with that type of expenditure,Level sample error on percent change,4.5,percentage,% error,,Sampling errors are rounded to one decimal place.
2009,Building-related insurance,Households with that type of expenditure,Average weekly household expenditure,14.3,nzd,NZD,
2009,Building-related insurance,Households with that type of expenditure,Relative sampling error for average weekly household expenditure,4.6,percentage,% error,,Sampling errors are rounded to one decimal place.
2009,Building-related insurance,Households with that type of expenditure,Percentage of households reporting expenditure,64.1,percentage,% of households,,Percentages are rounded to one decimal place and are calculated using unrounded figures.
2009,Building-related insurance,Households with that type of expenditure,Percentage of total housing costs expenditure,3.9,percentage,% of total housing costs,,Percentages are rounded to one decimal place and are calculated using unrounded figures.
2009,Building-related insurance,Households with that type of expenditure,Percent change from previous year,-2.5,percentage,% change,,Percentages are rounded to one decimal place and are calculated using unrounded figures.
2009,Building-related insurance,Households with that type of expenditure,Level sample error on percent change,6.5,percentage,% error,,Sampling errors are rounded to one decimal place.
2009,Other housing costs,Households with that type of expenditure,Average weekly household expenditure,38.5,nzd,NZD,
2009,Other housing costs,Households with that type of expenditure,Relative sampling error for average weekly household expenditure,31,percentage,% error,,Sampling errors are rounded to one decimal place.
2009,Other housing costs,Households with that type of expenditure,Percentage of households reporting expenditure,1.5,percentage,% of households,,Percentages are rounded to one decimal place and are calculated using unrounded figures.
2009,Other housing costs,Households with that type of expenditure,Percentage of total housing costs expenditure,0.2,percentage,% of total housing costs,,Percentages are rounded to one decimal place and are calculated using unrounded figures.
2009,Other housing costs,Households with that type of expenditure,Percent change from previous year,57.5,percentage,% change,,Percentages are rounded to one decimal place and are calculated using unrounded figures.
2009,Other housing costs,Households with that type of expenditure,Level sample error on percent change,48.5,percentage,% error,,Sampling errors are rounded to one decimal place.
2009,Total housing costs,Households with that type of expenditure,Average weekly household expenditure,238.2,nzd,NZD,
2009,Total housing costs,Households with that type of expenditure,Relative sampling error for average weekly household expenditure,5.7,percentage,% error,,Sampling errors are rounded to one decimal place.
2009,Total housing costs,Households with that type of expenditure,Percentage of households reporting expenditure,100,percentage,% of households,,Percentages are rounded to one decimal place and are calculated using unrounded figures.
2009,Total housing costs,Households with that type of expenditure,Percentage of total housing costs expenditure,100,percentage,% of total housing costs,,Percentages are rounded to one decimal place and are calculated using unrounded figures.
2009,Total housing costs,Households with that type of expenditure,Percent change from previous year,1.3,percentage,% change,,Percentages are rounded to one decimal place and are calculated using unrounded figures.
2009,Total housing costs,Households with that type of expenditure,Level sample error on percent change,7.3,percentage,% error,,Sampling errors are rounded to one decimal place.
2008,Property and ground rent,Households with that type of expenditure,Average weekly household expenditure,231.9,nzd,NZD,
2008,Property and ground rent,Households with that type of expenditure,Relative sampling error for average weekly household expenditure,4.7,percentage,% error,,Sampling errors are rounded to one decimal place.
2008,Property and ground rent,Households with that type of expenditure,Percentage of households reporting expenditure,32.2,percentage,% of households,,Percentages are rounded to one decimal place and are calculated using unrounded figures.
2008,Property and ground rent,Households with that type of expenditure,Percentage of total housing costs expenditure,31.8,percentage,% of total housing costs,,Percentages are rounded to one decimal place and are calculated using unrounded figures.
2008,Property and ground rent,Households with that type of expenditure,Percent change from previous year,5.9,percentage,% change,,Percentages are rounded to one decimal place and are calculated using unrounded figures.
2008,Property and ground rent,Households with that type of expenditure,Level sample error on percent change,6.5,percentage,% error,,Sampling errors are rounded to one decimal place.
2008,Other payments connected with renting,Households with that type of expenditure,Average weekly household expenditure,17.4,nzd,NZD,
2008,Other payments connected with renting,Households with that type of expenditure,Relative sampling error for average weekly household expenditure,26.7,percentage,% error,,Sampling errors are rounded to one decimal place.
2008,Other payments connected with renting,Households with that type of expenditure,Percentage of households reporting expenditure,11.4,percentage,% of households,,Percentages are rounded to one decimal place and are calculated using unrounded figures.
2008,Other payments connected with renting,Households with that type of expenditure,Percentage of total housing costs expenditure,0.8,percentage,% of total housing costs,,Percentages are rounded to one decimal place and are calculated using unrounded figures.
2008,Other payments connected with renting,Households with that type of expenditure,Percent change from previous year,58.8,percentage,% change,,Percentages are rounded to one decimal place and are calculated using unrounded figures.
2008,Other payments connected with renting,Households with that type of expenditure,Level sample error on percent change,46.2,percentage,% error,,Sampling errors are rounded to one decimal place.
2008,Total rent payments,Households with that type of expenditure,Relative sampling error for average weekly household expenditure,5.1,percentage,% error,,Sampling errors are rounded to one decimal place.
2008,Total rent payments,Households with that type of expenditure,Percentage of households reporting expenditure,34,percentage,% of households,,Percentages are rounded to one decimal place and are calculated using unrounded figures.
2008,Total rent payments,Households with that type of expenditure,Percentage of total housing costs expenditure,32.6,percentage,% of total housing costs,,Percentages are rounded to one decimal place and are calculated using unrounded figures.
2008,Total rent payments,Households with that type of expenditure,Percent change from previous year,6,percentage,% change,,Percentages are rounded to one decimal place and are calculated using unrounded figures.
2008,Total rent payments,Households with that type of expenditure,Level sample error on percent change,7.3,percentage,% error,,Sampling errors are rounded to one decimal place.
2008,Mortgage principal repayments,Households with that type of expenditure,Average weekly household expenditure,120.2,nzd,NZD,
2008,Mortgage principal repayments,Households with that type of expenditure,Relative sampling error for average weekly household expenditure,8.7,percentage,% error,,Sampling errors are rounded to one decimal place.
2008,Mortgage principal repayments,Households with that type of expenditure,Percentage of households reporting expenditure,26.9,percentage,% of households,,Percentages are rounded to one decimal place and are calculated using unrounded figures.
2008,Mortgage principal repayments,Households with that type of expenditure,Percentage of total housing costs expenditure,13.7,percentage,% of total housing costs,,Percentages are rounded to one decimal place and are calculated using unrounded figures.
2008,Mortgage principal repayments,Households with that type of expenditure,Percent change from previous year,5.3,percentage,% change,,Percentages are rounded to one decimal place and are calculated using unrounded figures.
2008,Mortgage principal repayments,Households with that type of expenditure,Level sample error on percent change,14.8,percentage,% error,,Sampling errors are rounded to one decimal place.
2008,Mortgage interest payments,Households with that type of expenditure,Average weekly household expenditure,283.6,nzd,NZD,
2008,Mortgage interest payments,Households with that type of expenditure,Relative sampling error for average weekly household expenditure,6.4,percentage,% error,,Sampling errors are rounded to one decimal place.
2008,Mortgage interest payments,Households with that type of expenditure,Percentage of households reporting expenditure,32.3,percentage,% of households,,Percentages are rounded to one decimal place and are calculated using unrounded figures.
2008,Mortgage interest payments,Households with that type of expenditure,Percentage of total housing costs expenditure,39,percentage,% of total housing costs,,Percentages are rounded to one decimal place and are calculated using unrounded figures.
2008,Mortgage interest payments,Households with that type of expenditure,Percent change from previous year,23.2,percentage,% change,,Percentages are rounded to one decimal place and are calculated using unrounded figures.
2008,Mortgage interest payments,Households with that type of expenditure,Level sample error on percent change,12.8,percentage,% error,,Sampling errors are rounded to one decimal place.
2008,Application and service fees for mortgages,Households with that type of expenditure,Average weekly household expenditure,7.5,nzd,NZD,
2008,Application and service fees for mortgages,Households with that type of expenditure,Relative sampling error for average weekly household expenditure,39.9,percentage,% error,,Sampling errors are rounded to one decimal place.
2008,Application and service fees for mortgages,Households with that type of expenditure,Percentage of households reporting expenditure,4.2,percentage,% of households,,Percentages are rounded to one decimal place and are calculated using unrounded figures.
2008,Application and service fees for mortgages,Households with that type of expenditure,Percentage of total housing costs expenditure,0.1,percentage,% of total housing costs,,Percentages are rounded to one decimal place and are calculated using unrounded figures.
2008,Application and service fees for mortgages,Households with that type of expenditure,Percent change from previous year,-50.6,percentage,% change,,Percentages are rounded to one decimal place and are calculated using unrounded figures.
2008,Application and service fees for mortgages,Households with that type of expenditure,Level sample error on percent change,42.5,percentage,% error,,Sampling errors are rounded to one decimal place.
2008,Total mortgage payments,Households with that type of expenditure,Average weekly household expenditure,383.7,nzd,NZD,
2008,Total mortgage payments,Households with that type of expenditure,Relative sampling error for average weekly household expenditure,5.5,percentage,% error,,Sampling errors are rounded to one decimal place.
2008,Total mortgage payments,Households with that type of expenditure,Percentage of households reporting expenditure,32.4,percentage,% of households,,Percentages are rounded to one decimal place and are calculated using unrounded figures.
2008,Total mortgage payments,Households with that type of expenditure,Percentage of total housing costs expenditure,52.9,percentage,% of total housing costs,,Percentages are rounded to one decimal place and are calculated using unrounded figures.
2008,Total mortgage payments,Households with that type of expenditure,Percent change from previous year,20.1,percentage,% change,,Percentages are rounded to one decimal place and are calculated using unrounded figures.
2008,Total mortgage payments,Households with that type of expenditure,Level sample error on percent change,10,percentage,% error,,Sampling errors are rounded to one decimal place.
2008,Property rates,Households with that type of expenditure,Average weekly household expenditure,34.2,nzd,NZD,
2008,Property rates,Households with that type of expenditure,Relative sampling error for average weekly household expenditure,3.8,percentage,% error,,Sampling errors are rounded to one decimal place.
2008,Property rates,Households with that type of expenditure,Percentage of households reporting expenditure,70.9,percentage,% of households,,Percentages are rounded to one decimal place and are calculated using unrounded figures.
2008,Property rates,Households with that type of expenditure,Percentage of total housing costs expenditure,10.3,percentage,% of total housing costs,,Percentages are rounded to one decimal place and are calculated using unrounded figures.
2008,Property rates,Households with that type of expenditure,Percent change from previous year,2.4,percentage,% change,,Percentages are rounded to one decimal place and are calculated using unrounded figures.
2008,Property rates,Households with that type of expenditure,Level sample error on percent change,5.6,percentage,% error,,Sampling errors are rounded to one decimal place.
2008,Building-related insurance,Households with that type of expenditure,Average weekly household expenditure,14.7,nzd,NZD,
2008,Building-related insurance,Households with that type of expenditure,Relative sampling error for average weekly household expenditure,5.5,percentage,% error,,Sampling errors are rounded to one decimal place.
2008,Building-related insurance,Households with that type of expenditure,Percentage of households reporting expenditure,63.7,percentage,% of households,,Percentages are rounded to one decimal place and are calculated using unrounded figures.
2008,Building-related insurance,Households with that type of expenditure,Percentage of total housing costs expenditure,4,percentage,% of total housing costs,,Percentages are rounded to one decimal place and are calculated using unrounded figures.
2008,Building-related insurance,Households with that type of expenditure,Percent change from previous year,1.1,percentage,% change,,Percentages are rounded to one decimal place and are calculated using unrounded figures.
2008,Building-related insurance,Households with that type of expenditure,Level sample error on percent change,7.1,percentage,% error,,Sampling errors are rounded to one decimal place.
2008,Other housing costs,Households with that type of expenditure,Average weekly household expenditure,24.5,nzd,NZD,
2008,Other housing costs,Households with that type of expenditure,Relative sampling error for average weekly household expenditure,31.8,percentage,% error,,Sampling errors are rounded to one decimal place.
2008,Other housing costs,Households with that type of expenditure,Percentage of households reporting expenditure,2,percentage,% of households,,Percentages are rounded to one decimal place and are calculated using unrounded figures.
2008,Other housing costs,Households with that type of expenditure,Percentage of total housing costs expenditure,0.2,percentage,% of total housing costs,,Percentages are rounded to one decimal place and are calculated using unrounded figures.
2008,Other housing costs,Households with that type of expenditure,Percent change from previous year,-8.1,percentage,% change,,Percentages are rounded to one decimal place and are calculated using unrounded figures.
2008,Other housing costs,Households with that type of expenditure,Level sample error on percent change,41.5,percentage,% error,,Sampling errors are rounded to one decimal place.
2008,Total housing costs,Households with that type of expenditure,Average weekly household expenditure,235.1,nzd,NZD,
2008,Total housing costs,Households with that type of expenditure,Relative sampling error for average weekly household expenditure,4,percentage,% error,,Sampling errors are rounded to one decimal place.
2008,Total housing costs,Households with that type of expenditure,Percentage of households reporting expenditure,100,percentage,% of households,,Percentages are rounded to one decimal place and are calculated using unrounded figures.
2008,Total housing costs,Households with that type of expenditure,Percentage of total housing costs expenditure,100,percentage,% of total housing costs,,Percentages are rounded to one decimal place and are calculated using unrounded figures.
2008,Total housing costs,Households with that type of expenditure,Percent change from previous year,12,percentage,% change,,Percentages are rounded to one decimal place and are calculated using unrounded figures.
2008,Total housing costs,Households with that type of expenditure,Level sample error on percent change,6.8,percentage,% error,,Sampling errors are rounded to one decimal place.
2007,Property and ground rent,Households with that type of expenditure,Average weekly household expenditure,219,nzd,NZD,
2007,Property and ground rent,Households with that type of expenditure,Relative sampling error for average weekly household expenditure,4.7,percentage,% error,,Sampling errors are rounded to one decimal place.
2007,Property and ground rent,Households with that type of expenditure,Percentage of households reporting expenditure,30.3,percentage,% of households,,Percentages are rounded to one decimal place and are calculated using unrounded figures.
2007,Property and ground rent,Households with that type of expenditure,Percentage of total housing costs expenditure,31.6,percentage,% of total housing costs,,Percentages are rounded to one decimal place and are calculated using unrounded figures.
2007,Property and ground rent,Households with that type of expenditure,Percent change from previous year,,percentage,% change,not applicable,Percentages are rounded to one decimal place and are calculated using unrounded figures.
2007,Property and ground rent,Households with that type of expenditure,Level sample error on percent change,,percentage,% error,not applicable,Sampling errors are rounded to one decimal place.
2007,Other payments connected with renting,Households with that type of expenditure,Average weekly household expenditure,11,nzd,NZD,
2007,Other payments connected with renting,Households with that type of expenditure,Relative sampling error for average weekly household expenditure,17.8,percentage,% error,,Sampling errors are rounded to one decimal place.
2007,Other payments connected with renting,Households with that type of expenditure,Percentage of households reporting expenditure,9.2,percentage,% of households,,Percentages are rounded to one decimal place and are calculated using unrounded figures.
2007,Other payments connected with renting,Households with that type of expenditure,Percentage of total housing costs expenditure,0.5,percentage,% of total housing costs,,Percentages are rounded to one decimal place and are calculated using unrounded figures.
2007,Other payments connected with renting,Households with that type of expenditure,Percent change from previous year,,percentage,% change,not applicable,Percentages are rounded to one decimal place and are calculated using unrounded figures.
2007,Other payments connected with renting,Households with that type of expenditure,Level sample error on percent change,,percentage,% error,not applicable,Sampling errors are rounded to one decimal place.
2007,Total rent payments,Households with that type of expenditure,Average weekly household expenditure,212.9,nzd,NZD,
2007,Total rent payments,Households with that type of expenditure,Relative sampling error for average weekly household expenditure,4.8,percentage,% error,,Sampling errors are rounded to one decimal place.
2007,Total rent payments,Households with that type of expenditure,Percentage of households reporting expenditure,31.6,percentage,% of households,,Percentages are rounded to one decimal place and are calculated using unrounded figures.
2007,Total rent payments,Households with that type of expenditure,Percentage of total housing costs expenditure,32.1,percentage,% of total housing costs,,Percentages are rounded to one decimal place and are calculated using unrounded figures.
2007,Total rent payments,Households with that type of expenditure,Percent change from previous year,,percentage,% change,not applicable,Percentages are rounded to one decimal place and are calculated using unrounded figures.
2007,Total rent payments,Households with that type of expenditure,Level sample error on percent change,,percentage,% error,not applicable,Sampling errors are rounded to one decimal place.
2007,Mortgage principal repayments,Households with that type of expenditure,Average weekly household expenditure,114.2,nzd,NZD,
2007,Mortgage principal repayments,Households with that type of expenditure,Relative sampling error for average weekly household expenditure,11.4,percentage,% error,,Sampling errors are rounded to one decimal place.
2007,Mortgage principal repayments,Households with that type of expenditure,Percentage of households reporting expenditure,26.1,percentage,% of households,,Percentages are rounded to one decimal place and are calculated using unrounded figures.
2007,Mortgage principal repayments,Households with that type of expenditure,Percentage of total housing costs expenditure,14.2,percentage,% of total housing costs,,Percentages are rounded to one decimal place and are calculated using unrounded figures.
2007,Mortgage principal repayments,Households with that type of expenditure,Percent change from previous year,,percentage,% change,not applicable,Percentages are rounded to one decimal place and are calculated using unrounded figures.
2007,Mortgage principal repayments,Households with that type of expenditure,Level sample error on percent change,,percentage,% error,not applicable,Sampling errors are rounded to one decimal place.
2007,Mortgage interest payments,Households with that type of expenditure,Average weekly household expenditure,230.3,nzd,NZD,
2007,Mortgage interest payments,Households with that type of expenditure,Relative sampling error for average weekly household expenditure,8.4,percentage,% error,,Sampling errors are rounded to one decimal place.
2007,Mortgage interest payments,Households with that type of expenditure,Percentage of households reporting expenditure,33.9,percentage,% of households,,Percentages are rounded to one decimal place and are calculated using unrounded figures.
2007,Mortgage interest payments,Households with that type of expenditure,Percentage of total housing costs expenditure,37.2,percentage,% of total housing costs,,Percentages are rounded to one decimal place and are calculated using unrounded figures.
2007,Mortgage interest payments,Households with that type of expenditure,Percent change from previous year,,percentage,% change,not applicable,Percentages are rounded to one decimal place and are calculated using unrounded figures.
2007,Mortgage interest payments,Households with that type of expenditure,Level sample error on percent change,,percentage,% error,not applicable,Sampling errors are rounded to one decimal place.
2007,Application and service fees for mortgages,Households with that type of expenditure,Average weekly household expenditure,15.1,nzd,NZD,
2007,Application and service fees for mortgages,Households with that type of expenditure,Relative sampling error for average weekly household expenditure,63,percentage,% error,,Sampling errors are rounded to one decimal place.
2007,Application and service fees for mortgages,Households with that type of expenditure,Percentage of households reporting expenditure,5.9,percentage,% of households,,Percentages are rounded to one decimal place and are calculated using unrounded figures.
2007,Application and service fees for mortgages,Households with that type of expenditure,Percentage of total housing costs expenditure,0.4,percentage,% of total housing costs,,Percentages are rounded to one decimal place and are calculated using unrounded figures.
2007,Application and service fees for mortgages,Households with that type of expenditure,Percent change from previous year,,percentage,% change,not applicable,Percentages are rounded to one decimal place and are calculated using unrounded figures.
2007,Application and service fees for mortgages,Households with that type of expenditure,Level sample error on percent change,,percentage,% error,not applicable,Sampling errors are rounded to one decimal place.
2007,Total mortgage payments,Households with that type of expenditure,Average weekly household expenditure,319.5,nzd,NZD,
2007,Total mortgage payments,Households with that type of expenditure,Relative sampling error for average weekly household expenditure,6.9,percentage,% error,,Sampling errors are rounded to one decimal place.
2007,Total mortgage payments,Households with that type of expenditure,Percentage of households reporting expenditure,34,percentage,% of households,,Percentages are rounded to one decimal place and are calculated using unrounded figures.
2007,Total mortgage payments,Households with that type of expenditure,Percentage of total housing costs expenditure,51.8,percentage,% of total housing costs,,Percentages are rounded to one decimal place and are calculated using unrounded figures.
2007,Total mortgage payments,Households with that type of expenditure,Percent change from previous year,,percentage,% change,not applicable,Percentages are rounded to one decimal place and are calculated using unrounded figures.
2007,Total mortgage payments,Households with that type of expenditure,Level sample error on percent change,,percentage,% error,not applicable,Sampling errors are rounded to one decimal place.
2007,Property rates,Households with that type of expenditure,Average weekly household expenditure,33.4,nzd,NZD,
2007,Property rates,Households with that type of expenditure,Relative sampling error for average weekly household expenditure,4.9,percentage,% error,,Sampling errors are rounded to one decimal place.
2007,Property rates,Households with that type of expenditure,Percentage of households reporting expenditure,71.9,percentage,% of households,,Percentages are rounded to one decimal place and are calculated using unrounded figures.
2007,Property rates,Households with that type of expenditure,Percentage of total housing costs expenditure,11.4,percentage,% of total housing costs,,Percentages are rounded to one decimal place and are calculated using unrounded figures.
2007,Property rates,Households with that type of expenditure,Percent change from previous year,,percentage,% change,not applicable,Percentages are rounded to one decimal place and are calculated using unrounded figures.
2007,Property rates,Households with that type of expenditure,Level sample error on percent change,,percentage,% error,not applicable,Sampling errors are rounded to one decimal place.
2007,Building-related insurance,Households with that type of expenditure,Average weekly household expenditure,14.5,nzd,NZD,
2007,Building-related insurance,Households with that type of expenditure,Relative sampling error for average weekly household expenditure,6.7,percentage,% error,,Sampling errors are rounded to one decimal place.
2007,Building-related insurance,Households with that type of expenditure,Percentage of households reporting expenditure,64.3,percentage,% of households,,Percentages are rounded to one decimal place and are calculated using unrounded figures.
2007,Building-related insurance,Households with that type of expenditure,Percentage of total housing costs expenditure,4.5,percentage,% of total housing costs,,Percentages are rounded to one decimal place and are calculated using unrounded figures.
2007,Building-related insurance,Households with that type of expenditure,Percent change from previous year,,percentage,% change,not applicable,Percentages are rounded to one decimal place and are calculated using unrounded figures.
2007,Building-related insurance,Households with that type of expenditure,Level sample error on percent change,,percentage,% error,not applicable,Sampling errors are rounded to one decimal place.
2007,Other housing costs,Households with that type of expenditure,Average weekly household expenditure,26.6,nzd,NZD,
2007,Other housing costs,Households with that type of expenditure,Relative sampling error for average weekly household expenditure,33.1,percentage,% error,,Sampling errors are rounded to one decimal place.
2007,Other housing costs,Households with that type of expenditure,Percentage of households reporting expenditure,1.9,percentage,% of households,,Percentages are rounded to one decimal place and are calculated using unrounded figures.
2007,Other housing costs,Households with that type of expenditure,Percentage of total housing costs expenditure,0.2,percentage,% of total housing costs,,Percentages are rounded to one decimal place and are calculated using unrounded figures.
2007,Other housing costs,Households with that type of expenditure,Percent change from previous year,,percentage,% change,not applicable,Percentages are rounded to one decimal place and are calculated using unrounded figures.
2007,Other housing costs,Households with that type of expenditure,Level sample error on percent change,,percentage,% error,not applicable,Sampling errors are rounded to one decimal place.
2007,Total housing costs,Households with that type of expenditure,Average weekly household expenditure,209.8,nzd,NZD,
2007,Total housing costs,Households with that type of expenditure,Relative sampling error for average weekly household expenditure,4.9,percentage,% error,,Sampling errors are rounded to one decimal place.
2007,Total housing costs,Households with that type of expenditure,Percentage of households reporting expenditure,100,percentage,% of households,,Percentages are rounded to one decimal place and are calculated using unrounded figures.
2007,Total housing costs,Households with that type of expenditure,Percentage of total housing costs expenditure,100,percentage,% of total housing costs,,Percentages are rounded to one decimal place and are calculated using unrounded figures.
2007,Total housing costs,Households with that type of expenditure,Percent change from previous year,,percentage,% change,not applicable,Percentages are rounded to one decimal place and are calculated using unrounded figures.
2007,Total housing costs,Households with that type of expenditure,Level sample error on percent change,,percentage,% error,not applicable,Sampling errors are rounded to one decimal place.
