TimeFrame,location_id,location,LodgedBonds,ActiveBonds,ClosedBonds,MedianRent,GeometricMeanRent,UpperQuartileRent,LowerQuartileRent,LogStdDevWeeklyRent
1/02/1993,-99,ALL,9147,91800,7116,150,151,200,120,0.4262
1/07/2026,2,Auckland Region,5592,170511,4254,640,620,750,520,0.3667
1/07/2026,4,Bay of Plenty Region,708,24345,558,650,619,730,550,0.3046
1/02/1993,13,Canterbury Region,1230,10497,870,150,150,190,120,0.3894
1/07/2026,5,Gisborne Region,87,3129,60,618,562,679,520,0.3167
1/07/2026,6,Hawke's Bay Region,291,10587,252,600,589,680,534,0.2765
1/07/2026,8,Manawatu-Wanganui Region,660,19806,513,520,483,590,425,0.3222
1/07/2026,18,Marlborough Region,93,2598,60,585,534,613,485,0.3353
1/07/2026,-1,NA,1776,86619,1869,575,540,700,449,0.4271
1/07/2026,17,Nelson Region,126,4323,102,550,498,620,460,0.3899
1/07/2026,1,Northland Region,327,11406,294,560,522,650,465,0.3738
1/07/2026,14,Otago Region,591,22137,483,580,556,750,441,0.4949
1/07/2026,15,Southland Region,213,6621,171,500,459,550,430,0.2896
1/07/2026,7,Taranaki Region,249,8034,219,550,535,620,474,0.2475
1/07/2026,16,Tasman Region,93,2580,60,600,566,669,496,0.2274
1/07/2026,3,Waikato Region,1263,40506,1074,570,532,650,470,0.3196
1/07/2026,9,Wellington Region,1419,51813,1149,575,539,685,460,0.3967
1/07/2026,12,West Coast Region,39,1515,39,435,423,500,361,0.2549
1/03/1993,-99,ALL,7812,92892,6720,150,148,180,120,0.384
1/06/2026,2,Auckland Region,4515,169401,4107,650,618,760,530,0.405
1/06/2026,4,Bay of Plenty Region,666,24231,630,630,593,730,540,0.3675
1/03/1993,13,Canterbury Region,945,10614,828,140,141,180,115,0.3374
1/06/2026,5,Gisborne Region,87,3108,87,580,558,655,500,0.3098
1/06/2026,6,Hawke's Bay Region,285,10557,240,593,563,670,500,0.3292
1/06/2026,8,Manawatu-Wanganui Region,558,19686,522,520,496,595,440,0.2813
1/06/2026,18,Marlborough Region,99,2568,75,550,523,630,460,0.3353
1/06/2026,-1,NA,1545,86829,1986,580,536,700,450,0.4897
1/06/2026,17,Nelson Region,138,4302,117,565,540,650,476,0.3428
1/06/2026,1,Northland Region,321,11385,285,580,544,650,474,0.2813
1/06/2026,14,Otago Region,639,22068,492,600,589,800,450,0.501
1/06/2026,15,Southland Region,183,6588,174,493,452,560,400,0.3254
1/06/2026,7,Taranaki Region,246,8013,201,550,522,613,450,0.2753
1/06/2026,16,Tasman Region,63,2547,72,560,539,650,453,0.3295
1/06/2026,3,Waikato Region,1131,40374,960,575,540,670,473,0.3283
1/06/2026,9,Wellington Region,1371,51606,1221,575,534,680,450,0.4148
1/06/2026,12,West Coast Region,45,1518,30,465,435,525,385,0.3388
1/04/1993,-99,ALL,6957,93711,6141,150,150,185,120,0.3838
1/05/2026,2,Auckland Region,4842,168990,5019,650,636,780,550,0.3873
1/05/2026,4,Bay of Plenty Region,705,24198,684,650,610,730,550,0.3442
1/04/1993,13,Canterbury Region,801,10761,651,140,139,176,115,0.3518
1/05/2026,5,Gisborne Region,81,3108,78,605,585,650,520,0.2729
1/05/2026,6,Hawke's Bay Region,351,10515,273,600,562,670,490,0.3157
1/05/2026,8,Manawatu-Wanganui Region,594,19650,573,520,498,600,435,0.2857
1/05/2026,18,Marlborough Region,81,2541,72,580,533,600,490,0.2434
1/05/2026,-1,NA,1644,87270,2271,590,540,700,450,0.4658
1/05/2026,17,Nelson Region,135,4281,168,560,533,645,473,0.2931
1/05/2026,1,Northland Region,363,11349,315,565,549,650,490,0.2767
1/05/2026,14,Otago Region,633,21921,594,640,610,850,480,0.4884
1/05/2026,15,Southland Region,195,6579,207,495,462,558,400,0.2741
1/05/2026,7,Taranaki Region,270,7968,249,560,532,638,491,0.2977
1/05/2026,16,Tasman Region,87,2556,75,590,550,650,485,0.2282
1/05/2026,3,Waikato Region,1185,40203,1188,580,549,650,495,0.3092
1/05/2026,9,Wellington Region,1494,51459,1542,588,551,690,460,0.3777
1/05/2026,12,West Coast Region,42,1503,45,450,416,480,350,0.2907
1/05/1993,-99,ALL,7881,95592,5997,150,151,185,120,0.3828
1/04/2026,2,Auckland Region,4578,169347,3369,650,627,765,539,0.3962
1/04/2026,4,Bay of Plenty Region,639,24195,498,650,623,730,570,0.2977
1/05/1993,13,Canterbury Region,999,11016,744,145,140,180,115,0.3539
1/04/2026,5,Gisborne Region,99,3108,66,623,606,698,550,0.2506
1/04/2026,6,Hawke's Bay Region,261,10449,195,600,566,680,530,0.502
1/04/2026,8,Manawatu-Wanganui Region,555,19650,396,520,496,600,430,0.2892
1/04/2026,18,Marlborough Region,84,2535,45,550,528,640,478,0.3149
1/04/2026,-1,NA,1611,87981,1578,590,537,700,450,0.4678
1/04/2026,17,Nelson Region,126,4317,90,580,528,650,480,0.3478
1/04/2026,1,Northland Region,315,11310,201,580,546,650,500,0.3145
1/04/2026,14,Otago Region,528,21900,432,590,585,795,460,0.4718
1/04/2026,15,Southland Region,174,6591,135,510,481,560,440,0.2332
1/04/2026,7,Taranaki Region,243,7956,174,560,547,623,483,0.2969
1/04/2026,16,Tasman Region,81,2547,48,568,545,655,458,0.2793
1/04/2026,3,Waikato Region,1077,40254,762,580,541,650,480,0.3143
1/04/2026,9,Wellington Region,1350,51555,1119,590,544,699,460,0.416
1/04/2026,12,West Coast Region,30,1509,24,500,469,550,400,0.2313
1/06/1993,-99,ALL,7158,96525,6228,150,150,185,120,0.3835
1/03/2026,2,Auckland Region,5418,168303,4434,640,614,750,525,0.4128
1/03/2026,4,Bay of Plenty Region,645,24072,570,650,605,735,550,0.3585
1/06/1993,13,Canterbury Region,843,11106,753,145,142,175,115,0.3349
1/03/2026,5,Gisborne Region,87,3081,66,650,616,700,548,0.2593
1/03/2026,6,Hawke's Bay Region,282,10392,231,600,579,680,530,0.3408
1/03/2026,8,Manawatu-Wanganui Region,579,19509,456,520,487,588,420,0.2812
1/03/2026,18,Marlborough Region,84,2499,69,550,506,600,460,0.3961
1/03/2026,-1,NA,1668,88038,2100,585,529,700,430,0.4929
1/03/2026,17,Nelson Region,117,4287,120,550,500,618,420,0.3429
1/03/2026,1,Northland Region,321,11208,222,580,540,650,485,0.3303
1/03/2026,14,Otago Region,552,21825,690,550,542,724,426,0.4637
1/03/2026,15,Southland Region,189,6564,147,490,451,550,420,0.3318
1/03/2026,7,Taranaki Region,267,7899,210,570,545,650,490,0.2872
1/03/2026,16,Tasman Region,78,2514,42,610,559,660,500,0.2907
1/03/2026,3,Waikato Region,1056,39972,1065,570,527,650,470,0.3443
1/03/2026,9,Wellington Region,1506,51390,1731,580,544,700,460,0.4243
1/03/2026,12,West Coast Region,42,1503,42,430,426,480,400,0.2084
1/07/1993,-99,ALL,8034,97857,6702,150,153,190,120,0.3823
1/02/2026,2,Auckland Region,6525,167409,5280,620,601,750,490,0.3961
1/02/2026,4,Bay of Plenty Region,615,24006,657,650,591,740,550,0.4161
1/07/1993,13,Canterbury Region,933,11274,765,150,142,180,120,0.3323
1/02/2026,5,Gisborne Region,81,3060,81,650,606,720,550,0.2903
1/02/2026,6,Hawke's Bay Region,276,10344,303,590,584,690,520,0.3124
1/02/2026,8,Manawatu-Wanganui Region,609,19398,585,520,484,600,420,0.3312
1/02/2026,18,Marlborough Region,84,2484,90,560,542,650,490,0.3355
1/02/2026,-1,NA,2058,88518,2748,550,502,690,379,0.4982
1/02/2026,17,Nelson Region,123,4293,150,540,488,620,409,0.3664
1/02/2026,1,Northland Region,330,11124,336,580,510,650,450,0.4112
1/02/2026,14,Otago Region,834,21981,1488,550,514,700,376,0.5191
1/02/2026,15,Southland Region,174,6522,210,470,434,540,390,0.3375
1/02/2026,7,Taranaki Region,207,7848,246,560,560,620,500,0.2131
1/02/2026,16,Tasman Region,63,2484,72,593,567,650,481,0.2263
1/02/2026,3,Waikato Region,1305,40008,1278,570,520,650,450,0.3665
1/02/2026,9,Wellington Region,2478,51654,2295,600,583,760,475,0.4582
1/02/2026,12,West Coast Region,39,1503,48,500,465,526,445,0.2383
1/08/1993,-99,ALL,7626,98790,6693,150,152,185,120,0.3707
1/01/2026,2,Auckland Region,5403,166251,4794,645,620,760,520,0.3883
1/01/2026,4,Bay of Plenty Region,615,24057,615,660,627,750,550,0.325
1/08/1993,13,Canterbury Region,894,11388,780,140,141,175,120,0.3261
1/01/2026,5,Gisborne Region,75,3060,90,645,582,685,535,0.3143
1/01/2026,6,Hawke's Bay Region,306,10377,303,590,532,673,475,0.4171
1/01/2026,8,Manawatu-Wanganui Region,546,19383,615,520,485,600,420,0.3235
1/01/2026,18,Marlborough Region,75,2493,66,560,497,630,465,0.459
1/01/2026,-1,NA,1929,89262,2787,585,543,720,425,0.4507
1/01/2026,17,Nelson Region,138,4323,156,570,520,645,450,0.3704
1/01/2026,1,Northland Region,288,11133,324,580,553,650,500,0.3162
1/01/2026,14,Otago Region,2490,22659,1311,760,696,1020,520,0.5395
1/01/2026,15,Southland Region,156,6558,177,480,451,550,400,0.3081
1/01/2026,7,Taranaki Region,237,7893,255,580,573,640,500,0.3154
1/01/2026,16,Tasman Region,69,2493,78,595,562,650,535,0.2408
1/01/2026,3,Waikato Region,1248,40002,1245,570,530,670,460,0.3885
1/01/2026,9,Wellington Region,2142,51504,1614,603,597,750,490,0.3916
1/01/2026,12,West Coast Region,33,1509,27,450,431,498,396,0.2115
1/09/1993,-99,ALL,7323,99513,6600,150,152,185,120,0.3827
1/12/2025,2,Auckland Region,4734,165696,1995,650,620,770,540,0.4123
1/12/2025,4,Bay of Plenty Region,609,24060,336,630,599,720,550,0.3065
1/09/1993,13,Canterbury Region,846,11442,792,145,142,180,120,0.355
1/12/2025,5,Gisborne Region,72,3075,39,560,549,673,500,0.346
1/12/2025,6,Hawke's Bay Region,285,10377,132,600,582,690,520,0.2778
1/12/2025,8,Manawatu-Wanganui Region,528,19455,303,520,498,600,440,0.2696
1/12/2025,18,Marlborough Region,75,2487,24,560,521,619,500,0.3264
1/12/2025,-1,NA,1590,90156,1125,560,514,690,450,0.5227
1/12/2025,17,Nelson Region,141,4341,72,540,476,600,440,0.4097
1/12/2025,1,Northland Region,321,11172,126,570,510,630,462,0.4065
1/12/2025,14,Otago Region,732,21495,375,580,547,750,425,0.487
1/12/2025,15,Southland Region,168,6579,66,473,443,540,400,0.28
1/12/2025,7,Taranaki Region,237,7911,105,565,540,650,480,0.2746
1/12/2025,16,Tasman Region,69,2502,21,590,562,660,500,0.2573
1/12/2025,3,Waikato Region,1191,40014,540,570,536,650,480,0.3127
1/12/2025,9,Wellington Region,1341,50991,672,595,562,700,480,0.3926
1/12/2025,12,West Coast Region,30,1503,15,460,463,560,390,0.2782
1/10/1993,-99,ALL,7701,100692,6522,150,154,190,120,0.3743
1/11/2025,2,Auckland Region,4986,162948,1713,650,617,750,530,0.4173
1/11/2025,4,Bay of Plenty Region,663,23790,267,640,602,720,550,0.3211
1/10/1993,13,Canterbury Region,861,11553,747,140,138,175,115,0.3458
1/11/2025,5,Gisborne Region,87,3045,36,600,530,650,500,0.3912
1/11/2025,6,Hawke's Bay Region,282,10224,123,600,587,700,520,0.3008
1/11/2025,8,Manawatu-Wanganui Region,627,19230,294,530,500,595,430,0.3258
1/11/2025,18,Marlborough Region,78,2436,24,570,544,650,470,0.2894
1/11/2025,-1,NA,1281,89688,246,570,522,695,430,0.5832
1/11/2025,17,Nelson Region,120,4272,63,500,442,595,338,0.401
1/11/2025,1,Northland Region,339,10977,120,560,517,650,475,0.3807
1/11/2025,14,Otago Region,591,21138,327,570,548,733,450,0.4468
1/11/2025,15,Southland Region,168,6480,81,500,469,550,420,0.2994
1/11/2025,7,Taranaki Region,243,7782,105,550,538,650,480,0.2709
1/11/2025,16,Tasman Region,63,2454,42,575,555,650,488,0.212
1/11/2025,3,Waikato Region,1191,39363,453,570,537,650,475,0.3173
1/11/2025,9,Wellington Region,1620,50325,558,590,562,700,450,0.4426
1/11/2025,12,West Coast Region,39,1491,21,445,419,500,353,0.2994
1/11/1993,-99,ALL,7830,100710,7812,155,156,195,125,0.3794
1/10/2025,2,Auckland Region,5007,159723,4083,650,616,750,530,0.4106
1/10/2025,4,Bay of Plenty Region,714,23406,666,635,593,715,530,0.3251
1/11/1993,13,Canterbury Region,876,11406,1023,145,142,180,120,0.345
1/10/2025,5,Gisborne Region,90,2994,84,600,597,680,536,0.254
1/10/2025,6,Hawke's Bay Region,327,10065,255,600,570,680,510,0.3347
1/10/2025,8,Manawatu-Wanganui Region,609,18912,486,510,489,590,430,0.2885
1/10/2025,18,Marlborough Region,102,2382,78,560,511,600,490,0.327
1/10/2025,-1,NA,1074,88656,297,560,496,670,420,0.5267
1/10/2025,17,Nelson Region,147,4215,129,540,510,610,450,0.316
1/10/2025,1,Northland Region,342,10764,267,560,526,650,466,0.3472
1/10/2025,14,Otago Region,630,20880,534,590,585,758,470,0.4615
1/10/2025,15,Southland Region,183,6393,147,450,409,538,375,0.581
1/10/2025,7,Taranaki Region,234,7644,219,560,540,640,488,0.2524
1/10/2025,16,Tasman Region,93,2433,81,580,545,650,450,0.2957
1/10/2025,3,Waikato Region,1302,38640,1122,565,527,650,460,0.3577
1/10/2025,9,Wellington Region,1533,49269,1242,570,540,680,450,0.3952
1/10/2025,12,West Coast Region,60,1473,60,430,392,511,358,0.4196
1/12/1993,-99,ALL,7071,100152,7629,160,158,200,125,0.3939
1/09/2025,2,Auckland Region,5253,158841,4545,650,622,760,540,0.4287
1/09/2025,4,Bay of Plenty Region,708,23361,654,630,580,700,541,0.3791
1/12/1993,13,Canterbury Region,819,11334,891,150,143,180,120,0.361
1/09/2025,5,Gisborne Region,90,2988,90,630,597,700,550,0.3339
1/09/2025,6,Hawke's Bay Region,282,9999,279,590,552,660,500,0.3727
1/09/2025,8,Manawatu-Wanganui Region,579,18792,561,500,482,580,420,0.3092
1/09/2025,18,Marlborough Region,87,2358,87,560,503,628,453,0.4233
1/09/2025,-1,NA,768,87888,453,550,494,660,400,0.486
1/09/2025,17,Nelson Region,126,4200,150,520,483,600,406,0.3538
1/09/2025,1,Northland Region,357,10689,312,558,513,630,480,0.3578
1/09/2025,14,Otago Region,540,20787,513,550,531,700,434,0.4315
1/09/2025,15,Southland Region,183,6357,156,475,416,528,390,0.5018
1/09/2025,7,Taranaki Region,222,7632,234,560,533,650,453,0.3042
1/09/2025,16,Tasman Region,96,2421,87,580,548,670,473,0.2593
1/09/2025,3,Waikato Region,1158,38478,1146,570,525,650,460,0.4825
1/09/2025,9,Wellington Region,1428,48984,1290,575,536,675,450,0.3993
1/09/2025,12,West Coast Region,48,1473,42,410,391,470,340,0.2591
1/01/1994,-99,ALL,9765,102093,7824,160,158,200,125,0.4242
1/08/2025,2,Auckland Region,5829,158133,4545,650,623,750,550,0.4445
1/08/2025,4,Bay of Plenty Region,813,23307,666,643,594,710,550,0.3391
1/01/1994,13,Canterbury Region,1284,11637,981,150,148,190,120,0.3918
1/08/2025,5,Gisborne Region,87,2991,75,623,556,700,503,0.4015
1/08/2025,6,Hawke's Bay Region,330,9996,276,600,560,685,520,0.3674
1/08/2025,8,Manawatu-Wanganui Region,636,18774,468,520,495,590,440,0.2614
1/08/2025,18,Marlborough Region,96,2358,84,550,475,600,450,0.4815
1/08/2025,-1,NA,513,87570,390,530,473,630,380,0.4814
1/08/2025,17,Nelson Region,153,4224,138,523,509,619,450,0.2722
1/08/2025,1,Northland Region,363,10644,288,570,521,640,480,0.3706
1/08/2025,14,Otago Region,534,20760,414,550,536,700,421,0.4527
1/08/2025,15,Southland Region,195,6330,153,480,473,549,418,0.3468
1/08/2025,7,Taranaki Region,282,7644,207,575,552,650,490,0.2916
1/08/2025,16,Tasman Region,120,2412,87,580,552,650,500,0.2482
1/08/2025,3,Waikato Region,1293,38466,1068,568,532,650,470,0.3349
1/08/2025,9,Wellington Region,1617,48846,1263,565,527,675,450,0.3812
1/08/2025,12,West Coast Region,60,1467,27,450,402,500,375,0.3917
1/02/1994,-99,ALL,9912,104499,7506,160,156,200,120,0.4235
1/07/2025,2,Auckland Region,5682,156897,4143,650,615,756,520,0.4042
1/07/2025,4,Bay of Plenty Region,756,23169,600,640,600,710,550,0.3179
1/02/1994,13,Canterbury Region,1332,12012,957,160,153,200,120,0.3897
1/07/2025,5,Gisborne Region,102,2982,81,600,541,650,475,0.3864
1/07/2025,6,Hawke's Bay Region,330,9942,285,600,564,680,530,0.3782
1/07/2025,8,Manawatu-Wanganui Region,690,18615,504,500,476,595,420,0.5177
1/07/2025,18,Marlborough Region,99,2349,84,535,468,600,450,0.4631
1/07/2025,-1,NA,465,87459,357,520,479,650,400,0.5208
1/07/2025,17,Nelson Region,165,4209,129,523,489,600,443,0.3375
1/07/2025,1,Northland Region,345,10569,252,550,498,620,453,0.4115
1/07/2025,14,Otago Region,627,20646,444,560,556,750,440,0.4638
1/07/2025,15,Southland Region,186,6288,159,480,412,530,400,0.8437
1/07/2025,7,Taranaki Region,243,7569,201,563,535,640,480,0.3266
1/07/2025,16,Tasman Region,84,2379,81,580,533,653,478,0.3105
1/07/2025,3,Waikato Region,1338,38253,1104,560,516,650,450,0.3717
1/07/2025,9,Wellington Region,1500,48504,1221,590,543,690,456,0.3965
1/07/2025,12,West Coast Region,42,1434,36,420,401,468,353,0.2365
1/03/1994,-99,ALL,8799,105783,7512,155,155,195,124,0.3988
1/06/2025,2,Auckland Region,5178,155385,3945,650,631,770,550,0.4142
1/06/2025,4,Bay of Plenty Region,717,23016,564,630,597,720,541,0.3885
1/03/1994,13,Canterbury Region,1080,12210,882,150,144,180,120,0.341
1/06/2025,5,Gisborne Region,93,2961,72,600,537,700,458,0.3951
1/06/2025,6,Hawke's Bay Region,306,9897,261,620,579,690,540,0.4102
1/06/2025,8,Manawatu-Wanganui Region,615,18432,495,500,473,580,410,0.301
1/06/2025,18,Marlborough Region,96,2334,69,550,507,630,460,0.3888
1/06/2025,-1,NA,321,87351,357,525,474,650,390,0.5273
1/06/2025,17,Nelson Region,144,4173,126,563,524,630,480,0.3507
1/06/2025,1,Northland Region,375,10476,291,580,534,650,475,0.3166
1/06/2025,14,Otago Region,726,20466,459,590,575,800,450,0.4828
1/06/2025,15,Southland Region,201,6261,180,480,449,550,400,0.2684
1/06/2025,7,Taranaki Region,249,7524,201,560,526,625,470,0.3764
1/06/2025,16,Tasman Region,96,2373,72,580,547,650,500,0.2332
1/06/2025,3,Waikato Region,1356,38025,1008,560,519,650,450,0.3614
1/06/2025,9,Wellington Region,1593,48231,1218,590,536,695,450,0.4674
1/06/2025,12,West Coast Region,45,1431,39,470,419,520,370,0.3809
1/04/1994,-99,ALL,8352,107625,6510,160,159,200,125,0.3834
1/05/2025,2,Auckland Region,5337,154152,4749,650,623,770,550,0.4377
1/05/2025,4,Bay of Plenty Region,789,22866,696,630,591,710,550,0.4284
1/04/1994,13,Canterbury Region,999,12450,759,150,146,180,120,0.3334
1/05/2025,5,Gisborne Region,108,2940,93,620,550,705,494,0.3931
1/05/2025,6,Hawke's Bay Region,354,9852,333,610,601,694,536,0.2843
1/05/2025,8,Manawatu-Wanganui Region,675,18315,582,500,428,590,420,1.2701
1/05/2025,18,Marlborough Region,99,2307,102,590,568,645,520,0.3363
1/05/2025,-1,NA,321,87387,432,550,495,675,399,0.5018
1/05/2025,17,Nelson Region,162,4152,153,560,537,630,490,0.2866
1/05/2025,1,Northland Region,405,10395,354,580,530,650,470,0.3878
1/05/2025,14,Otago Region,699,20199,582,600,593,761,480,0.4148
1/05/2025,15,Southland Region,234,6240,213,480,420,530,400,0.774
1/05/2025,7,Taranaki Region,276,7476,234,565,530,620,483,0.2889
1/05/2025,16,Tasman Region,96,2352,81,560,535,650,453,0.2601
1/05/2025,3,Waikato Region,1377,37674,1248,565,534,650,470,0.3068
1/05/2025,9,Wellington Region,1608,47859,1485,595,547,695,470,0.3894
1/05/2025,12,West Coast Region,54,1422,45,440,419,495,363,0.3124
1/05/1994,-99,ALL,8556,108843,7338,160,160,200,125,0.3864
1/04/2025,2,Auckland Region,5205,153600,4089,650,630,780,550,0.4066
1/04/2025,4,Bay of Plenty Region,777,22776,600,650,605,730,550,0.3265
1/05/1994,13,Canterbury Region,1026,12576,900,150,144,180,120,0.3386
1/04/2025,5,Gisborne Region,111,2925,78,600,547,680,475,0.377
1/04/2025,6,Hawke's Bay Region,321,9834,261,600,574,694,500,0.314
1/04/2025,8,Manawatu-Wanganui Region,591,18228,501,530,506,600,450,0.296
1/04/2025,18,Marlborough Region,129,2313,114,560,525,643,490,0.4141
1/04/2025,-1,NA,366,87498,369,550,500,660,400,0.4601
1/04/2025,17,Nelson Region,144,4143,129,550,515,615,480,0.3189
1/04/2025,1,Northland Region,351,10344,297,580,521,650,460,0.4294
1/04/2025,14,Otago Region,636,20085,513,580,567,750,470,0.4866
1/04/2025,15,Southland Region,192,6219,162,480,454,540,400,0.2808
1/04/2025,7,Taranaki Region,249,7434,228,590,567,650,500,0.3047
1/04/2025,16,Tasman Region,81,2337,63,590,553,650,503,0.2964
1/04/2025,3,Waikato Region,1248,37548,1095,570,533,660,480,0.3645
1/04/2025,9,Wellington Region,1479,47745,1284,595,550,700,460,0.4371
1/04/2025,12,West Coast Region,45,1413,39,420,390,475,350,0.3358
1/06/1994,-99,ALL,7890,109836,6897,160,158,200,125,0.3916
1/03/2025,2,Auckland Region,6129,152493,4995,650,626,780,530,0.3994
1/03/2025,4,Bay of Plenty Region,759,22599,684,650,610,740,550,0.3678
1/06/1994,13,Canterbury Region,906,12633,849,150,146,180,120,0.3361
1/03/2025,5,Gisborne Region,105,2892,96,650,594,700,550,0.3345
1/03/2025,6,Hawke's Bay Region,315,9774,270,620,557,690,503,0.5182
1/03/2025,8,Manawatu-Wanganui Region,636,18138,546,520,466,590,429,0.9156
1/03/2025,18,Marlborough Region,120,2298,93,580,518,630,488,0.3927
1/03/2025,-1,NA,432,87504,384,530,453,650,370,0.8943
1/03/2025,17,Nelson Region,147,4128,132,550,500,650,410,0.3791
1/03/2025,1,Northland Region,384,10293,339,565,526,650,450,0.3751
1/03/2025,14,Otago Region,660,19965,582,550,542,729,440,0.4591
1/03/2025,15,Southland Region,198,6189,180,460,439,520,400,0.2591
1/03/2025,7,Taranaki Region,264,7413,234,550,536,640,470,0.3157
1/03/2025,16,Tasman Region,87,2319,66,578,558,650,480,0.2252
1/03/2025,3,Waikato Region,1377,37395,1203,570,527,650,460,0.3585
1/03/2025,9,Wellington Region,1698,47553,1626,610,559,725,490,0.6664
1/03/2025,12,West Coast Region,42,1407,36,440,408,500,370,0.2948
1/07/1994,-99,ALL,8763,111219,7380,160,160,200,125,0.3921
1/02/2025,2,Auckland Region,6684,151362,5262,650,614,770,520,0.426
1/02/2025,4,Bay of Plenty Region,714,22524,636,650,593,740,550,0.4788
1/07/1994,13,Canterbury Region,1002,12765,870,150,146,180,120,0.3363
1/02/2025,5,Gisborne Region,102,2883,78,650,579,750,550,0.4614
1/02/2025,6,Hawke's Bay Region,282,9729,315,600,583,700,515,0.3138
1/02/2025,8,Manawatu-Wanganui Region,651,18048,585,528,498,608,450,0.5381
1/02/2025,18,Marlborough Region,111,2271,84,578,527,643,490,0.3609
1/02/2025,-1,NA,549,87459,372,500,463,675,362,0.8256
1/02/2025,17,Nelson Region,120,4113,117,550,516,655,443,0.3749
1/02/2025,1,Northland Region,333,10251,309,560,504,650,473,0.4421
1/02/2025,14,Otago Region,861,19884,621,550,514,725,380,0.5108
1/02/2025,15,Southland Region,189,6174,177,460,414,530,383,0.4793
1/02/2025,7,Taranaki Region,231,7383,213,550,525,650,450,0.2845
1/02/2025,16,Tasman Region,84,2298,66,580,504,650,475,0.7413
1/02/2025,3,Waikato Region,1464,37224,1275,560,505,650,440,0.5065
1/02/2025,9,Wellington Region,2454,47481,2250,650,618,800,510,0.4279
1/02/2025,12,West Coast Region,39,1401,36,450,422,508,350,0.3215
1/08/1994,-99,ALL,8334,111963,7590,160,160,200,125,0.3919
1/01/2025,2,Auckland Region,5589,149940,4311,650,635,785,535,0.394
1/01/2025,4,Bay of Plenty Region,672,22446,549,660,621,750,560,0.3555
1/08/1994,13,Canterbury Region,1050,12837,978,150,144,180,120,0.3299
1/01/2025,5,Gisborne Region,84,2859,78,655,597,750,516,0.3521
1/01/2025,6,Hawke's Bay Region,273,9762,228,620,600,716,530,0.3216
1/01/2025,8,Manawatu-Wanganui Region,576,17982,468,520,477,600,410,0.4147
1/01/2025,18,Marlborough Region,99,2241,72,580,509,625,478,0.417
1/01/2025,-1,NA,645,87282,294,550,511,700,400,0.5259
1/01/2025,17,Nelson Region,126,4110,105,580,543,660,490,0.3369
1/01/2025,1,Northland Region,327,10224,252,550,469,640,420,0.4976
1/01/2025,14,Otago Region,2475,19647,918,700,647,975,470,0.5529
1/01/2025,15,Southland Region,198,6159,168,500,463,560,420,0.3215
1/01/2025,7,Taranaki Region,225,7362,171,588,544,650,463,0.3299
1/01/2025,16,Tasman Region,69,2283,57,580,529,670,460,0.4055
1/01/2025,3,Waikato Region,1251,37038,1158,570,524,650,450,0.3615
1/01/2025,9,Wellington Region,2181,47277,1710,635,608,770,510,0.4287
1/01/2025,12,West Coast Region,45,1401,36,420,418,480,350,0.2659
1/09/1994,-99,ALL,8238,112521,7680,160,160,200,125,0.3947
1/12/2024,2,Auckland Region,5034,148662,4494,650,632,780,550,0.4004
1/12/2024,4,Bay of Plenty Region,756,22323,672,640,586,720,540,0.372
1/09/1994,13,Canterbury Region,1005,12924,918,150,147,180,120,0.3432
1/12/2024,5,Gisborne Region,78,2853,54,575,486,663,441,0.5317
1/12/2024,6,Hawke's Bay Region,264,9717,237,630,591,700,550,0.3927
1/12/2024,8,Manawatu-Wanganui Region,609,17877,489,520,498,600,430,0.3264
1/12/2024,18,Marlborough Region,102,2217,69,550,510,643,484,0.4067
1/12/2024,-1,NA,825,86931,321,590,561,720,469,0.4473
1/12/2024,17,Nelson Region,126,4089,117,570,502,646,441,0.3548
1/12/2024,1,Northland Region,327,10149,255,560,510,640,466,0.3687
1/12/2024,14,Otago Region,735,18090,2013,585,549,730,430,0.4699
1/12/2024,15,Southland Region,150,6132,153,470,432,540,375,0.311
1/12/2024,7,Taranaki Region,240,7311,213,550,521,605,450,0.3029
1/12/2024,16,Tasman Region,72,2271,66,600,544,658,505,0.3076
1/12/2024,3,Waikato Region,1248,36942,1143,565,533,650,480,0.3312
1/12/2024,9,Wellington Region,1323,46806,1344,615,579,750,500,0.4747
1/12/2024,12,West Coast Region,45,1392,30,450,425,493,400,0.2923
1/10/1994,-99,ALL,8448,113562,7404,160,162,200,130,0.3945
1/11/2024,2,Auckland Region,4542,148122,4494,650,613,765,520,0.4007
1/11/2024,4,Bay of Plenty Region,696,22242,555,625,596,720,536,0.3169
1/10/1994,13,Canterbury Region,1047,13083,885,150,145,180,120,0.3514
1/11/2024,5,Gisborne Region,84,2829,63,640,576,724,531,0.4438
1/11/2024,6,Hawke's Bay Region,264,9690,252,585,568,673,520,0.3148
1/11/2024,8,Manawatu-Wanganui Region,579,17757,591,520,495,620,430,0.3927
1/11/2024,18,Marlborough Region,81,2184,63,560,531,630,460,0.3856
1/11/2024,-1,NA,2409,86430,315,620,592,740,500,0.393
1/11/2024,17,Nelson Region,117,4080,117,550,506,620,450,0.3329
1/11/2024,1,Northland Region,285,10074,255,550,507,640,446,0.3541
1/11/2024,14,Otago Region,570,19368,660,550,531,720,403,0.4482
1/11/2024,15,Southland Region,189,6135,177,460,420,530,383,0.3597
1/11/2024,7,Taranaki Region,198,7284,177,560,553,640,490,0.2795
1/11/2024,16,Tasman Region,81,2262,87,585,538,650,430,0.2752
1/11/2024,3,Waikato Region,1092,36837,1077,560,513,650,450,0.3473
1/11/2024,9,Wellington Region,1413,46827,1407,650,612,760,520,0.4221
1/11/2024,12,West Coast Region,36,1377,30,400,402,500,321,0.4331
1/11/1994,-99,ALL,8448,113364,8649,165,165,210,130,0.405
1/10/2024,2,Auckland Region,4131,148074,4449,649,614,760,520,0.3966
1/10/2024,4,Bay of Plenty Region,558,22101,654,650,610,730,550,0.2896
1/11/1994,13,Canterbury Region,1086,13071,1098,155,149,185,120,0.3675
1/10/2024,5,Gisborne Region,81,2808,66,625,544,723,470,0.4211
1/10/2024,6,Hawke's Bay Region,234,9681,264,625,595,700,530,0.3163
1/10/2024,8,Manawatu-Wanganui Region,468,17766,498,500,481,580,405,0.3191
1/10/2024,18,Marlborough Region,42,2166,81,525,477,590,453,0.4669
1/10/2024,-1,NA,2595,84333,312,600,575,720,495,0.3803
1/10/2024,17,Nelson Region,105,4080,123,535,482,600,426,0.3394
1/10/2024,1,Northland Region,267,10044,252,570,505,650,450,0.4056
1/10/2024,14,Otago Region,522,19458,711,575,564,704,450,0.458
1/10/2024,15,Southland Region,141,6123,156,495,456,550,405,0.2912
1/10/2024,7,Taranaki Region,204,7263,192,578,551,630,500,0.2385
1/10/2024,16,Tasman Region,45,2268,72,533,530,643,470,0.2627
1/10/2024,3,Waikato Region,969,36822,1098,560,532,650,475,0.3225
1/10/2024,9,Wellington Region,1209,46824,1275,600,582,725,495,0.3783
1/10/2024,12,West Coast Region,30,1371,33,390,340,468,295,0.4613
1/12/1994,-99,ALL,8154,112959,8559,165,166,210,130,0.3974
1/09/2024,2,Auckland Region,4137,148392,4362,650,616,750,530,0.4055
1/09/2024,4,Bay of Plenty Region,561,22200,597,640,607,740,550,0.3102
1/12/1994,13,Canterbury Region,939,12981,1029,160,154,190,125,0.3437
1/09/2024,5,Gisborne Region,75,2793,81,630,598,700,550,0.3302
1/09/2024,6,Hawke's Bay Region,228,9708,225,600,561,690,500,0.3681
1/09/2024,8,Manawatu-Wanganui Region,408,17799,432,500,484,580,425,0.291
1/09/2024,18,Marlborough Region,75,2205,69,480,454,618,413,0.4828
1/09/2024,-1,NA,2415,82050,297,600,562,710,490,0.4274
1/09/2024,17,Nelson Region,84,4101,105,530,480,634,404,0.4211
1/09/2024,1,Northland Region,276,10026,240,560,535,650,450,0.3025
1/09/2024,14,Otago Region,444,19647,498,580,567,750,450,0.447
1/09/2024,15,Southland Region,138,6138,141,465,440,540,418,0.324
1/09/2024,7,Taranaki Region,168,7251,210,550,533,650,450,0.2766
1/09/2024,16,Tasman Region,54,2295,60,563,528,653,458,0.2736
1/09/2024,3,Waikato Region,927,36951,1014,565,525,650,460,0.3303
1/09/2024,9,Wellington Region,1113,46890,1227,618,579,725,490,0.3669
1/09/2024,12,West Coast Region,27,1374,33,435,411,485,383,0.3286
1/01/1995,-99,ALL,10260,115350,7866,165,167,220,130,0.4524
1/08/2024,2,Auckland Region,4650,148614,4599,650,625,775,530,0.3797
1/08/2024,4,Bay of Plenty Region,630,22236,621,640,602,700,550,0.2895
1/01/1995,13,Canterbury Region,1326,13302,1008,160,157,200,125,0.4134
1/08/2024,5,Gisborne Region,72,2799,75,600,554,700,460,0.3337
1/08/2024,6,Hawke's Bay Region,276,9705,270,620,584,690,530,0.3062
1/08/2024,8,Manawatu-Wanganui Region,546,17823,516,520,493,600,430,0.2758
1/08/2024,18,Marlborough Region,75,2199,93,570,539,650,480,0.3326
1/08/2024,-1,NA,2649,79932,327,605,577,720,500,0.3819
1/08/2024,17,Nelson Region,141,4119,135,550,498,620,440,0.3493
1/08/2024,1,Northland Region,300,9993,282,563,495,650,450,0.4477
1/08/2024,14,Otago Region,447,19701,477,550,520,680,420,0.4611
1/08/2024,15,Southland Region,183,6141,168,450,422,510,373,0.3045
1/08/2024,7,Taranaki Region,201,7293,219,573,561,640,500,0.2485
1/08/2024,16,Tasman Region,72,2304,84,560,533,650,480,0.2826
1/08/2024,3,Waikato Region,1083,37038,1110,570,535,650,480,0.3083
1/08/2024,9,Wellington Region,1308,47004,1350,620,574,730,495,0.4109
1/08/2024,12,West Coast Region,42,1377,48,428,379,500,320,0.4399
1/02/1995,-99,ALL,10044,117471,7923,165,164,220,127,0.4411
1/07/2024,2,Auckland Region,4626,148566,4626,650,623,780,530,0.3891
1/07/2024,4,Bay of Plenty Region,645,22227,672,650,604,730,534,0.3618
1/02/1995,13,Canterbury Region,1431,13701,1029,160,153,200,120,0.4135
1/07/2024,5,Gisborne Region,78,2802,78,620,537,700,460,0.3989
1/07/2024,6,Hawke's Bay Region,264,9699,264,600,595,680,540,0.2688
1/07/2024,8,Manawatu-Wanganui Region,540,17796,528,500,475,595,420,0.3261
1/07/2024,18,Marlborough Region,69,2217,84,550,494,653,420,0.463
1/07/2024,-1,NA,2415,77607,321,600,567,720,480,0.4135
1/07/2024,17,Nelson Region,111,4113,123,550,510,616,443,0.3264
1/07/2024,1,Northland Region,279,9975,273,540,476,638,430,0.4881
1/07/2024,14,Otago Region,522,19734,504,550,509,700,370,0.5049
1/07/2024,15,Southland Region,162,6126,174,460,426,520,375,0.3109
1/07/2024,7,Taranaki Region,216,7311,231,573,548,650,479,0.2773
1/07/2024,16,Tasman Region,66,2313,84,530,511,618,450,0.2534
1/07/2024,3,Waikato Region,1059,37068,1092,560,519,650,450,0.3562
1/07/2024,9,Wellington Region,1248,47046,1344,600,576,730,490,0.3837
1/07/2024,12,West Coast Region,30,1383,30,420,395,480,350,0.3567
1/03/1995,-99,ALL,9252,118431,8295,165,168,215,130,0.4127
1/06/2024,2,Auckland Region,4098,148566,4101,655,638,785,550,0.38
1/06/2024,4,Bay of Plenty Region,546,22251,561,640,604,730,540,0.3006
1/03/1995,13,Canterbury Region,1086,13818,969,160,154,195,125,0.3601
1/06/2024,5,Gisborne Region,63,2799,51,600,545,686,458,0.4259
1/06/2024,6,Hawke's Bay Region,234,9699,216,625,605,700,533,0.2749
1/06/2024,8,Manawatu-Wanganui Region,459,17784,426,510,489,600,430,0.3154
1/06/2024,18,Marlborough Region,48,2229,60,550,464,620,408,0.4734
1/06/2024,-1,NA,2139,75513,273,600,568,720,480,0.4082
1/06/2024,17,Nelson Region,120,4125,126,518,491,620,423,0.332
1/06/2024,1,Northland Region,285,9969,243,550,519,650,450,0.3528
1/06/2024,14,Otago Region,534,19716,477,560,537,750,400,0.5137
1/06/2024,15,Southland Region,171,6138,162,450,393,500,370,0.4078
1/06/2024,7,Taranaki Region,183,7323,183,565,538,650,480,0.286
1/06/2024,16,Tasman Region,60,2331,78,570,543,648,455,0.2425
1/06/2024,3,Waikato Region,978,37101,1008,550,507,650,430,0.3601
1/06/2024,9,Wellington Region,1242,47142,1182,600,567,730,480,0.41
1/06/2024,12,West Coast Region,30,1386,33,410,370,450,380,0.4265
1/04/1995,-99,ALL,8427,120066,6792,170,171,220,130,0.411
1/05/2024,2,Auckland Region,4179,148569,4389,660,638,785,550,0.3925
1/05/2024,4,Bay of Plenty Region,618,22266,618,650,603,730,550,0.3478
1/04/1995,13,Canterbury Region,987,13974,831,160,152,190,120,0.3434
1/05/2024,5,Gisborne Region,66,2787,66,650,592,750,500,0.3384
1/05/2024,6,Hawke's Bay Region,234,9681,225,590,578,700,510,0.319
1/05/2024,8,Manawatu-Wanganui Region,498,17751,483,520,495,590,430,0.2815
1/05/2024,18,Marlborough Region,78,2241,75,585,543,658,500,0.3489
1/05/2024,-1,NA,2184,73647,351,610,576,740,491,0.4208
1/05/2024,17,Nelson Region,135,4131,126,535,485,598,415,0.335
1/05/2024,1,Northland Region,309,9927,276,580,539,650,493,0.3144
1/05/2024,14,Otago Region,588,19659,564,598,570,800,440,0.4999
1/05/2024,15,Southland Region,183,6129,192,423,390,490,350,0.3612
1/05/2024,7,Taranaki Region,219,7326,231,565,530,650,450,0.3293
1/05/2024,16,Tasman Region,66,2349,90,563,535,648,505,0.2871
1/05/2024,3,Waikato Region,1095,37131,1140,555,518,650,440,0.3612
1/05/2024,9,Wellington Region,1248,47082,1308,600,583,740,490,0.3608
1/05/2024,12,West Coast Region,42,1386,33,400,374,480,348,0.3629
1/05/1995,-99,ALL,9042,121041,8064,170,170,220,130,0.4197
1/04/2024,2,Auckland Region,4065,148782,4404,650,631,790,530,0.4209
1/04/2024,4,Bay of Plenty Region,573,22266,624,630,594,725,500,0.3449
1/05/1995,13,Canterbury Region,1074,14067,981,160,153,195,125,0.3568
1/04/2024,5,Gisborne Region,75,2787,69,585,544,735,495,0.4474
1/04/2024,6,Hawke's Bay Region,234,9672,231,623,571,699,500,0.3959
1/04/2024,8,Manawatu-Wanganui Region,468,17736,477,500,481,590,400,0.2929
1/04/2024,18,Marlborough Region,63,2238,90,520,473,600,380,0.426
1/04/2024,-1,NA,2001,71814,336,600,559,725,480,0.4688
1/04/2024,17,Nelson Region,114,4119,135,550,519,645,460,0.3155
1/04/2024,1,Northland Region,234,9897,237,565,538,650,453,0.2967
1/04/2024,14,Otago Region,546,19638,531,550,533,710,420,0.4723
1/04/2024,15,Southland Region,156,6138,171,460,429,500,389,0.2925
1/04/2024,7,Taranaki Region,186,7338,204,550,537,660,470,0.2787
1/04/2024,16,Tasman Region,69,2370,84,555,518,600,491,0.2616
1/04/2024,3,Waikato Region,924,37176,1038,550,518,650,440,0.3287
1/04/2024,9,Wellington Region,1212,47145,1284,620,578,750,490,0.4142
1/04/2024,12,West Coast Region,30,1380,39,400,391,458,348,0.3117
1/06/1995,-99,ALL,8811,122031,7821,165,170,220,130,0.4071
1/03/2024,2,Auckland Region,4566,149121,4614,650,628,781,540,0.4049
1/03/2024,4,Bay of Plenty Region,516,22314,597,650,611,750,540,0.3334
1/06/1995,13,Canterbury Region,1101,14223,945,155,153,190,125,0.3345
1/03/2024,5,Gisborne Region,69,2778,75,600,571,738,475,0.3851
1/03/2024,6,Hawke's Bay Region,231,9669,219,600,571,684,520,0.3366
1/03/2024,8,Manawatu-Wanganui Region,474,17742,435,525,485,595,420,0.3323
1/03/2024,18,Marlborough Region,60,2265,72,550,545,600,470,0.3272
1/03/2024,-1,NA,2067,70149,351,600,567,730,480,0.4649
1/03/2024,17,Nelson Region,123,4140,120,550,502,630,450,0.3436
1/03/2024,1,Northland Region,231,9900,264,550,496,630,460,0.4155
1/03/2024,14,Otago Region,573,19623,570,540,500,700,350,0.5498
1/03/2024,15,Southland Region,138,6153,147,460,413,500,386,0.335
1/03/2024,7,Taranaki Region,180,7353,174,580,558,650,480,0.2953
1/03/2024,16,Tasman Region,69,2385,84,590,557,665,475,0.293
1/03/2024,3,Waikato Region,1068,37293,1050,550,512,630,440,0.3338
1/03/2024,9,Wellington Region,1404,47217,1446,600,567,750,475,0.4282
1/03/2024,12,West Coast Region,36,1389,42,450,453,505,394,0.2527
1/07/1995,-99,ALL,9945,123792,8187,170,172,220,130,0.4131
1/02/2024,2,Auckland Region,4947,149166,4641,650,619,790,500,0.422
1/02/2024,4,Bay of Plenty Region,558,22395,567,633,598,720,530,0.3224
1/07/1995,13,Canterbury Region,1167,14448,942,160,156,198,127,0.3664
1/02/2024,5,Gisborne Region,48,2784,48,620,580,715,488,0.3553
1/02/2024,6,Hawke's Bay Region,201,9657,216,600,561,715,491,0.3512
1/02/2024,8,Manawatu-Wanganui Region,540,17703,462,500,457,590,398,0.3819
1/02/2024,18,Marlborough Region,48,2277,57,515,441,600,383,0.4808
1/02/2024,-1,NA,2040,68433,327,600,574,745,480,0.4248
1/02/2024,17,Nelson Region,99,4137,108,550,505,620,450,0.349
1/02/2024,1,Northland Region,261,9933,267,550,517,650,450,0.333
1/02/2024,14,Otago Region,669,19620,579,500,469,650,335,0.5215
1/02/2024,15,Southland Region,165,6159,135,450,409,508,370,0.3482
1/02/2024,7,Taranaki Region,174,7347,165,550,517,650,450,0.2946
1/02/2024,16,Tasman Region,69,2400,81,550,518,635,450,0.2673
1/02/2024,3,Waikato Region,1053,37275,1056,550,495,641,400,0.3834
1/02/2024,9,Wellington Region,2115,47262,2025,650,611,800,495,0.452
1/02/2024,12,West Coast Region,30,1392,36,400,405,500,330,0.2987
1/08/1995,-99,ALL,9051,124416,8427,170,173,220,130,0.4148
1/01/2024,2,Auckland Region,4050,148860,4176,650,628,780,530,0.4133
1/01/2024,4,Bay of Plenty Region,459,22404,525,640,600,720,520,0.3232
1/08/1995,13,Canterbury Region,1125,14568,1008,160,157,195,130,0.3454
1/01/2024,5,Gisborne Region,75,2781,66,590,537,696,500,0.4285
1/01/2024,6,Hawke's Bay Region,180,9669,183,600,575,700,500,0.3515
1/01/2024,8,Manawatu-Wanganui Region,480,17625,468,493,453,580,380,0.3626
1/01/2024,18,Marlborough Region,60,2286,69,550,504,650,410,0.3603
1/01/2024,-1,NA,1833,66723,276,600,566,750,460,0.4436
1/01/2024,17,Nelson Region,120,4143,120,550,498,635,435,0.392
1/01/2024,1,Northland Region,207,9939,201,560,535,640,460,0.3072
1/01/2024,14,Otago Region,2289,19533,942,690,631,950,460,0.5457
1/01/2024,15,Southland Region,141,6129,156,450,419,520,370,0.3329
1/01/2024,7,Taranaki Region,171,7341,174,565,538,660,450,0.3425
1/01/2024,16,Tasman Region,57,2412,60,580,545,660,470,0.3589
1/01/2024,3,Waikato Region,921,37278,1008,560,515,640,440,0.3374
1/01/2024,9,Wellington Region,1659,47172,1761,640,593,795,490,0.4932
1/01/2024,12,West Coast Region,45,1398,39,420,406,480,375,0.3321
1/09/1995,-99,ALL,9465,125775,8103,170,175,230,130,0.4148
1/12/2023,2,Auckland Region,4260,148986,4416,650,630,780,550,0.3869
1/12/2023,4,Bay of Plenty Region,588,22467,600,630,602,720,540,0.3156
1/09/1995,13,Canterbury Region,1119,14703,984,160,158,200,125,0.3453
1/12/2023,5,Gisborne Region,66,2772,69,613,555,700,500,0.3707
1/12/2023,6,Hawke's Bay Region,228,9672,231,600,562,685,478,0.3078
1/12/2023,8,Manawatu-Wanganui Region,483,17613,465,510,491,600,430,0.3292
1/12/2023,18,Marlborough Region,72,2292,90,550,504,596,448,0.3832
1/12/2023,-1,NA,1779,65166,279,600,575,730,500,0.42
1/12/2023,17,Nelson Region,129,4146,138,510,461,605,356,0.3849
1/12/2023,1,Northland Region,276,9933,249,550,504,620,450,0.373
1/12/2023,14,Otago Region,636,18186,2166,530,497,680,370,0.4757
1/12/2023,15,Southland Region,150,6144,144,430,406,475,375,0.2863
1/12/2023,7,Taranaki Region,177,7344,195,570,550,650,450,0.2952
1/12/2023,16,Tasman Region,57,2415,75,575,564,673,484,0.2246
1/12/2023,3,Waikato Region,1020,37365,1026,550,518,650,450,0.343
1/12/2023,9,Wellington Region,1290,47274,1428,620,589,750,499,0.411
1/12/2023,12,West Coast Region,36,1392,30,400,332,450,280,0.5743
1/10/1995,-99,ALL,8871,126741,7905,170,175,230,130,0.4091
1/11/2023,2,Auckland Region,4119,149142,4428,640,611,760,520,0.3966
1/11/2023,4,Bay of Plenty Region,462,22479,567,600,568,690,500,0.3811
1/10/1995,13,Canterbury Region,990,14775,918,165,157,195,125,0.3412
1/11/2023,5,Gisborne Region,63,2778,66,600,535,705,458,0.4538
1/11/2023,6,Hawke's Bay Region,201,9678,228,593,560,670,500,0.2983
1/11/2023,8,Manawatu-Wanganui Region,537,17595,600,510,479,600,400,0.3357
1/11/2023,18,Marlborough Region,57,2310,84,540,499,595,450,0.3635
1/11/2023,-1,NA,1650,63666,306,600,561,720,480,0.4192
1/11/2023,17,Nelson Region,108,4155,126,525,465,590,423,0.38
1/11/2023,1,Northland Region,234,9906,231,550,503,630,445,0.3489
1/11/2023,14,Otago Region,510,19713,684,540,506,690,376,0.4816
1/11/2023,15,Southland Region,153,6141,147,420,386,488,329,0.3731
1/11/2023,7,Taranaki Region,153,7359,168,560,520,640,420,0.3319
1/11/2023,16,Tasman Region,69,2433,87,530,519,650,433,0.2866
1/11/2023,3,Waikato Region,954,37371,1050,540,493,620,418,0.3458
1/11/2023,9,Wellington Region,1368,47412,1482,640,616,780,500,0.4376
1/11/2023,12,West Coast Region,39,1386,42,400,407,450,350,0.2154
1/11/1995,-99,ALL,9342,126420,9663,175,177,230,135,0.4283
1/10/2023,2,Auckland Region,3996,149448,4113,650,619,780,525,0.4021
1/10/2023,4,Bay of Plenty Region,543,22584,528,600,573,700,500,0.3416
1/11/1995,13,Canterbury Region,1176,14724,1227,160,160,200,130,0.3381
1/10/2023,5,Gisborne Region,48,2778,54,550,539,650,460,0.3495
1/10/2023,6,Hawke's Bay Region,216,9705,231,580,560,650,481,0.302
1/10/2023,8,Manawatu-Wanganui Region,441,17658,480,500,480,590,410,0.3103
1/10/2023,18,Marlborough Region,63,2337,69,510,500,595,440,0.2919
1/10/2023,-1,NA,1590,62322,297,600,565,700,485,0.4168
1/10/2023,17,Nelson Region,120,4173,147,495,473,578,433,0.3113
1/10/2023,1,Northland Region,252,9903,270,560,521,640,466,0.3665
1/10/2023,14,Otago Region,486,19890,606,520,498,650,380,0.4915
1/10/2023,15,Southland Region,153,6135,159,430,414,493,363,0.3326
1/10/2023,7,Taranaki Region,174,7371,195,530,508,620,450,0.3095
1/10/2023,16,Tasman Region,66,2451,84,500,506,605,435,0.269
1/10/2023,3,Waikato Region,969,37467,1050,540,503,620,440,0.3496
1/10/2023,9,Wellington Region,1239,47526,1164,600,564,740,480,0.4141
1/10/2023,12,West Coast Region,42,1389,36,395,313,450,320,0.577
1/12/1995,-99,ALL,8757,126291,8886,180,182,240,140,0.4207
1/09/2023,2,Auckland Region,4230,149565,3813,650,622,775,525,0.3874
1/09/2023,4,Bay of Plenty Region,534,22569,519,620,580,700,500,0.3349
1/12/1995,13,Canterbury Region,1020,14616,1131,170,164,200,130,0.3456
1/09/2023,5,Gisborne Region,72,2784,84,550,559,676,480,0.288
1/09/2023,6,Hawke's Bay Region,237,9720,192,578,555,671,480,0.35
1/09/2023,8,Manawatu-Wanganui Region,468,17697,441,495,475,580,400,0.3239
1/09/2023,18,Marlborough Region,69,2340,51,540,475,590,438,0.4573
1/09/2023,-1,NA,1533,61029,279,590,563,700,480,0.3991
1/09/2023,17,Nelson Region,129,4200,114,525,482,595,420,0.3626
1/09/2023,1,Northland Region,261,9921,270,560,528,650,450,0.3031
1/09/2023,14,Otago Region,456,20007,441,510,496,653,375,0.4632
1/09/2023,15,Southland Region,180,6141,156,430,392,475,350,0.3214
1/09/2023,7,Taranaki Region,195,7392,183,560,547,650,460,0.2721
1/09/2023,16,Tasman Region,57,2469,60,550,500,615,435,0.3144
1/09/2023,3,Waikato Region,1014,37548,930,540,497,620,420,0.3335
1/09/2023,9,Wellington Region,1311,47451,1062,600,559,715,461,0.3953
1/09/2023,12,West Coast Region,30,1383,33,400,319,450,260,0.542
1/01/1996,-99,ALL,11559,128820,9033,180,179,250,135,0.4824
1/08/2023,2,Auckland Region,4065,149151,3960,650,614,760,520,0.3854
1/08/2023,4,Bay of Plenty Region,531,22557,525,620,584,700,520,0.3089
1/01/1996,13,Canterbury Region,1503,14883,1236,170,162,210,130,0.4117
1/08/2023,5,Gisborne Region,54,2796,60,650,586,700,529,0.3091
1/08/2023,6,Hawke's Bay Region,213,9675,216,600,567,660,500,0.2874
1/08/2023,8,Manawatu-Wanganui Region,483,17673,408,490,459,580,390,0.3255
1/08/2023,18,Marlborough Region,72,2325,75,550,522,600,460,0.42
1/08/2023,-1,NA,1395,59775,282,600,551,700,480,0.4392
1/08/2023,17,Nelson Region,120,4185,153,485,441,571,358,0.3935
1/08/2023,1,Northland Region,294,9930,249,520,494,620,450,0.3422
1/08/2023,14,Otago Region,453,19992,417,498,472,625,350,0.5079
1/08/2023,15,Southland Region,138,6117,156,450,404,500,360,0.3636
1/08/2023,7,Taranaki Region,171,7380,156,550,541,650,450,0.2922
1/08/2023,16,Tasman Region,75,2472,54,530,503,593,450,0.2651
1/08/2023,3,Waikato Region,1002,37464,984,530,490,615,420,0.3584
1/08/2023,9,Wellington Region,1200,47202,1146,595,560,720,470,0.402
1/08/2023,12,West Coast Region,30,1386,27,400,363,450,340,0.3204
1/02/1996,-99,ALL,11550,131124,9246,180,177,240,130,0.4558
1/07/2023,2,Auckland Region,4500,149046,4098,640,611,750,520,0.3835
1/07/2023,4,Bay of Plenty Region,573,22554,555,600,570,700,500,0.3464
1/02/1996,13,Canterbury Region,1596,15273,1206,170,162,220,125,0.4342
1/07/2023,5,Gisborne Region,57,2802,57,625,586,705,500,0.3706
1/07/2023,6,Hawke's Bay Region,234,9678,213,590,564,660,500,0.313
1/07/2023,8,Manawatu-Wanganui Region,516,17598,477,500,464,580,400,0.335
1/07/2023,18,Marlborough Region,81,2325,72,520,510,590,465,0.3101
1/07/2023,-1,NA,1548,58665,285,580,547,695,470,0.41
1/07/2023,17,Nelson Region,147,4218,141,520,498,603,429,0.3347
1/07/2023,1,Northland Region,252,9885,264,540,512,620,450,0.3048
1/07/2023,14,Otago Region,519,19953,468,500,503,650,380,0.4641
1/07/2023,15,Southland Region,186,6135,189,430,393,490,360,0.3601
1/07/2023,7,Taranaki Region,210,7362,189,500,505,600,420,0.36
1/07/2023,16,Tasman Region,75,2451,72,560,537,650,450,0.2456
1/07/2023,3,Waikato Region,1089,37443,984,530,487,620,410,0.3532
1/07/2023,9,Wellington Region,1431,47148,1185,600,563,700,480,0.3862
1/07/2023,12,West Coast Region,45,1383,36,380,374,435,348,0.2295
1/03/1996,-99,ALL,11253,132984,9390,180,184,250,140,0.4389
1/06/2023,2,Auckland Region,4239,148641,3852,635,610,760,515,0.3961
1/06/2023,4,Bay of Plenty Region,555,22536,513,598,568,680,500,0.3128
1/03/1996,13,Canterbury Region,1365,15519,1119,170,163,200,130,0.3632
1/06/2023,5,Gisborne Region,63,2802,60,555,554,650,496,0.3116
1/06/2023,6,Hawke's Bay Region,222,9657,225,550,533,650,460,0.2765
1/06/2023,8,Manawatu-Wanganui Region,483,17559,453,500,477,580,410,0.2997
1/06/2023,18,Marlborough Region,69,2316,66,520,510,600,455,0.2535
1/06/2023,-1,NA,1470,57402,300,590,542,700,450,0.4554
1/06/2023,17,Nelson Region,147,4212,135,500,476,580,420,0.3255
1/06/2023,1,Northland Region,297,9897,249,550,512,635,450,0.3359
1/06/2023,14,Otago Region,555,19905,516,520,504,675,400,0.447
1/06/2023,15,Southland Region,156,6138,162,408,387,470,350,0.3159
1/06/2023,7,Taranaki Region,207,7341,171,500,474,600,400,0.393
1/06/2023,16,Tasman Region,84,2448,78,550,514,646,450,0.4156
1/06/2023,3,Waikato Region,1089,37338,1005,520,481,610,400,0.3538
1/06/2023,9,Wellington Region,1362,46902,1266,595,564,720,474,0.3756
1/06/2023,12,West Coast Region,33,1377,33,380,320,400,315,0.4523
1/04/1996,-99,ALL,10158,134682,8460,180,185,250,140,0.4353
1/05/2023,2,Auckland Region,4044,148257,3753,625,602,750,500,0.4006
1/05/2023,4,Bay of Plenty Region,651,22494,612,600,581,695,510,0.3127
1/04/1996,13,Canterbury Region,1200,15729,990,170,162,200,130,0.349
1/05/2023,5,Gisborne Region,45,2799,51,550,529,653,450,0.3716
1/05/2023,6,Hawke's Bay Region,228,9660,228,565,542,668,460,0.3269
1/05/2023,8,Manawatu-Wanganui Region,483,17529,486,490,460,580,390,0.3218
1/05/2023,18,Marlborough Region,66,2316,75,500,464,570,433,0.39
1/05/2023,-1,NA,1491,56232,291,585,551,700,460,0.4166
1/05/2023,17,Nelson Region,129,4203,117,480,441,550,388,0.3469
1/05/2023,1,Northland Region,288,9849,255,550,509,630,450,0.318
1/05/2023,14,Otago Region,570,19863,480,520,513,700,395,0.4481
1/05/2023,15,Southland Region,165,6144,162,420,386,470,340,0.3365
1/05/2023,7,Taranaki Region,207,7305,198,540,503,620,438,0.3534
1/05/2023,16,Tasman Region,78,2442,84,550,505,623,436,0.288
1/05/2023,3,Waikato Region,1086,37257,996,540,493,600,440,0.336
1/05/2023,9,Wellington Region,1392,46809,1242,595,561,720,480,0.373
1/05/2023,12,West Coast Region,24,1377,36,430,373,480,360,0.4948
1/05/1996,-99,ALL,10764,135444,10002,180,183,250,140,0.4315
1/04/2023,2,Auckland Region,4125,147966,3675,640,620,760,520,0.3881
1/04/2023,4,Bay of Plenty Region,609,22452,504,610,575,700,500,0.376
1/05/1996,13,Canterbury Region,1257,15846,1140,170,163,200,133,0.3571
1/04/2023,5,Gisborne Region,57,2802,57,550,531,700,450,0.4138
1/04/2023,6,Hawke's Bay Region,237,9663,204,580,545,650,458,0.3232
1/04/2023,8,Manawatu-Wanganui Region,450,17532,426,490,461,580,395,0.3022
1/04/2023,18,Marlborough Region,54,2325,54,515,480,595,400,0.3224
1/04/2023,-1,NA,1338,55032,288,595,555,690,475,0.402
1/04/2023,17,Nelson Region,132,4188,114,525,489,600,433,0.3416
1/04/2023,1,Northland Region,225,9816,240,540,502,625,450,0.3287
1/04/2023,14,Otago Region,510,19773,441,520,505,680,390,0.4443
1/04/2023,15,Southland Region,156,6138,168,440,394,490,350,0.3576
1/04/2023,7,Taranaki Region,177,7296,171,550,518,608,470,0.3213
1/04/2023,16,Tasman Region,78,2448,72,560,530,630,473,0.2433
1/04/2023,3,Waikato Region,1062,37167,996,530,488,600,420,0.3284
1/04/2023,9,Wellington Region,1392,46659,1179,595,554,710,460,0.4112
1/04/2023,12,West Coast Region,39,1389,24,380,367,450,320,0.2289
1/06/1996,-99,ALL,10740,137295,8889,180,185,250,140,0.4226
1/03/2023,2,Auckland Region,5106,147516,4329,620,592,740,500,0.4104
1/03/2023,4,Bay of Plenty Region,651,22350,582,600,569,680,500,0.3325
1/06/1996,13,Canterbury Region,1164,16005,1008,170,163,200,130,0.3862
1/03/2023,5,Gisborne Region,81,2802,63,580,527,658,450,0.3575
1/03/2023,6,Hawke's Bay Region,285,9630,237,550,546,650,480,0.2687
1/03/2023,8,Manawatu-Wanganui Region,570,17505,471,460,443,550,380,0.3339
1/03/2023,18,Marlborough Region,57,2325,78,500,456,600,400,0.4362
1/03/2023,-1,NA,1518,53982,261,570,528,680,450,0.438
1/03/2023,17,Nelson Region,114,4170,132,493,465,580,420,0.3413
1/03/2023,1,Northland Region,300,9831,252,500,473,600,400,0.3385
1/03/2023,14,Otago Region,624,19707,507,510,490,660,380,0.4659
1/03/2023,15,Southland Region,177,6150,165,400,375,460,330,0.3596
1/03/2023,7,Taranaki Region,174,7290,171,515,486,581,438,0.3259
1/03/2023,16,Tasman Region,81,2445,78,550,518,615,475,0.283
1/03/2023,3,Waikato Region,1206,37101,1077,510,472,595,400,0.3401
1/03/2023,9,Wellington Region,1704,46446,1470,595,561,730,460,0.4332
1/03/2023,12,West Coast Region,27,1374,33,380,379,420,320,0.3128
1/07/1996,-99,ALL,10899,138417,9777,180,182,250,140,0.4347
1/02/2023,2,Auckland Region,5733,146742,4623,600,588,750,480,0.4163
1/02/2023,4,Bay of Plenty Region,543,22281,480,590,560,675,483,0.3262
1/07/1996,13,Canterbury Region,1269,16062,1212,170,165,200,130,0.3341
1/02/2023,5,Gisborne Region,57,2784,57,515,513,666,431,0.3588
1/02/2023,6,Hawke's Bay Region,210,9582,258,543,510,650,440,0.3815
1/02/2023,8,Manawatu-Wanganui Region,564,17406,447,480,446,580,393,0.382
1/02/2023,18,Marlborough Region,66,2343,48,500,496,568,443,0.214
1/02/2023,-1,NA,1449,52725,279,575,534,695,430,0.4497
1/02/2023,17,Nelson Region,117,4191,114,510,485,615,428,0.3531
1/02/2023,1,Northland Region,213,9783,192,500,495,620,420,0.2862
1/02/2023,14,Otago Region,759,19590,558,500,467,640,350,0.4856
1/02/2023,15,Southland Region,174,6138,156,390,357,450,320,0.3933
1/02/2023,7,Taranaki Region,177,7287,141,500,497,620,440,0.3172
1/02/2023,16,Tasman Region,69,2442,63,500,482,573,400,0.2738
1/02/2023,3,Waikato Region,1248,36975,1104,510,465,600,380,0.3834
1/02/2023,9,Wellington Region,2295,46212,2073,635,606,800,490,0.4441
1/02/2023,12,West Coast Region,33,1380,24,375,354,448,300,0.3456
1/08/1996,-99,ALL,10779,139845,9351,180,185,250,140,0.4276
1/01/2023,2,Auckland Region,4698,145632,4179,610,592,750,490,0.4121
1/01/2023,4,Bay of Plenty Region,477,22218,498,600,583,680,520,0.2807
1/08/1996,13,Canterbury Region,1305,16203,1164,170,165,200,132,0.3315
1/01/2023,5,Gisborne Region,81,2784,54,500,457,620,400,0.4648
1/01/2023,6,Hawke's Bay Region,201,9630,201,570,533,650,460,0.3431
1/01/2023,8,Manawatu-Wanganui Region,447,17286,423,460,433,575,350,0.3784
1/01/2023,18,Marlborough Region,45,2328,51,520,500,575,450,0.2416
1/01/2023,-1,NA,1308,51555,264,560,524,690,450,0.4625
1/01/2023,17,Nelson Region,138,4188,150,520,491,620,440,0.3889
1/01/2023,1,Northland Region,237,9762,249,550,522,640,450,0.3472
1/01/2023,14,Otago Region,2529,19389,969,640,577,875,400,0.5576
1/01/2023,15,Southland Region,192,6117,153,390,357,450,329,0.3909
1/01/2023,7,Taranaki Region,162,7248,165,530,520,650,420,0.3596
1/01/2023,16,Tasman Region,63,2436,60,550,512,590,443,0.2271
1/01/2023,3,Waikato Region,1125,36831,1017,520,471,600,400,0.3616
1/01/2023,9,Wellington Region,1764,45990,1755,630,593,770,490,0.4468
1/01/2023,12,West Coast Region,45,1371,39,375,358,450,300,0.2745
1/09/1996,-99,ALL,10227,141048,9024,180,185,250,140,0.4351
1/12/2022,2,Auckland Region,4482,145113,4101,600,580,720,490,0.3947
1/12/2022,4,Bay of Plenty Region,573,22239,546,580,551,670,490,0.3007
1/09/1996,13,Canterbury Region,1188,16320,1068,170,166,200,135,0.3493
1/12/2022,5,Gisborne Region,54,2760,57,550,525,630,450,0.3673
1/12/2022,6,Hawke's Bay Region,246,9630,231,570,540,640,475,0.2892
1/12/2022,8,Manawatu-Wanganui Region,513,17262,480,480,464,570,400,0.3243
1/12/2022,18,Marlborough Region,63,2334,63,513,493,571,413,0.258
1/12/2022,-1,NA,1299,50511,276,560,510,680,430,0.5043
1/12/2022,17,Nelson Region,129,4200,171,495,461,580,410,0.3657
1/12/2022,1,Northland Region,252,9777,228,530,493,620,450,0.3642
1/12/2022,14,Otago Region,642,17829,2244,500,475,644,370,0.4452
1/12/2022,15,Southland Region,177,6081,180,400,361,450,320,0.349
1/12/2022,7,Taranaki Region,171,7248,174,500,488,580,420,0.2647
1/12/2022,16,Tasman Region,51,2436,51,550,530,668,450,0.2492
1/12/2022,3,Waikato Region,1128,36723,1077,520,479,600,400,0.342
1/12/2022,9,Wellington Region,1434,45981,1350,580,551,700,450,0.421
1/12/2022,12,West Coast Region,42,1365,51,368,371,428,326,0.2846
1/10/1996,-99,ALL,9648,141555,9138,180,187,250,140,0.4331
1/11/2022,2,Auckland Region,4638,144735,4326,590,561,700,465,0.399
1/11/2022,4,Bay of Plenty Region,591,22209,579,570,537,650,470,0.3113
1/10/1996,13,Canterbury Region,1086,16335,1071,170,164,200,134,0.354
1/11/2022,5,Gisborne Region,63,2760,60,550,501,600,393,0.3212
1/11/2022,6,Hawke's Bay Region,210,9615,222,535,510,600,450,0.3132
1/11/2022,8,Manawatu-Wanganui Region,519,17229,534,490,474,590,390,0.3506
1/11/2022,18,Marlborough Region,48,2334,54,495,467,580,400,0.2689
1/11/2022,-1,NA,1176,49488,270,550,509,660,440,0.4921
1/11/2022,17,Nelson Region,102,4242,120,493,468,590,430,0.3271
1/11/2022,1,Northland Region,216,9753,228,505,483,595,420,0.3257
1/11/2022,14,Otago Region,543,19434,678,470,446,600,350,0.4473
1/11/2022,15,Southland Region,186,6084,204,395,367,443,339,0.3182
1/11/2022,7,Taranaki Region,153,7251,183,500,471,578,415,0.3123
1/11/2022,16,Tasman Region,66,2433,60,525,469,610,393,0.4027
1/11/2022,3,Waikato Region,1074,36672,1086,500,462,580,380,0.3546
1/11/2022,9,Wellington Region,1626,45897,1509,590,573,750,450,0.4529
1/11/2022,12,West Coast Region,42,1374,30,380,360,430,320,0.3165
1/11/1996,-99,ALL,10938,142455,10038,190,189,250,140,0.423
1/10/2022,2,Auckland Region,4695,144423,3981,600,574,720,480,0.3857
1/10/2022,4,Bay of Plenty Region,531,22197,555,590,556,670,480,0.2927
1/11/1996,13,Canterbury Region,1269,16338,1269,170,167,210,135,0.3588
1/10/2022,5,Gisborne Region,66,2760,66,520,516,671,448,0.3254
1/10/2022,6,Hawke's Bay Region,252,9627,237,530,506,616,440,0.3466
1/10/2022,8,Manawatu-Wanganui Region,453,17244,456,475,452,550,400,0.3127
1/10/2022,18,Marlborough Region,57,2340,63,470,458,540,400,0.2563
1/10/2022,-1,NA,1224,48585,276,550,516,675,450,0.4607
1/10/2022,17,Nelson Region,126,4260,141,470,435,570,365,0.342
1/10/2022,1,Northland Region,243,9765,243,513,473,600,420,0.3736
1/10/2022,14,Otago Region,462,19569,552,485,458,603,354,0.4546
1/10/2022,15,Southland Region,168,6102,159,400,363,460,320,0.3737
1/10/2022,7,Taranaki Region,171,7281,174,488,483,580,408,0.2891
1/10/2022,16,Tasman Region,78,2430,84,565,516,620,450,0.2765
1/10/2022,3,Waikato Region,1002,36684,1011,500,472,580,400,0.328
1/10/2022,9,Wellington Region,1374,45780,1218,585,556,700,470,0.3846
1/10/2022,12,West Coast Region,30,1365,30,320,283,360,275,0.4206
1/12/1996,-99,ALL,9642,141375,10719,190,189,250,140,0.4301
1/09/2022,2,Auckland Region,4686,143706,3888,590,559,700,470,0.4096
1/09/2022,4,Bay of Plenty Region,594,22221,543,570,536,650,450,0.3408
1/12/1996,13,Canterbury Region,1137,16221,1254,180,169,210,135,0.4006
1/09/2022,5,Gisborne Region,93,2757,66,550,500,625,425,0.3533
1/09/2022,6,Hawke's Bay Region,216,9609,207,520,493,600,436,0.2967
1/09/2022,8,Manawatu-Wanganui Region,462,17247,435,473,443,550,380,0.3429
1/09/2022,18,Marlborough Region,75,2349,69,460,425,525,395,0.3576
1/09/2022,-1,NA,1185,47637,273,550,503,650,420,0.4871
1/09/2022,17,Nelson Region,141,4275,132,490,439,550,390,0.3644
1/09/2022,1,Northland Region,273,9765,273,500,486,600,410,0.3242
1/09/2022,14,Otago Region,456,19662,462,480,464,600,370,0.433
1/09/2022,15,Southland Region,183,6093,156,390,359,440,320,0.3114
1/09/2022,7,Taranaki Region,180,7284,156,500,460,570,400,0.3208
1/09/2022,16,Tasman Region,69,2436,69,520,489,594,403,0.29
1/09/2022,3,Waikato Region,1047,36690,936,500,466,585,400,0.3472
1/09/2022,9,Wellington Region,1332,45624,1122,575,546,700,450,0.391
1/09/2022,12,West Coast Region,33,1365,30,370,339,420,279,0.2966
1/01/1997,-99,ALL,12942,144093,10227,190,186,260,140,0.4875
1/08/2022,2,Auckland Region,4659,142908,3963,590,567,700,475,0.3916
1/08/2022,4,Bay of Plenty Region,603,22173,543,590,550,665,490,0.3112
1/01/1997,13,Canterbury Region,1707,16605,1326,180,171,220,140,0.4009
1/08/2022,5,Gisborne Region,66,2730,63,510,496,650,444,0.3583
1/08/2022,6,Hawke's Bay Region,228,9600,213,545,509,640,450,0.3401
1/08/2022,8,Manawatu-Wanganui Region,480,17220,426,460,432,550,370,0.3434
1/08/2022,18,Marlborough Region,66,2343,81,490,448,530,400,0.2863
1/08/2022,-1,NA,1098,46725,237,550,508,675,410,0.4704
1/08/2022,17,Nelson Region,129,4266,117,470,445,580,390,0.5711
1/08/2022,1,Northland Region,267,9765,240,500,466,590,400,0.3938
1/08/2022,14,Otago Region,444,19668,411,450,446,580,350,0.4152
1/08/2022,15,Southland Region,162,6066,174,380,360,440,320,0.3361
1/08/2022,7,Taranaki Region,195,7260,186,500,476,560,410,0.2408
1/08/2022,16,Tasman Region,75,2436,78,500,490,625,410,0.3035
1/08/2022,3,Waikato Region,1140,36582,999,500,459,580,395,0.3429
1/08/2022,9,Wellington Region,1386,45414,1155,575,546,680,450,0.3617
1/08/2022,12,West Coast Region,39,1362,48,385,358,415,320,0.2743
1/02/1997,-99,ALL,12846,146892,10047,190,187,250,140,0.4503
1/07/2022,2,Auckland Region,5139,142209,4275,595,571,700,480,0.3787
1/07/2022,4,Bay of Plenty Region,630,22113,525,590,554,660,490,0.338
1/02/1997,13,Canterbury Region,1761,17067,1296,185,175,220,140,0.3925
1/07/2022,5,Gisborne Region,66,2727,63,568,513,654,450,0.4204
1/07/2022,6,Hawke's Bay Region,243,9585,213,550,525,650,450,0.3037
1/07/2022,8,Manawatu-Wanganui Region,534,17166,420,465,415,540,350,0.3942
1/07/2022,18,Marlborough Region,87,2361,84,470,450,540,400,0.2848
1/07/2022,-1,NA,1182,45864,297,560,520,670,430,0.4439
1/07/2022,17,Nelson Region,156,4254,144,500,464,575,413,0.3121
1/07/2022,1,Northland Region,291,9738,246,500,479,600,408,0.375
1/07/2022,14,Otago Region,489,19635,465,465,450,600,350,0.4642
1/07/2022,15,Southland Region,204,6078,183,380,359,450,300,0.323
1/07/2022,7,Taranaki Region,198,7251,165,500,467,600,400,0.3262
1/07/2022,16,Tasman Region,69,2442,51,490,457,580,400,0.3316
1/07/2022,3,Waikato Region,1161,36441,1023,500,457,580,400,0.3482
1/07/2022,9,Wellington Region,1521,45183,1260,580,546,700,450,0.389
1/07/2022,12,West Coast Region,39,1371,39,360,368,400,320,0.248
1/03/1997,-99,ALL,11802,149415,9282,190,191,255,145,0.4432
1/06/2022,2,Auckland Region,4260,141345,3780,590,571,700,480,0.3747
1/06/2022,4,Bay of Plenty Region,573,22008,510,570,538,650,480,0.2965
1/03/1997,13,Canterbury Region,1452,17364,1158,180,170,210,139,0.366
1/06/2022,5,Gisborne Region,39,2724,48,500,538,650,468,0.2349
1/06/2022,6,Hawke's Bay Region,213,9555,207,530,484,620,415,0.4243
1/06/2022,8,Manawatu-Wanganui Region,456,17052,414,460,421,550,360,0.3681
1/06/2022,18,Marlborough Region,63,2355,72,490,466,550,429,0.306
1/06/2022,-1,NA,1023,44979,258,540,503,651,420,0.4751
1/06/2022,17,Nelson Region,144,4242,132,485,451,580,380,0.3547
1/06/2022,1,Northland Region,246,9693,228,530,497,600,445,0.3126
1/06/2022,14,Otago Region,507,19608,489,500,479,650,370,0.4659
1/06/2022,15,Southland Region,201,6060,168,380,353,450,320,0.3351
1/06/2022,7,Taranaki Region,186,7218,165,480,461,550,400,0.3039
1/06/2022,16,Tasman Region,60,2421,54,500,485,580,380,0.3151
1/06/2022,3,Waikato Region,1080,36306,954,490,455,570,380,0.336
1/06/2022,9,Wellington Region,1221,44922,1086,570,539,700,450,0.4088
1/06/2022,12,West Coast Region,39,1371,33,358,340,420,300,0.28
1/04/1997,-99,ALL,11088,150570,9933,190,190,250,145,0.4405
1/05/2022,2,Auckland Region,4302,140868,4005,600,576,700,485,0.3935
1/05/2022,4,Bay of Plenty Region,570,21945,567,580,537,650,475,0.3456
1/04/1997,13,Canterbury Region,1263,17502,1125,180,170,210,135,0.3491
1/05/2022,5,Gisborne Region,63,2733,69,550,506,680,414,0.4447
1/05/2022,6,Hawke's Bay Region,231,9549,249,540,508,620,450,0.3335
1/05/2022,8,Manawatu-Wanganui Region,414,17010,411,470,442,550,370,0.3388
1/05/2022,18,Marlborough Region,66,2364,75,460,442,514,390,0.2611
1/05/2022,-1,NA,999,44214,291,550,477,665,400,0.5803
1/05/2022,17,Nelson Region,117,4227,126,490,438,575,378,0.4003
1/05/2022,1,Northland Region,243,9678,267,535,496,600,430,0.3068
1/05/2022,14,Otago Region,579,19587,501,480,459,600,361,0.4249
1/05/2022,15,Southland Region,162,6030,138,400,352,445,300,0.3715
1/05/2022,7,Taranaki Region,183,7197,177,450,451,550,390,0.3276
1/05/2022,16,Tasman Region,60,2415,66,475,477,600,394,0.2836
1/05/2022,3,Waikato Region,1062,36180,1038,500,457,580,390,0.3494
1/05/2022,9,Wellington Region,1266,44787,1119,580,542,700,450,0.4123
1/05/2022,12,West Coast Region,33,1365,45,355,354,410,313,0.2408
1/05/1997,-99,ALL,12153,152265,10458,190,191,250,145,0.427
1/04/2022,2,Auckland Region,4671,140568,4062,600,585,720,490,0.383
1/04/2022,4,Bay of Plenty Region,585,21945,510,575,534,650,450,0.3323
1/05/1997,13,Canterbury Region,1383,17658,1224,180,169,210,139,0.3472
1/04/2022,5,Gisborne Region,45,2739,42,558,533,650,450,0.292
1/04/2022,6,Hawke's Bay Region,225,9567,222,520,493,620,450,0.4052
1/04/2022,8,Manawatu-Wanganui Region,438,17007,408,460,438,550,374,0.3781
1/04/2022,18,Marlborough Region,57,2373,48,460,455,525,400,0.205
1/04/2022,-1,NA,1035,43509,240,550,510,670,425,0.4543
1/04/2022,17,Nelson Region,132,4236,120,490,442,570,378,0.377
1/04/2022,1,Northland Region,261,9702,234,520,484,600,420,0.3256
1/04/2022,14,Otago Region,549,19509,453,490,463,600,380,0.4052
1/04/2022,15,Southland Region,159,6006,153,398,368,450,330,0.309
1/04/2022,7,Taranaki Region,177,7191,165,475,460,580,393,0.337
1/04/2022,16,Tasman Region,69,2421,63,500,501,620,425,0.2578
1/04/2022,3,Waikato Region,1086,36153,981,495,459,580,400,0.3375
1/04/2022,9,Wellington Region,1296,44640,1137,590,550,700,455,0.415
1/04/2022,12,West Coast Region,36,1374,30,350,340,380,309,0.2205
1/06/1997,-99,ALL,11166,153990,9441,190,192,250,145,0.4262
1/03/2022,2,Auckland Region,4770,139959,4707,600,577,715,490,0.3984
1/03/2022,4,Bay of Plenty Region,603,21870,603,565,528,650,470,0.3324
1/06/1997,13,Canterbury Region,1236,17841,1053,180,171,210,140,0.3682
1/03/2022,5,Gisborne Region,69,2736,69,500,468,590,375,0.3685
1/03/2022,6,Hawke's Bay Region,192,9561,198,550,522,620,440,0.2688
1/03/2022,8,Manawatu-Wanganui Region,462,16977,474,450,421,530,365,0.3704
1/03/2022,18,Marlborough Region,63,2364,57,500,481,550,450,0.2308
1/03/2022,-1,NA,1092,42714,300,550,507,670,410,0.4769
1/03/2022,17,Nelson Region,141,4224,135,475,427,550,376,0.393
1/03/2022,1,Northland Region,267,9672,252,500,457,571,400,0.334
1/03/2022,14,Otago Region,576,19413,519,480,449,620,350,0.4694
1/03/2022,15,Southland Region,195,6000,174,390,361,443,310,0.3154
1/03/2022,7,Taranaki Region,165,7182,177,480,460,570,395,0.327
1/03/2022,16,Tasman Region,60,2415,69,540,498,600,400,0.2601
1/03/2022,3,Waikato Region,1224,36048,1176,490,440,570,356,0.3664
1/03/2022,9,Wellington Region,1443,44481,1338,595,568,740,460,0.4142
1/03/2022,12,West Coast Region,48,1368,42,350,334,390,320,0.2934
1/07/1997,-99,ALL,11817,154959,10851,190,191,250,145,0.4248
1/02/2022,2,Auckland Region,5040,139893,4926,600,596,740,495,0.3666
1/02/2022,4,Bay of Plenty Region,576,21870,582,550,512,650,450,0.3629
1/07/1997,13,Canterbury Region,1359,17988,1215,175,169,210,135,0.3327
1/02/2022,5,Gisborne Region,66,2736,63,480,426,600,325,0.4193
1/02/2022,6,Hawke's Bay Region,210,9567,225,530,513,630,440,0.3045
1/02/2022,8,Manawatu-Wanganui Region,450,16992,426,450,420,540,360,0.3551
1/02/2022,18,Marlborough Region,66,2358,69,450,454,525,390,0.2542
1/02/2022,-1,NA,1038,41922,288,550,513,680,400,0.4614
1/02/2022,17,Nelson Region,135,4218,123,500,439,570,395,0.3928
1/02/2022,1,Northland Region,249,9660,291,510,484,600,410,0.3064
1/02/2022,14,Otago Region,780,19356,594,450,424,580,325,0.4576
1/02/2022,15,Southland Region,186,5979,153,378,334,430,300,0.3957
1/02/2022,7,Taranaki Region,186,7191,171,450,433,526,370,0.3255
1/02/2022,16,Tasman Region,69,2424,66,498,484,574,424,0.2465
1/02/2022,3,Waikato Region,1275,36000,1221,500,452,580,365,0.3633
1/02/2022,9,Wellington Region,2121,44379,2169,625,610,800,480,0.4351
1/02/2022,12,West Coast Region,21,1362,36,370,379,435,350,0.1613
1/08/1997,-99,ALL,12132,156756,10332,190,192,250,150,0.4201
1/01/2022,2,Auckland Region,4539,139779,4602,600,592,730,495,0.381
1/01/2022,4,Bay of Plenty Region,492,21873,555,570,532,650,471,0.3163
1/08/1997,13,Canterbury Region,1518,18249,1257,175,168,210,135,0.3348
1/01/2022,5,Gisborne Region,51,2736,54,520,446,584,421,0.4657
1/01/2022,6,Hawke's Bay Region,186,9582,207,550,506,628,425,0.3365
1/01/2022,8,Manawatu-Wanganui Region,438,16965,453,430,406,520,350,0.3509
1/01/2022,18,Marlborough Region,66,2361,66,500,474,550,450,0.2479
1/01/2022,-1,NA,948,41175,252,540,502,650,400,0.4277
1/01/2022,17,Nelson Region,99,4206,135,460,418,558,390,0.4114
1/01/2022,1,Northland Region,228,9702,243,510,493,595,428,0.2838
1/01/2022,14,Otago Region,2589,19173,1023,560,533,780,380,0.5148
1/01/2022,15,Southland Region,192,5946,156,380,356,450,308,0.3411
1/01/2022,7,Taranaki Region,165,7176,207,465,450,550,400,0.3356
1/01/2022,16,Tasman Region,54,2418,63,500,463,571,404,0.2876
1/01/2022,3,Waikato Region,1044,35943,1122,490,447,580,380,0.3747
1/01/2022,9,Wellington Region,1563,44430,1830,600,589,761,470,0.424
1/01/2022,12,West Coast Region,45,1380,39,350,329,405,268,0.3365
1/09/1997,-99,ALL,10905,157587,10077,190,190,250,145,0.4085
1/12/2021,2,Auckland Region,4473,139839,4608,600,585,710,495,0.3498
1/12/2021,4,Bay of Plenty Region,609,21939,696,560,539,650,480,0.2942
1/09/1997,13,Canterbury Region,1284,18345,1188,175,169,208,140,0.3102
1/12/2021,5,Gisborne Region,66,2739,54,475,451,570,390,0.3093
1/12/2021,6,Hawke's Bay Region,258,9606,258,500,485,600,420,0.2932
1/12/2021,8,Manawatu-Wanganui Region,498,16980,507,473,446,550,380,0.3188
1/12/2021,18,Marlborough Region,66,2361,75,458,454,520,400,0.1918
1/12/2021,-1,NA,960,40479,315,540,498,650,400,0.4757
1/12/2021,17,Nelson Region,144,4242,138,468,422,550,370,0.3929
1/12/2021,1,Northland Region,237,9714,273,500,469,580,400,0.3458
1/12/2021,14,Otago Region,738,17604,2508,475,457,600,350,0.4212
1/12/2021,15,Southland Region,159,5913,183,375,351,430,320,0.3299
1/12/2021,7,Taranaki Region,183,7221,171,450,436,550,360,0.3279
1/12/2021,16,Tasman Region,72,2430,96,500,478,583,405,0.2701
1/12/2021,3,Waikato Region,1080,36024,1185,500,457,570,400,0.3368
1/12/2021,9,Wellington Region,1356,44697,1509,595,568,750,455,0.4438
1/12/2021,12,West Coast Region,39,1374,45,350,324,435,288,0.377
1/10/1997,-99,ALL,11025,158271,10341,190,192,250,150,0.4096
1/11/2021,2,Auckland Region,4431,139977,4635,600,578,710,490,0.3738
1/11/2021,4,Bay of Plenty Region,495,22026,537,550,522,640,460,0.3231
1/10/1997,13,Canterbury Region,1293,18477,1161,175,170,210,140,0.3287
1/11/2021,5,Gisborne Region,60,2724,54,500,456,584,385,0.3354
1/11/2021,6,Hawke's Bay Region,213,9606,222,500,484,600,420,0.316
1/11/2021,8,Manawatu-Wanganui Region,534,16989,591,450,427,540,360,0.3664
1/11/2021,18,Marlborough Region,66,2370,69,460,457,521,400,0.1942
1/11/2021,-1,NA,900,39834,297,538,503,675,420,0.4554
1/11/2021,17,Nelson Region,123,4236,147,450,382,540,260,0.4687
1/11/2021,1,Northland Region,237,9753,282,480,454,570,410,0.3632
1/11/2021,14,Otago Region,576,19374,687,450,441,600,350,0.4298
1/11/2021,15,Southland Region,183,5937,183,365,329,420,290,0.4011
1/11/2021,7,Taranaki Region,147,7209,192,458,430,540,363,0.3127
1/11/2021,16,Tasman Region,66,2451,78,500,466,558,413,0.2664
1/11/2021,3,Waikato Region,1032,36126,1089,480,437,560,365,0.3655
1/11/2021,9,Wellington Region,1410,44850,1398,600,582,760,450,0.4715
1/11/2021,12,West Coast Region,36,1380,36,320,273,353,190,0.3694
1/11/1997,-99,ALL,11454,158685,11040,195,193,250,150,0.4152
1/10/2021,2,Auckland Region,4422,140181,4344,595,577,700,490,0.3701
1/10/2021,4,Bay of Plenty Region,573,22068,600,550,508,630,440,0.3567
1/11/1997,13,Canterbury Region,1335,18486,1326,180,172,210,140,0.3291
1/10/2021,5,Gisborne Region,57,2718,54,500,475,595,430,0.3301
1/10/2021,6,Hawke's Bay Region,252,9615,243,515,484,580,420,0.3164
1/10/2021,8,Manawatu-Wanganui Region,474,17046,495,438,419,519,350,0.3257
1/10/2021,18,Marlborough Region,72,2373,90,475,462,500,420,0.185
1/10/2021,-1,NA,936,39228,282,525,485,650,400,0.4694
1/10/2021,17,Nelson Region,123,4260,132,450,408,540,348,0.3981
1/10/2021,1,Northland Region,237,9798,246,500,475,560,415,0.2732
1/10/2021,14,Otago Region,513,19485,615,450,428,580,339,0.4182
1/10/2021,15,Southland Region,201,5937,168,350,325,400,298,0.3606
1/10/2021,7,Taranaki Region,183,7251,183,450,426,514,380,0.2977
1/10/2021,16,Tasman Region,75,2463,69,510,478,576,420,0.2891
1/10/2021,3,Waikato Region,1077,36183,1023,480,436,560,360,0.3545
1/10/2021,9,Wellington Region,1335,44838,1239,565,533,700,440,0.4154
1/10/2021,12,West Coast Region,30,1380,30,315,289,350,256,0.3611
1/12/1997,-99,ALL,10098,157359,11427,195,192,250,150,0.4145
1/09/2021,2,Auckland Region,1746,140106,2331,600,587,725,490,0.3629
1/09/2021,4,Bay of Plenty Region,492,22095,552,540,506,615,450,0.3141
1/12/1997,13,Canterbury Region,1200,18279,1407,180,171,210,140,0.3655
1/09/2021,5,Gisborne Region,69,2718,81,450,430,545,365,0.3692
1/09/2021,6,Hawke's Bay Region,204,9606,237,500,469,581,400,0.3385
1/09/2021,8,Manawatu-Wanganui Region,423,17067,423,410,397,495,340,0.3274
1/09/2021,18,Marlborough Region,66,2388,75,450,462,511,395,0.3311
1/09/2021,-1,NA,573,38577,207,490,447,620,360,0.4968
1/09/2021,17,Nelson Region,108,4269,108,450,408,520,350,0.4314
1/09/2021,1,Northland Region,198,9807,177,483,473,585,420,0.3061
1/09/2021,14,Otago Region,435,19584,411,440,414,550,330,0.4277
1/09/2021,15,Southland Region,138,5904,141,360,350,420,310,0.2607
1/09/2021,7,Taranaki Region,156,7251,156,460,432,523,375,0.312
1/09/2021,16,Tasman Region,66,2457,81,495,457,550,365,0.3047
1/09/2021,3,Waikato Region,906,36132,882,475,434,550,350,0.3443
1/09/2021,9,Wellington Region,1047,44739,1023,560,533,700,426,0.4333
1/09/2021,12,West Coast Region,39,1380,39,350,300,350,274,0.3489
1/01/1998,-99,ALL,14220,160083,11496,198,192,260,150,0.4557
1/08/2021,2,Auckland Region,3495,140688,3348,590,575,700,485,0.357
1/08/2021,4,Bay of Plenty Region,420,22158,471,540,508,620,450,0.3392
1/01/1998,13,Canterbury Region,1899,18606,1572,180,175,220,140,0.3936
1/08/2021,5,Gisborne Region,60,2727,60,430,388,500,340,0.4142
1/08/2021,6,Hawke's Bay Region,159,9639,219,493,481,590,420,0.3681
1/08/2021,8,Manawatu-Wanganui Region,360,17070,312,430,406,500,350,0.2899
1/08/2021,18,Marlborough Region,57,2400,57,478,465,550,415,0.1949
1/08/2021,-1,NA,660,38211,195,510,484,640,400,0.4459
1/08/2021,17,Nelson Region,102,4269,111,438,389,518,323,0.3923
1/08/2021,1,Northland Region,222,9786,228,485,457,555,398,0.3087
1/08/2021,14,Otago Region,399,19560,366,450,422,530,330,0.4208
1/08/2021,15,Southland Region,171,5904,153,360,340,410,300,0.3164
1/08/2021,7,Taranaki Region,138,7251,144,430,430,550,370,0.3244
1/08/2021,16,Tasman Region,60,2472,54,470,446,535,400,0.2979
1/08/2021,3,Waikato Region,873,36108,849,480,437,550,360,0.3406
1/08/2021,9,Wellington Region,945,44715,915,560,534,680,450,0.4073
1/08/2021,12,West Coast Region,18,1383,36,310,307,380,295,0.2893
1/02/1998,-99,ALL,13923,162774,11229,190,187,250,140,0.4528
1/07/2021,2,Auckland Region,4683,140541,4500,580,558,695,470,0.4091
1/07/2021,4,Bay of Plenty Region,660,22206,648,540,507,610,450,0.3168
1/02/1998,13,Canterbury Region,1932,19065,1473,180,175,223,140,0.3878
1/07/2021,5,Gisborne Region,78,2727,66,500,408,553,304,0.4705
1/07/2021,6,Hawke's Bay Region,240,9699,222,520,494,593,430,0.2983
1/07/2021,8,Manawatu-Wanganui Region,435,17022,390,420,400,500,350,0.3309
1/07/2021,18,Marlborough Region,81,2400,69,450,419,500,350,0.2484
1/07/2021,-1,NA,903,37746,240,500,471,630,390,0.4859
1/07/2021,17,Nelson Region,120,4281,114,470,443,540,395,0.3396
1/07/2021,1,Northland Region,267,9795,261,480,449,550,400,0.3513
1/07/2021,14,Otago Region,564,19530,495,430,409,535,330,0.4434
1/07/2021,15,Southland Region,174,5886,159,350,319,400,290,0.3589
1/07/2021,7,Taranaki Region,201,7257,192,450,428,510,363,0.2987
1/07/2021,16,Tasman Region,81,2466,84,493,451,584,375,0.3539
1/07/2021,3,Waikato Region,1110,36084,1083,470,433,550,370,0.348
1/07/2021,9,Wellington Region,1284,44685,1236,535,511,650,420,0.3969
1/07/2021,12,West Coast Region,42,1401,60,310,314,360,300,0.2097
1/03/1998,-99,ALL,12228,163947,11058,195,193,250,150,0.4266
1/06/2021,2,Auckland Region,4347,140358,4182,580,564,690,475,0.3665
1/06/2021,4,Bay of Plenty Region,588,22197,585,538,497,600,448,0.333
1/03/1998,13,Canterbury Region,1482,19218,1329,180,172,220,140,0.3669
1/06/2021,5,Gisborne Region,54,2718,60,460,428,550,350,0.3754
1/06/2021,6,Hawke's Bay Region,243,9681,219,500,483,600,400,0.3048
1/06/2021,8,Manawatu-Wanganui Region,450,16977,384,420,385,500,335,0.3917
1/06/2021,18,Marlborough Region,72,2388,75,450,418,485,390,0.2184
1/06/2021,-1,NA,864,37083,252,500,465,620,390,0.4825
1/06/2021,17,Nelson Region,138,4272,135,450,437,520,385,0.3174
1/06/2021,1,Northland Region,270,9789,240,490,462,560,400,0.322
1/06/2021,14,Otago Region,600,19461,519,430,421,550,333,0.3925
1/06/2021,15,Southland Region,213,5871,192,350,322,400,290,0.3649
1/06/2021,7,Taranaki Region,213,7245,207,415,391,494,333,0.3468
1/06/2021,16,Tasman Region,63,2469,60,485,463,555,400,0.2851
1/06/2021,3,Waikato Region,1197,36057,1032,450,422,540,350,0.3443
1/06/2021,9,Wellington Region,1140,44637,1110,540,514,655,410,0.3829
1/06/2021,12,West Coast Region,51,1419,39,305,279,373,250,0.4208
1/04/1998,-99,ALL,11316,164778,10485,195,191,250,150,0.4214
1/05/2021,2,Auckland Region,4995,140193,4581,580,560,700,465,0.4034
1/05/2021,4,Bay of Plenty Region,630,22194,708,540,495,600,450,0.3456
1/04/1998,13,Canterbury Region,1365,19332,1251,175,168,210,135,0.3598
1/05/2021,5,Gisborne Region,60,2724,57,450,427,540,350,0.3275
1/05/2021,6,Hawke's Bay Region,267,9660,246,480,454,560,390,0.3301
1/05/2021,8,Manawatu-Wanganui Region,525,16911,462,420,379,490,330,0.3909
1/05/2021,18,Marlborough Region,75,2391,93,450,433,500,380,0.2125
1/05/2021,-1,NA,912,36474,318,500,460,613,385,0.518
1/05/2021,17,Nelson Region,150,4269,150,460,447,533,399,0.3621
1/05/2021,1,Northland Region,297,9759,291,470,437,550,388,0.3617
1/05/2021,14,Otago Region,711,19377,591,450,423,550,350,0.4544
1/05/2021,15,Southland Region,225,5850,198,350,315,400,273,0.371
1/05/2021,7,Taranaki Region,207,7239,204,440,412,500,350,0.3246
1/05/2021,16,Tasman Region,87,2463,78,460,436,530,385,0.3042
1/05/2021,3,Waikato Region,1230,35889,1209,470,432,550,360,0.3565
1/05/2021,9,Wellington Region,1320,44604,1218,550,521,680,430,0.4335
1/05/2021,12,West Coast Region,39,1407,39,318,316,388,264,0.3364
1/05/1998,-99,ALL,12426,166476,10728,190,192,250,150,0.4134
1/04/2021,2,Auckland Region,4671,139779,4533,580,556,690,470,0.3912
1/04/2021,4,Bay of Plenty Region,642,22269,564,550,509,600,450,0.3114
1/05/1998,13,Canterbury Region,1470,19521,1278,180,169,210,140,0.3387
1/04/2021,5,Gisborne Region,66,2721,60,450,443,560,360,0.3532
1/04/2021,6,Hawke's Bay Region,249,9639,279,500,488,580,420,0.2767
1/04/2021,8,Manawatu-Wanganui Region,456,16845,399,410,394,485,330,0.3093
1/04/2021,18,Marlborough Region,84,2406,69,450,424,496,360,0.2505
1/04/2021,-1,NA,894,35880,261,500,464,624,380,0.4659
1/04/2021,17,Nelson Region,150,4269,135,470,432,538,390,0.3727
1/04/2021,1,Northland Region,294,9753,279,490,456,570,410,0.3401
1/04/2021,14,Otago Region,609,19257,513,430,419,550,350,0.4043
1/04/2021,15,Southland Region,201,5823,183,345,320,400,290,0.3345
1/04/2021,7,Taranaki Region,207,7239,204,420,400,480,350,0.3362
1/04/2021,16,Tasman Region,87,2457,81,510,473,585,430,0.2824
1/04/2021,3,Waikato Region,1188,35868,1077,460,428,540,360,0.3573
1/04/2021,9,Wellington Region,1260,44505,1164,550,527,675,420,0.3959
1/04/2021,12,West Coast Region,51,1407,48,320,312,375,265,0.2722
1/06/1998,-99,ALL,11712,167493,10692,190,191,250,150,0.4105
1/03/2021,2,Auckland Region,4869,139641,5154,580,563,700,470,0.3995
1/03/2021,4,Bay of Plenty Region,723,22194,648,520,489,600,430,0.3618
1/06/1998,13,Canterbury Region,1341,19635,1227,175,166,200,136,0.3298
1/03/2021,5,Gisborne Region,72,2715,69,380,383,500,300,0.3531
1/03/2021,6,Hawke's Bay Region,261,9666,228,450,430,550,360,0.3768
1/03/2021,8,Manawatu-Wanganui Region,519,16788,480,400,379,480,320,0.3653
1/03/2021,18,Marlborough Region,60,2391,72,470,438,500,389,0.2521
1/03/2021,-1,NA,936,35247,282,500,468,620,376,0.452
1/03/2021,17,Nelson Region,150,4254,147,440,417,500,375,0.3287
1/03/2021,1,Northland Region,306,9738,297,450,427,530,379,0.3269
1/03/2021,14,Otago Region,648,19164,603,450,414,550,330,0.4107
1/03/2021,15,Southland Region,222,5805,195,350,328,400,290,0.3033
1/03/2021,7,Taranaki Region,213,7236,219,400,392,480,340,0.3104
1/03/2021,16,Tasman Region,72,2451,63,450,441,550,379,0.31
1/03/2021,3,Waikato Region,1266,35757,1152,450,426,540,350,0.3463
1/03/2021,9,Wellington Region,1578,44406,1398,550,526,680,420,0.4179
1/03/2021,12,West Coast Region,42,1404,51,320,286,385,260,0.7182
1/07/1998,-99,ALL,12894,168054,12333,190,191,250,150,0.4158
1/02/2021,2,Auckland Region,5451,139926,5421,580,569,720,470,0.4014
1/02/2021,4,Bay of Plenty Region,708,22116,678,500,471,590,410,0.3571
1/07/1998,13,Canterbury Region,1461,19671,1425,175,166,200,135,0.3496
1/02/2021,5,Gisborne Region,81,2712,66,440,413,525,364,0.3465
1/02/2021,6,Hawke's Bay Region,249,9633,264,485,462,560,400,0.3029
1/02/2021,8,Manawatu-Wanganui Region,609,16749,510,400,368,470,300,0.3642
1/02/2021,18,Marlborough Region,81,2403,60,453,441,500,390,0.2359
1/02/2021,-1,NA,885,34593,282,500,480,625,393,0.4383
1/02/2021,17,Nelson Region,177,4251,159,450,414,520,366,0.3454
1/02/2021,1,Northland Region,279,9732,276,475,451,560,389,0.2986
1/02/2021,14,Otago Region,915,19119,702,420,389,525,290,0.4472
1/02/2021,15,Southland Region,204,5778,177,345,311,400,280,0.3571
1/02/2021,7,Taranaki Region,195,7245,234,400,401,485,348,0.2845
1/02/2021,16,Tasman Region,90,2442,96,460,436,535,350,0.2891
1/02/2021,3,Waikato Region,1488,35643,1314,460,426,550,350,0.3603
1/02/2021,9,Wellington Region,2379,44229,2277,595,574,760,450,0.455
1/02/2021,12,West Coast Region,39,1413,51,330,309,380,290,0.3577
1/08/1998,-99,ALL,12816,169632,11238,190,190,250,150,0.4116
1/01/2021,2,Auckland Region,5019,139893,5043,580,558,695,470,0.4018
1/01/2021,4,Bay of Plenty Region,633,22086,690,520,486,585,425,0.3242
1/08/1998,13,Canterbury Region,1413,19794,1290,170,163,200,135,0.3594
1/01/2021,5,Gisborne Region,72,2700,78,400,352,520,250,0.4825
1/01/2021,6,Hawke's Bay Region,246,9648,225,470,459,570,398,0.3124
1/01/2021,8,Manawatu-Wanganui Region,510,16647,447,420,389,480,330,0.3332
1/01/2021,18,Marlborough Region,66,2382,72,470,457,500,420,0.1945
1/01/2021,-1,NA,825,33990,258,500,477,626,390,0.4324
1/01/2021,17,Nelson Region,141,4233,162,480,449,550,390,0.3209
1/01/2021,1,Northland Region,279,9726,279,450,425,530,353,0.3398
1/01/2021,14,Otago Region,2850,18903,960,520,484,725,340,0.5182
1/01/2021,15,Southland Region,246,5751,198,340,304,385,265,0.363
1/01/2021,7,Taranaki Region,204,7281,183,430,417,500,350,0.3088
1/01/2021,16,Tasman Region,75,2448,54,500,421,550,380,0.4642
1/01/2021,3,Waikato Region,1320,35472,1188,460,429,550,350,0.3464
1/01/2021,9,Wellington Region,1851,44127,2094,580,568,733,450,0.4323
1/01/2021,12,West Coast Region,42,1425,39,300,273,330,260,0.365
1/09/1998,-99,ALL,11640,170124,11145,190,190,250,150,0.4096
1/12/2020,2,Auckland Region,4521,139917,4734,570,554,680,470,0.4203
1/12/2020,4,Bay of Plenty Region,759,22143,708,520,485,585,424,0.307
1/09/1998,13,Canterbury Region,1293,19893,1194,170,167,200,135,0.3198
1/12/2020,5,Gisborne Region,81,2706,78,400,402,485,350,0.2536
1/12/2020,6,Hawke's Bay Region,300,9627,300,450,436,550,380,0.2943
1/12/2020,8,Manawatu-Wanganui Region,567,16584,546,400,385,470,330,0.3231
1/12/2020,18,Marlborough Region,87,2391,90,450,442,500,395,0.2187
1/12/2020,-1,NA,855,33423,306,495,459,620,380,0.4923
1/12/2020,17,Nelson Region,186,4251,177,450,398,495,350,0.3696
1/12/2020,1,Northland Region,330,9726,339,450,420,528,370,0.3612
1/12/2020,14,Otago Region,717,17013,2484,440,419,550,340,0.39
1/12/2020,15,Southland Region,213,5703,213,330,317,394,280,0.3341
1/12/2020,7,Taranaki Region,228,7260,231,400,390,470,335,0.3012
1/12/2020,16,Tasman Region,81,2427,93,495,460,550,430,0.3245
1/12/2020,3,Waikato Region,1191,35340,1197,450,428,530,370,0.3278
1/12/2020,9,Wellington Region,1293,44367,1383,550,529,690,420,0.4153
1/12/2020,12,West Coast Region,39,1422,48,285,272,340,250,0.3057
1/10/1998,-99,ALL,12405,171087,11442,190,191,250,150,0.4105
1/11/2020,2,Auckland Region,4620,140127,4740,565,540,680,450,0.4209
1/11/2020,4,Bay of Plenty Region,669,22092,735,500,479,580,430,0.3368
1/10/1998,13,Canterbury Region,1332,19902,1323,175,166,210,135,0.3455
1/11/2020,5,Gisborne Region,57,2703,75,390,385,450,335,0.2804
1/11/2020,6,Hawke's Bay Region,255,9624,285,460,445,550,380,0.3145
1/11/2020,8,Manawatu-Wanganui Region,585,16563,651,400,390,480,320,0.3594
1/11/2020,18,Marlborough Region,93,2391,90,415,419,468,381,0.2154
1/11/2020,-1,NA,843,32871,294,490,447,600,370,0.4912
1/11/2020,17,Nelson Region,126,4242,153,450,407,500,380,0.3722
1/11/2020,1,Northland Region,291,9732,321,450,411,520,350,0.4017
1/11/2020,14,Otago Region,627,18780,714,430,404,540,320,0.4106
1/11/2020,15,Southland Region,198,5703,201,340,309,388,270,0.341
1/11/2020,7,Taranaki Region,213,7260,231,380,370,450,300,0.3052
1/11/2020,16,Tasman Region,84,2439,75,475,439,550,390,0.3261
1/11/2020,3,Waikato Region,1137,35346,1185,450,419,530,350,0.3497
1/11/2020,9,Wellington Region,1452,44460,1377,550,548,710,430,0.4645
1/11/2020,12,West Coast Region,51,1431,45,283,268,349,231,0.3636
1/11/1998,-99,ALL,11979,170985,12084,190,189,250,150,0.4037
1/10/2020,2,Auckland Region,4734,140247,4485,560,551,690,450,0.3956
1/10/2020,4,Bay of Plenty Region,732,22155,714,500,477,579,420,0.2895
1/11/1998,13,Canterbury Region,1365,19749,1518,170,163,209,130,0.3705
1/10/2020,5,Gisborne Region,48,2721,72,400,399,455,340,0.2526
1/10/2020,6,Hawke's Bay Region,306,9654,306,450,439,520,380,0.2793
1/10/2020,8,Manawatu-Wanganui Region,519,16632,489,380,364,450,310,0.32
1/10/2020,18,Marlborough Region,75,2391,78,425,412,475,370,0.2287
1/10/2020,-1,NA,849,32325,294,495,444,616,370,0.5183
1/10/2020,17,Nelson Region,168,4269,165,430,398,510,350,0.3843
1/10/2020,1,Northland Region,273,9762,279,440,417,500,370,0.3774
1/10/2020,14,Otago Region,576,18867,615,450,423,550,350,0.3806
1/10/2020,15,Southland Region,192,5706,192,330,315,385,280,0.2911
1/10/2020,7,Taranaki Region,213,7278,237,390,387,450,333,0.2544
1/10/2020,16,Tasman Region,72,2430,90,460,435,535,375,0.2935
1/10/2020,3,Waikato Region,1182,35391,1080,440,415,520,350,0.3412
1/10/2020,9,Wellington Region,1332,44385,1281,530,508,650,410,0.424
1/10/2020,12,West Coast Region,48,1425,57,290,271,326,248,0.282
1/12/1998,-99,ALL,10896,168906,12972,190,189,245,150,0.4009
1/09/2020,2,Auckland Region,4287,139998,4290,560,548,680,450,0.3991
1/09/2020,4,Bay of Plenty Region,672,22137,642,490,469,580,400,0.3264
1/12/1998,13,Canterbury Region,1254,19521,1482,175,167,210,135,0.3575
1/09/2020,5,Gisborne Region,78,2745,87,365,332,450,250,0.4564
1/09/2020,6,Hawke's Bay Region,237,9657,228,430,416,520,350,0.3013
1/09/2020,8,Manawatu-Wanganui Region,492,16602,462,380,361,450,300,0.3184
1/09/2020,18,Marlborough Region,84,2394,102,400,397,470,350,0.2492
1/09/2020,-1,NA,711,31770,279,470,437,594,350,0.4562
1/09/2020,17,Nelson Region,147,4263,156,445,406,498,355,0.3696
1/09/2020,1,Northland Region,300,9768,264,410,391,495,340,0.3639
1/09/2020,14,Otago Region,603,18903,585,428,410,550,320,0.3879
1/09/2020,15,Southland Region,198,5706,177,320,296,380,255,0.3462
1/09/2020,7,Taranaki Region,204,7302,201,380,369,450,300,0.3419
1/09/2020,16,Tasman Region,78,2448,69,440,416,520,345,0.3245
1/09/2020,3,Waikato Region,1083,35289,1056,440,415,515,350,0.3133
1/09/2020,9,Wellington Region,1209,44334,1023,500,485,640,390,0.4024
1/09/2020,12,West Coast Region,45,1434,45,300,297,350,258,0.2462
1/01/1999,-99,ALL,15102,171945,12063,195,191,250,150,0.4487
1/08/2020,2,Auckland Region,4629,140001,4230,555,552,680,450,0.3803
1/08/2020,4,Bay of Plenty Region,723,22104,681,500,468,570,410,0.3216
1/01/1999,13,Canterbury Region,1866,19863,1524,180,170,220,140,0.419
1/08/2020,5,Gisborne Region,63,2754,63,380,383,450,321,0.3017
1/08/2020,6,Hawke's Bay Region,276,9645,279,450,429,520,365,0.2832
1/08/2020,8,Manawatu-Wanganui Region,465,16572,486,365,350,430,300,0.3355
1/08/2020,18,Marlborough Region,81,2412,75,410,409,480,358,0.2006
1/08/2020,-1,NA,720,31338,249,450,408,570,340,0.5563
1/08/2020,17,Nelson Region,159,4272,150,428,374,490,285,0.4088
1/08/2020,1,Northland Region,279,9732,261,423,406,509,350,0.3244
1/08/2020,14,Otago Region,600,18885,555,400,396,500,310,0.3933
1/08/2020,15,Southland Region,189,5685,195,320,287,380,220,0.3725
1/08/2020,7,Taranaki Region,228,7302,216,380,370,450,319,0.3104
1/08/2020,16,Tasman Region,93,2436,75,440,407,505,343,0.3199
1/08/2020,3,Waikato Region,1266,35262,1074,430,407,519,350,0.3352
1/08/2020,9,Wellington Region,1269,44145,1122,500,479,620,390,0.4198
1/08/2020,12,West Coast Region,60,1431,57,300,298,348,260,0.3046
1/02/1999,-99,ALL,15315,174759,12501,190,188,250,145,0.4309
1/07/2020,2,Auckland Region,4893,139605,4269,550,537,674,450,0.3934
1/07/2020,4,Bay of Plenty Region,738,22059,597,490,449,550,385,0.3341
1/02/1999,13,Canterbury Region,2082,20271,1674,180,175,230,140,0.3953
1/07/2020,5,Gisborne Region,69,2754,60,400,384,475,310,0.3072
1/07/2020,6,Hawke's Bay Region,264,9648,237,435,409,500,350,0.3004
1/07/2020,8,Manawatu-Wanganui Region,495,16593,387,350,339,435,275,0.3679
1/07/2020,18,Marlborough Region,72,2406,78,430,413,480,378,0.2339
1/07/2020,-1,NA,774,30867,231,470,420,580,350,0.5186
1/07/2020,17,Nelson Region,141,4263,120,415,375,500,303,0.4012
1/07/2020,1,Northland Region,312,9714,285,440,415,500,370,0.3165
1/07/2020,14,Otago Region,720,18840,534,425,403,520,320,0.4011
1/07/2020,15,Southland Region,231,5691,231,310,297,380,250,0.3496
1/07/2020,7,Taranaki Region,252,7290,216,380,360,450,300,0.3507
1/07/2020,16,Tasman Region,78,2421,63,450,417,538,340,0.3751
1/07/2020,3,Waikato Region,1227,35070,1005,430,402,510,330,0.338
1/07/2020,9,Wellington Region,1284,44001,1038,505,490,625,400,0.3991
1/07/2020,12,West Coast Region,48,1428,57,300,284,338,250,0.2641
1/03/1999,-99,ALL,13155,175380,12534,190,188,250,145,0.4187
1/06/2020,2,Auckland Region,4440,138978,3813,560,552,680,453,0.3764
1/06/2020,4,Bay of Plenty Region,705,21918,576,475,442,550,381,0.3445
1/03/1999,13,Canterbury Region,1587,20385,1473,170,163,210,130,0.401
1/06/2020,5,Gisborne Region,69,2745,54,380,373,430,303,0.2779
1/06/2020,6,Hawke's Bay Region,243,9621,207,438,426,500,360,0.3147
1/06/2020,8,Manawatu-Wanganui Region,525,16488,366,350,341,430,280,0.3549
1/06/2020,18,Marlborough Region,69,2412,60,425,397,485,350,0.2942
1/06/2020,-1,NA,741,30324,240,470,438,600,350,0.4744
1/06/2020,17,Nelson Region,150,4242,138,420,394,500,349,0.3723
1/06/2020,1,Northland Region,273,9687,249,423,400,490,350,0.3597
1/06/2020,14,Otago Region,684,18657,609,425,404,550,310,0.4167
1/06/2020,15,Southland Region,189,5691,180,320,282,360,240,0.3778
1/06/2020,7,Taranaki Region,246,7254,204,360,343,440,290,0.36
1/06/2020,16,Tasman Region,66,2403,57,450,424,503,378,0.2724
1/06/2020,3,Waikato Region,1128,34845,957,420,399,500,320,0.3353
1/06/2020,9,Wellington Region,1224,43752,999,500,476,620,390,0.4122
1/06/2020,12,West Coast Region,54,1434,54,280,264,320,230,0.3314
1/04/1999,-99,ALL,12303,176598,11085,190,188,250,150,0.4171
1/05/2020,2,Auckland Region,4023,138351,3603,550,545,670,450,0.3695
1/05/2020,4,Bay of Plenty Region,714,21789,534,480,464,550,400,0.2624
1/04/1999,13,Canterbury Region,1464,20544,1308,165,161,200,130,0.3844
1/05/2020,5,Gisborne Region,60,2730,42,380,358,455,294,0.3158
1/05/2020,6,Hawke's Bay Region,276,9585,204,450,421,518,360,0.302
1/05/2020,8,Manawatu-Wanganui Region,471,16329,321,360,349,430,295,0.3136
1/05/2020,18,Marlborough Region,81,2403,69,400,397,460,350,0.3013
1/05/2020,-1,NA,630,29823,234,450,421,570,350,0.5046
1/05/2020,17,Nelson Region,165,4230,123,423,400,500,345,0.3408
1/05/2020,1,Northland Region,309,9666,261,420,406,495,350,0.2816
1/05/2020,14,Otago Region,606,18582,525,430,422,550,340,0.417
1/05/2020,15,Southland Region,180,5682,165,320,299,380,248,0.3699
1/05/2020,7,Taranaki Region,237,7212,180,380,370,455,300,0.3542
1/05/2020,16,Tasman Region,105,2394,93,443,423,500,350,0.2603
1/05/2020,3,Waikato Region,1104,34674,909,430,407,510,350,0.3251
1/05/2020,9,Wellington Region,1176,43527,966,500,485,620,400,0.4062
1/05/2020,12,West Coast Region,42,1437,48,285,280,340,250,0.2619
1/05/1999,-99,ALL,12963,178266,11295,190,190,250,150,0.4079
1/04/2020,2,Auckland Region,1647,137931,1953,570,568,690,475,0.3734
1/04/2020,4,Bay of Plenty Region,285,21609,285,480,460,550,400,0.2894
1/05/1999,13,Canterbury Region,1461,20661,1344,175,162,200,135,0.3819
1/04/2020,5,Gisborne Region,36,2709,30,370,335,450,250,0.4497
1/04/2020,6,Hawke's Bay Region,81,9513,108,450,417,500,363,0.3791
1/04/2020,8,Manawatu-Wanganui Region,174,16179,171,380,356,450,310,0.4001
1/04/2020,18,Marlborough Region,36,2388,33,400,345,420,300,0.3526
1/04/2020,-1,NA,246,29427,108,470,442,583,370,0.4755
1/04/2020,17,Nelson Region,63,4188,51,480,432,573,380,0.3939
1/04/2020,1,Northland Region,111,9618,114,430,395,495,341,0.3627
1/04/2020,14,Otago Region,252,18501,252,435,429,598,323,0.4545
1/04/2020,15,Southland Region,63,5664,63,325,306,380,241,0.3442
1/04/2020,7,Taranaki Region,78,7155,87,395,371,448,300,0.3154
1/04/2020,16,Tasman Region,42,2382,30,445,433,515,391,0.2267
1/04/2020,3,Waikato Region,420,34479,408,450,418,500,355,0.3037
1/04/2020,9,Wellington Region,477,43317,495,530,518,670,420,0.4204
1/04/2020,12,West Coast Region,18,1443,24,350,337,375,288,0.2929
1/06/1999,-99,ALL,11733,178671,11328,190,188,250,148,0.4147
1/03/2020,2,Auckland Region,4461,138237,4704,560,556,680,460,0.367
1/03/2020,4,Bay of Plenty Region,726,21609,732,480,458,560,390,0.29
1/06/1999,13,Canterbury Region,1302,20688,1278,170,161,200,130,0.3681
1/03/2020,5,Gisborne Region,57,2703,78,400,378,465,300,0.3621
1/03/2020,6,Hawke's Bay Region,279,9543,285,450,431,518,371,0.2986
1/03/2020,8,Manawatu-Wanganui Region,507,16176,519,350,344,430,280,0.3279
1/03/2020,18,Marlborough Region,87,2385,78,400,392,470,350,0.2964
1/03/2020,-1,NA,663,29289,255,490,458,600,375,0.4859
1/03/2020,17,Nelson Region,153,4173,171,430,379,510,325,0.4439
1/03/2020,1,Northland Region,270,9621,267,410,403,495,350,0.2862
1/03/2020,14,Otago Region,609,18501,588,435,426,599,320,0.4684
1/03/2020,15,Southland Region,177,5667,177,300,282,360,240,0.3662
1/03/2020,7,Taranaki Region,195,7164,213,380,382,445,310,0.3189
1/03/2020,16,Tasman Region,102,2370,96,460,426,520,388,0.3245
1/03/2020,3,Waikato Region,1176,34467,1164,430,410,510,350,0.3291
1/03/2020,9,Wellington Region,1419,43335,1428,530,516,650,410,0.383
1/03/2020,12,West Coast Region,42,1446,57,280,271,340,250,0.346
1/07/1999,-99,ALL,13758,180372,12057,190,191,250,150,0.4214
1/02/2020,2,Auckland Region,5838,138480,5241,560,553,680,460,0.3711
1/02/2020,4,Bay of Plenty Region,657,21612,603,480,450,550,390,0.3316
1/07/1999,13,Canterbury Region,1497,20808,1374,170,162,200,135,0.3755
1/02/2020,5,Gisborne Region,93,2724,81,388,365,455,300,0.4133
1/02/2020,6,Hawke's Bay Region,237,9549,225,435,417,524,350,0.3517
1/02/2020,8,Manawatu-Wanganui Region,618,16188,453,350,330,420,270,0.3459
1/02/2020,18,Marlborough Region,69,2376,78,405,399,490,350,0.2585
1/02/2020,-1,NA,690,28881,237,470,451,620,360,0.5117
1/02/2020,17,Nelson Region,159,4194,126,413,375,479,321,0.3943
1/02/2020,1,Northland Region,291,9615,252,433,409,500,350,0.2832
1/02/2020,14,Otago Region,846,18483,573,413,388,530,280,0.4843
1/02/2020,15,Southland Region,201,5667,192,300,278,360,220,0.3925
1/02/2020,7,Taranaki Region,249,7182,228,360,359,430,300,0.3242
1/02/2020,16,Tasman Region,75,2364,63,420,403,520,310,0.3242
1/02/2020,3,Waikato Region,1533,34455,1338,440,411,520,330,0.3447
1/02/2020,9,Wellington Region,2610,43344,2367,550,551,740,430,0.4379
1/02/2020,12,West Coast Region,51,1461,42,280,279,340,240,0.3269
1/08/1999,-99,ALL,12423,180843,11952,190,189,250,150,0.4186
1/01/2020,2,Auckland Region,4704,137883,4470,560,554,685,460,0.3803
1/01/2020,4,Bay of Plenty Region,642,21558,651,495,462,570,400,0.3723
1/08/1999,13,Canterbury Region,1443,20832,1422,170,161,200,130,0.3717
1/01/2020,5,Gisborne Region,75,2712,78,370,376,450,326,0.266
1/01/2020,6,Hawke's Bay Region,255,9537,240,410,402,500,340,0.3177
1/01/2020,8,Manawatu-Wanganui Region,534,16023,465,360,346,440,280,0.3424
1/01/2020,18,Marlborough Region,81,2382,72,420,395,461,350,0.2476
1/01/2020,-1,NA,669,28428,225,480,437,600,340,0.5372
1/01/2020,17,Nelson Region,132,4161,138,450,401,520,360,0.4193
1/01/2020,1,Northland Region,282,9576,255,425,387,491,338,0.3662
1/01/2020,14,Otago Region,2922,18210,960,480,456,700,300,0.5429
1/01/2020,15,Southland Region,213,5658,165,320,288,380,235,0.4088
1/01/2020,7,Taranaki Region,219,7161,222,390,382,478,310,0.3723
1/01/2020,16,Tasman Region,81,2352,75,460,415,520,358,0.3336
1/01/2020,3,Waikato Region,1317,34263,1146,425,405,511,330,0.3384
1/01/2020,9,Wellington Region,1881,43104,2043,550,541,710,420,0.4229
1/01/2020,12,West Coast Region,48,1455,48,260,246,308,208,0.3556
1/09/1999,-99,ALL,12249,181389,11700,190,190,245,150,0.4181
1/12/2019,2,Auckland Region,4227,137646,4386,550,545,670,460,0.3905
1/12/2019,4,Bay of Plenty Region,678,21567,729,470,449,550,388,0.2926
1/09/1999,13,Canterbury Region,1368,20805,1392,170,162,200,135,0.3629
1/12/2019,5,Gisborne Region,66,2715,78,350,328,403,279,0.3621
1/12/2019,6,Hawke's Bay Region,255,9522,297,420,406,490,350,0.3205
1/12/2019,8,Manawatu-Wanganui Region,546,15954,534,350,342,440,280,0.364
1/12/2019,18,Marlborough Region,72,2376,90,393,385,450,340,0.2324
1/12/2019,-1,NA,609,27984,237,480,453,595,380,0.4839
1/12/2019,17,Nelson Region,159,4167,168,420,398,500,350,0.3708
1/12/2019,1,Northland Region,294,9549,306,420,402,495,350,0.3056
1/12/2019,14,Otago Region,672,16248,2673,420,418,573,320,0.442
1/12/2019,15,Southland Region,210,5610,204,300,283,354,250,0.3353
1/12/2019,7,Taranaki Region,225,7161,240,380,364,460,300,0.3287
1/12/2019,16,Tasman Region,69,2346,84,440,408,500,350,0.2833
1/12/2019,3,Waikato Region,1170,34092,1200,420,401,495,340,0.3308
1/12/2019,9,Wellington Region,1356,43266,1329,528,520,680,400,0.4179
1/12/2019,12,West Coast Region,42,1455,54,272,269,320,250,0.3062
1/10/1999,-99,ALL,12609,182628,11370,190,190,250,150,0.41
1/11/2019,2,Auckland Region,4668,137808,4320,550,533,650,450,0.3784
1/11/2019,4,Bay of Plenty Region,744,21618,714,470,440,550,380,0.3397
1/10/1999,13,Canterbury Region,1470,20925,1353,170,164,200,130,0.3567
1/11/2019,5,Gisborne Region,93,2724,84,360,345,428,300,0.3412
1/11/2019,6,Hawke's Bay Region,267,9564,261,420,410,496,350,0.2714
1/11/2019,8,Manawatu-Wanganui Region,573,15942,654,360,356,443,290,0.367
1/11/2019,18,Marlborough Region,93,2394,75,390,382,448,350,0.2047
1/11/2019,-1,NA,636,27612,237,470,434,580,350,0.4878
1/11/2019,17,Nelson Region,177,4179,198,413,371,490,325,0.4049
1/11/2019,1,Northland Region,321,9561,309,400,379,460,330,0.315
1/11/2019,14,Otago Region,552,18249,705,400,410,550,300,0.4495
1/11/2019,15,Southland Region,201,5604,201,300,276,350,230,0.3546
1/11/2019,7,Taranaki Region,237,7176,261,360,353,430,295,0.3261
1/11/2019,16,Tasman Region,75,2358,69,420,398,500,350,0.349
1/11/2019,3,Waikato Region,1155,34122,1092,420,395,485,320,0.3358
1/11/2019,9,Wellington Region,1563,43239,1518,525,518,690,395,0.4634
1/11/2019,12,West Coast Region,54,1467,51,265,245,300,240,0.3917
1/11/1999,-99,ALL,12294,182046,12876,190,191,250,150,0.4223
1/10/2019,2,Auckland Region,4317,137460,4110,550,535,660,450,0.3916
1/10/2019,4,Bay of Plenty Region,627,21585,633,465,446,550,390,0.2908
1/11/1999,13,Canterbury Region,1461,20829,1557,170,162,200,133,0.3927
1/10/2019,5,Gisborne Region,54,2718,63,360,332,420,280,0.3424
1/10/2019,6,Hawke's Bay Region,228,9558,252,410,406,500,350,0.3553
1/10/2019,8,Manawatu-Wanganui Region,459,16020,474,350,335,410,275,0.3241
1/10/2019,18,Marlborough Region,75,2376,72,420,397,460,360,0.2486
1/10/2019,-1,NA,609,27213,240,448,407,590,320,0.5826
1/10/2019,17,Nelson Region,153,4200,135,420,383,480,335,0.3518
1/10/2019,1,Northland Region,300,9549,294,400,396,480,330,0.3109
1/10/2019,14,Otago Region,519,18399,627,423,420,589,330,0.4744
1/10/2019,15,Southland Region,177,5604,138,300,280,350,220,0.347
1/10/2019,7,Taranaki Region,216,7200,210,360,344,423,280,0.3202
1/10/2019,16,Tasman Region,84,2352,81,410,398,500,375,0.3533
1/10/2019,3,Waikato Region,1047,34059,1047,410,394,490,330,0.3149
1/10/2019,9,Wellington Region,1146,43194,1104,490,476,610,380,0.4067
1/10/2019,12,West Coast Region,45,1464,60,300,255,350,210,0.42
1/12/1999,-99,ALL,11385,179814,13620,190,191,250,150,0.4215
1/09/2019,2,Auckland Region,4449,137253,4083,540,527,641,450,0.3779
1/09/2019,4,Bay of Plenty Region,660,21591,639,460,429,530,380,0.3284
1/12/1999,13,Canterbury Region,1350,20502,1680,175,168,210,140,0.3864
1/09/2019,5,Gisborne Region,57,2724,75,370,340,450,280,0.3657
1/09/2019,6,Hawke's Bay Region,246,9579,237,400,383,490,320,0.3394
1/09/2019,8,Manawatu-Wanganui Region,471,16035,453,335,320,408,261,0.3463
1/09/2019,18,Marlborough Region,81,2373,78,385,384,450,338,0.2539
1/09/2019,-1,NA,600,26844,228,470,441,580,350,0.5043
1/09/2019,17,Nelson Region,159,4182,150,415,378,495,289,0.4159
1/09/2019,1,Northland Region,321,9546,312,400,382,475,325,0.3152
1/09/2019,14,Otago Region,465,18507,498,395,393,550,300,0.4644
1/09/2019,15,Southland Region,192,5565,159,290,267,350,220,0.3878
1/09/2019,7,Taranaki Region,231,7194,204,360,347,415,290,0.2817
1/09/2019,16,Tasman Region,84,2349,78,450,419,500,365,0.2648
1/09/2019,3,Waikato Region,1095,34059,1071,400,382,475,315,0.3462
1/09/2019,9,Wellington Region,1155,43152,1095,495,474,620,380,0.3928
1/09/2019,12,West Coast Region,57,1476,51,280,264,340,240,0.3396
1/01/2000,-99,ALL,15453,183054,12213,195,193,250,150,0.4468
1/08/2019,2,Auckland Region,4851,136887,4164,550,535,655,450,0.371
1/08/2019,4,Bay of Plenty Region,765,21570,654,450,422,530,360,0.3288
1/01/2000,13,Canterbury Region,2025,20862,1665,180,173,220,140,0.3841
1/08/2019,5,Gisborne Region,99,2742,81,300,299,385,235,0.3979
1/08/2019,6,Hawke's Bay Region,327,9570,267,400,398,490,340,0.2916
1/08/2019,8,Manawatu-Wanganui Region,510,16017,411,340,320,400,270,0.3211
1/08/2019,18,Marlborough Region,93,2373,78,400,383,450,325,0.2294
1/08/2019,-1,NA,657,26472,219,460,426,580,340,0.5196
1/08/2019,17,Nelson Region,156,4173,129,420,395,484,353,0.3652
1/08/2019,1,Northland Region,339,9534,312,400,381,470,325,0.2954
1/08/2019,14,Otago Region,486,18540,417,400,398,520,310,0.4442
1/08/2019,15,Southland Region,210,5532,174,290,263,349,216,0.4183
1/08/2019,7,Taranaki Region,240,7167,237,358,351,440,280,0.3284
1/08/2019,16,Tasman Region,75,2340,69,388,387,450,338,0.2352
1/08/2019,3,Waikato Region,1218,34035,1065,400,386,480,320,0.3229
1/08/2019,9,Wellington Region,1230,43092,1050,480,461,600,370,0.3908
1/08/2019,12,West Coast Region,39,1473,39,260,250,330,210,0.4305
1/02/2000,-99,ALL,16137,185667,13524,190,191,250,145,0.4365
1/07/2019,2,Auckland Region,4986,136200,4353,540,526,650,445,0.39
1/07/2019,4,Bay of Plenty Region,792,21459,681,470,444,545,380,0.2798
1/02/2000,13,Canterbury Region,2157,21261,1755,180,173,220,140,0.3863
1/07/2019,5,Gisborne Region,63,2724,69,330,327,438,270,0.3371
1/07/2019,6,Hawke's Bay Region,285,9513,243,395,380,480,320,0.3102
1/07/2019,8,Manawatu-Wanganui Region,519,15918,513,345,322,400,270,0.3402
1/07/2019,18,Marlborough Region,87,2358,111,395,378,450,320,0.2413
1/07/2019,-1,NA,636,26034,240,430,410,550,330,0.5031
1/07/2019,17,Nelson Region,159,4146,159,400,376,480,348,0.3652
1/07/2019,1,Northland Region,324,9510,300,380,371,450,320,0.2922
1/07/2019,14,Otago Region,621,18468,465,397,383,520,275,0.4897
1/07/2019,15,Southland Region,204,5493,177,285,273,350,238,0.3664
1/07/2019,7,Taranaki Region,237,7164,219,348,327,405,269,0.3341
1/07/2019,16,Tasman Region,93,2334,84,425,383,471,304,0.3091
1/07/2019,3,Waikato Region,1305,33882,1191,400,380,475,303,0.3423
1/07/2019,9,Wellington Region,1278,42912,1179,490,467,600,375,0.4168
1/07/2019,12,West Coast Region,51,1473,54,260,245,330,225,0.42
1/03/2000,-99,ALL,13326,185937,13056,190,189,245,150,0.4148
1/06/2019,2,Auckland Region,4548,135567,4065,550,536,660,450,0.3832
1/06/2019,4,Bay of Plenty Region,696,21348,669,450,436,540,378,0.2887
1/03/2000,13,Canterbury Region,1605,21258,1608,170,166,205,135,0.3523
1/06/2019,5,Gisborne Region,75,2730,78,345,337,453,250,0.3984
1/06/2019,6,Hawke's Bay Region,276,9468,255,400,398,486,350,0.3044
1/06/2019,8,Manawatu-Wanganui Region,471,15912,447,320,308,390,250,0.3774
1/06/2019,18,Marlborough Region,72,2379,78,380,356,435,300,0.2616
1/06/2019,-1,NA,633,25635,222,450,420,580,320,0.4992
1/06/2019,17,Nelson Region,120,4143,129,420,378,475,330,0.3474
1/06/2019,1,Northland Region,303,9486,297,413,403,491,350,0.2468
1/06/2019,14,Otago Region,615,18315,576,400,416,600,300,0.5039
1/06/2019,15,Southland Region,189,5469,183,280,255,340,208,0.3908
1/06/2019,7,Taranaki Region,255,7149,234,350,346,423,300,0.3014
1/06/2019,16,Tasman Region,93,2325,90,420,374,460,300,0.3159
1/06/2019,3,Waikato Region,1251,33771,1062,400,379,480,300,0.3432
1/06/2019,9,Wellington Region,1251,42810,1065,480,466,608,370,0.4011
1/06/2019,12,West Coast Region,36,1479,51,285,267,333,230,0.3748
1/04/2000,-99,ALL,12522,188037,10422,190,193,250,150,0.4134
1/05/2019,2,Auckland Region,4533,135084,4569,540,530,650,450,0.3732
1/05/2019,4,Bay of Plenty Region,789,21324,735,460,426,535,360,0.3292
1/04/2000,13,Canterbury Region,1401,21501,1158,175,168,210,138,0.3534
1/05/2019,5,Gisborne Region,75,2733,84,360,352,430,300,0.2591
1/05/2019,6,Hawke's Bay Region,315,9450,315,400,394,480,330,0.2829
1/05/2019,8,Manawatu-Wanganui Region,495,15888,486,323,306,381,250,0.3413
1/05/2019,18,Marlborough Region,90,2385,108,400,383,450,340,0.2696
1/05/2019,-1,NA,567,25224,267,450,419,550,330,0.478
1/05/2019,17,Nelson Region,171,4152,147,400,374,470,320,0.3681
1/05/2019,1,Northland Region,345,9480,321,400,385,470,330,0.2895
1/05/2019,14,Otago Region,615,18273,492,420,414,600,300,0.4973
1/05/2019,15,Southland Region,195,5463,195,300,278,350,230,0.3357
1/05/2019,7,Taranaki Region,252,7125,255,350,348,430,283,0.3274
1/05/2019,16,Tasman Region,96,2325,90,400,393,470,340,0.2985
1/05/2019,3,Waikato Region,1191,33579,1203,400,384,470,320,0.3077
1/05/2019,9,Wellington Region,1275,42624,1200,480,458,595,370,0.399
1/05/2019,12,West Coast Region,69,1491,63,300,270,330,250,0.2788
1/05/2000,-99,ALL,12411,188100,12348,190,190,250,150,0.4098
1/04/2019,2,Auckland Region,4509,135120,4317,550,534,650,450,0.3701
1/04/2019,4,Bay of Plenty Region,687,21267,717,450,432,540,375,0.3212
1/05/2000,13,Canterbury Region,1443,21564,1380,175,168,210,135,0.3374
1/04/2019,5,Gisborne Region,66,2742,87,350,341,400,300,0.2548
1/04/2019,6,Hawke's Bay Region,261,9450,303,400,400,480,340,0.2842
1/04/2019,8,Manawatu-Wanganui Region,519,15882,498,320,308,390,250,0.3408
1/04/2019,18,Marlborough Region,72,2403,72,363,359,433,310,0.2825
1/04/2019,-1,NA,531,24924,216,460,444,590,350,0.4855
1/04/2019,17,Nelson Region,159,4128,150,430,401,495,350,0.3492
1/04/2019,1,Northland Region,345,9456,354,380,372,450,320,0.3022
1/04/2019,14,Otago Region,531,18153,519,395,396,540,300,0.4786
1/04/2019,15,Southland Region,171,5460,177,300,279,350,250,0.3406
1/04/2019,7,Taranaki Region,222,7128,231,350,335,408,270,0.3493
1/04/2019,16,Tasman Region,78,2319,81,420,399,473,340,0.2634
1/04/2019,3,Waikato Region,1071,33591,1059,410,391,490,330,0.3312
1/04/2019,9,Wellington Region,1302,42549,1242,470,463,600,360,0.4247
1/04/2019,12,West Coast Region,51,1488,66,280,275,320,248,0.2179
1/06/2000,-99,ALL,12639,188586,12150,190,192,250,150,0.4027
1/03/2019,2,Auckland Region,5325,134925,5097,540,531,650,450,0.383
1/03/2019,4,Bay of Plenty Region,723,21297,678,450,422,530,370,0.3306
1/06/2000,13,Canterbury Region,1470,21591,1440,175,169,210,140,0.3188
1/03/2019,5,Gisborne Region,84,2763,69,320,302,400,220,0.4486
1/03/2019,6,Hawke's Bay Region,267,9492,291,400,392,480,340,0.3111
1/03/2019,8,Manawatu-Wanganui Region,546,15861,576,320,310,390,250,0.3402
1/03/2019,18,Marlborough Region,75,2400,87,380,360,430,318,0.2527
1/03/2019,-1,NA,528,24609,255,450,425,579,340,0.4822
1/03/2019,17,Nelson Region,171,4119,159,400,370,450,338,0.3225
1/03/2019,1,Northland Region,303,9468,339,385,376,450,310,0.3287
1/03/2019,14,Otago Region,687,18138,588,390,384,540,280,0.4968
1/03/2019,15,Southland Region,177,5469,156,290,269,348,226,0.3626
1/03/2019,7,Taranaki Region,243,7137,249,360,353,438,281,0.3425
1/03/2019,16,Tasman Region,87,2319,87,430,400,500,350,0.326
1/03/2019,3,Waikato Region,1278,33582,1194,400,380,475,319,0.3337
1/03/2019,9,Wellington Region,1698,42489,1491,485,471,610,370,0.4305
1/03/2019,12,West Coast Region,48,1500,63,260,251,305,213,0.3111
1/07/2000,-99,ALL,13938,190233,12294,190,194,250,150,0.4102
1/02/2019,2,Auckland Region,5457,134697,5052,540,530,670,440,0.3922
1/02/2019,4,Bay of Plenty Region,618,21255,591,460,432,540,360,0.3291
1/07/2000,13,Canterbury Region,1587,21834,1347,175,169,200,135,0.3343
1/02/2019,5,Gisborne Region,69,2748,57,345,338,426,293,0.3213
1/02/2019,6,Hawke's Bay Region,225,9516,249,400,382,480,310,0.3185
1/02/2019,8,Manawatu-Wanganui Region,522,15891,498,300,294,395,230,0.3883
1/02/2019,18,Marlborough Region,84,2415,60,350,355,423,308,0.2613
1/02/2019,-1,NA,558,24336,228,470,428,598,335,0.5269
1/02/2019,17,Nelson Region,150,4107,153,390,358,470,293,0.396
1/02/2019,1,Northland Region,303,9504,294,380,371,460,300,0.3069
1/02/2019,14,Otago Region,858,18039,639,360,361,500,250,0.5054
1/02/2019,15,Southland Region,207,5448,180,260,236,323,184,0.4008
1/02/2019,7,Taranaki Region,234,7140,228,330,317,395,260,0.3435
1/02/2019,16,Tasman Region,72,2319,72,408,390,490,316,0.334
1/02/2019,3,Waikato Region,1464,33501,1335,400,378,490,300,0.3954
1/02/2019,9,Wellington Region,2493,42282,2397,540,530,740,395,0.4519
1/02/2019,12,West Coast Region,48,1515,42,278,260,316,220,0.2733
1/08/2000,-99,ALL,12516,190311,12438,190,191,250,150,0.408
1/01/2019,2,Auckland Region,4656,134295,4587,550,538,670,450,0.3882
1/01/2019,4,Bay of Plenty Region,603,21228,657,450,422,530,350,0.3474
1/08/2000,13,Canterbury Region,1461,21867,1428,170,165,200,135,0.3479
1/01/2019,5,Gisborne Region,75,2736,78,320,303,370,260,0.3308
1/01/2019,6,Hawke's Bay Region,231,9540,255,393,373,450,310,0.3216
1/01/2019,8,Manawatu-Wanganui Region,453,15867,477,315,300,380,240,0.3311
1/01/2019,18,Marlborough Region,63,2394,60,350,352,420,303,0.2383
1/01/2019,-1,NA,531,24006,213,450,425,590,325,0.497
1/01/2019,17,Nelson Region,141,4107,138,385,350,455,280,0.4044
1/01/2019,1,Northland Region,243,9495,270,380,371,460,318,0.3205
1/01/2019,14,Otago Region,2961,17820,1041,425,411,650,265,0.5549
1/01/2019,15,Southland Region,201,5421,198,280,262,320,230,0.3456
1/01/2019,7,Taranaki Region,213,7137,234,340,336,410,270,0.3081
1/01/2019,16,Tasman Region,57,2319,81,410,385,500,328,0.3785
1/01/2019,3,Waikato Region,1182,33369,1224,400,382,480,310,0.3552
1/01/2019,9,Wellington Region,1791,42186,2139,510,504,680,380,0.4429
1/01/2019,12,West Coast Region,45,1509,57,265,254,300,225,0.2754
1/09/2000,-99,ALL,13020,191895,11436,190,192,250,150,0.4043
1/12/2018,2,Auckland Region,4191,134226,4500,538,527,650,450,0.3634
1/12/2018,4,Bay of Plenty Region,669,21285,774,440,415,520,350,0.3279
1/09/2000,13,Canterbury Region,1512,22110,1269,170,165,200,135,0.3445
1/12/2018,5,Gisborne Region,72,2739,96,340,329,393,300,0.294
1/12/2018,6,Hawke's Bay Region,288,9567,294,390,382,468,320,0.299
1/12/2018,8,Manawatu-Wanganui Region,519,15891,555,320,313,390,260,0.3621
1/12/2018,18,Marlborough Region,66,2391,81,375,359,420,310,0.2306
1/12/2018,-1,NA,507,23688,231,450,430,560,350,0.4591
1/12/2018,17,Nelson Region,141,4107,180,400,361,460,320,0.3914
1/12/2018,1,Northland Region,327,9519,372,390,382,450,330,0.2593
1/12/2018,14,Otago Region,600,15900,2793,360,368,495,270,0.4726
1/12/2018,15,Southland Region,171,5418,198,280,257,330,220,0.3512
1/12/2018,7,Taranaki Region,228,7158,261,350,334,410,270,0.3224
1/12/2018,16,Tasman Region,72,2343,78,400,384,495,320,0.3287
1/12/2018,3,Waikato Region,1101,33411,1194,395,379,464,320,0.3124
1/12/2018,9,Wellington Region,1281,42534,1419,480,466,620,360,0.4345
1/12/2018,12,West Coast Region,63,1521,63,260,259,300,220,0.3033
1/10/2000,-99,ALL,11940,192129,11706,190,193,250,150,0.3987
1/11/2018,2,Auckland Region,4422,134532,4518,540,526,650,440,0.3684
1/11/2018,4,Bay of Plenty Region,717,21390,762,440,412,520,350,0.3331
1/10/2000,13,Canterbury Region,1368,22134,1344,170,167,200,135,0.3213
1/11/2018,5,Gisborne Region,90,2763,78,315,296,373,240,0.3342
1/11/2018,6,Hawke's Bay Region,309,9573,309,380,378,460,320,0.3731
1/11/2018,8,Manawatu-Wanganui Region,627,15927,711,325,315,397,250,0.3832
1/11/2018,18,Marlborough Region,69,2406,84,365,352,410,300,0.2998
1/11/2018,-1,NA,462,23415,222,438,413,560,340,0.5054
1/11/2018,17,Nelson Region,153,4146,168,390,359,464,305,0.3684
1/11/2018,1,Northland Region,312,9567,327,380,361,450,300,0.3041
1/11/2018,14,Otago Region,555,18090,693,395,399,565,290,0.4622
1/11/2018,15,Southland Region,195,5445,195,273,249,320,200,0.3981
1/11/2018,7,Taranaki Region,234,7191,225,320,315,380,250,0.3901
1/11/2018,16,Tasman Region,72,2349,81,380,370,450,298,0.2806
1/11/2018,3,Waikato Region,1200,33504,1236,390,370,460,300,0.3203
1/11/2018,9,Wellington Region,1527,42672,1602,460,454,620,350,0.484
1/11/2018,12,West Coast Region,60,1521,69,250,234,296,200,0.3567
1/11/2000,-99,ALL,12216,191439,12906,190,192,250,150,0.4117
1/10/2018,2,Auckland Region,4647,134631,4326,530,521,640,440,0.3835
1/10/2018,4,Bay of Plenty Region,711,21435,732,430,415,520,350,0.3109
1/11/2000,13,Canterbury Region,1380,21954,1557,170,168,200,135,0.3357
1/10/2018,5,Gisborne Region,69,2751,66,330,321,380,260,0.3173
1/10/2018,6,Hawke's Bay Region,258,9573,303,380,383,460,330,0.3045
1/10/2018,8,Manawatu-Wanganui Region,450,16011,492,300,297,370,250,0.3526
1/10/2018,18,Marlborough Region,90,2424,84,375,358,410,320,0.212
1/10/2018,-1,NA,465,23175,252,430,411,575,320,0.4872
1/10/2018,17,Nelson Region,147,4161,168,400,364,470,310,0.3941
1/10/2018,1,Northland Region,312,9582,294,380,360,450,294,0.3068
1/10/2018,14,Otago Region,516,18228,621,385,389,540,300,0.4586
1/10/2018,15,Southland Region,165,5445,189,270,251,320,220,0.3482
1/10/2018,7,Taranaki Region,252,7182,282,340,323,400,250,0.3414
1/10/2018,16,Tasman Region,84,2358,72,390,378,450,315,0.2809
1/10/2018,3,Waikato Region,1098,33543,1188,390,371,465,300,0.3371
1/10/2018,9,Wellington Region,1245,42747,1185,450,428,560,350,0.4151
1/10/2018,12,West Coast Region,66,1527,60,250,228,293,188,0.3897
1/12/2000,-99,ALL,11940,190083,13296,195,193,250,150,0.4164
1/09/2018,2,Auckland Region,4668,134310,4350,525,523,650,440,0.3594
1/09/2018,4,Bay of Plenty Region,768,21456,723,425,405,500,350,0.3093
1/12/2000,13,Canterbury Region,1440,21957,1440,175,167,210,135,0.3764
1/09/2018,5,Gisborne Region,66,2748,72,325,311,370,260,0.2962
1/09/2018,6,Hawke's Bay Region,264,9618,252,380,369,450,330,0.3361
1/09/2018,8,Manawatu-Wanganui Region,471,16053,450,300,288,365,240,0.3522
1/09/2018,18,Marlborough Region,87,2418,99,360,349,410,310,0.2807
1/09/2018,-1,NA,438,22962,237,450,424,575,330,0.486
1/09/2018,17,Nelson Region,138,4182,138,380,350,435,320,0.34
1/09/2018,1,Northland Region,294,9567,309,380,370,450,300,0.3408
1/09/2018,14,Otago Region,453,18333,486,368,378,500,280,0.4833
1/09/2018,15,Southland Region,183,5469,192,270,254,305,228,0.3525
1/09/2018,7,Taranaki Region,222,7209,255,330,323,400,270,0.3385
1/09/2018,16,Tasman Region,96,2346,78,370,358,450,300,0.3301
1/09/2018,3,Waikato Region,1104,33630,1101,380,358,450,290,0.3325
1/09/2018,9,Wellington Region,1245,42687,1185,460,434,575,350,0.4144
1/09/2018,12,West Coast Region,48,1521,60,250,240,293,200,0.3927
1/01/2001,-99,ALL,15858,193086,12858,200,196,260,150,0.4564
1/08/2018,2,Auckland Region,5001,133995,4617,525,516,630,440,0.3713
1/08/2018,4,Bay of Plenty Region,789,21411,726,420,401,500,350,0.3183
1/01/2001,13,Canterbury Region,1986,22272,1668,180,175,220,140,0.3864
1/08/2018,5,Gisborne Region,99,2751,81,320,300,360,250,0.3103
1/08/2018,6,Hawke's Bay Region,291,9606,291,380,370,450,305,0.2903
1/08/2018,8,Manawatu-Wanganui Region,534,16032,477,290,284,350,230,0.3238
1/08/2018,18,Marlborough Region,93,2430,84,360,344,410,301,0.2691
1/08/2018,-1,NA,492,22761,246,450,424,584,340,0.4963
1/08/2018,17,Nelson Region,162,4182,162,380,348,451,280,0.3937
1/08/2018,1,Northland Region,342,9582,312,375,361,450,300,0.2872
1/08/2018,14,Otago Region,483,18366,453,370,359,475,280,0.4479
1/08/2018,15,Southland Region,183,5478,207,255,238,300,200,0.3751
1/08/2018,7,Taranaki Region,291,7245,258,335,320,390,258,0.3195
1/08/2018,16,Tasman Region,96,2328,81,370,362,448,308,0.3071
1/08/2018,3,Waikato Region,1233,33627,1143,390,369,450,310,0.326
1/08/2018,9,Wellington Region,1350,42627,1224,440,421,550,340,0.4183
1/08/2018,12,West Coast Region,69,1533,51,260,239,300,210,0.334
1/02/2001,-99,ALL,16482,195972,13596,195,193,255,145,0.4482
1/07/2018,2,Auckland Region,4947,133611,4518,520,513,630,440,0.3691
1/07/2018,4,Bay of Plenty Region,765,21348,783,430,408,500,350,0.3059
1/02/2001,13,Canterbury Region,2217,22710,1782,180,173,230,135,0.4209
1/07/2018,5,Gisborne Region,102,2736,108,300,296,363,250,0.3182
1/07/2018,6,Hawke's Bay Region,318,9606,318,360,354,430,300,0.3061
1/07/2018,8,Manawatu-Wanganui Region,552,15975,507,285,276,350,230,0.3538
1/07/2018,18,Marlborough Region,102,2421,99,350,335,414,280,0.2879
1/07/2018,-1,NA,495,22512,225,440,406,560,300,0.4974
1/07/2018,17,Nelson Region,153,4182,141,365,335,446,260,0.3825
1/07/2018,1,Northland Region,318,9552,333,380,356,445,300,0.303
1/07/2018,14,Otago Region,573,18336,486,350,349,500,250,0.5107
1/07/2018,15,Southland Region,201,5502,210,250,232,290,183,0.353
1/07/2018,7,Taranaki Region,273,7212,261,320,319,400,260,0.3889
1/07/2018,16,Tasman Region,87,2313,75,398,379,460,338,0.3017
1/07/2018,3,Waikato Region,1224,33537,1149,380,355,450,295,0.3594
1/07/2018,9,Wellington Region,1326,42501,1254,428,413,550,325,0.4048
1/07/2018,12,West Coast Region,63,1518,63,250,245,303,220,0.3358
1/03/2001,-99,ALL,14850,197757,13065,195,195,250,150,0.4247
1/06/2018,2,Auckland Region,4860,133185,4383,520,521,650,440,0.3602
1/06/2018,4,Bay of Plenty Region,801,21366,738,430,406,510,350,0.3281
1/03/2001,13,Canterbury Region,1743,22938,1515,175,170,210,135,0.3583
1/06/2018,5,Gisborne Region,105,2742,87,300,289,391,220,0.375
1/06/2018,6,Hawke's Bay Region,315,9606,333,375,371,450,320,0.2855
1/06/2018,8,Manawatu-Wanganui Region,531,15933,510,300,286,360,231,0.3342
1/06/2018,18,Marlborough Region,72,2418,81,360,346,400,300,0.2434
1/06/2018,-1,NA,513,22245,213,400,376,510,300,0.5244
1/06/2018,17,Nelson Region,150,4170,132,365,337,430,280,0.3845
1/06/2018,1,Northland Region,360,9567,318,370,355,450,295,0.3095
1/06/2018,14,Otago Region,657,18249,498,390,390,575,280,0.4932
1/06/2018,15,Southland Region,228,5511,222,250,231,300,190,0.3404
1/06/2018,7,Taranaki Region,282,7203,249,300,303,374,250,0.3403
1/06/2018,16,Tasman Region,81,2301,87,363,318,431,250,0.4199
1/06/2018,3,Waikato Region,1293,33462,1158,380,358,450,300,0.3489
1/06/2018,9,Wellington Region,1332,42429,1197,440,420,550,330,0.3904
1/06/2018,12,West Coast Region,45,1518,57,250,238,321,191,0.3903
1/04/2001,-99,ALL,12591,199062,11286,200,197,250,150,0.4159
1/05/2018,2,Auckland Region,4539,132708,4515,520,519,640,440,0.3586
1/05/2018,4,Bay of Plenty Region,744,21300,777,425,406,500,350,0.3136
1/04/2001,13,Canterbury Region,1491,23103,1326,175,170,210,140,0.3523
1/05/2018,5,Gisborne Region,78,2724,87,320,321,360,285,0.2326
1/05/2018,6,Hawke's Bay Region,300,9624,330,365,365,450,300,0.3098
1/05/2018,8,Manawatu-Wanganui Region,519,15912,516,290,285,350,230,0.3333
1/05/2018,18,Marlborough Region,81,2427,96,380,371,420,320,0.195
1/05/2018,-1,NA,459,21945,267,420,403,550,300,0.4783
1/05/2018,17,Nelson Region,186,4152,162,390,358,450,318,0.3447
1/05/2018,1,Northland Region,339,9522,354,365,354,450,295,0.2923
1/05/2018,14,Otago Region,621,18090,522,385,385,560,271,0.5112
1/05/2018,15,Southland Region,165,5505,192,263,250,320,220,0.3273
1/05/2018,7,Taranaki Region,240,7170,261,320,304,380,250,0.2946
1/05/2018,16,Tasman Region,78,2307,81,420,384,480,350,0.3561
1/05/2018,3,Waikato Region,1155,33327,1209,380,358,450,295,0.3314
1/05/2018,9,Wellington Region,1290,42294,1203,430,407,550,325,0.4246
1/05/2018,12,West Coast Region,63,1530,60,250,246,280,210,0.2936
1/05/2001,-99,ALL,12495,199344,12213,190,194,250,150,0.4125
1/04/2018,2,Auckland Region,4536,132684,4512,525,522,645,435,0.3639
1/04/2018,4,Bay of Plenty Region,708,21333,786,430,405,500,350,0.3365
1/05/2001,13,Canterbury Region,1464,23226,1341,170,170,210,135,0.3422
1/04/2018,5,Gisborne Region,87,2733,96,330,315,360,270,0.2575
1/04/2018,6,Hawke's Bay Region,258,9654,294,370,358,440,300,0.3283
1/04/2018,8,Manawatu-Wanganui Region,504,15909,489,288,280,350,230,0.3682
1/04/2018,18,Marlborough Region,87,2442,75,350,351,420,300,0.2932
1/04/2018,-1,NA,444,21753,240,420,416,550,325,0.4617
1/04/2018,17,Nelson Region,183,4128,171,390,359,450,325,0.3574
1/04/2018,1,Northland Region,351,9537,384,375,352,440,300,0.2943
1/04/2018,14,Otago Region,633,17994,504,360,376,544,270,0.5088
1/04/2018,15,Southland Region,198,5535,189,255,248,300,210,0.3392
1/04/2018,7,Taranaki Region,267,7191,240,330,316,380,260,0.3255
1/04/2018,16,Tasman Region,87,2307,84,400,381,450,330,0.2394
1/04/2018,3,Waikato Region,1257,33381,1266,380,357,440,300,0.32
1/04/2018,9,Wellington Region,1407,42207,1284,450,427,560,330,0.4376
1/04/2018,12,West Coast Region,60,1527,69,260,245,300,200,0.3228
1/06/2001,-99,ALL,13407,201462,11289,190,194,250,150,0.4176
1/03/2018,2,Auckland Region,5436,132657,5064,525,522,650,430,0.3696
1/03/2018,4,Bay of Plenty Region,813,21411,744,410,392,500,330,0.3355
1/06/2001,13,Canterbury Region,1566,23511,1281,170,166,210,135,0.3558
1/03/2018,5,Gisborne Region,99,2742,90,320,302,370,250,0.3616
1/03/2018,6,Hawke's Bay Region,309,9690,330,360,354,438,300,0.3228
1/03/2018,8,Manawatu-Wanganui Region,621,15894,552,290,280,359,230,0.339
1/03/2018,18,Marlborough Region,90,2430,81,350,337,400,283,0.2571
1/03/2018,-1,NA,525,21549,240,420,405,560,300,0.5077
1/03/2018,17,Nelson Region,180,4116,195,373,343,440,283,0.3766
1/03/2018,1,Northland Region,351,9570,336,368,351,430,290,0.3141
1/03/2018,14,Otago Region,681,17865,570,350,346,475,260,0.4768
1/03/2018,15,Southland Region,201,5526,195,260,247,300,210,0.3204
1/03/2018,7,Taranaki Region,276,7164,264,320,316,398,250,0.3333
1/03/2018,16,Tasman Region,87,2304,66,380,361,450,320,0.372
1/03/2018,3,Waikato Region,1320,33390,1203,370,348,440,280,0.3666
1/03/2018,9,Wellington Region,1719,42084,1524,440,430,570,330,0.4346
1/03/2018,12,West Coast Region,60,1536,51,240,225,275,188,0.3191
1/07/2001,-99,ALL,13875,202626,12711,195,196,250,150,0.4255
1/02/2018,2,Auckland Region,5535,132285,5310,520,516,650,430,0.3784
1/02/2018,4,Bay of Plenty Region,723,21342,675,410,386,495,320,0.3569
1/07/2001,13,Canterbury Region,1494,23568,1437,170,168,210,137,0.3615
1/02/2018,5,Gisborne Region,72,2730,63,320,309,378,273,0.3049
1/02/2018,6,Hawke's Bay Region,258,9711,264,370,363,440,300,0.3066
1/02/2018,8,Manawatu-Wanganui Region,663,15825,549,275,268,350,200,0.376
1/02/2018,18,Marlborough Region,75,2421,96,360,336,410,269,0.3061
1/02/2018,-1,NA,453,21264,249,435,390,578,300,0.5595
1/02/2018,17,Nelson Region,159,4131,144,385,348,450,316,0.3866
1/02/2018,1,Northland Region,285,9555,288,370,351,433,300,0.2996
1/02/2018,14,Otago Region,984,17754,678,320,322,440,230,0.4838
1/02/2018,15,Southland Region,231,5520,183,260,237,300,198,0.3709
1/02/2018,7,Taranaki Region,273,7152,264,300,306,378,250,0.3378
1/02/2018,16,Tasman Region,78,2283,96,410,385,483,350,0.3522
1/02/2018,3,Waikato Region,1407,33273,1263,390,363,460,300,0.3712
1/02/2018,9,Wellington Region,2661,41889,2538,480,472,650,355,0.4915
1/02/2018,12,West Coast Region,57,1524,60,230,212,260,183,0.3369
1/08/2001,-99,ALL,13191,203370,12447,195,195,250,150,0.4168
1/01/2018,2,Auckland Region,4809,132063,4692,530,523,650,430,0.3744
1/01/2018,4,Bay of Plenty Region,723,21297,651,420,394,500,340,0.3279
1/08/2001,13,Canterbury Region,1545,23637,1476,175,170,210,140,0.3426
1/01/2018,5,Gisborne Region,66,2724,87,300,284,350,228,0.3048
1/01/2018,6,Hawke's Bay Region,273,9714,285,360,349,420,295,0.3103
1/01/2018,8,Manawatu-Wanganui Region,522,15711,540,280,276,350,220,0.351
1/01/2018,18,Marlborough Region,75,2442,78,350,339,390,295,0.292
1/01/2018,-1,NA,435,21060,228,400,381,525,300,0.5248
1/01/2018,17,Nelson Region,138,4116,171,375,341,450,300,0.3977
1/01/2018,1,Northland Region,273,9558,300,350,338,420,285,0.3122
1/01/2018,14,Otago Region,3006,17448,1017,395,387,615,255,0.5586
1/01/2018,15,Southland Region,219,5472,204,250,234,300,200,0.3736
1/01/2018,7,Taranaki Region,231,7143,222,300,304,380,250,0.3489
1/01/2018,16,Tasman Region,72,2301,72,380,356,448,310,0.3629
1/01/2018,3,Waikato Region,1326,33129,1299,380,364,460,295,0.3421
1/01/2018,9,Wellington Region,1803,41766,2148,480,471,650,360,0.4506
1/01/2018,12,West Coast Region,66,1527,57,240,235,290,200,0.2875
1/09/2001,-99,ALL,13086,205140,11316,200,200,260,150,0.4103
1/12/2017,2,Auckland Region,4488,131946,4743,520,519,640,439,0.3629
1/12/2017,4,Bay of Plenty Region,732,21225,792,420,390,500,325,0.3378
1/09/2001,13,Canterbury Region,1446,23784,1299,170,169,210,140,0.3243
1/12/2017,5,Gisborne Region,78,2745,93,300,306,350,266,0.2288
1/12/2017,6,Hawke's Bay Region,300,9729,324,350,355,425,300,0.2635
1/12/2017,8,Manawatu-Wanganui Region,582,15729,621,300,293,375,230,0.35
1/12/2017,18,Marlborough Region,66,2445,72,360,342,420,290,0.2661
1/12/2017,-1,NA,447,20853,264,430,394,540,300,0.5313
1/12/2017,17,Nelson Region,159,4149,174,380,349,450,300,0.3807
1/12/2017,1,Northland Region,363,9585,378,360,353,430,300,0.2859
1/12/2017,14,Otago Region,573,15462,2823,349,352,450,270,0.4327
1/12/2017,15,Southland Region,201,5457,213,250,242,300,205,0.2991
1/12/2017,7,Taranaki Region,276,7137,282,320,312,380,250,0.3338
1/12/2017,16,Tasman Region,69,2301,81,370,368,464,303,0.3147
1/12/2017,3,Waikato Region,1149,33105,1173,380,354,450,296,0.3372
1/12/2017,9,Wellington Region,1386,42111,1467,450,436,581,330,0.4442
1/12/2017,12,West Coast Region,57,1521,69,230,229,290,182,0.2914
1/10/2001,-99,ALL,12255,205551,11844,195,197,255,150,0.4355
1/11/2017,2,Auckland Region,4518,132201,4605,520,513,640,430,0.3677
1/11/2017,4,Bay of Plenty Region,687,21285,768,400,381,480,320,0.3453
1/10/2001,13,Canterbury Region,1395,23790,1389,175,172,215,140,0.3514
1/11/2017,5,Gisborne Region,96,2760,120,280,267,328,220,0.307
1/11/2017,6,Hawke's Bay Region,285,9750,309,340,345,420,280,0.3488
1/11/2017,8,Manawatu-Wanganui Region,582,15771,741,300,293,380,230,0.3995
1/11/2017,18,Marlborough Region,63,2448,69,363,350,408,296,0.2727
1/11/2017,-1,NA,423,20670,195,415,389,550,295,0.5023
1/11/2017,17,Nelson Region,141,4167,162,360,320,440,240,0.4418
1/11/2017,1,Northland Region,315,9600,378,350,339,420,280,0.2962
1/11/2017,14,Otago Region,543,17709,675,340,357,500,265,0.4666
1/11/2017,15,Southland Region,198,5472,204,250,238,285,200,0.3275
1/11/2017,7,Taranaki Region,249,7143,276,320,310,380,250,0.3122
1/11/2017,16,Tasman Region,66,2313,84,380,353,423,300,0.3762
1/11/2017,3,Waikato Region,1128,33129,1155,370,350,440,280,0.3534
1/11/2017,9,Wellington Region,1449,42192,1638,440,422,595,320,0.5081
1/11/2017,12,West Coast Region,45,1533,57,248,228,283,180,0.3408
1/11/2001,-99,ALL,13023,205248,13326,200,200,260,150,0.4236
1/10/2017,2,Auckland Region,4590,132288,4356,510,506,620,420,0.3532
1/10/2017,4,Bay of Plenty Region,741,21366,777,400,386,485,320,0.3128
1/11/2001,13,Canterbury Region,1536,23664,1662,180,174,220,140,0.3536
1/10/2017,5,Gisborne Region,102,2787,105,283,265,340,210,0.3206
1/10/2017,6,Hawke's Bay Region,288,9774,315,348,339,407,289,0.2936
1/10/2017,8,Manawatu-Wanganui Region,462,15927,543,280,272,348,220,0.3353
1/10/2017,18,Marlborough Region,66,2454,84,370,358,420,300,0.2594
1/10/2017,-1,NA,453,20439,264,400,379,518,280,0.5256
1/10/2017,17,Nelson Region,147,4185,189,365,345,420,300,0.3234
1/10/2017,1,Northland Region,339,9666,369,340,337,420,280,0.2865
1/10/2017,14,Otago Region,510,17838,654,350,361,490,275,0.4678
1/10/2017,15,Southland Region,213,5475,210,250,233,290,200,0.3051
1/10/2017,7,Taranaki Region,279,7170,267,300,296,360,250,0.3288
1/10/2017,16,Tasman Region,81,2331,81,400,379,455,328,0.2939
1/10/2017,3,Waikato Region,1245,33156,1200,360,345,425,285,0.33
1/10/2017,9,Wellington Region,1221,42378,1290,420,402,525,320,0.4142
1/10/2017,12,West Coast Region,54,1545,60,240,237,270,210,0.2513
1/12/2001,-99,ALL,12360,204030,13581,200,204,265,155,0.4263
1/09/2017,2,Auckland Region,5061,132054,4344,510,509,620,425,0.3524
1/09/2017,4,Bay of Plenty Region,798,21399,696,408,389,495,326,0.3257
1/12/2001,13,Canterbury Region,1470,23622,1515,180,174,220,140,0.3798
1/09/2017,5,Gisborne Region,99,2790,90,300,298,350,260,0.2579
1/09/2017,6,Hawke's Bay Region,321,9801,294,340,335,400,280,0.2896
1/09/2017,8,Manawatu-Wanganui Region,561,16008,498,275,266,338,220,0.3372
1/09/2017,18,Marlborough Region,84,2469,60,330,316,380,271,0.2627
1/09/2017,-1,NA,471,20250,222,410,393,550,300,0.4723
1/09/2017,17,Nelson Region,138,4227,159,365,331,450,271,0.3978
1/09/2017,1,Northland Region,333,9696,327,360,346,438,280,0.3222
1/09/2017,14,Otago Region,531,17985,483,350,347,450,265,0.4747
1/09/2017,15,Southland Region,219,5475,156,250,234,290,200,0.321
1/09/2017,7,Taranaki Region,288,7155,249,315,308,369,260,0.3082
1/09/2017,16,Tasman Region,78,2331,78,370,352,424,300,0.3038
1/09/2017,3,Waikato Region,1188,33111,1107,360,342,420,280,0.3186
1/09/2017,9,Wellington Region,1365,42450,1242,420,401,520,320,0.4028
1/09/2017,12,West Coast Region,63,1551,63,240,220,300,180,0.3734
1/01/2002,-99,ALL,15780,206631,13179,200,203,280,150,0.4767
1/08/2017,2,Auckland Region,4809,131337,4443,500,503,620,420,0.3505
1/08/2017,4,Bay of Plenty Region,780,21297,777,390,374,470,310,0.333
1/01/2002,13,Canterbury Region,1941,23790,1773,190,185,240,145,0.3949
1/08/2017,5,Gisborne Region,90,2781,108,280,279,340,230,0.3167
1/08/2017,6,Hawke's Bay Region,285,9774,339,330,328,410,270,0.3556
1/08/2017,8,Manawatu-Wanganui Region,624,15948,576,260,255,330,200,0.3636
1/08/2017,18,Marlborough Region,84,2448,84,330,322,389,280,0.2505
1/08/2017,-1,NA,474,19998,210,420,393,550,306,0.478
1/08/2017,17,Nelson Region,162,4245,144,365,337,430,298,0.3804
1/08/2017,1,Northland Region,342,9693,315,350,333,405,278,0.3227
1/08/2017,14,Otago Region,510,17937,477,350,351,450,260,0.4428
1/08/2017,15,Southland Region,240,5412,234,250,235,300,200,0.3275
1/08/2017,7,Taranaki Region,255,7119,276,305,305,370,259,0.3168
1/08/2017,16,Tasman Region,84,2331,78,375,362,415,300,0.2704
1/08/2017,3,Waikato Region,1209,33030,1107,355,340,420,280,0.3313
1/08/2017,9,Wellington Region,1329,42327,1254,400,386,500,305,0.4034
1/08/2017,12,West Coast Region,84,1551,69,240,228,290,190,0.3298
1/02/2002,-99,ALL,16656,210024,13266,200,200,265,150,0.4555
1/07/2017,2,Auckland Region,5118,130968,4641,500,503,600,420,0.3514
1/07/2017,4,Bay of Plenty Region,825,21297,735,400,381,480,310,0.3189
1/02/2002,13,Canterbury Region,2109,24240,1659,190,185,240,150,0.4048
1/07/2017,5,Gisborne Region,75,2796,81,300,291,350,248,0.2427
1/07/2017,6,Hawke's Bay Region,318,9828,303,340,329,394,275,0.315
1/07/2017,8,Manawatu-Wanganui Region,552,15897,573,260,261,330,218,0.328
1/07/2017,18,Marlborough Region,93,2448,93,350,320,380,280,0.2745
1/07/2017,-1,NA,447,19734,219,400,392,524,320,0.4676
1/07/2017,17,Nelson Region,168,4227,153,340,309,395,236,0.3655
1/07/2017,1,Northland Region,375,9663,357,350,337,420,285,0.4143
1/07/2017,14,Otago Region,567,17901,477,340,338,471,250,0.5051
1/07/2017,15,Southland Region,228,5406,216,240,229,290,194,0.359
1/07/2017,7,Taranaki Region,285,7137,255,315,310,371,258,0.3173
1/07/2017,16,Tasman Region,81,2325,69,350,347,420,300,0.2772
1/07/2017,3,Waikato Region,1296,32931,1254,360,339,420,280,0.3419
1/07/2017,9,Wellington Region,1461,42252,1398,415,401,525,320,0.3974
1/07/2017,12,West Coast Region,54,1533,54,240,228,280,180,0.2963
1/03/2002,-99,ALL,14439,212133,12330,200,205,270,155,0.4367
1/06/2017,2,Auckland Region,4683,130491,4308,500,506,620,420,0.3554
1/06/2017,4,Bay of Plenty Region,831,21207,819,390,373,475,305,0.3329
1/03/2002,13,Canterbury Region,1689,24519,1410,180,180,225,145,0.3584
1/06/2017,5,Gisborne Region,96,2802,72,300,302,346,250,0.3638
1/06/2017,6,Hawke's Bay Region,339,9813,324,340,333,400,280,0.3204
1/06/2017,8,Manawatu-Wanganui Region,609,15921,582,270,257,330,210,0.3751
1/06/2017,18,Marlborough Region,87,2445,102,320,318,368,280,0.2331
1/06/2017,-1,NA,429,19509,213,410,378,540,300,0.4992
1/06/2017,17,Nelson Region,186,4212,189,390,343,440,290,0.3862
1/06/2017,1,Northland Region,360,9648,336,350,336,410,280,0.2859
1/06/2017,14,Otago Region,648,17814,567,360,369,550,270,0.4869
1/06/2017,15,Southland Region,207,5394,216,240,226,280,196,0.2955
1/06/2017,7,Taranaki Region,306,7107,282,300,292,350,250,0.3185
1/06/2017,16,Tasman Region,90,2313,81,380,359,430,315,0.2829
1/06/2017,3,Waikato Region,1380,32889,1215,360,342,430,280,0.3704
1/06/2017,9,Wellington Region,1305,42186,1284,400,391,503,300,0.4092
1/06/2017,12,West Coast Region,69,1533,57,230,227,280,198,0.3177
1/04/2002,-99,ALL,12726,212676,12183,200,207,270,155,0.438
1/05/2017,2,Auckland Region,4722,130119,4446,500,508,610,425,0.3413
1/05/2017,4,Bay of Plenty Region,744,21195,729,400,372,480,300,0.3522
1/04/2002,13,Canterbury Region,1467,24543,1440,185,184,225,150,0.3679
1/05/2017,5,Gisborne Region,102,2778,102,288,266,320,210,0.3115
1/05/2017,6,Hawke's Bay Region,306,9798,303,330,328,420,280,0.3727
1/05/2017,8,Manawatu-Wanganui Region,579,15894,609,260,261,330,210,0.3304
1/05/2017,18,Marlborough Region,105,2460,90,340,330,390,276,0.2956
1/05/2017,-1,NA,420,19296,216,400,390,550,290,0.4857
1/05/2017,17,Nelson Region,186,4215,156,350,325,420,258,0.3942
1/05/2017,1,Northland Region,360,9624,363,350,336,400,280,0.2833
1/05/2017,14,Otago Region,711,17730,507,350,370,550,265,0.492
1/05/2017,15,Southland Region,216,5403,213,240,230,280,200,0.3143
1/05/2017,7,Taranaki Region,267,7086,279,310,301,370,250,0.3075
1/05/2017,16,Tasman Region,81,2304,66,385,368,450,300,0.2781
1/05/2017,3,Waikato Region,1209,32721,1200,360,338,420,280,0.3533
1/05/2017,9,Wellington Region,1458,42165,1371,410,395,530,303,0.425
1/05/2017,12,West Coast Region,60,1521,63,235,233,260,200,0.2813
1/05/2002,-99,ALL,13227,213087,12816,205,207,270,155,0.4365
1/04/2017,2,Auckland Region,4623,129843,4467,510,512,625,425,0.3468
1/04/2017,4,Bay of Plenty Region,750,21183,744,400,383,480,320,0.3278
1/05/2002,13,Canterbury Region,1503,24600,1446,185,183,230,145,0.3632
1/04/2017,5,Gisborne Region,87,2778,99,290,277,350,220,0.3239
1/04/2017,6,Hawke's Bay Region,282,9795,318,348,338,410,270,0.3154
1/04/2017,8,Manawatu-Wanganui Region,519,15924,552,275,268,350,215,0.3431
1/04/2017,18,Marlborough Region,87,2445,123,350,330,400,270,0.2969
1/04/2017,-1,NA,423,19092,192,385,370,513,295,0.4757
1/04/2017,17,Nelson Region,183,4185,171,380,347,424,310,0.3195
1/04/2017,1,Northland Region,348,9627,348,348,329,413,270,0.3138
1/04/2017,14,Otago Region,615,17529,489,350,362,495,265,0.4867
1/04/2017,15,Southland Region,213,5400,189,250,236,280,200,0.2937
1/04/2017,7,Taranaki Region,309,7101,303,300,299,370,250,0.3412
1/04/2017,16,Tasman Region,93,2292,90,380,363,440,323,0.3088
1/04/2017,3,Waikato Region,1173,32715,1089,360,342,430,280,0.3559
1/04/2017,9,Wellington Region,1449,42078,1380,415,404,530,320,0.4193
1/04/2017,12,West Coast Region,78,1524,69,250,232,290,200,0.3503
1/06/2002,-99,ALL,12918,214548,11457,210,209,280,160,0.437
1/03/2017,2,Auckland Region,5484,129687,4842,500,495,600,410,0.3818
1/03/2017,4,Bay of Plenty Region,837,21177,807,385,366,465,300,0.3393
1/06/2002,13,Canterbury Region,1467,24774,1293,190,183,226,150,0.3526
1/03/2017,5,Gisborne Region,102,2790,96,300,298,355,255,0.2627
1/03/2017,6,Hawke's Bay Region,348,9831,333,340,329,400,280,0.3255
1/03/2017,8,Manawatu-Wanganui Region,660,15957,579,280,267,330,215,0.3404
1/03/2017,18,Marlborough Region,87,2478,99,310,315,380,271,0.2453
1/03/2017,-1,NA,435,18861,237,415,383,523,290,0.4809
1/03/2017,17,Nelson Region,210,4173,207,360,337,414,300,0.3369
1/03/2017,1,Northland Region,363,9627,366,350,341,420,280,0.2941
1/03/2017,14,Otago Region,729,17403,603,320,333,469,250,0.4975
1/03/2017,15,Southland Region,204,5376,192,240,230,290,196,0.3342
1/03/2017,7,Taranaki Region,315,7095,315,310,302,380,250,0.3253
1/03/2017,16,Tasman Region,87,2289,78,365,348,418,300,0.3123
1/03/2017,3,Waikato Region,1473,32631,1299,360,336,420,275,0.3556
1/03/2017,9,Wellington Region,1839,42012,1635,420,407,550,315,0.4359
1/03/2017,12,West Coast Region,84,1512,75,250,235,280,200,0.2411
1/07/2002,-99,ALL,13509,214524,13533,207,208,280,155,0.4494
1/02/2017,2,Auckland Region,5823,129045,5229,500,498,615,415,0.3817
1/02/2017,4,Bay of Plenty Region,789,21147,675,380,362,470,300,0.3645
1/07/2002,13,Canterbury Region,1596,24849,1521,185,182,225,145,0.3742
1/02/2017,5,Gisborne Region,90,2787,90,280,271,320,218,0.308
1/02/2017,6,Hawke's Bay Region,294,9813,297,330,327,400,266,0.3004
1/02/2017,8,Manawatu-Wanganui Region,723,15876,606,260,258,330,200,0.3721
1/02/2017,18,Marlborough Region,75,2490,90,340,332,388,290,0.255
1/02/2017,-1,NA,423,18660,216,390,372,510,285,0.5427
1/02/2017,17,Nelson Region,213,4167,201,350,316,420,246,0.4207
1/02/2017,1,Northland Region,315,9630,330,330,323,395,270,0.3059
1/02/2017,14,Otago Region,987,17277,636,300,302,410,210,0.4936
1/02/2017,15,Southland Region,252,5364,195,230,209,273,160,0.3976
1/02/2017,7,Taranaki Region,252,7095,219,310,296,370,244,0.3311
1/02/2017,16,Tasman Region,69,2280,72,355,340,433,283,0.3631
1/02/2017,3,Waikato Region,1449,32457,1347,370,346,440,280,0.3919
1/02/2017,9,Wellington Region,2997,41808,2628,450,430,610,315,0.5121
1/02/2017,12,West Coast Region,69,1503,66,230,225,280,185,0.3114
1/08/2002,-99,ALL,13119,213603,14040,200,208,275,155,0.4482
1/01/2017,2,Auckland Region,4824,128451,4662,500,502,620,420,0.3826
1/01/2017,4,Bay of Plenty Region,657,21033,657,380,361,470,290,0.3638
1/08/2002,13,Canterbury Region,1533,24777,1608,180,180,220,145,0.3504
1/01/2017,5,Gisborne Region,72,2784,75,280,277,320,250,0.2483
1/01/2017,6,Hawke's Bay Region,306,9816,330,340,337,420,280,0.317
1/01/2017,8,Manawatu-Wanganui Region,555,15759,576,260,261,336,206,0.3387
1/01/2017,18,Marlborough Region,96,2505,84,330,314,375,270,0.2686
1/01/2017,-1,NA,408,18456,183,400,373,550,271,0.5559
1/01/2017,17,Nelson Region,162,4155,183,345,306,420,220,0.4315
1/01/2017,1,Northland Region,312,9645,297,325,316,400,260,0.308
1/01/2017,14,Otago Region,3042,16926,1020,380,376,600,250,0.5636
1/01/2017,15,Southland Region,213,5307,192,238,218,280,174,0.3521
1/01/2017,7,Taranaki Region,270,7065,228,320,308,393,250,0.3451
1/01/2017,16,Tasman Region,78,2283,75,373,332,423,296,0.4187
1/01/2017,3,Waikato Region,1299,32355,1230,370,349,440,290,0.3654
1/01/2017,9,Wellington Region,2028,41439,2451,435,426,595,320,0.4634
1/01/2017,12,West Coast Region,72,1500,54,240,234,270,200,0.2239
1/09/2002,-99,ALL,12567,214464,11703,210,211,280,160,0.4447
1/12/2016,2,Auckland Region,4683,128289,4812,500,499,600,420,0.359
1/12/2016,4,Bay of Plenty Region,795,21036,867,380,361,460,300,0.3608
1/09/2002,13,Canterbury Region,1428,24873,1332,190,187,235,150,0.3587
1/12/2016,5,Gisborne Region,72,2790,99,275,267,310,230,0.2807
1/12/2016,6,Hawke's Bay Region,318,9840,360,325,326,380,275,0.2753
1/12/2016,8,Manawatu-Wanganui Region,633,15780,726,280,272,340,215,0.3406
1/12/2016,18,Marlborough Region,78,2496,108,315,311,370,270,0.2641
1/12/2016,-1,NA,351,18231,252,395,373,500,280,0.494
1/12/2016,17,Nelson Region,177,4176,207,375,349,443,290,0.3764
1/12/2016,1,Northland Region,387,9630,438,335,324,400,265,0.3222
1/12/2016,14,Otago Region,648,14904,2952,333,344,450,264,0.4565
1/12/2016,15,Southland Region,222,5286,249,250,236,295,200,0.3302
1/12/2016,7,Taranaki Region,255,7023,315,300,295,361,250,0.3043
1/12/2016,16,Tasman Region,81,2280,93,390,350,435,285,0.3141
1/12/2016,3,Waikato Region,1272,32286,1443,350,333,420,280,0.3526
1/12/2016,9,Wellington Region,1353,41862,1653,400,398,525,310,0.4362
1/12/2016,12,West Coast Region,48,1485,75,240,234,330,190,0.3807
1/10/2002,-99,ALL,12204,214704,11967,210,211,280,160,0.4406
1/11/2016,2,Auckland Region,4617,128418,4542,495,490,600,410,0.3553
1/11/2016,4,Bay of Plenty Region,768,21108,813,380,362,450,300,0.3344
1/10/2002,13,Canterbury Region,1470,24927,1416,190,184,230,150,0.3715
1/11/2016,5,Gisborne Region,99,2817,111,280,278,340,235,0.2839
1/11/2016,6,Hawke's Bay Region,336,9882,330,320,323,380,260,0.3767
1/11/2016,8,Manawatu-Wanganui Region,651,15873,843,280,274,350,213,0.3799
1/11/2016,18,Marlborough Region,96,2526,96,333,311,360,270,0.2666
1/11/2016,-1,NA,366,18132,231,375,362,500,270,0.4863
1/11/2016,17,Nelson Region,168,4206,204,345,303,400,235,0.4969
1/11/2016,1,Northland Region,315,9681,345,330,319,394,260,0.3192
1/11/2016,14,Otago Region,531,17208,684,320,332,430,250,0.4484
1/11/2016,15,Southland Region,222,5316,234,245,229,280,190,0.3351
1/11/2016,7,Taranaki Region,321,7083,306,300,293,360,240,0.3137
1/11/2016,16,Tasman Region,78,2292,87,350,356,420,305,0.2546
1/11/2016,3,Waikato Region,1212,32457,1233,350,332,410,270,0.3378
1/11/2016,9,Wellington Region,1530,42165,1698,400,397,550,295,0.4938
1/11/2016,12,West Coast Region,60,1509,51,240,232,258,205,0.199
1/11/2002,-99,ALL,13800,214116,14388,215,214,285,160,0.4455
1/10/2016,2,Auckland Region,4977,128346,4539,495,491,600,410,0.3551
1/10/2016,4,Bay of Plenty Region,774,21150,816,380,358,465,290,0.3529
1/11/2002,13,Canterbury Region,1686,24879,1731,200,192,240,150,0.364
1/10/2016,5,Gisborne Region,75,2832,81,298,288,330,250,0.2496
1/10/2016,6,Hawke's Bay Region,315,9876,354,330,318,380,260,0.3009
1/10/2016,8,Manawatu-Wanganui Region,516,16065,633,250,250,320,200,0.3398
1/10/2016,18,Marlborough Region,87,2523,87,345,314,370,268,0.2511
1/10/2016,-1,NA,420,17997,201,400,374,500,290,0.4969
1/10/2016,17,Nelson Region,192,4239,189,350,319,400,270,0.3701
1/10/2016,1,Northland Region,372,9711,372,325,311,380,260,0.2915
1/10/2016,14,Otago Region,546,17361,687,340,343,450,260,0.4551
1/10/2016,15,Southland Region,216,5328,213,230,228,280,190,0.301
1/10/2016,7,Taranaki Region,306,7068,282,295,293,355,250,0.307
1/10/2016,16,Tasman Region,99,2304,105,365,336,420,290,0.3272
1/10/2016,3,Waikato Region,1266,32478,1239,350,333,410,275,0.3278
1/10/2016,9,Wellington Region,1380,42333,1416,380,374,490,290,0.4146
1/10/2016,12,West Coast Region,69,1500,69,230,220,280,180,0.3199
1/12/2002,-99,ALL,12798,212163,14751,220,217,290,165,0.4447
1/09/2016,2,Auckland Region,5139,127908,4491,500,492,600,410,0.3459
1/09/2016,4,Bay of Plenty Region,981,21195,879,370,358,450,300,0.3183
1/12/2002,13,Canterbury Region,1527,24798,1608,195,188,240,150,0.3952
1/09/2016,5,Gisborne Region,108,2838,99,280,281,335,240,0.3143
1/09/2016,6,Hawke's Bay Region,366,9915,333,310,305,360,260,0.2985
1/09/2016,8,Manawatu-Wanganui Region,609,16182,621,250,251,320,200,0.3384
1/09/2016,18,Marlborough Region,93,2523,78,328,316,370,279,0.24
1/09/2016,-1,NA,402,17775,207,375,369,520,278,0.4898
1/09/2016,17,Nelson Region,201,4239,165,340,309,390,260,0.3787
1/09/2016,1,Northland Region,399,9714,366,320,315,395,260,0.2991
1/09/2016,14,Otago Region,582,17499,549,330,332,431,250,0.4689
1/09/2016,15,Southland Region,240,5325,198,230,218,280,175,0.3719
1/09/2016,7,Taranaki Region,372,7044,297,295,283,360,230,0.3627
1/09/2016,16,Tasman Region,90,2307,84,365,344,400,295,0.2964
1/09/2016,3,Waikato Region,1371,32451,1212,340,323,400,265,0.3415
1/09/2016,9,Wellington Region,1419,42366,1245,370,364,480,280,0.413
1/09/2016,12,West Coast Region,69,1500,84,250,245,300,200,0.262
1/01/2003,-99,ALL,15279,214362,13080,225,222,300,160,0.4926
1/08/2016,2,Auckland Region,5076,127260,4629,490,486,600,400,0.3491
1/08/2016,4,Bay of Plenty Region,837,21093,897,370,351,450,290,0.3414
1/01/2003,13,Canterbury Region,1902,24933,1764,210,201,260,160,0.415
1/08/2016,5,Gisborne Region,114,2829,96,283,276,331,240,0.2591
1/08/2016,6,Hawke's Bay Region,342,9882,360,300,300,360,260,0.3009
1/08/2016,8,Manawatu-Wanganui Region,660,16194,612,250,249,315,200,0.3349
1/08/2016,18,Marlborough Region,111,2508,114,310,304,360,260,0.2961
1/08/2016,-1,NA,393,17580,189,400,369,530,275,0.4971
1/08/2016,17,Nelson Region,174,4200,192,340,323,400,290,0.354
1/08/2016,1,Northland Region,375,9681,369,320,309,380,253,0.3144
1/08/2016,14,Otago Region,510,17466,438,300,321,425,240,0.4868
1/08/2016,15,Southland Region,198,5283,237,240,222,270,190,0.2973
1/08/2016,7,Taranaki Region,285,6969,306,300,293,370,240,0.338
1/08/2016,16,Tasman Region,99,2304,84,350,315,395,250,0.3294
1/08/2016,3,Waikato Region,1356,32292,1296,350,323,410,260,0.3663
1/08/2016,9,Wellington Region,1422,42195,1326,380,371,485,294,0.4043
1/08/2016,12,West Coast Region,81,1515,69,200,201,273,164,0.353
1/02/2003,-99,ALL,16299,217635,13026,220,217,300,160,0.4754
1/07/2016,2,Auckland Region,5673,126813,4899,490,485,600,400,0.367
1/07/2016,4,Bay of Plenty Region,963,21153,876,378,362,450,300,0.3294
1/02/2003,13,Canterbury Region,2115,25323,1728,210,199,260,155,0.4347
1/07/2016,5,Gisborne Region,114,2808,114,290,285,329,250,0.2765
1/07/2016,6,Hawke's Bay Region,411,9897,372,325,310,375,263,0.2947
1/07/2016,8,Manawatu-Wanganui Region,624,16146,597,250,249,320,200,0.3435
1/07/2016,18,Marlborough Region,105,2514,123,325,314,360,270,0.2176
1/07/2016,-1,NA,447,17376,231,420,393,540,300,0.4634
1/07/2016,17,Nelson Region,201,4218,204,350,318,410,265,0.3591
1/07/2016,1,Northland Region,429,9675,402,320,308,380,255,0.2937
1/07/2016,14,Otago Region,645,17397,495,300,308,400,230,0.4809
1/07/2016,15,Southland Region,249,5322,243,230,217,270,180,0.348
1/07/2016,7,Taranaki Region,351,6993,309,300,301,375,250,0.3192
1/07/2016,16,Tasman Region,99,2286,69,350,331,424,286,0.3433
1/07/2016,3,Waikato Region,1458,32232,1290,340,325,400,275,0.3248
1/07/2016,9,Wellington Region,1578,42099,1377,390,378,500,300,0.4185
1/07/2016,12,West Coast Region,84,1503,63,245,234,296,193,0.356
1/03/2003,-99,ALL,15186,219270,13551,220,221,300,165,0.4622
1/06/2016,2,Auckland Region,4587,126039,4227,490,484,595,400,0.3531
1/06/2016,4,Bay of Plenty Region,855,21066,849,365,350,450,285,0.3327
1/03/2003,13,Canterbury Region,1767,25509,1581,200,194,250,155,0.3937
1/06/2016,5,Gisborne Region,108,2808,111,280,283,330,250,0.2621
1/06/2016,6,Hawke's Bay Region,339,9858,318,325,312,370,270,0.2854
1/06/2016,8,Manawatu-Wanganui Region,651,16119,600,240,237,310,185,0.372
1/06/2016,18,Marlborough Region,93,2529,81,323,310,360,270,0.2325
1/06/2016,-1,NA,474,17160,231,365,349,500,258,0.4967
1/06/2016,17,Nelson Region,171,4218,162,350,317,395,273,0.3668
1/06/2016,1,Northland Region,387,9648,378,310,296,360,250,0.3043
1/06/2016,14,Otago Region,663,17247,540,320,337,480,250,0.4878
1/06/2016,15,Southland Region,222,5316,225,230,222,280,189,0.3526
1/06/2016,7,Taranaki Region,291,6948,297,300,293,360,240,0.334
1/06/2016,16,Tasman Region,84,2256,72,340,319,400,275,0.3561
1/06/2016,3,Waikato Region,1353,32064,1209,325,307,390,250,0.3488
1/06/2016,9,Wellington Region,1407,41901,1254,370,369,480,295,0.4043
1/06/2016,12,West Coast Region,84,1482,57,240,232,280,200,0.324
1/04/2003,-99,ALL,12309,220320,11259,230,226,300,170,0.452
1/05/2016,2,Auckland Region,5103,125679,4557,490,484,595,400,0.3664
1/05/2016,4,Bay of Plenty Region,954,21060,912,370,350,450,285,0.3295
1/04/2003,13,Canterbury Region,1404,25677,1236,210,201,260,160,0.395
1/05/2016,5,Gisborne Region,123,2811,111,270,274,320,235,0.2307
1/05/2016,6,Hawke's Bay Region,354,9837,372,320,307,360,260,0.3195
1/05/2016,8,Manawatu-Wanganui Region,591,16065,588,253,249,310,200,0.3489
1/05/2016,18,Marlborough Region,102,2517,111,298,290,343,260,0.2528
1/05/2016,-1,NA,387,16917,216,370,358,515,270,0.4782
1/05/2016,17,Nelson Region,222,4212,183,350,325,400,290,0.3357
1/05/2016,1,Northland Region,390,9642,393,313,304,380,250,0.3193
1/05/2016,14,Otago Region,669,17124,567,330,347,500,250,0.5082
1/05/2016,15,Southland Region,228,5319,228,240,219,270,185,0.3334
1/05/2016,7,Taranaki Region,333,6954,315,295,286,359,240,0.3435
1/05/2016,16,Tasman Region,105,2244,93,360,332,416,270,0.3154
1/05/2016,3,Waikato Region,1422,31920,1350,340,315,395,260,0.357
1/05/2016,9,Wellington Region,1506,41748,1434,380,372,485,300,0.4068
1/05/2016,12,West Coast Region,66,1455,87,230,215,260,180,0.3265
1/05/2003,-99,ALL,14346,221559,13107,230,224,300,168,0.4477
1/04/2016,2,Auckland Region,5202,125133,4563,490,489,595,400,0.3455
1/04/2016,4,Bay of Plenty Region,933,21018,834,360,350,450,285,0.3352
1/05/2003,13,Canterbury Region,1704,25902,1482,210,201,250,160,0.3855
1/04/2016,5,Gisborne Region,111,2802,99,290,288,340,250,0.2462
1/04/2016,6,Hawke's Bay Region,375,9855,378,320,306,370,260,0.2961
1/04/2016,8,Manawatu-Wanganui Region,615,16065,555,250,244,310,200,0.3328
1/04/2016,18,Marlborough Region,120,2526,90,308,307,370,260,0.2479
1/04/2016,-1,NA,294,16746,195,380,365,495,285,0.4459
1/04/2016,17,Nelson Region,219,4173,204,350,327,400,290,0.3436
1/04/2016,1,Northland Region,441,9642,402,300,300,370,250,0.2906
1/04/2016,14,Otago Region,759,17022,549,320,328,450,250,0.4939
1/04/2016,15,Southland Region,204,5319,231,240,225,274,181,0.3188
1/04/2016,7,Taranaki Region,315,6933,321,320,303,370,250,0.3277
1/04/2016,16,Tasman Region,111,2232,105,360,355,400,340,0.241
1/04/2016,3,Waikato Region,1383,31845,1242,340,320,398,270,0.3407
1/04/2016,9,Wellington Region,1668,41676,1416,380,376,485,299,0.4129
1/04/2016,12,West Coast Region,75,1479,81,240,233,270,200,0.2745
1/06/2003,-99,ALL,13053,222720,11889,225,223,300,170,0.4398
1/03/2016,2,Auckland Region,5484,124494,4974,480,476,590,400,0.3674
1/03/2016,4,Bay of Plenty Region,888,20919,921,360,349,440,290,0.3433
1/06/2003,13,Canterbury Region,1560,26100,1362,210,201,250,160,0.3911
1/03/2016,5,Gisborne Region,99,2787,102,290,272,325,228,0.2534
1/03/2016,6,Hawke's Bay Region,393,9858,399,300,301,360,255,0.2944
1/03/2016,8,Manawatu-Wanganui Region,672,16005,621,250,245,303,190,0.3442
1/03/2016,18,Marlborough Region,84,2499,102,300,301,350,260,0.2824
1/03/2016,-1,NA,279,16647,204,380,348,490,250,0.4671
1/03/2016,17,Nelson Region,207,4158,195,350,318,390,280,0.3246
1/03/2016,1,Northland Region,384,9603,390,308,298,364,250,0.3021
1/03/2016,14,Otago Region,774,16812,603,300,298,395,220,0.498
1/03/2016,15,Southland Region,222,5346,237,240,224,275,200,0.3237
1/03/2016,7,Taranaki Region,315,6942,273,300,296,370,230,0.3546
1/03/2016,16,Tasman Region,93,2226,90,365,343,420,300,0.2939
1/03/2016,3,Waikato Region,1563,31707,1422,325,311,395,250,0.3618
1/03/2016,9,Wellington Region,1941,41421,1770,390,386,500,300,0.4245
1/03/2016,12,West Coast Region,63,1485,72,230,226,270,188,0.2777
1/07/2003,-99,ALL,14682,224058,13347,225,221,300,165,0.4535
1/02/2016,2,Auckland Region,5841,123984,5133,480,478,600,395,0.3807
1/02/2016,4,Bay of Plenty Region,807,20952,813,360,333,440,270,0.3867
1/07/2003,13,Canterbury Region,1623,26199,1521,210,200,250,160,0.3783
1/02/2016,5,Gisborne Region,114,2790,99,278,266,320,230,0.3193
1/02/2016,6,Hawke's Bay Region,363,9864,351,300,303,360,255,0.3016
1/02/2016,8,Manawatu-Wanganui Region,747,15954,621,250,245,314,190,0.3602
1/02/2016,18,Marlborough Region,93,2514,93,310,291,350,260,0.2249
1/02/2016,-1,NA,297,16575,210,335,340,460,256,0.4519
1/02/2016,17,Nelson Region,183,4146,198,350,326,400,275,0.3624
1/02/2016,1,Northland Region,408,9609,378,310,302,375,250,0.2823
1/02/2016,14,Otago Region,1098,16641,762,285,293,400,210,0.5037
1/02/2016,15,Southland Region,252,5361,195,220,195,260,160,0.4218
1/02/2016,7,Taranaki Region,351,6897,303,300,293,360,240,0.3439
1/02/2016,16,Tasman Region,90,2223,78,365,330,410,268,0.3399
1/02/2016,3,Waikato Region,1671,31566,1494,340,318,400,250,0.3724
1/02/2016,9,Wellington Region,3138,41253,2742,410,405,580,295,0.5068
1/02/2016,12,West Coast Region,84,1494,78,220,218,275,180,0.3396
1/08/2003,-99,ALL,14352,225591,12819,230,227,300,170,0.4371
1/01/2016,2,Auckland Region,5001,123276,4362,485,483,595,400,0.3691
1/01/2016,4,Bay of Plenty Region,765,20958,774,360,340,440,271,0.3537
1/08/2003,13,Canterbury Region,1668,26427,1440,215,205,260,165,0.3672
1/01/2016,5,Gisborne Region,96,2778,81,280,271,300,250,0.2298
1/01/2016,6,Hawke's Bay Region,354,9852,315,300,294,350,240,0.3257
1/01/2016,8,Manawatu-Wanganui Region,621,15828,564,250,239,300,185,0.3717
1/01/2016,18,Marlborough Region,90,2514,69,298,299,360,250,0.2476
1/01/2016,-1,NA,285,16485,198,340,328,460,244,0.475
1/01/2016,17,Nelson Region,180,4161,165,353,326,403,280,0.3592
1/01/2016,1,Northland Region,345,9582,342,300,298,361,250,0.2942
1/01/2016,14,Otago Region,2826,16305,1005,360,361,570,250,0.5508
1/01/2016,15,Southland Region,240,5304,198,220,205,260,170,0.3839
1/01/2016,7,Taranaki Region,309,6849,258,310,298,365,250,0.3399
1/01/2016,16,Tasman Region,87,2211,75,355,329,423,308,0.4281
1/01/2016,3,Waikato Region,1368,31389,1296,340,318,400,250,0.3803
1/01/2016,9,Wellington Region,2304,40854,2574,400,408,550,305,0.4507
1/01/2016,12,West Coast Region,84,1485,57,250,237,300,205,0.326
1/09/2003,-99,ALL,13485,226278,12795,230,227,300,170,0.439
1/12/2015,2,Auckland Region,4494,122637,4608,475,476,580,400,0.3508
1/12/2015,4,Bay of Plenty Region,912,20967,954,340,333,420,275,0.338
1/09/2003,13,Canterbury Region,1602,26505,1524,210,205,260,165,0.3746
1/12/2015,5,Gisborne Region,105,2760,105,270,258,300,220,0.2354
1/12/2015,6,Hawke's Bay Region,357,9813,351,300,296,360,250,0.3111
1/12/2015,8,Manawatu-Wanganui Region,669,15771,753,265,258,330,200,0.3743
1/12/2015,18,Marlborough Region,102,2493,114,300,295,340,260,0.2046
1/12/2015,-1,NA,246,16401,258,340,326,450,250,0.4717
1/12/2015,17,Nelson Region,180,4143,192,358,326,400,280,0.3283
1/12/2015,1,Northland Region,372,9579,375,310,301,360,250,0.324
1/12/2015,14,Otago Region,666,14484,2874,300,313,420,250,0.4322
1/12/2015,15,Southland Region,207,5265,222,230,216,260,180,0.3402
1/12/2015,7,Taranaki Region,285,6801,348,300,298,370,250,0.3187
1/12/2015,16,Tasman Region,81,2199,81,350,325,395,283,0.3032
1/12/2015,3,Waikato Region,1299,31317,1515,330,312,390,250,0.3319
1/12/2015,9,Wellington Region,1386,41124,1638,375,371,490,290,0.4362
1/12/2015,12,West Coast Region,75,1458,90,230,222,283,188,0.4008
1/10/2003,-99,ALL,13758,227034,13002,235,231,300,175,0.4392
1/11/2015,2,Auckland Region,4722,122748,4554,480,476,580,400,0.3518
1/11/2015,4,Bay of Plenty Region,807,21012,903,340,324,420,261,0.3465
1/10/2003,13,Canterbury Region,1605,26625,1485,220,211,260,170,0.3735
1/11/2015,5,Gisborne Region,117,2763,114,280,278,330,230,0.2923
1/11/2015,6,Hawke's Bay Region,381,9810,357,310,303,360,250,0.3531
1/11/2015,8,Manawatu-Wanganui Region,696,15852,825,260,257,340,195,0.4053
1/11/2015,18,Marlborough Region,99,2502,102,320,301,355,260,0.2616
1/11/2015,-1,NA,276,16410,204,340,335,450,250,0.414
1/11/2015,17,Nelson Region,183,4155,183,350,321,390,270,0.3597
1/11/2015,1,Northland Region,390,9582,414,300,299,360,250,0.3016
1/11/2015,14,Otago Region,549,16692,702,325,321,408,250,0.4215
1/11/2015,15,Southland Region,207,5277,231,235,222,260,185,0.2782
1/11/2015,7,Taranaki Region,306,6864,291,295,291,361,240,0.3437
1/11/2015,16,Tasman Region,114,2199,99,348,327,395,288,0.2908
1/11/2015,3,Waikato Region,1299,31536,1353,320,302,381,240,0.3688
1/11/2015,9,Wellington Region,1611,41376,1641,380,382,500,290,0.4494
1/11/2015,12,West Coast Region,99,1473,93,220,213,260,180,0.3016
1/11/2003,-99,ALL,14193,226428,14799,240,232,310,175,0.4293
1/10/2015,2,Auckland Region,5118,122580,4605,480,477,580,400,0.3502
1/10/2015,4,Bay of Plenty Region,909,21108,894,340,325,400,270,0.3308
1/11/2003,13,Canterbury Region,1755,26514,1869,220,213,270,175,0.3893
1/10/2015,5,Gisborne Region,126,2757,123,280,271,328,240,0.3302
1/10/2015,6,Hawke's Bay Region,450,9786,387,290,285,350,240,0.3188
1/10/2015,8,Manawatu-Wanganui Region,630,15981,609,240,236,300,185,0.322
1/10/2015,18,Marlborough Region,111,2505,105,300,295,340,260,0.2336
1/10/2015,-1,NA,294,16338,228,330,332,450,250,0.47
1/10/2015,17,Nelson Region,204,4155,216,343,324,400,280,0.2901
1/10/2015,1,Northland Region,414,9609,423,300,296,350,250,0.2739
1/10/2015,14,Otago Region,636,16842,753,300,319,420,250,0.4274
1/10/2015,15,Southland Region,216,5304,183,220,216,260,180,0.2959
1/10/2015,7,Taranaki Region,330,6852,312,310,298,375,230,0.3722
1/10/2015,16,Tasman Region,93,2184,90,360,336,400,290,0.3031
1/10/2015,3,Waikato Region,1497,31590,1281,320,303,380,250,0.3418
1/10/2015,9,Wellington Region,1455,41406,1329,360,353,450,280,0.4057
1/10/2015,12,West Coast Region,72,1467,72,235,232,300,195,0.3704
1/12/2003,-99,ALL,13689,224616,15501,240,231,300,175,0.4325
1/09/2015,2,Auckland Region,4836,122064,4395,480,475,580,400,0.3463
1/09/2015,4,Bay of Plenty Region,855,21093,861,335,321,410,255,0.34
1/12/2003,13,Canterbury Region,1707,26418,1803,220,208,265,170,0.3967
1/09/2015,5,Gisborne Region,135,2754,117,280,258,310,218,0.3064
1/09/2015,6,Hawke's Bay Region,402,9723,360,300,286,350,240,0.2912
1/09/2015,8,Manawatu-Wanganui Region,624,15960,570,230,233,300,180,0.3329
1/09/2015,18,Marlborough Region,99,2499,114,295,295,350,250,0.2546
1/09/2015,-1,NA,285,16272,222,350,338,450,250,0.4323
1/09/2015,17,Nelson Region,207,4167,174,340,319,390,270,0.3584
1/09/2015,1,Northland Region,438,9615,402,290,287,350,240,0.2992
1/09/2015,14,Otago Region,483,16959,546,300,305,400,235,0.462
1/09/2015,15,Southland Region,222,5271,234,230,210,260,175,0.3265
1/09/2015,7,Taranaki Region,288,6834,258,300,304,370,250,0.3448
1/09/2015,16,Tasman Region,72,2178,78,340,321,400,269,0.3182
1/09/2015,3,Waikato Region,1326,31374,1284,320,303,380,240,0.3345
1/09/2015,9,Wellington Region,1380,41280,1287,350,340,450,265,0.4099
1/09/2015,12,West Coast Region,87,1467,87,220,218,263,180,0.3403
1/01/2004,-99,ALL,16005,227421,13203,250,238,320,180,0.4591
1/08/2015,2,Auckland Region,5076,121623,4644,480,473,580,395,0.3586
1/08/2015,4,Bay of Plenty Region,951,21099,942,330,317,395,260,0.3288
1/01/2004,13,Canterbury Region,2010,26646,1782,235,224,290,180,0.401
1/08/2015,5,Gisborne Region,105,2736,105,270,262,320,220,0.2916
1/08/2015,6,Hawke's Bay Region,369,9681,405,300,285,350,245,0.3109
1/08/2015,8,Manawatu-Wanganui Region,603,15906,657,235,238,300,190,0.3391
1/08/2015,18,Marlborough Region,99,2514,93,290,289,340,250,0.2719
1/08/2015,-1,NA,288,16209,195,325,319,425,250,0.4333
1/08/2015,17,Nelson Region,165,4137,153,348,323,400,280,0.309
1/08/2015,1,Northland Region,435,9579,423,290,289,340,250,0.276
1/08/2015,14,Otago Region,495,17022,504,290,299,383,230,0.449
1/08/2015,15,Southland Region,213,5280,219,220,215,270,175,0.3414
1/08/2015,7,Taranaki Region,333,6807,285,300,302,360,250,0.3176
1/08/2015,16,Tasman Region,105,2184,72,330,309,380,260,0.2941
1/08/2015,3,Waikato Region,1380,31335,1245,320,300,370,248,0.337
1/08/2015,9,Wellington Region,1557,41187,1446,355,351,450,275,0.405
1/08/2015,12,West Coast Region,75,1464,66,230,218,280,175,0.3319
1/02/2004,-99,ALL,16884,230274,14031,240,231,320,170,0.4578
1/07/2015,2,Auckland Region,5151,121188,4569,470,464,570,390,0.3659
1/07/2015,4,Bay of Plenty Region,972,21090,888,335,319,400,260,0.3396
1/02/2004,13,Canterbury Region,2091,26949,1791,230,221,290,180,0.4211
1/07/2015,5,Gisborne Region,108,2733,120,280,272,300,230,0.2702
1/07/2015,6,Hawke's Bay Region,429,9720,369,293,289,340,250,0.2745
1/07/2015,8,Manawatu-Wanganui Region,669,15963,696,245,237,295,190,0.3494
1/07/2015,18,Marlborough Region,96,2511,99,290,288,348,256,0.2498
1/07/2015,-1,NA,303,16113,210,328,321,450,246,0.495
1/07/2015,17,Nelson Region,222,4125,216,340,318,400,280,0.3355
1/07/2015,1,Northland Region,432,9567,399,300,289,350,240,0.2852
1/07/2015,14,Otago Region,612,17031,507,290,292,380,230,0.4276
1/07/2015,15,Southland Region,234,5289,255,220,209,250,178,0.3008
1/07/2015,7,Taranaki Region,297,6756,315,290,294,360,235,0.3452
1/07/2015,16,Tasman Region,102,2151,81,340,328,395,280,0.2717
1/07/2015,3,Waikato Region,1572,31200,1317,300,293,375,230,0.3559
1/07/2015,9,Wellington Region,1536,41076,1452,365,357,465,280,0.4054
1/07/2015,12,West Coast Region,78,1455,78,240,226,275,190,0.3144
1/03/2004,-99,ALL,14577,231477,13374,240,235,315,180,0.4381
1/06/2015,2,Auckland Region,4713,120606,4308,470,467,580,390,0.3519
1/06/2015,4,Bay of Plenty Region,843,21009,834,330,320,395,260,0.3151
1/03/2004,13,Canterbury Region,1692,27105,1536,230,220,280,180,0.3772
1/06/2015,5,Gisborne Region,108,2745,111,275,276,320,240,0.2614
1/06/2015,6,Hawke's Bay Region,408,9660,366,285,288,350,245,0.2904
1/06/2015,8,Manawatu-Wanganui Region,594,15987,585,230,235,300,190,0.3307
1/06/2015,18,Marlborough Region,108,2514,123,300,299,350,260,0.2121
1/06/2015,-1,NA,345,16020,267,325,311,440,240,0.5036
1/06/2015,17,Nelson Region,162,4119,180,323,300,381,248,0.3559
1/06/2015,1,Northland Region,381,9531,378,285,281,350,240,0.32
1/06/2015,14,Otago Region,753,16923,510,300,310,450,225,0.483
1/06/2015,15,Southland Region,207,5310,210,220,202,256,170,0.3437
1/06/2015,7,Taranaki Region,306,6774,291,300,287,360,235,0.3286
1/06/2015,16,Tasman Region,93,2127,99,350,324,390,265,0.2576
1/06/2015,3,Waikato Region,1371,30942,1245,300,290,360,235,0.3395
1/06/2015,9,Wellington Region,1476,40995,1293,370,359,480,280,0.4129
1/06/2015,12,West Coast Region,66,1452,96,250,235,280,200,0.2861
1/04/2004,-99,ALL,13455,232689,12246,245,238,320,180,0.436
1/05/2015,2,Auckland Region,5079,120201,4464,465,466,570,390,0.3551
1/05/2015,4,Bay of Plenty Region,924,21000,843,330,322,400,265,0.3186
1/04/2004,13,Canterbury Region,1590,27261,1431,230,222,280,180,0.3596
1/05/2015,5,Gisborne Region,126,2748,114,280,265,320,220,0.2683
1/05/2015,6,Hawke's Bay Region,372,9615,363,290,284,340,240,0.3072
1/05/2015,8,Manawatu-Wanganui Region,612,15978,552,240,238,300,190,0.3267
1/05/2015,18,Marlborough Region,132,2529,99,300,285,336,250,0.2626
1/05/2015,-1,NA,318,15939,228,350,335,440,280,0.4301
1/05/2015,17,Nelson Region,195,4137,171,330,303,380,249,0.3296
1/05/2015,1,Northland Region,423,9528,402,290,281,340,240,0.2703
1/05/2015,14,Otago Region,702,16680,573,300,306,425,221,0.458
1/05/2015,15,Southland Region,216,5313,216,220,207,260,175,0.3167
1/05/2015,7,Taranaki Region,324,6762,324,280,278,350,233,0.33
1/05/2015,16,Tasman Region,96,2130,111,355,339,400,300,0.2906
1/05/2015,3,Waikato Region,1440,30816,1380,300,293,360,240,0.3513
1/05/2015,9,Wellington Region,1626,40809,1392,370,363,475,280,0.4176
1/05/2015,12,West Coast Region,78,1482,69,250,226,271,184,0.2973
1/05/2004,-99,ALL,14112,234042,12762,250,240,310,180,0.4132
1/04/2015,2,Auckland Region,4740,119586,4257,460,461,570,385,0.3501
1/04/2015,4,Bay of Plenty Region,840,20919,840,320,308,390,250,0.3503
1/05/2004,13,Canterbury Region,1620,27429,1455,230,222,280,180,0.3456
1/04/2015,5,Gisborne Region,102,2736,111,295,276,325,243,0.2536
1/04/2015,6,Hawke's Bay Region,381,9606,342,300,291,360,240,0.3105
1/04/2015,8,Manawatu-Wanganui Region,600,15915,576,235,234,300,190,0.3262
1/04/2015,18,Marlborough Region,96,2496,111,300,296,353,250,0.2556
1/04/2015,-1,NA,267,15849,186,330,325,443,250,0.4375
1/04/2015,17,Nelson Region,207,4110,192,340,318,390,280,0.3
1/04/2015,1,Northland Region,405,9507,375,290,283,350,241,0.3013
1/04/2015,14,Otago Region,675,16551,612,300,305,400,235,0.4541
1/04/2015,15,Southland Region,216,5313,195,230,223,276,180,0.3044
1/04/2015,7,Taranaki Region,303,6762,273,290,293,361,240,0.3311
1/04/2015,16,Tasman Region,99,2145,93,340,318,400,265,0.3254
1/04/2015,3,Waikato Region,1305,30759,1251,310,296,370,240,0.3315
1/04/2015,9,Wellington Region,1608,40575,1458,370,363,460,290,0.3997
1/04/2015,12,West Coast Region,69,1473,57,250,236,290,200,0.2971
1/06/2004,-99,ALL,13215,234945,12309,245,237,310,180,0.4256
1/03/2015,2,Auckland Region,5088,119103,4638,450,455,570,374,0.3746
1/03/2015,4,Bay of Plenty Region,882,20919,873,320,304,385,250,0.3425
1/06/2004,13,Canterbury Region,1524,27567,1386,230,222,280,185,0.3565
1/03/2015,5,Gisborne Region,114,2745,144,270,260,296,220,0.2522
1/03/2015,6,Hawke's Bay Region,399,9570,375,290,280,350,240,0.306
1/03/2015,8,Manawatu-Wanganui Region,693,15891,642,230,229,291,180,0.3573
1/03/2015,18,Marlborough Region,111,2508,111,300,294,345,250,0.2661
1/03/2015,-1,NA,276,15768,213,330,329,450,250,0.4401
1/03/2015,17,Nelson Region,207,4098,186,335,304,390,256,0.4094
1/03/2015,1,Northland Region,426,9477,402,300,285,350,235,0.2931
1/03/2015,14,Otago Region,771,16488,615,285,280,370,210,0.451
1/03/2015,15,Southland Region,219,5289,222,220,207,260,170,0.3502
1/03/2015,7,Taranaki Region,297,6732,276,290,283,350,230,0.3442
1/03/2015,16,Tasman Region,93,2139,78,343,328,386,300,0.3464
1/03/2015,3,Waikato Region,1524,30702,1353,300,287,360,230,0.3511
1/03/2015,9,Wellington Region,2109,40428,1785,375,364,485,280,0.4406
1/03/2015,12,West Coast Region,87,1458,87,250,242,290,200,0.2611
1/07/2004,-99,ALL,15222,236376,13791,245,238,310,180,0.4227
1/02/2015,2,Auckland Region,5364,118653,4917,450,453,560,375,0.3829
1/02/2015,4,Bay of Plenty Region,831,20910,786,310,300,390,245,0.3513
1/07/2004,13,Canterbury Region,1746,27765,1548,235,225,280,180,0.367
1/02/2015,5,Gisborne Region,114,2775,105,270,260,315,210,0.2819
1/02/2015,6,Hawke's Bay Region,405,9546,363,285,280,340,235,0.3312
1/02/2015,8,Manawatu-Wanganui Region,747,15843,603,230,232,295,180,0.3624
1/02/2015,18,Marlborough Region,78,2511,84,300,292,340,245,0.2531
1/02/2015,-1,NA,264,15702,177,325,318,413,250,0.4491
1/02/2015,17,Nelson Region,192,4077,168,320,293,385,220,0.3959
1/02/2015,1,Northland Region,354,9456,336,290,280,350,235,0.2904
1/02/2015,14,Otago Region,855,16335,642,280,282,370,211,0.4442
1/02/2015,15,Southland Region,246,5295,210,200,190,250,150,0.3895
1/02/2015,7,Taranaki Region,267,6711,258,293,291,380,230,0.3894
1/02/2015,16,Tasman Region,81,2124,87,330,326,400,278,0.2993
1/02/2015,3,Waikato Region,1611,30531,1410,320,306,390,240,0.3527
1/02/2015,9,Wellington Region,2994,40104,2727,410,399,565,290,0.4968
1/02/2015,12,West Coast Region,75,1458,66,230,233,280,199,0.2479
1/08/2004,-99,ALL,13482,237330,12528,240,238,310,180,0.4215
1/01/2015,2,Auckland Region,4938,118206,4374,455,461,570,380,0.3697
1/01/2015,4,Bay of Plenty Region,900,20865,801,320,306,390,250,0.3352
1/08/2004,13,Canterbury Region,1485,27915,1332,230,221,275,180,0.361
1/01/2015,5,Gisborne Region,129,2766,96,263,253,308,200,0.3024
1/01/2015,6,Hawke's Bay Region,402,9501,312,290,288,350,240,0.3197
1/01/2015,8,Manawatu-Wanganui Region,729,15699,618,240,241,300,190,0.337
1/01/2015,18,Marlborough Region,93,2517,81,300,291,355,240,0.2792
1/01/2015,-1,NA,300,15615,210,320,315,450,228,0.4616
1/01/2015,17,Nelson Region,168,4053,168,348,326,394,276,0.355
1/01/2015,1,Northland Region,339,9435,348,280,274,333,230,0.302
1/01/2015,14,Otago Region,2985,16122,1050,340,345,550,235,0.564
1/01/2015,15,Southland Region,255,5259,213,218,203,258,171,0.3454
1/01/2015,7,Taranaki Region,306,6699,252,290,286,350,233,0.3482
1/01/2015,16,Tasman Region,72,2130,72,360,339,409,290,0.3002
1/01/2015,3,Waikato Region,1458,30333,1308,320,301,380,240,0.3671
1/01/2015,9,Wellington Region,2352,39834,2583,395,389,540,295,0.4487
1/01/2015,12,West Coast Region,96,1449,63,250,249,300,220,0.252
1/09/2004,-99,ALL,13017,238173,12174,245,239,310,180,0.4115
1/12/2014,2,Auckland Region,4272,117642,4455,450,449,550,370,0.352
1/12/2014,4,Bay of Plenty Region,798,20766,915,320,306,384,250,0.3358
1/09/2004,13,Canterbury Region,1413,27942,1389,230,222,280,180,0.3501
1/12/2014,5,Gisborne Region,111,2733,102,270,256,300,220,0.2378
1/12/2014,6,Hawke's Bay Region,369,9411,375,295,289,340,250,0.3215
1/12/2014,8,Manawatu-Wanganui Region,645,15585,744,245,246,320,185,0.3736
1/12/2014,18,Marlborough Region,96,2505,120,285,281,340,240,0.2737
1/12/2014,-1,NA,183,15525,222,330,321,420,250,0.4133
1/12/2014,17,Nelson Region,189,4053,204,325,300,384,231,0.3506
1/12/2014,1,Northland Region,372,9444,393,280,279,340,240,0.2907
1/12/2014,14,Otago Region,711,14187,2850,300,303,380,236,0.4016
1/12/2014,15,Southland Region,216,5217,243,220,210,250,173,0.3429
1/12/2014,7,Taranaki Region,264,6648,309,310,303,370,250,0.3554
1/12/2014,16,Tasman Region,78,2130,87,355,352,418,310,0.268
1/12/2014,3,Waikato Region,1218,30183,1428,300,293,370,240,0.3379
1/12/2014,9,Wellington Region,1344,40065,1533,370,365,461,290,0.4083
1/12/2014,12,West Coast Region,48,1416,69,280,254,300,230,0.2699
1/10/2004,-99,ALL,13290,239022,12441,250,240,310,180,0.4113
1/11/2014,2,Auckland Region,4482,117828,4452,450,449,550,375,0.3549
1/11/2014,4,Bay of Plenty Region,819,20883,867,300,298,380,250,0.3414
1/10/2004,13,Canterbury Region,1593,27999,1536,230,221,280,180,0.3639
1/11/2014,5,Gisborne Region,90,2724,120,270,259,300,230,0.2509
1/11/2014,6,Hawke's Bay Region,381,9420,357,290,293,350,243,0.3388
1/11/2014,8,Manawatu-Wanganui Region,768,15687,843,250,249,320,190,0.3834
1/11/2014,18,Marlborough Region,108,2532,105,280,285,340,250,0.2403
1/11/2014,-1,NA,249,15567,210,320,303,400,240,0.4418
1/11/2014,17,Nelson Region,198,4068,204,330,303,380,250,0.3464
1/11/2014,1,Northland Region,345,9462,351,260,264,330,220,0.3115
1/11/2014,14,Otago Region,570,16326,804,300,298,380,235,0.3835
1/11/2014,15,Southland Region,213,5244,234,215,206,260,165,0.3395
1/11/2014,7,Taranaki Region,297,6690,309,280,285,350,230,0.3434
1/11/2014,16,Tasman Region,90,2139,87,340,313,396,259,0.3376
1/11/2014,3,Waikato Region,1305,30393,1362,300,285,350,230,0.3324
1/11/2014,9,Wellington Region,1572,40251,1656,365,365,480,276,0.4518
1/11/2014,12,West Coast Region,63,1437,66,250,236,283,205,0.3111
1/11/2004,-99,ALL,13980,237990,15015,250,242,315,185,0.4148
1/10/2014,2,Auckland Region,4320,117795,4080,450,446,550,370,0.3485
1/10/2014,4,Bay of Plenty Region,843,20934,885,300,296,375,245,0.332
1/11/2004,13,Canterbury Region,1686,27921,1764,230,225,280,180,0.3631
1/10/2014,5,Gisborne Region,105,2754,105,280,261,320,220,0.2748
1/10/2014,6,Hawke's Bay Region,402,9396,363,290,280,330,230,0.2962
1/10/2014,8,Manawatu-Wanganui Region,630,15759,684,230,226,280,180,0.3359
1/10/2014,18,Marlborough Region,114,2532,105,300,285,334,235,0.2672
1/10/2014,-1,NA,249,15528,228,300,291,400,215,0.4792
1/10/2014,17,Nelson Region,186,4074,177,330,308,380,270,0.3246
1/10/2014,1,Northland Region,399,9468,357,275,272,330,240,0.2661
1/10/2014,14,Otago Region,570,16563,696,283,297,390,235,0.4054
1/10/2014,15,Southland Region,228,5265,201,210,201,250,169,0.2948
1/10/2014,7,Taranaki Region,288,6702,273,300,297,378,240,0.3711
1/10/2014,16,Tasman Region,93,2136,78,330,306,380,250,0.3761
1/10/2014,3,Waikato Region,1200,30450,1176,295,285,350,230,0.3155
1/10/2014,9,Wellington Region,1440,40335,1401,348,340,435,270,0.3876
1/10/2014,12,West Coast Region,72,1440,66,240,244,300,200,0.2397
1/12/2004,-99,ALL,13407,235395,15999,250,242,320,185,0.4146
1/09/2014,2,Auckland Region,4428,117558,4134,440,440,540,365,0.3556
1/09/2014,4,Bay of Plenty Region,876,20973,801,300,290,360,240,0.3203
1/12/2004,13,Canterbury Region,1626,27822,1722,240,225,280,185,0.3854
1/09/2014,5,Gisborne Region,111,2754,114,270,258,300,220,0.2597
1/09/2014,6,Hawke's Bay Region,405,9357,369,280,274,340,230,0.306
1/09/2014,8,Manawatu-Wanganui Region,642,15816,618,220,222,280,175,0.339
1/09/2014,18,Marlborough Region,108,2520,120,280,278,320,244,0.2173
1/09/2014,-1,NA,219,15507,201,320,316,440,240,0.4304
1/09/2014,17,Nelson Region,180,4065,177,325,306,375,270,0.3114
1/09/2014,1,Northland Region,405,9423,393,280,275,340,230,0.2744
1/09/2014,14,Otago Region,600,16689,645,295,294,385,230,0.4763
1/09/2014,15,Southland Region,237,5238,252,210,207,260,170,0.329
1/09/2014,7,Taranaki Region,309,6687,294,285,279,350,230,0.3608
1/09/2014,16,Tasman Region,108,2121,96,335,315,390,290,0.3194
1/09/2014,3,Waikato Region,1290,30423,1248,290,283,350,225,0.3407
1/09/2014,9,Wellington Region,1359,40299,1296,350,345,450,270,0.4031
1/09/2014,12,West Coast Region,75,1434,93,250,242,290,200,0.2469
1/01/2005,-99,ALL,16200,238437,13158,260,251,340,190,0.4509
1/08/2014,2,Auckland Region,5028,117261,4275,445,443,545,360,0.3483
1/08/2014,4,Bay of Plenty Region,936,20901,822,300,290,360,240,0.3368
1/01/2005,13,Canterbury Region,2076,28035,1863,250,233,300,190,0.4122
1/08/2014,5,Gisborne Region,141,2757,117,275,263,308,230,0.282
1/08/2014,6,Hawke's Bay Region,417,9321,381,285,280,340,235,0.2959
1/08/2014,8,Manawatu-Wanganui Region,711,15795,621,225,225,280,180,0.3363
1/08/2014,18,Marlborough Region,114,2532,90,265,276,320,240,0.248
1/08/2014,-1,NA,246,15489,168,305,305,400,240,0.3931
1/08/2014,17,Nelson Region,204,4059,180,325,300,375,250,0.3029
1/08/2014,1,Northland Region,435,9414,387,280,269,330,224,0.2893
1/08/2014,14,Otago Region,534,16731,495,283,283,350,230,0.3873
1/08/2014,15,Southland Region,231,5253,207,220,208,255,170,0.2994
1/08/2014,7,Taranaki Region,336,6672,312,283,291,360,240,0.3377
1/08/2014,16,Tasman Region,96,2109,90,330,321,400,271,0.3113
1/08/2014,3,Waikato Region,1329,30381,1161,300,284,350,230,0.332
1/08/2014,9,Wellington Region,1509,40236,1374,350,349,450,275,0.3917
1/08/2014,12,West Coast Region,93,1452,75,250,237,278,200,0.2294
1/02/2005,-99,ALL,16479,241614,13305,250,243,320,185,0.4457
1/07/2014,2,Auckland Region,4797,116508,4359,430,430,530,350,0.3719
1/07/2014,4,Bay of Plenty Region,948,20787,924,300,290,360,240,0.3355
1/02/2005,13,Canterbury Region,2169,28500,1704,250,231,300,190,0.4051
1/07/2014,5,Gisborne Region,129,2730,105,260,253,300,210,0.2793
1/07/2014,6,Hawke's Bay Region,396,9285,396,280,274,335,230,0.3249
1/07/2014,8,Manawatu-Wanganui Region,732,15705,666,230,228,290,180,0.356
1/07/2014,18,Marlborough Region,105,2511,90,300,293,348,250,0.2295
1/07/2014,-1,NA,282,15411,207,300,298,400,235,0.4347
1/07/2014,17,Nelson Region,210,4035,219,330,303,380,260,0.3191
1/07/2014,1,Northland Region,396,9363,378,280,273,330,230,0.2734
1/07/2014,14,Otago Region,588,16692,504,280,275,350,215,0.4246
1/07/2014,15,Southland Region,261,5229,249,215,200,255,170,0.3716
1/07/2014,7,Taranaki Region,294,6651,273,285,281,350,230,0.3226
1/07/2014,16,Tasman Region,84,2103,84,305,295,369,246,0.325
1/07/2014,3,Waikato Region,1446,30213,1326,290,278,350,220,0.364
1/07/2014,9,Wellington Region,1527,40101,1392,340,337,450,264,0.4111
1/07/2014,12,West Coast Region,57,1434,54,250,265,308,231,0.289
1/03/2005,-99,ALL,14493,242520,13587,250,246,320,190,0.4176
1/06/2014,2,Auckland Region,4248,116073,3900,440,440,540,360,0.3441
1/06/2014,4,Bay of Plenty Region,888,20760,894,300,298,370,250,0.3389
1/03/2005,13,Canterbury Region,1740,28533,1707,250,232,290,190,0.3774
1/06/2014,5,Gisborne Region,120,2709,117,260,258,308,220,0.291
1/06/2014,6,Hawke's Bay Region,354,9285,357,290,276,340,240,0.3529
1/06/2014,8,Manawatu-Wanganui Region,693,15639,639,225,224,285,180,0.3469
1/06/2014,18,Marlborough Region,99,2496,93,283,279,330,239,0.2444
1/06/2014,-1,NA,231,15336,207,330,303,420,230,0.4959
1/06/2014,17,Nelson Region,207,4044,168,330,305,380,250,0.3192
1/06/2014,1,Northland Region,408,9345,408,270,264,324,220,0.2942
1/06/2014,14,Otago Region,648,16605,570,300,311,450,235,0.46
1/06/2014,15,Southland Region,189,5217,216,220,208,250,170,0.3487
1/06/2014,7,Taranaki Region,279,6630,261,290,282,350,230,0.3515
1/06/2014,16,Tasman Region,90,2103,81,320,303,380,270,0.3177
1/06/2014,3,Waikato Region,1257,30093,1164,290,278,350,220,0.3516
1/06/2014,9,Wellington Region,1395,39966,1320,350,349,450,280,0.3991
1/06/2014,12,West Coast Region,57,1431,63,250,236,260,200,0.2464
1/04/2005,-99,ALL,14910,244320,13110,250,248,320,190,0.4082
1/05/2014,2,Auckland Region,4905,115725,4377,440,440,540,360,0.3441
1/05/2014,4,Bay of Plenty Region,1008,20766,936,300,295,370,245,0.341
1/04/2005,13,Canterbury Region,1782,28734,1584,240,231,290,190,0.3507
1/05/2014,5,Gisborne Region,147,2706,141,270,263,300,220,0.2724
1/05/2014,6,Hawke's Bay Region,411,9288,396,300,288,350,240,0.2878
1/05/2014,8,Manawatu-Wanganui Region,654,15585,615,225,223,280,180,0.329
1/05/2014,18,Marlborough Region,114,2490,99,290,281,340,235,0.2867
1/05/2014,-1,NA,285,15309,249,300,310,400,240,0.4478
1/05/2014,17,Nelson Region,237,4005,210,330,300,370,250,0.3399
1/05/2014,1,Northland Region,471,9348,420,280,274,330,230,0.2864
1/05/2014,14,Otago Region,786,16527,597,300,299,395,235,0.4285
1/05/2014,15,Southland Region,252,5247,219,220,209,250,180,0.2838
1/05/2014,7,Taranaki Region,339,6612,315,280,285,350,230,0.3667
1/05/2014,16,Tasman Region,99,2094,105,330,320,380,280,0.2797
1/05/2014,3,Waikato Region,1425,30000,1269,295,280,350,220,0.3527
1/05/2014,9,Wellington Region,1650,39891,1476,350,347,450,270,0.3922
1/05/2014,12,West Coast Region,87,1437,75,265,249,300,220,0.2948
1/05/2005,-99,ALL,14721,246045,12996,250,242,320,185,0.4187
1/04/2014,2,Auckland Region,4449,115197,4119,430,436,540,360,0.3574
1/04/2014,4,Bay of Plenty Region,837,20691,873,300,285,360,230,0.3578
1/05/2005,13,Canterbury Region,1668,28899,1500,240,229,290,185,0.3589
1/04/2014,5,Gisborne Region,105,2700,120,270,257,300,220,0.2308
1/04/2014,6,Hawke's Bay Region,360,9270,345,290,276,340,230,0.3089
1/04/2014,8,Manawatu-Wanganui Region,600,15546,531,240,227,290,180,0.3481
1/04/2014,18,Marlborough Region,117,2475,108,278,275,344,235,0.2533
1/04/2014,-1,NA,240,15273,210,320,314,400,240,0.3955
1/04/2014,17,Nelson Region,231,3975,201,313,292,374,251,0.3299
1/04/2014,1,Northland Region,387,9297,342,270,265,320,230,0.2652
1/04/2014,14,Otago Region,630,16338,594,285,281,360,220,0.4283
1/04/2014,15,Southland Region,204,5214,207,230,218,260,180,0.3247
1/04/2014,7,Taranaki Region,258,6588,264,280,286,360,230,0.3443
1/04/2014,16,Tasman Region,105,2100,84,350,332,398,283,0.2866
1/04/2014,3,Waikato Region,1230,29844,1155,300,284,350,230,0.3439
1/04/2014,9,Wellington Region,1464,39720,1401,360,361,460,280,0.3907
1/04/2014,12,West Coast Region,78,1425,75,250,245,300,220,0.2382
1/06/2005,-99,ALL,13704,247515,12234,250,246,320,190,0.4115
1/03/2014,2,Auckland Region,5289,114867,4755,425,429,530,350,0.3641
1/03/2014,4,Bay of Plenty Region,1020,20727,948,300,290,360,240,0.3244
1/06/2005,13,Canterbury Region,1548,29085,1365,240,227,280,185,0.3558
1/03/2014,5,Gisborne Region,138,2715,147,258,251,300,210,0.2909
1/03/2014,6,Hawke's Bay Region,417,9258,363,280,278,340,235,0.2907
1/03/2014,8,Manawatu-Wanganui Region,696,15474,666,240,236,290,190,0.3349
1/03/2014,18,Marlborough Region,111,2466,123,260,276,330,240,0.2501
1/03/2014,-1,NA,288,15246,222,320,304,400,240,0.458
1/03/2014,17,Nelson Region,222,3945,249,320,294,375,250,0.3535
1/03/2014,1,Northland Region,474,9255,405,275,264,325,220,0.3119
1/03/2014,14,Otago Region,765,16302,669,280,277,379,206,0.4376
1/03/2014,15,Southland Region,207,5214,189,215,202,250,172,0.3047
1/03/2014,7,Taranaki Region,291,6594,285,280,279,350,225,0.383
1/03/2014,16,Tasman Region,96,2079,96,330,315,385,276,0.3224
1/03/2014,3,Waikato Region,1503,29772,1335,290,280,350,220,0.3344
1/03/2014,9,Wellington Region,2148,39657,1974,370,362,475,285,0.4119
1/03/2014,12,West Coast Region,72,1422,66,250,240,280,200,0.2427
1/07/2005,-99,ALL,14475,248547,13446,250,248,320,190,0.4076
1/02/2014,2,Auckland Region,5601,114333,4608,420,421,525,350,0.3753
1/02/2014,4,Bay of Plenty Region,879,20655,795,300,281,350,230,0.349
1/07/2005,13,Canterbury Region,1686,29187,1581,240,229,290,185,0.3544
1/02/2014,5,Gisborne Region,135,2724,132,265,255,300,210,0.2667
1/02/2014,6,Hawke's Bay Region,393,9204,387,290,284,340,240,0.2858
1/02/2014,8,Manawatu-Wanganui Region,888,15444,678,220,222,280,175,0.3463
1/02/2014,18,Marlborough Region,132,2478,102,290,287,340,240,0.2502
1/02/2014,-1,NA,288,15180,204,325,316,410,240,0.4482
1/02/2014,17,Nelson Region,213,3972,201,330,300,380,265,0.3466
1/02/2014,1,Northland Region,402,9183,387,275,263,320,230,0.3144
1/02/2014,14,Otago Region,1041,16206,762,280,276,350,211,0.4317
1/02/2014,15,Southland Region,285,5199,219,200,184,250,150,0.4016
1/02/2014,7,Taranaki Region,297,6588,270,280,281,350,220,0.3769
1/02/2014,16,Tasman Region,81,2079,72,330,316,395,280,0.3838
1/02/2014,3,Waikato Region,1593,29601,1380,300,288,365,220,0.3555
1/02/2014,9,Wellington Region,2997,39480,2613,395,380,550,280,0.4999
1/02/2014,12,West Coast Region,69,1416,69,250,250,300,220,0.2304
1/08/2005,-99,ALL,14013,249483,13077,250,246,320,190,0.4078
1/01/2014,2,Auckland Region,4731,113340,4416,430,434,550,350,0.3791
1/01/2014,4,Bay of Plenty Region,882,20574,801,300,292,368,245,0.3322
1/08/2005,13,Canterbury Region,1647,29298,1539,239,226,280,185,0.3505
1/01/2014,5,Gisborne Region,159,2718,114,260,251,320,200,0.3571
1/01/2014,6,Hawke's Bay Region,396,9198,357,285,279,340,230,0.2948
1/01/2014,8,Manawatu-Wanganui Region,747,15237,630,225,226,290,180,0.3442
1/01/2014,18,Marlborough Region,99,2451,81,295,285,330,240,0.262
1/01/2014,-1,NA,294,15096,189,300,295,400,200,0.4485
1/01/2014,17,Nelson Region,201,3960,201,340,308,380,253,0.3415
1/01/2014,1,Northland Region,411,9171,375,280,277,330,230,0.2845
1/01/2014,14,Otago Region,2838,15930,1029,340,339,550,230,0.566
1/01/2014,15,Southland Region,258,5130,225,210,203,250,165,0.3212
1/01/2014,7,Taranaki Region,294,6561,270,280,287,355,230,0.37
1/01/2014,16,Tasman Region,84,2070,69,330,300,386,250,0.3499
1/01/2014,3,Waikato Region,1449,29388,1365,310,296,370,240,0.3474
1/01/2014,9,Wellington Region,2100,39099,2436,390,382,515,295,0.4468
1/01/2014,12,West Coast Region,75,1419,63,250,248,298,210,0.2491
1/09/2005,-99,ALL,13698,250860,12321,255,248,320,190,0.4009
1/12/2013,2,Auckland Region,4140,113025,4458,420,425,520,350,0.353
1/12/2013,4,Bay of Plenty Region,828,20493,927,300,295,360,250,0.3103
1/09/2005,13,Canterbury Region,1599,29364,1533,250,233,290,190,0.3498
1/12/2013,5,Gisborne Region,87,2673,90,260,252,300,220,0.2706
1/12/2013,6,Hawke's Bay Region,360,9159,402,300,284,340,233,0.2928
1/12/2013,8,Manawatu-Wanganui Region,621,15117,747,240,237,300,185,0.3842
1/12/2013,18,Marlborough Region,108,2430,141,280,279,320,230,0.2327
1/12/2013,-1,NA,240,14994,255,310,303,393,240,0.3807
1/12/2013,17,Nelson Region,228,3957,234,310,287,380,240,0.3794
1/12/2013,1,Northland Region,360,9135,399,273,272,330,226,0.2857
1/12/2013,14,Otago Region,624,14121,2757,295,296,370,240,0.3587
1/12/2013,15,Southland Region,186,5097,255,220,210,260,180,0.3214
1/12/2013,7,Taranaki Region,258,6537,297,280,286,350,230,0.375
1/12/2013,16,Tasman Region,90,2055,93,340,318,390,260,0.2921
1/12/2013,3,Waikato Region,1254,29304,1449,300,286,350,230,0.3341
1/12/2013,9,Wellington Region,1326,39435,1617,360,358,470,280,0.4067
1/12/2013,12,West Coast Region,63,1407,72,250,236,275,200,0.2497
1/10/2005,-99,ALL,13833,251682,13014,260,252,320,200,0.3982
1/11/2013,2,Auckland Region,4959,113346,4944,420,425,520,350,0.3432
1/11/2013,4,Bay of Plenty Region,978,20592,966,300,290,350,250,0.3113
1/10/2005,13,Canterbury Region,1611,29379,1596,250,234,290,190,0.3495
1/11/2013,5,Gisborne Region,150,2676,114,263,257,300,225,0.2127
1/11/2013,6,Hawke's Bay Region,432,9201,387,285,278,330,240,0.3327
1/11/2013,8,Manawatu-Wanganui Region,867,15243,1023,250,242,311,185,0.3844
1/11/2013,18,Marlborough Region,120,2463,120,280,281,320,245,0.2404
1/11/2013,-1,NA,315,15009,243,313,308,395,230,0.4353
1/11/2013,17,Nelson Region,222,3966,252,308,295,381,250,0.3305
1/11/2013,1,Northland Region,429,9174,408,270,268,320,220,0.2759
1/11/2013,14,Otago Region,645,16254,771,290,291,380,230,0.3978
1/11/2013,15,Southland Region,252,5166,264,215,205,250,170,0.2934
1/11/2013,7,Taranaki Region,294,6576,282,290,289,350,235,0.3513
1/11/2013,16,Tasman Region,108,2058,93,320,309,365,285,0.2676
1/11/2013,3,Waikato Region,1392,29499,1458,295,281,350,230,0.3356
1/11/2013,9,Wellington Region,1689,39729,1824,350,354,456,280,0.4159
1/11/2013,12,West Coast Region,90,1416,84,250,243,290,190,0.3265
1/11/2005,-99,ALL,13395,250218,14859,260,253,330,200,0.4096
1/10/2013,2,Auckland Region,4572,113334,4443,420,425,520,350,0.3565
1/10/2013,4,Bay of Plenty Region,936,20580,936,295,284,358,235,0.3515
1/11/2005,13,Canterbury Region,1644,29205,1818,250,238,300,195,0.3573
1/10/2013,5,Gisborne Region,120,2640,117,265,255,300,210,0.3096
1/10/2013,6,Hawke's Bay Region,390,9156,414,290,281,340,240,0.2839
1/10/2013,8,Manawatu-Wanganui Region,648,15396,711,225,220,275,178,0.3457
1/10/2013,18,Marlborough Region,123,2466,132,270,271,320,230,0.2372
1/10/2013,-1,NA,270,14937,246,300,301,400,230,0.4372
1/10/2013,17,Nelson Region,210,3993,207,310,285,370,240,0.3642
1/10/2013,1,Northland Region,474,9150,405,270,264,320,220,0.2922
1/10/2013,14,Otago Region,618,16380,747,288,295,380,234,0.3851
1/10/2013,15,Southland Region,243,5181,237,215,203,250,170,0.3412
1/10/2013,7,Taranaki Region,306,6564,315,280,285,350,220,0.4285
1/10/2013,16,Tasman Region,96,2046,93,330,315,360,285,0.2093
1/10/2013,3,Waikato Region,1320,29562,1323,295,282,350,230,0.3186
1/10/2013,9,Wellington Region,1437,39861,1464,340,332,428,260,0.374
1/10/2013,12,West Coast Region,66,1410,78,250,240,280,203,0.241
1/12/2005,-99,ALL,13764,248034,15945,260,254,325,200,0.3975
1/09/2013,2,Auckland Region,4500,113205,4155,420,423,520,350,0.3552
1/09/2013,4,Bay of Plenty Region,915,20577,918,300,291,350,250,0.2878
1/12/2005,13,Canterbury Region,1653,29067,1794,250,241,300,200,0.3868
1/09/2013,5,Gisborne Region,117,2634,114,260,255,300,220,0.2582
1/09/2013,6,Hawke's Bay Region,435,9180,390,280,274,330,230,0.2933
1/09/2013,8,Manawatu-Wanganui Region,594,15459,564,220,223,280,180,0.345
1/09/2013,18,Marlborough Region,117,2475,132,275,275,320,230,0.3263
1/09/2013,-1,NA,270,14910,195,322,309,429,230,0.4495
1/09/2013,17,Nelson Region,222,3990,207,330,300,380,260,0.3492
1/09/2013,1,Northland Region,402,9084,378,270,263,320,220,0.2849
1/09/2013,14,Otago Region,603,16506,588,270,280,350,220,0.4064
1/09/2013,15,Southland Region,240,5175,219,210,208,250,171,0.2938
1/09/2013,7,Taranaki Region,303,6576,249,280,283,350,230,0.3557
1/09/2013,16,Tasman Region,96,2043,111,350,321,388,290,0.2976
1/09/2013,3,Waikato Region,1275,29568,1266,290,280,350,230,0.3365
1/09/2013,9,Wellington Region,1410,39891,1389,350,346,450,280,0.4103
1/09/2013,12,West Coast Region,75,1419,63,260,257,298,230,0.256
1/01/2006,-99,ALL,16029,250803,13260,270,259,350,200,0.4586
1/08/2013,2,Auckland Region,5115,112863,4908,418,418,510,350,0.3458
1/08/2013,4,Bay of Plenty Region,1080,20580,1002,290,283,350,230,0.3179
1/01/2006,13,Canterbury Region,1929,29142,1854,260,248,320,200,0.3991
1/08/2013,5,Gisborne Region,105,2631,96,270,259,300,220,0.2781
1/08/2013,6,Hawke's Bay Region,411,9135,444,280,268,320,230,0.28
1/08/2013,8,Manawatu-Wanganui Region,663,15429,693,220,223,280,180,0.3329
1/08/2013,18,Marlborough Region,123,2487,159,270,266,320,230,0.2691
1/08/2013,-1,NA,261,14835,219,300,299,390,240,0.4114
1/08/2013,17,Nelson Region,243,3975,234,300,278,355,225,0.3485
1/08/2013,1,Northland Region,429,9060,414,270,264,320,220,0.2759
1/08/2013,14,Otago Region,507,16491,525,260,253,320,200,0.414
1/08/2013,15,Southland Region,243,5154,273,218,209,260,170,0.3042
1/08/2013,7,Taranaki Region,339,6522,324,280,275,340,220,0.3505
1/08/2013,16,Tasman Region,102,2055,84,330,313,375,280,0.2813
1/08/2013,3,Waikato Region,1350,29559,1317,290,276,350,220,0.3391
1/08/2013,9,Wellington Region,1572,39867,1548,350,347,450,275,0.388
1/08/2013,12,West Coast Region,72,1407,81,230,226,280,190,0.2815
1/02/2006,-99,ALL,16779,253848,13734,265,256,340,200,0.4388
1/07/2013,2,Auckland Region,4971,112653,4764,420,417,520,340,0.3605
1/07/2013,4,Bay of Plenty Region,1056,20505,1035,300,286,350,240,0.3141
1/02/2006,13,Canterbury Region,2256,29523,1875,260,240,320,190,0.423
1/07/2013,5,Gisborne Region,147,2622,120,260,251,300,220,0.2597
1/07/2013,6,Hawke's Bay Region,396,9171,387,280,276,340,230,0.3062
1/07/2013,8,Manawatu-Wanganui Region,735,15462,681,210,211,260,170,0.3439
1/07/2013,18,Marlborough Region,114,2523,123,280,278,320,240,0.247
1/07/2013,-1,NA,282,14793,240,300,296,390,226,0.4174
1/07/2013,17,Nelson Region,201,3969,195,320,284,370,216,0.3801
1/07/2013,1,Northland Region,456,9045,456,280,273,335,240,0.2781
1/07/2013,14,Otago Region,645,16509,567,265,263,340,200,0.4061
1/07/2013,15,Southland Region,276,5184,297,210,201,250,160,0.3328
1/07/2013,7,Taranaki Region,321,6507,345,280,278,350,225,0.3762
1/07/2013,16,Tasman Region,96,2037,93,320,301,360,250,0.2991
1/07/2013,3,Waikato Region,1404,29523,1410,280,273,340,220,0.3328
1/07/2013,9,Wellington Region,1518,39846,1449,350,342,450,270,0.4143
1/07/2013,12,West Coast Region,84,1419,72,250,242,280,200,0.2192
1/03/2006,-99,ALL,15033,254646,14232,260,255,330,200,0.4086
1/06/2013,2,Auckland Region,4623,112446,4314,420,423,515,350,0.3491
1/06/2013,4,Bay of Plenty Region,912,20484,900,300,290,350,250,0.317
1/03/2006,13,Canterbury Region,1803,29604,1725,250,238,300,195,0.3781
1/06/2013,5,Gisborne Region,105,2595,105,270,257,300,223,0.2837
1/06/2013,6,Hawke's Bay Region,393,9162,411,280,266,330,220,0.3105
1/06/2013,8,Manawatu-Wanganui Region,645,15408,636,220,221,290,175,0.3705
1/06/2013,18,Marlborough Region,126,2532,114,280,282,320,250,0.2431
1/06/2013,-1,NA,234,14751,216,298,297,385,240,0.4382
1/06/2013,17,Nelson Region,201,3963,198,315,289,360,250,0.352
1/06/2013,1,Northland Region,411,9045,402,270,267,320,230,0.2764
1/06/2013,14,Otago Region,738,16431,543,295,300,400,230,0.4274
1/06/2013,15,Southland Region,213,5205,249,200,198,250,170,0.3326
1/06/2013,7,Taranaki Region,273,6531,273,280,272,340,225,0.3571
1/06/2013,16,Tasman Region,93,2037,84,325,321,378,296,0.2843
1/06/2013,3,Waikato Region,1374,29529,1287,290,273,345,220,0.3513
1/06/2013,9,Wellington Region,1458,39774,1413,350,341,440,265,0.3892
1/06/2013,12,West Coast Region,72,1407,87,250,249,298,220,0.2366
1/04/2006,-99,ALL,13935,256392,12189,270,261,340,200,0.4029
1/05/2013,2,Auckland Region,4857,112137,4698,420,422,520,350,0.3474
1/05/2013,4,Bay of Plenty Region,1128,20472,1026,300,286,350,245,0.3338
1/04/2006,13,Canterbury Region,1647,29844,1407,250,239,300,200,0.3625
1/05/2013,5,Gisborne Region,147,2598,147,260,257,300,220,0.2432
1/05/2013,6,Hawke's Bay Region,432,9183,405,280,274,330,220,0.3143
1/05/2013,8,Manawatu-Wanganui Region,729,15402,681,220,220,280,180,0.3281
1/05/2013,18,Marlborough Region,153,2520,144,275,274,320,228,0.2524
1/05/2013,-1,NA,300,14733,258,300,292,394,230,0.5005
1/05/2013,17,Nelson Region,243,3960,228,324,295,370,250,0.38
1/05/2013,1,Northland Region,462,9033,408,275,264,320,220,0.2916
1/05/2013,14,Otago Region,837,16239,690,293,286,380,220,0.4208
1/05/2013,15,Southland Region,270,5241,255,210,200,260,150,0.3563
1/05/2013,7,Taranaki Region,327,6531,300,280,280,350,230,0.3298
1/05/2013,16,Tasman Region,108,2025,105,340,312,390,270,0.3501
1/05/2013,3,Waikato Region,1431,29442,1389,290,274,350,220,0.328
1/05/2013,9,Wellington Region,1875,39729,1554,345,344,450,260,0.422
1/05/2013,12,West Coast Region,93,1422,81,250,244,300,218,0.2864
1/05/2006,-99,ALL,13494,256761,13125,270,259,330,200,0.4012
1/04/2013,2,Auckland Region,4572,111978,4338,415,417,500,350,0.3622
1/04/2013,4,Bay of Plenty Region,990,20370,1005,300,290,350,245,0.2974
1/05/2006,13,Canterbury Region,1545,29892,1497,250,240,300,195,0.359
1/04/2013,5,Gisborne Region,96,2598,117,260,260,300,220,0.3004
1/04/2013,6,Hawke's Bay Region,402,9156,408,280,271,330,230,0.3092
1/04/2013,8,Manawatu-Wanganui Region,651,15354,624,220,222,280,180,0.3262
1/04/2013,18,Marlborough Region,120,2511,120,295,288,340,250,0.2157
1/04/2013,-1,NA,276,14688,213,310,306,395,240,0.4334
1/04/2013,17,Nelson Region,246,3945,216,320,293,375,228,0.3532
1/04/2013,1,Northland Region,459,8982,414,280,272,330,230,0.2821
1/04/2013,14,Otago Region,708,16092,612,280,276,350,220,0.4064
1/04/2013,15,Southland Region,216,5226,216,220,206,256,170,0.316
1/04/2013,7,Taranaki Region,306,6507,291,280,281,359,220,0.3531
1/04/2013,16,Tasman Region,96,2025,81,305,297,350,270,0.3052
1/04/2013,3,Waikato Region,1401,29400,1338,290,278,350,230,0.3398
1/04/2013,9,Wellington Region,1647,39408,1569,350,350,450,280,0.3869
1/04/2013,12,West Coast Region,81,1413,93,250,249,300,221,0.2774
1/06/2006,-99,ALL,14931,258375,13317,260,250,325,190,0.4188
1/03/2013,2,Auckland Region,5118,111741,4860,400,412,500,340,0.3548
1/03/2013,4,Bay of Plenty Region,1053,20385,990,295,289,360,240,0.3186
1/06/2006,13,Canterbury Region,1644,29955,1581,250,239,300,196,0.3495
1/03/2013,5,Gisborne Region,132,2616,102,270,262,300,220,0.279
1/03/2013,6,Hawke's Bay Region,444,9162,411,290,279,340,230,0.3034
1/03/2013,8,Manawatu-Wanganui Region,828,15327,774,225,223,280,180,0.3383
1/03/2013,18,Marlborough Region,147,2511,132,280,273,321,230,0.26
1/03/2013,-1,NA,285,14628,255,310,304,400,240,0.4594
1/03/2013,17,Nelson Region,252,3915,237,323,296,370,250,0.3824
1/03/2013,1,Northland Region,453,8937,456,275,267,320,230,0.2852
1/03/2013,14,Otago Region,786,15996,684,280,275,350,210,0.3948
1/03/2013,15,Southland Region,237,5226,213,205,204,250,161,0.3776
1/03/2013,7,Taranaki Region,303,6489,315,270,277,350,220,0.3467
1/03/2013,16,Tasman Region,105,2010,111,330,318,373,290,0.258
1/03/2013,3,Waikato Region,1473,29337,1338,285,274,340,220,0.3354
1/03/2013,9,Wellington Region,2139,39330,1899,355,351,470,275,0.4162
1/03/2013,12,West Coast Region,63,1425,72,250,247,288,213,0.2239
1/07/2006,-99,ALL,14955,259809,13521,265,257,335,200,0.417
1/02/2013,2,Auckland Region,5487,111486,4872,408,407,500,335,0.3754
1/02/2013,4,Bay of Plenty Region,969,20325,963,285,273,340,220,0.3263
1/07/2006,13,Canterbury Region,1674,30045,1584,250,240,300,200,0.3638
1/02/2013,5,Gisborne Region,123,2586,108,255,250,298,215,0.2658
1/02/2013,6,Hawke's Bay Region,405,9129,357,280,272,320,233,0.2874
1/02/2013,8,Manawatu-Wanganui Region,813,15276,720,220,221,280,175,0.3466
1/02/2013,18,Marlborough Region,129,2496,129,280,271,320,240,0.2284
1/02/2013,-1,NA,291,14598,213,305,300,400,230,0.4444
1/02/2013,17,Nelson Region,213,3897,207,330,293,378,250,0.375
1/02/2013,1,Northland Region,396,8943,390,265,263,315,225,0.3314
1/02/2013,14,Otago Region,1113,15891,756,270,265,345,200,0.4524
1/02/2013,15,Southland Region,288,5202,228,210,193,250,150,0.3985
1/02/2013,7,Taranaki Region,321,6501,312,280,273,340,220,0.3625
1/02/2013,16,Tasman Region,84,2013,84,335,328,383,290,0.2572
1/02/2013,3,Waikato Region,1806,29199,1434,290,276,360,210,0.3679
1/02/2013,9,Wellington Region,2946,39090,2715,380,368,520,270,0.4792
1/02/2013,12,West Coast Region,78,1434,75,250,245,290,200,0.2526
1/08/2006,-99,ALL,14250,260661,13398,270,260,330,200,0.4007
1/01/2013,2,Auckland Region,4938,110871,4719,420,421,520,350,0.3642
1/01/2013,4,Bay of Plenty Region,921,20319,837,300,283,350,235,0.3314
1/08/2006,13,Canterbury Region,1680,30105,1620,250,239,300,199,0.3623
1/01/2013,5,Gisborne Region,93,2571,96,260,254,285,220,0.249
1/01/2013,6,Hawke's Bay Region,435,9081,378,280,277,340,230,0.3186
1/01/2013,8,Manawatu-Wanganui Region,753,15183,648,228,225,280,180,0.3402
1/01/2013,18,Marlborough Region,120,2499,114,270,273,310,240,0.241
1/01/2013,-1,NA,330,14520,228,300,302,400,225,0.4402
1/01/2013,17,Nelson Region,213,3894,195,330,296,380,253,0.3876
1/01/2013,1,Northland Region,396,8937,354,270,267,320,230,0.2984
1/01/2013,14,Otago Region,2991,15534,1101,315,319,500,220,0.5578
1/01/2013,15,Southland Region,240,5142,219,200,198,250,170,0.3276
1/01/2013,7,Taranaki Region,303,6492,276,270,273,340,220,0.3473
1/01/2013,16,Tasman Region,93,2016,60,310,306,385,260,0.3244
1/01/2013,3,Waikato Region,1599,28827,1404,295,283,360,225,0.3439
1/01/2013,9,Wellington Region,2394,38859,2541,375,366,495,280,0.4263
1/01/2013,12,West Coast Region,81,1431,78,250,249,295,200,0.2602
1/09/2006,-99,ALL,13449,261447,12663,270,263,340,205,0.3945
1/12/2012,2,Auckland Region,4293,110649,4923,410,414,500,340,0.349
1/12/2012,4,Bay of Plenty Region,837,20235,981,300,292,351,250,0.3091
1/09/2006,13,Canterbury Region,1602,30216,1491,250,243,300,200,0.3386
1/12/2012,5,Gisborne Region,93,2574,96,255,249,300,216,0.2677
1/12/2012,6,Hawke's Bay Region,381,9024,417,290,283,340,235,0.298
1/12/2012,8,Manawatu-Wanganui Region,684,15078,747,233,231,300,180,0.3639
1/12/2012,18,Marlborough Region,108,2493,126,270,262,310,225,0.2328
1/12/2012,-1,NA,222,14418,273,300,289,380,220,0.4348
1/12/2012,17,Nelson Region,177,3876,219,320,303,376,250,0.3327
1/12/2012,1,Northland Region,411,8895,438,280,271,325,230,0.2799
1/12/2012,14,Otago Region,666,13641,2469,280,278,350,220,0.3786
1/12/2012,15,Southland Region,240,5118,282,205,196,250,160,0.3127
1/12/2012,7,Taranaki Region,288,6462,327,280,275,344,225,0.3537
1/12/2012,16,Tasman Region,81,1980,102,320,304,370,253,0.287
1/12/2012,3,Waikato Region,1236,28632,1521,290,278,350,225,0.3279
1/12/2012,9,Wellington Region,1410,39006,1956,350,348,450,270,0.4183
1/12/2012,12,West Coast Region,72,1428,78,260,255,300,225,0.2642
1/10/2006,-99,ALL,12780,261693,12534,270,264,340,210,0.3879
1/11/2012,2,Auckland Region,4428,111279,4827,400,414,500,340,0.3514
1/11/2012,4,Bay of Plenty Region,951,20379,1023,295,286,350,240,0.316
1/10/2006,13,Canterbury Region,1521,30213,1524,250,246,300,200,0.3223
1/11/2012,5,Gisborne Region,108,2577,114,270,253,300,200,0.3171
1/11/2012,6,Hawke's Bay Region,402,9060,372,270,266,325,220,0.2946
1/11/2012,8,Manawatu-Wanganui Region,825,15141,993,240,238,300,181,0.3879
1/11/2012,18,Marlborough Region,144,2511,126,260,266,320,230,0.2469
1/11/2012,-1,NA,267,14466,267,300,301,390,249,0.4057
1/11/2012,17,Nelson Region,240,3918,234,310,293,380,240,0.3798
1/11/2012,1,Northland Region,444,8925,450,273,268,320,225,0.277
1/11/2012,14,Otago Region,675,15444,1146,280,281,360,220,0.4055
1/11/2012,15,Southland Region,228,5160,261,200,200,250,170,0.3184
1/11/2012,7,Taranaki Region,330,6501,309,250,258,320,200,0.3202
1/11/2012,16,Tasman Region,96,2001,90,320,306,370,280,0.2974
1/11/2012,3,Waikato Region,1401,28917,1482,285,273,340,220,0.3339
1/11/2012,9,Wellington Region,1641,39552,1761,350,343,450,265,0.4207
1/11/2012,12,West Coast Region,72,1434,84,250,256,305,220,0.2488
1/11/2006,-99,ALL,14121,260763,15051,275,266,340,210,0.397
1/10/2012,2,Auckland Region,4374,111678,4248,400,410,500,340,0.3409
1/10/2012,4,Bay of Plenty Region,945,20448,945,300,288,350,240,0.3187
1/11/2006,13,Canterbury Region,1731,30063,1881,265,251,320,200,0.3712
1/10/2012,5,Gisborne Region,105,2580,99,250,248,290,220,0.2827
1/10/2012,6,Hawke's Bay Region,423,9033,432,280,272,330,230,0.3208
1/10/2012,8,Manawatu-Wanganui Region,642,15309,684,220,221,280,180,0.3213
1/10/2012,18,Marlborough Region,117,2493,156,270,264,310,220,0.2493
1/10/2012,-1,NA,291,14466,258,285,279,380,200,0.4738
1/10/2012,17,Nelson Region,207,3912,204,320,291,365,250,0.3476
1/10/2012,1,Northland Region,465,8931,432,270,267,320,229,0.2871
1/10/2012,14,Otago Region,615,15912,882,270,275,350,220,0.3821
1/10/2012,15,Southland Region,255,5193,243,200,196,250,160,0.3161
1/10/2012,7,Taranaki Region,318,6480,315,270,263,330,216,0.3442
1/10/2012,16,Tasman Region,90,1995,90,320,304,380,263,0.3125
1/10/2012,3,Waikato Region,1353,29001,1368,280,269,330,220,0.3322
1/10/2012,9,Wellington Region,1491,39672,1494,333,332,420,265,0.382
1/10/2012,12,West Coast Region,87,1446,81,260,247,300,220,0.2697
1/12/2006,-99,ALL,12792,257433,16122,280,270,350,210,0.3985
1/09/2012,2,Auckland Region,4614,111552,4350,400,412,500,340,0.359
1/09/2012,4,Bay of Plenty Region,906,20448,840,290,285,350,240,0.3026
1/12/2006,13,Canterbury Region,1635,30018,1680,259,244,312,199,0.3977
1/09/2012,5,Gisborne Region,129,2574,90,260,252,285,220,0.2797
1/09/2012,6,Hawke's Bay Region,387,9039,396,285,275,340,230,0.3023
1/09/2012,8,Manawatu-Wanganui Region,651,15351,624,230,223,280,180,0.3446
1/09/2012,18,Marlborough Region,126,2532,141,270,267,310,230,0.2529
1/09/2012,-1,NA,258,14433,237,300,292,380,230,0.413
1/09/2012,17,Nelson Region,228,3909,204,310,297,369,250,0.3253
1/09/2012,1,Northland Region,456,8898,414,275,268,320,225,0.2787
1/09/2012,14,Otago Region,585,16179,597,265,266,350,200,0.4225
1/09/2012,15,Southland Region,207,5181,225,220,208,260,178,0.2942
1/09/2012,7,Taranaki Region,327,6477,300,260,266,330,220,0.343
1/09/2012,16,Tasman Region,105,1992,93,300,290,350,250,0.297
1/09/2012,3,Waikato Region,1254,29013,1251,280,271,340,220,0.3439
1/09/2012,9,Wellington Region,1581,39675,1440,340,335,420,265,0.3819
1/09/2012,12,West Coast Region,69,1440,75,260,265,315,233,0.2847
1/01/2007,-99,ALL,17799,260418,14817,280,269,360,210,0.4565
1/08/2012,2,Auckland Region,4788,111288,4743,400,406,495,335,0.347
1/08/2012,4,Bay of Plenty Region,1098,20382,987,300,285,350,240,0.2903
1/01/2007,13,Canterbury Region,2247,30144,2124,270,262,340,210,0.3855
1/08/2012,5,Gisborne Region,147,2535,126,250,249,290,210,0.2446
1/08/2012,6,Hawke's Bay Region,465,9048,423,275,271,330,225,0.3045
1/08/2012,8,Manawatu-Wanganui Region,741,15324,729,220,220,270,180,0.3256
1/08/2012,18,Marlborough Region,144,2547,126,280,272,320,230,0.2679
1/08/2012,-1,NA,276,14412,249,290,296,390,230,0.4085
1/08/2012,17,Nelson Region,231,3885,216,320,293,360,250,0.3337
1/08/2012,1,Northland Region,489,8856,423,270,264,324,225,0.2843
1/08/2012,14,Otago Region,558,16191,483,265,268,350,216,0.4251
1/08/2012,15,Southland Region,264,5199,231,208,198,250,170,0.3225
1/08/2012,7,Taranaki Region,336,6450,300,268,267,333,220,0.3197
1/08/2012,16,Tasman Region,105,1983,81,300,292,360,250,0.2943
1/08/2012,3,Waikato Region,1491,29010,1380,275,263,330,210,0.3322
1/08/2012,9,Wellington Region,1575,39537,1464,340,333,425,260,0.3803
1/08/2012,12,West Coast Region,78,1446,60,250,253,295,220,0.2777
1/02/2007,-99,ALL,16032,262002,14448,280,275,360,219,0.4277
1/07/2012,2,Auckland Region,4830,111240,4737,400,403,500,330,0.3537
1/07/2012,4,Bay of Plenty Region,1116,20271,1038,290,279,350,230,0.3235
1/02/2007,13,Canterbury Region,2091,30246,1986,275,260,330,210,0.3941
1/07/2012,5,Gisborne Region,141,2514,132,260,257,300,225,0.2887
1/07/2012,6,Hawke's Bay Region,441,9006,459,273,264,325,220,0.3138
1/07/2012,8,Manawatu-Wanganui Region,735,15312,726,220,215,270,175,0.3319
1/07/2012,18,Marlborough Region,162,2529,147,280,273,324,230,0.2683
1/07/2012,-1,NA,321,14382,228,295,286,380,215,0.4253
1/07/2012,17,Nelson Region,228,3870,210,320,296,375,250,0.3423
1/07/2012,1,Northland Region,450,8790,453,275,268,320,225,0.276
1/07/2012,14,Otago Region,663,16116,588,270,268,350,210,0.417
1/07/2012,15,Southland Region,264,5166,261,210,196,250,155,0.3512
1/07/2012,7,Taranaki Region,345,6414,351,275,275,350,225,0.3258
1/07/2012,16,Tasman Region,111,1959,93,330,318,390,280,0.2756
1/07/2012,3,Waikato Region,1485,28899,1464,280,270,340,220,0.3387
1/07/2012,9,Wellington Region,1695,39426,1638,330,327,420,250,0.3992
1/07/2012,12,West Coast Region,72,1428,66,250,253,300,220,0.3104
1/03/2007,-99,ALL,16239,263313,14928,280,273,350,220,0.4125
1/06/2012,2,Auckland Region,4671,111147,4554,400,407,495,335,0.343
1/06/2012,4,Bay of Plenty Region,1029,20193,1014,295,285,350,240,0.3001
1/03/2007,13,Canterbury Region,1896,30324,1818,265,252,320,200,0.3685
1/06/2012,5,Gisborne Region,108,2505,132,260,249,288,220,0.2254
1/06/2012,6,Hawke's Bay Region,426,9024,420,280,275,330,240,0.2799
1/06/2012,8,Manawatu-Wanganui Region,663,15303,639,225,224,280,180,0.3385
1/06/2012,18,Marlborough Region,153,2511,144,280,277,318,231,0.2294
1/06/2012,-1,NA,312,14289,249,280,274,360,210,0.451
1/06/2012,17,Nelson Region,186,3852,195,305,283,351,234,0.355
1/06/2012,1,Northland Region,408,8793,378,270,261,320,220,0.2994
1/06/2012,14,Otago Region,840,16041,663,290,287,380,220,0.4437
1/06/2012,15,Southland Region,273,5163,225,200,196,250,160,0.3214
1/06/2012,7,Taranaki Region,327,6420,306,270,261,330,215,0.3426
1/06/2012,16,Tasman Region,102,1941,78,300,290,355,250,0.3232
1/06/2012,3,Waikato Region,1476,28878,1338,280,265,330,210,0.3354
1/06/2012,9,Wellington Region,1617,39369,1512,330,326,420,255,0.3902
1/06/2012,12,West Coast Region,87,1422,84,260,252,300,215,0.346
1/04/2007,-99,ALL,13563,263862,13014,285,278,350,220,0.4042
1/05/2012,2,Auckland Region,4461,111030,4590,400,407,495,335,0.3576
1/05/2012,4,Bay of Plenty Region,1014,20175,954,295,288,350,250,0.3011
1/04/2007,13,Canterbury Region,1611,30387,1548,270,259,320,220,0.347
1/05/2012,5,Gisborne Region,117,2529,120,250,247,295,220,0.2743
1/05/2012,6,Hawke's Bay Region,420,9018,417,280,268,320,220,0.312
1/05/2012,8,Manawatu-Wanganui Region,708,15279,669,223,223,280,180,0.3328
1/05/2012,18,Marlborough Region,132,2505,144,280,276,320,230,0.2608
1/05/2012,-1,NA,294,14226,273,300,284,380,220,0.4561
1/05/2012,17,Nelson Region,210,3861,207,310,289,360,250,0.3445
1/05/2012,1,Northland Region,447,8766,408,265,265,315,220,0.2942
1/05/2012,14,Otago Region,726,15867,642,280,274,350,220,0.4006
1/05/2012,15,Southland Region,255,5118,255,210,197,250,160,0.3356
1/05/2012,7,Taranaki Region,321,6399,336,260,261,320,205,0.3372
1/05/2012,16,Tasman Region,114,1917,93,340,320,380,280,0.3086
1/05/2012,3,Waikato Region,1371,28740,1395,280,269,338,220,0.3381
1/05/2012,9,Wellington Region,1548,39264,1458,340,329,430,260,0.422
1/05/2012,12,West Coast Region,78,1419,84,280,260,320,223,0.2819
1/05/2007,-99,ALL,14025,264669,13215,280,274,350,220,0.3981
1/04/2012,2,Auckland Region,4473,111159,4398,400,408,500,340,0.3594
1/04/2012,4,Bay of Plenty Region,975,20115,954,300,289,350,240,0.3066
1/05/2007,13,Canterbury Region,1593,30492,1488,260,255,320,210,0.3262
1/04/2012,5,Gisborne Region,108,2532,105,268,257,304,220,0.3139
1/04/2012,6,Hawke's Bay Region,441,9015,441,285,275,340,230,0.3245
1/04/2012,8,Manawatu-Wanganui Region,693,15243,693,220,223,280,180,0.3421
1/04/2012,18,Marlborough Region,132,2517,108,280,275,325,233,0.2474
1/04/2012,-1,NA,285,14208,243,295,297,399,230,0.4507
1/04/2012,17,Nelson Region,204,3858,201,330,311,375,270,0.3286
1/04/2012,1,Northland Region,462,8727,441,270,261,320,220,0.2775
1/04/2012,14,Otago Region,789,15783,681,275,273,359,220,0.3979
1/04/2012,15,Southland Region,234,5115,282,200,197,250,160,0.3349
1/04/2012,7,Taranaki Region,318,6414,303,275,273,348,225,0.2988
1/04/2012,16,Tasman Region,93,1893,102,320,310,370,260,0.3139
1/04/2012,3,Waikato Region,1374,28764,1290,285,270,330,220,0.3341
1/04/2012,9,Wellington Region,1815,39174,1632,345,338,439,265,0.4037
1/04/2012,12,West Coast Region,51,1425,69,250,255,305,215,0.2825
1/06/2007,-99,ALL,14250,265845,13077,285,279,350,220,0.3895
1/03/2012,2,Auckland Region,5091,111084,4854,395,402,495,330,0.3623
1/03/2012,4,Bay of Plenty Region,1134,20091,1023,290,282,350,240,0.3216
1/06/2007,13,Canterbury Region,1641,30678,1455,270,258,320,210,0.3385
1/03/2012,5,Gisborne Region,141,2526,102,260,249,300,200,0.2867
1/03/2012,6,Hawke's Bay Region,483,9015,417,280,275,330,230,0.3106
1/03/2012,8,Manawatu-Wanganui Region,774,15243,723,230,226,285,180,0.3449
1/03/2012,18,Marlborough Region,165,2493,141,280,276,320,240,0.2306
1/03/2012,-1,NA,318,14166,267,290,290,370,226,0.4162
1/03/2012,17,Nelson Region,237,3855,219,340,309,380,260,0.3306
1/03/2012,1,Northland Region,489,8706,450,270,261,320,220,0.2791
1/03/2012,14,Otago Region,813,15675,681,280,274,350,220,0.414
1/03/2012,15,Southland Region,258,5163,243,200,192,240,155,0.3245
1/03/2012,7,Taranaki Region,360,6399,333,270,269,340,220,0.3413
1/03/2012,16,Tasman Region,120,1902,111,320,309,378,280,0.2789
1/03/2012,3,Waikato Region,1665,28683,1425,280,268,340,215,0.3459
1/03/2012,9,Wellington Region,2436,38988,1857,350,342,450,270,0.4117
1/03/2012,12,West Coast Region,78,1446,72,250,242,300,210,0.2965
1/07/2007,-99,ALL,15450,267351,13944,280,275,350,220,0.4076
1/02/2012,2,Auckland Region,5559,110844,4971,390,391,490,320,0.383
1/02/2012,4,Bay of Plenty Region,1023,19983,912,285,272,350,220,0.3527
1/07/2007,13,Canterbury Region,1809,30828,1662,270,257,320,210,0.3307
1/02/2012,5,Gisborne Region,105,2487,102,260,251,300,200,0.2664
1/02/2012,6,Hawke's Bay Region,447,8949,390,270,262,320,220,0.3134
1/02/2012,8,Manawatu-Wanganui Region,942,15192,690,210,209,280,170,0.3901
1/02/2012,18,Marlborough Region,156,2469,129,280,275,310,240,0.2103
1/02/2012,-1,NA,318,14112,267,285,287,360,220,0.4472
1/02/2012,17,Nelson Region,219,3837,222,320,288,370,248,0.36
1/02/2012,1,Northland Region,456,8664,450,270,260,320,220,0.2887
1/02/2012,14,Otago Region,1212,15543,840,260,260,330,200,0.4415
1/02/2012,15,Southland Region,315,5148,234,200,188,250,155,0.398
1/02/2012,7,Taranaki Region,333,6372,306,270,269,330,220,0.3074
1/02/2012,16,Tasman Region,102,1890,96,320,294,365,250,0.3236
1/02/2012,3,Waikato Region,1680,28440,1410,280,266,350,210,0.3693
1/02/2012,9,Wellington Region,3048,38409,2694,380,369,515,275,0.4734
1/02/2012,12,West Coast Region,75,1440,66,260,247,300,220,0.3735
1/08/2007,-99,ALL,14451,268545,13257,280,273,350,210,0.4075
1/01/2012,2,Auckland Region,4635,110256,4383,390,400,495,325,0.3782
1/01/2012,4,Bay of Plenty Region,945,19872,852,290,281,350,235,0.3204
1/08/2007,13,Canterbury Region,1677,30972,1530,260,255,315,210,0.3318
1/01/2012,5,Gisborne Region,99,2487,105,260,250,305,210,0.3333
1/01/2012,6,Hawke's Bay Region,423,8892,372,280,269,330,230,0.3172
1/01/2012,8,Manawatu-Wanganui Region,735,14937,645,235,230,290,185,0.3382
1/01/2012,18,Marlborough Region,141,2442,120,270,275,328,230,0.2472
1/01/2012,-1,NA,300,14061,234,275,280,370,210,0.4032
1/01/2012,17,Nelson Region,186,3840,183,348,318,390,276,0.3607
1/01/2012,1,Northland Region,393,8661,384,263,260,320,220,0.3
1/01/2012,14,Otago Region,3000,15174,987,300,304,480,207,0.5658
1/01/2012,15,Southland Region,294,5067,261,210,197,250,160,0.3257
1/01/2012,7,Taranaki Region,321,6348,279,265,263,330,210,0.3649
1/01/2012,16,Tasman Region,78,1884,87,300,287,340,250,0.2467
1/01/2012,3,Waikato Region,1506,28170,1299,290,278,350,220,0.3555
1/01/2012,9,Wellington Region,2259,38055,2451,380,374,500,280,0.4339
1/01/2012,12,West Coast Region,81,1428,69,260,249,300,200,0.3063
1/09/2007,-99,ALL,13215,269463,12297,290,281,355,220,0.3933
1/12/2011,2,Auckland Region,4584,110004,4989,395,399,489,325,0.3566
1/12/2011,4,Bay of Plenty Region,867,19779,1002,293,282,350,235,0.3326
1/09/2007,13,Canterbury Region,1530,31113,1389,270,255,310,210,0.3383
1/12/2011,5,Gisborne Region,96,2490,93,270,251,300,220,0.3257
1/12/2011,6,Hawke's Bay Region,411,8841,438,280,274,340,230,0.3232
1/12/2011,8,Manawatu-Wanganui Region,669,14850,786,240,233,290,185,0.3463
1/12/2011,18,Marlborough Region,105,2421,135,280,270,320,230,0.2314
1/12/2011,-1,NA,267,13995,309,300,286,378,220,0.3968
1/12/2011,17,Nelson Region,198,3837,195,320,306,378,270,0.319
1/12/2011,1,Northland Region,423,8649,432,260,260,320,220,0.3026
1/12/2011,14,Otago Region,726,13158,2946,270,267,340,210,0.3878
1/12/2011,15,Southland Region,222,5034,261,200,201,250,170,0.3446
1/12/2011,7,Taranaki Region,330,6306,345,280,271,340,220,0.3299
1/12/2011,16,Tasman Region,90,1890,93,320,287,360,251,0.3482
1/12/2011,3,Waikato Region,1359,27963,1467,280,273,340,220,0.3331
1/12/2011,9,Wellington Region,1440,38247,1899,340,341,450,265,0.395
1/12/2011,12,West Coast Region,72,1416,72,260,249,290,215,0.2901
1/10/2007,-99,ALL,12483,269553,12393,290,282,360,220,0.3998
1/11/2011,2,Auckland Region,4287,110409,4659,390,396,490,320,0.3701
1/11/2011,4,Bay of Plenty Region,855,19914,879,285,279,350,230,0.3207
1/10/2007,13,Canterbury Region,1524,31170,1470,270,263,320,220,0.3395
1/11/2011,5,Gisborne Region,108,2487,105,270,248,300,200,0.2835
1/11/2011,6,Hawke's Bay Region,408,8868,405,273,267,320,230,0.3223
1/11/2011,8,Manawatu-Wanganui Region,861,14964,1026,230,216,285,170,0.4349
1/11/2011,18,Marlborough Region,123,2451,126,270,264,300,220,0.2353
1/11/2011,-1,NA,276,14040,264,290,287,370,230,0.4065
1/11/2011,17,Nelson Region,183,3834,186,300,285,360,240,0.3693
1/11/2011,1,Northland Region,414,8658,372,260,258,320,220,0.2953
1/11/2011,14,Otago Region,633,15378,780,270,268,350,210,0.3895
1/11/2011,15,Southland Region,243,5070,270,200,192,249,150,0.3185
1/11/2011,7,Taranaki Region,300,6321,276,250,246,310,195,0.3144
1/11/2011,16,Tasman Region,75,1893,93,320,301,360,263,0.3237
1/11/2011,3,Waikato Region,1278,28074,1476,270,268,330,220,0.3139
1/11/2011,9,Wellington Region,1542,38706,1707,345,343,450,260,0.4316
1/11/2011,12,West Coast Region,87,1416,72,240,217,285,165,0.4199
1/11/2007,-99,ALL,14001,269163,14391,290,283,360,220,0.4006
1/10/2011,2,Auckland Region,4062,110784,4011,390,396,480,325,0.3732
1/10/2011,4,Bay of Plenty Region,918,19935,942,295,283,350,240,0.3251
1/11/2007,13,Canterbury Region,1734,31032,1869,280,267,335,220,0.3573
1/10/2011,5,Gisborne Region,105,2484,87,250,247,290,220,0.2497
1/10/2011,6,Hawke's Bay Region,399,8865,372,280,273,324,235,0.2969
1/10/2011,8,Manawatu-Wanganui Region,639,15132,690,215,212,270,175,0.331
1/10/2011,18,Marlborough Region,153,2454,141,270,266,320,220,0.2552
1/10/2011,-1,NA,297,14028,276,280,269,340,215,0.4174
1/10/2011,17,Nelson Region,213,3834,186,320,298,373,256,0.381
1/10/2011,1,Northland Region,468,8616,411,260,255,300,220,0.2932
1/10/2011,14,Otago Region,633,15525,807,270,272,350,215,0.4122
1/10/2011,15,Southland Region,252,5097,246,200,195,240,160,0.3643
1/10/2011,7,Taranaki Region,357,6297,360,280,276,340,228,0.325
1/10/2011,16,Tasman Region,108,1911,102,310,300,355,260,0.2837
1/10/2011,3,Waikato Region,1353,28272,1284,270,265,330,220,0.3204
1/10/2011,9,Wellington Region,1452,38874,1521,330,330,420,260,0.3901
1/10/2011,12,West Coast Region,69,1404,75,250,243,285,210,0.2695
1/12/2007,-99,ALL,13131,266562,15732,295,287,360,230,0.399
1/09/2011,2,Auckland Region,4188,110730,3996,390,394,480,320,0.3536
1/09/2011,4,Bay of Plenty Region,963,19962,930,285,279,350,235,0.3191
1/12/2007,13,Canterbury Region,1659,31029,1665,280,265,340,220,0.3838
1/09/2011,5,Gisborne Region,114,2466,93,250,251,300,220,0.2646
1/09/2011,6,Hawke's Bay Region,486,8838,453,275,266,328,220,0.3202
1/09/2011,8,Manawatu-Wanganui Region,687,15183,609,230,223,275,180,0.3163
1/09/2011,18,Marlborough Region,144,2439,141,270,267,300,230,0.2234
1/09/2011,-1,NA,267,14007,249,280,270,358,200,0.4222
1/09/2011,17,Nelson Region,210,3807,204,310,288,350,240,0.3317
1/09/2011,1,Northland Region,429,8556,411,260,254,320,220,0.2971
1/09/2011,14,Otago Region,591,15699,666,270,271,340,220,0.4169
1/09/2011,15,Southland Region,273,5091,249,200,200,240,170,0.308
1/09/2011,7,Taranaki Region,333,6300,306,260,259,320,215,0.3237
1/09/2011,16,Tasman Region,105,1905,84,300,290,360,250,0.3365
1/09/2011,3,Waikato Region,1458,28203,1290,270,262,320,210,0.3271
1/09/2011,9,Wellington Region,1527,38943,1341,330,326,420,255,0.4092
1/09/2011,12,West Coast Region,96,1410,84,250,240,290,200,0.2919
1/01/2008,-99,ALL,16731,269235,14058,300,287,380,220,0.448
1/08/2011,2,Auckland Region,4425,110538,4185,380,391,475,320,0.3478
1/08/2011,4,Bay of Plenty Region,999,19929,930,285,277,340,230,0.3257
1/01/2008,13,Canterbury Region,2178,31227,1980,290,277,350,225,0.3874
1/08/2011,5,Gisborne Region,117,2445,117,250,245,290,200,0.2774
1/08/2011,6,Hawke's Bay Region,462,8805,432,265,269,320,225,0.2938
1/08/2011,8,Manawatu-Wanganui Region,765,15105,735,220,214,270,170,0.3351
1/08/2011,18,Marlborough Region,138,2439,135,265,264,310,223,0.2496
1/08/2011,-1,NA,291,13989,270,290,286,380,220,0.4264
1/08/2011,17,Nelson Region,204,3801,174,300,283,350,240,0.3328
1/08/2011,1,Northland Region,441,8538,405,270,260,310,220,0.2692
1/08/2011,14,Otago Region,579,15774,495,250,255,330,200,0.4145
1/08/2011,15,Southland Region,288,5064,279,210,202,250,170,0.2955
1/08/2011,7,Taranaki Region,351,6276,330,260,266,325,220,0.3173
1/08/2011,16,Tasman Region,87,1884,87,320,296,360,258,0.309
1/08/2011,3,Waikato Region,1419,28038,1377,280,264,320,215,0.3144
1/08/2011,9,Wellington Region,1632,38757,1476,340,334,430,260,0.3853
1/08/2011,12,West Coast Region,63,1401,69,250,249,300,219,0.2535
1/02/2008,-99,ALL,17805,272388,14652,295,285,375,220,0.4346
1/07/2011,2,Auckland Region,5172,110298,4632,385,393,480,325,0.3525
1/07/2011,4,Bay of Plenty Region,1116,19860,1023,290,279,340,239,0.3068
1/02/2008,13,Canterbury Region,2283,31557,1950,290,272,350,225,0.3991
1/07/2011,5,Gisborne Region,141,2445,108,260,251,300,210,0.2641
1/07/2011,6,Hawke's Bay Region,510,8778,495,280,268,320,220,0.2936
1/07/2011,8,Manawatu-Wanganui Region,783,15078,723,220,215,270,175,0.3322
1/07/2011,18,Marlborough Region,165,2436,138,260,257,300,218,0.2684
1/07/2011,-1,NA,279,13968,279,280,270,350,210,0.4274
1/07/2011,17,Nelson Region,207,3768,198,310,290,360,250,0.343
1/07/2011,1,Northland Region,468,8502,423,265,260,310,220,0.282
1/07/2011,14,Otago Region,723,15690,603,250,248,320,195,0.4113
1/07/2011,15,Southland Region,279,5058,279,210,202,250,160,0.3299
1/07/2011,7,Taranaki Region,396,6258,369,260,260,320,215,0.3495
1/07/2011,16,Tasman Region,99,1884,78,313,303,380,259,0.2894
1/07/2011,3,Waikato Region,1623,27996,1416,280,269,330,220,0.3189
1/07/2011,9,Wellington Region,1821,38601,1674,330,323,420,250,0.4052
1/07/2011,12,West Coast Region,93,1407,63,250,246,300,200,0.3109
1/03/2008,-99,ALL,14988,274251,13125,300,293,375,230,0.4013
1/06/2011,2,Auckland Region,4311,109755,4308,385,394,485,320,0.362
1/06/2011,4,Bay of Plenty Region,972,19764,933,290,279,350,230,0.3211
1/03/2008,13,Canterbury Region,1827,31689,1695,280,266,335,220,0.3551
1/06/2011,5,Gisborne Region,120,2412,120,250,247,300,200,0.2626
1/06/2011,6,Hawke's Bay Region,438,8763,456,265,264,320,220,0.3006
1/06/2011,8,Manawatu-Wanganui Region,696,15018,687,220,219,270,180,0.3276
1/06/2011,18,Marlborough Region,129,2409,117,280,263,310,230,0.3016
1/06/2011,-1,NA,288,13968,294,273,267,360,210,0.4732
1/06/2011,17,Nelson Region,186,3759,171,305,293,366,250,0.3336
1/06/2011,1,Northland Region,432,8457,405,270,260,320,220,0.3015
1/06/2011,14,Otago Region,801,15570,636,280,276,380,220,0.4367
1/06/2011,15,Southland Region,267,5055,312,200,194,250,160,0.315
1/06/2011,7,Taranaki Region,315,6231,345,260,262,330,210,0.3342
1/06/2011,16,Tasman Region,90,1863,72,300,283,345,250,0.3102
1/06/2011,3,Waikato Region,1356,27789,1332,275,261,320,210,0.3192
1/06/2011,9,Wellington Region,1530,38451,1416,335,327,430,255,0.4097
1/06/2011,12,West Coast Region,60,1380,66,250,249,284,220,0.2267
1/04/2008,-99,ALL,15021,275820,13452,300,291,370,230,0.3992
1/05/2011,2,Auckland Region,4236,109752,4158,385,395,480,320,0.3507
1/05/2011,4,Bay of Plenty Region,948,19728,870,280,272,340,225,0.3348
1/04/2008,13,Canterbury Region,1875,31875,1689,275,264,330,215,0.3651
1/05/2011,5,Gisborne Region,114,2412,105,240,239,278,200,0.2651
1/05/2011,6,Hawke's Bay Region,411,8781,405,270,266,330,225,0.3343
1/05/2011,8,Manawatu-Wanganui Region,645,15009,600,213,213,270,180,0.3417
1/05/2011,18,Marlborough Region,150,2400,132,270,268,300,230,0.2657
1/05/2011,-1,NA,327,13974,279,280,268,360,200,0.4324
1/05/2011,17,Nelson Region,201,3744,180,320,291,370,245,0.3621
1/05/2011,1,Northland Region,438,8430,417,265,259,300,220,0.2611
1/05/2011,14,Otago Region,732,15405,621,275,272,350,210,0.414
1/05/2011,15,Southland Region,261,5097,276,210,206,250,170,0.3153
1/05/2011,7,Taranaki Region,354,6261,315,265,260,320,200,0.3509
1/05/2011,16,Tasman Region,108,1842,102,300,284,344,250,0.3071
1/05/2011,3,Waikato Region,1338,27765,1287,280,267,330,220,0.326
1/05/2011,9,Wellington Region,1608,38337,1500,330,319,420,250,0.413
1/05/2011,12,West Coast Region,69,1386,63,250,244,300,210,0.265
1/05/2008,-99,ALL,14787,277512,13095,300,294,370,235,0.3941
1/04/2011,2,Auckland Region,4503,109674,4170,385,397,485,320,0.3577
1/04/2011,4,Bay of Plenty Region,1011,19650,954,290,282,350,240,0.3181
1/05/2008,13,Canterbury Region,1830,32229,1473,280,271,340,230,0.3336
1/04/2011,5,Gisborne Region,99,2400,93,260,244,286,210,0.2705
1/04/2011,6,Hawke's Bay Region,459,8772,411,280,264,330,220,0.3212
1/04/2011,8,Manawatu-Wanganui Region,729,14964,615,220,213,268,175,0.3246
1/04/2011,18,Marlborough Region,141,2382,105,280,274,330,230,0.2636
1/04/2011,-1,NA,324,13929,282,290,279,360,220,0.3729
1/04/2011,17,Nelson Region,186,3723,159,330,306,380,250,0.3417
1/04/2011,1,Northland Region,483,8409,447,270,262,311,220,0.2721
1/04/2011,14,Otago Region,747,15297,588,270,269,350,210,0.3949
1/04/2011,15,Southland Region,270,5112,237,200,200,250,160,0.3458
1/04/2011,7,Taranaki Region,390,6222,306,260,262,330,200,0.3372
1/04/2011,16,Tasman Region,105,1839,81,320,310,370,270,0.266
1/04/2011,3,Waikato Region,1458,27717,1212,280,270,330,220,0.3168
1/04/2011,9,Wellington Region,1800,38226,1482,340,328,425,255,0.3968
1/04/2011,12,West Coast Region,72,1380,69,270,266,310,235,0.3312
1/06/2008,-99,ALL,14337,279147,12705,295,286,370,225,0.4147
1/03/2011,2,Auckland Region,5325,109341,4644,380,383,460,315,0.365
1/03/2011,4,Bay of Plenty Region,1089,19590,1035,285,272,340,220,0.3508
1/06/2008,13,Canterbury Region,1644,32457,1419,270,265,330,220,0.3475
1/03/2011,5,Gisborne Region,132,2394,99,255,245,280,220,0.2272
1/03/2011,6,Hawke's Bay Region,459,8727,420,280,266,320,220,0.3123
1/03/2011,8,Manawatu-Wanganui Region,759,14850,705,220,216,270,180,0.3461
1/03/2011,18,Marlborough Region,195,2346,132,275,265,300,230,0.2308
1/03/2011,-1,NA,321,13887,357,298,293,360,240,0.3674
1/03/2011,17,Nelson Region,216,3696,204,320,299,370,255,0.3389
1/03/2011,1,Northland Region,498,8373,459,260,254,300,210,0.3024
1/03/2011,14,Otago Region,978,15138,690,260,256,330,200,0.3957
1/03/2011,15,Southland Region,303,5079,255,200,193,240,160,0.3503
1/03/2011,7,Taranaki Region,384,6138,321,265,255,320,200,0.3214
1/03/2011,16,Tasman Region,108,1815,90,300,304,360,270,0.2827
1/03/2011,3,Waikato Region,1680,27468,1416,280,266,330,210,0.3309
1/03/2011,9,Wellington Region,2235,37911,1851,345,340,450,260,0.4252
1/03/2011,12,West Coast Region,93,1377,84,250,250,300,220,0.2764
1/07/2008,-99,ALL,14652,280239,13560,300,290,370,230,0.3986
1/02/2011,2,Auckland Region,5391,108660,4674,370,374,460,300,0.3827
1/02/2011,4,Bay of Plenty Region,963,19536,897,283,277,350,230,0.3577
1/07/2008,13,Canterbury Region,1692,32664,1485,280,268,335,220,0.3541
1/02/2011,5,Gisborne Region,129,2361,126,248,234,276,185,0.2942
1/02/2011,6,Hawke's Bay Region,405,8685,393,270,267,323,220,0.3078
1/02/2011,8,Manawatu-Wanganui Region,846,14796,705,220,213,270,170,0.3497
1/02/2011,18,Marlborough Region,144,2286,123,275,264,320,220,0.2675
1/02/2011,-1,NA,315,13923,399,300,296,400,230,0.4377
1/02/2011,17,Nelson Region,198,3684,186,300,297,370,250,0.33
1/02/2011,1,Northland Region,441,8331,402,265,256,310,210,0.2823
1/02/2011,14,Otago Region,1137,14850,837,260,256,320,200,0.4143
1/02/2011,15,Southland Region,315,5034,261,200,186,230,150,0.349
1/02/2011,7,Taranaki Region,336,6075,300,250,251,320,200,0.3441
1/02/2011,16,Tasman Region,105,1797,99,285,277,350,230,0.3172
1/02/2011,3,Waikato Region,1761,27204,1470,280,267,340,210,0.3412
1/02/2011,9,Wellington Region,3153,37527,2475,370,351,499,250,0.4838
1/02/2011,12,West Coast Region,87,1368,78,250,248,300,220,0.2633
1/08/2008,-99,ALL,15423,281898,13764,300,292,370,235,0.3876
1/01/2011,2,Auckland Region,4722,107943,4245,375,383,470,310,0.3626
1/01/2011,4,Bay of Plenty Region,846,19470,780,290,279,350,230,0.337
1/08/2008,13,Canterbury Region,1839,32940,1563,280,270,330,222,0.3241
1/01/2011,5,Gisborne Region,90,2358,90,250,239,281,200,0.2776
1/01/2011,6,Hawke's Bay Region,417,8670,327,275,263,320,224,0.2994
1/01/2011,8,Manawatu-Wanganui Region,726,14655,609,230,221,280,180,0.3408
1/01/2011,18,Marlborough Region,120,2265,114,280,270,310,230,0.2368
1/01/2011,-1,NA,336,14007,219,288,288,380,225,0.4315
1/01/2011,17,Nelson Region,180,3672,189,320,293,370,255,0.3424
1/01/2011,1,Northland Region,420,8292,342,270,261,320,210,0.2849
1/01/2011,14,Otago Region,2715,14550,942,300,306,490,215,0.5677
1/01/2011,15,Southland Region,330,4977,252,200,194,250,160,0.3293
1/01/2011,7,Taranaki Region,327,6039,294,260,263,320,210,0.2993
1/01/2011,16,Tasman Region,69,1791,78,300,291,360,235,0.3255
1/01/2011,3,Waikato Region,1476,26916,1236,280,272,340,215,0.3278
1/01/2011,9,Wellington Region,2193,36849,2292,375,373,500,285,0.4215
1/01/2011,12,West Coast Region,102,1362,75,250,241,296,200,0.2656
1/09/2008,-99,ALL,14040,283146,12792,300,291,370,230,0.3871
1/12/2010,2,Auckland Region,4491,107469,4716,370,378,460,300,0.3425
1/12/2010,4,Bay of Plenty Region,936,19404,870,285,273,340,230,0.3266
1/09/2008,13,Canterbury Region,1755,33120,1572,270,263,320,220,0.3221
1/12/2010,5,Gisborne Region,114,2358,126,250,247,280,220,0.2517
1/12/2010,6,Hawke's Bay Region,402,8580,435,275,268,325,230,0.3142
1/12/2010,8,Manawatu-Wanganui Region,756,14538,765,220,222,275,180,0.3302
1/12/2010,18,Marlborough Region,108,2259,150,270,265,300,240,0.23
1/12/2010,-1,NA,279,13890,318,285,282,350,230,0.3792
1/12/2010,17,Nelson Region,168,3681,195,300,290,358,250,0.3239
1/12/2010,1,Northland Region,420,8214,426,270,261,320,220,0.3065
1/12/2010,14,Otago Region,711,12777,2970,260,257,330,210,0.3862
1/12/2010,15,Southland Region,255,4899,288,200,196,250,160,0.3134
1/12/2010,7,Taranaki Region,300,6006,315,260,263,330,215,0.3092
1/12/2010,16,Tasman Region,93,1800,87,310,291,360,248,0.3182
1/12/2010,3,Waikato Region,1371,26676,1575,280,267,330,220,0.3273
1/12/2010,9,Wellington Region,1527,36948,1653,330,332,440,255,0.4
1/12/2010,12,West Coast Region,57,1335,63,220,205,250,170,0.335
1/10/2008,-99,ALL,14421,283923,13644,295,290,365,230,0.3934
1/11/2010,2,Auckland Region,4536,107691,4689,370,374,450,300,0.363
1/11/2010,4,Bay of Plenty Region,879,19338,897,275,267,330,220,0.3268
1/10/2008,13,Canterbury Region,1737,33231,1629,275,266,330,220,0.3415
1/11/2010,5,Gisborne Region,87,2367,93,250,234,280,205,0.2659
1/11/2010,6,Hawke's Bay Region,435,8613,426,270,267,320,225,0.2865
1/11/2010,8,Manawatu-Wanganui Region,969,14547,957,240,226,300,175,0.4335
1/11/2010,18,Marlborough Region,141,2301,123,270,262,300,220,0.2436
1/11/2010,-1,NA,270,13929,255,293,279,360,230,0.4006
1/11/2010,17,Nelson Region,195,3705,171,295,281,350,238,0.3216
1/11/2010,1,Northland Region,429,8220,372,260,258,310,220,0.2917
1/11/2010,14,Otago Region,657,15036,837,260,256,340,200,0.4185
1/11/2010,15,Southland Region,261,4935,270,200,193,250,160,0.3514
1/11/2010,7,Taranaki Region,339,6024,300,263,256,320,200,0.3383
1/11/2010,16,Tasman Region,90,1794,72,320,300,365,263,0.3206
1/11/2010,3,Waikato Region,1350,26880,1377,270,260,330,200,0.34
1/11/2010,9,Wellington Region,1713,37074,1989,345,341,450,265,0.4191
1/11/2010,12,West Coast Region,69,1341,54,250,233,281,190,0.3837
1/11/2008,-99,ALL,14508,283959,14469,300,292,370,230,0.3854
1/10/2010,2,Auckland Region,4758,107844,4371,365,374,450,300,0.347
1/10/2010,4,Bay of Plenty Region,981,19356,864,285,278,340,235,0.3039
1/11/2008,13,Canterbury Region,1758,33171,1815,280,270,340,220,0.3583
1/10/2010,5,Gisborne Region,132,2373,105,240,236,280,200,0.2752
1/10/2010,6,Hawke's Bay Region,456,8604,405,260,262,320,220,0.2883
1/10/2010,8,Manawatu-Wanganui Region,681,14538,657,220,213,260,175,0.3276
1/10/2010,18,Marlborough Region,138,2283,108,260,259,300,224,0.263
1/10/2010,-1,NA,303,13914,243,285,287,350,240,0.3575
1/10/2010,17,Nelson Region,198,3684,192,300,289,351,250,0.328
1/10/2010,1,Northland Region,399,8163,369,263,257,311,220,0.3042
1/10/2010,14,Otago Region,657,15216,789,270,269,350,210,0.3945
1/10/2010,15,Southland Region,294,4941,270,200,191,230,160,0.3399
1/10/2010,7,Taranaki Region,318,5985,318,270,260,320,220,0.3234
1/10/2010,16,Tasman Region,114,1779,90,290,282,343,250,0.3268
1/10/2010,3,Waikato Region,1392,26910,1338,270,258,320,210,0.3105
1/10/2010,9,Wellington Region,1644,37350,1503,335,330,420,260,0.3762
1/10/2010,12,West Coast Region,84,1326,72,240,227,300,190,0.3466
1/12/2008,-99,ALL,13875,281835,15999,300,291,370,230,0.3895
1/09/2010,2,Auckland Region,4593,107457,4206,360,372,450,300,0.336
1/09/2010,4,Bay of Plenty Region,1014,19239,900,280,273,330,240,0.3072
1/12/2008,13,Canterbury Region,1767,33225,1716,280,269,340,220,0.3715
1/09/2010,5,Gisborne Region,111,2349,105,240,226,265,185,0.2493
1/09/2010,6,Hawke's Bay Region,462,8553,393,260,256,310,213,0.2977
1/09/2010,8,Manawatu-Wanganui Region,681,14514,669,200,204,250,165,0.3235
1/09/2010,18,Marlborough Region,159,2250,144,260,255,300,220,0.2361
1/09/2010,-1,NA,282,13857,348,275,265,340,208,0.395
1/09/2010,17,Nelson Region,180,3678,180,300,298,350,260,0.2876
1/09/2010,1,Northland Region,444,8136,402,255,249,300,210,0.2817
1/09/2010,14,Otago Region,585,15348,603,250,260,330,200,0.4267
1/09/2010,15,Southland Region,267,4920,261,199,190,236,155,0.3016
1/09/2010,7,Taranaki Region,360,5985,309,255,251,320,200,0.3435
1/09/2010,16,Tasman Region,102,1755,99,300,290,350,250,0.2675
1/09/2010,3,Waikato Region,1389,26853,1251,270,261,320,220,0.3294
1/09/2010,9,Wellington Region,1530,37209,1437,330,324,420,255,0.388
1/09/2010,12,West Coast Region,87,1314,69,250,238,300,200,0.3684
1/01/2009,-99,ALL,18120,286185,13773,300,295,390,230,0.4468
1/08/2010,2,Auckland Region,4587,107067,4401,370,378,450,300,0.3415
1/08/2010,4,Bay of Plenty Region,972,19128,939,280,269,335,220,0.3302
1/01/2009,13,Canterbury Region,2475,33510,2190,295,281,359,230,0.3804
1/08/2010,5,Gisborne Region,114,2343,105,245,242,280,205,0.2542
1/08/2010,6,Hawke's Bay Region,492,8484,441,265,257,320,215,0.3207
1/08/2010,8,Manawatu-Wanganui Region,699,14502,672,225,217,270,180,0.3307
1/08/2010,18,Marlborough Region,165,2235,162,265,261,300,230,0.2625
1/08/2010,-1,NA,291,13920,258,270,264,350,200,0.4128
1/08/2010,17,Nelson Region,183,3678,162,300,293,360,250,0.2969
1/08/2010,1,Northland Region,435,8091,399,260,253,300,220,0.2823
1/08/2010,14,Otago Region,546,15366,561,250,245,310,190,0.4278
1/08/2010,15,Southland Region,276,4914,279,210,200,250,168,0.3298
1/08/2010,7,Taranaki Region,357,5934,339,260,262,330,210,0.35
1/08/2010,16,Tasman Region,87,1752,90,300,287,358,250,0.3319
1/08/2010,3,Waikato Region,1332,26718,1326,270,258,320,210,0.3278
1/08/2010,9,Wellington Region,1653,37119,1428,340,332,425,260,0.4031
1/08/2010,12,West Coast Region,78,1296,75,230,229,280,200,0.285
1/02/2009,-99,ALL,17688,289173,14700,300,293,380,230,0.4175
1/07/2010,2,Auckland Region,5214,106881,4698,365,372,450,300,0.3442
1/07/2010,4,Bay of Plenty Region,1107,19095,966,280,267,330,230,0.3299
1/02/2009,13,Canterbury Region,2436,33741,2205,290,275,350,230,0.3867
1/07/2010,5,Gisborne Region,117,2334,105,240,235,280,200,0.2442
1/07/2010,6,Hawke's Bay Region,471,8433,489,270,268,325,225,0.3146
1/07/2010,8,Manawatu-Wanganui Region,744,14475,669,220,213,270,170,0.3355
1/07/2010,18,Marlborough Region,147,2229,132,280,268,300,240,0.2554
1/07/2010,-1,NA,309,13887,258,280,280,360,224,0.4241
1/07/2010,17,Nelson Region,216,3654,180,300,283,350,240,0.3211
1/07/2010,1,Northland Region,453,8055,405,260,257,313,220,0.3107
1/07/2010,14,Otago Region,849,15381,537,230,225,300,150,0.4677
1/07/2010,15,Southland Region,318,4917,288,200,191,240,160,0.3124
1/07/2010,7,Taranaki Region,339,5919,321,260,258,320,210,0.3131
1/07/2010,16,Tasman Region,111,1755,93,299,280,350,245,0.2944
1/07/2010,3,Waikato Region,1539,26712,1314,275,263,330,210,0.3193
1/07/2010,9,Wellington Region,1827,36891,1665,340,327,425,260,0.4027
1/07/2010,12,West Coast Region,81,1293,69,240,224,280,180,0.3267
1/03/2009,-99,ALL,16689,291351,14508,300,290,370,230,0.4069
1/06/2010,2,Auckland Region,4215,106362,4143,365,375,450,300,0.3449
1/06/2010,4,Bay of Plenty Region,918,18954,894,280,268,330,230,0.3146
1/03/2009,13,Canterbury Region,2091,33993,1839,275,263,330,220,0.3544
1/06/2010,5,Gisborne Region,93,2322,99,245,237,280,200,0.2577
1/06/2010,6,Hawke's Bay Region,405,8451,426,270,259,320,220,0.3124
1/06/2010,8,Manawatu-Wanganui Region,669,14397,648,215,214,270,175,0.3409
1/06/2010,18,Marlborough Region,129,2214,138,275,266,320,238,0.2581
1/06/2010,-1,NA,315,13839,279,280,260,350,199,0.4471
1/06/2010,17,Nelson Region,165,3618,153,310,302,360,250,0.2847
1/06/2010,1,Northland Region,414,8004,417,260,257,300,220,0.282
1/06/2010,14,Otago Region,762,15072,678,260,259,350,195,0.4416
1/06/2010,15,Southland Region,255,4887,267,210,196,240,163,0.3414
1/06/2010,7,Taranaki Region,348,5898,330,250,252,315,210,0.3343
1/06/2010,16,Tasman Region,99,1737,93,300,286,350,250,0.3037
1/06/2010,3,Waikato Region,1251,26487,1260,270,260,320,210,0.3299
1/06/2010,9,Wellington Region,1527,36729,1446,340,325,420,250,0.4064
1/06/2010,12,West Coast Region,69,1281,78,240,234,280,190,0.3138
1/04/2009,-99,ALL,14664,292524,13494,300,292,370,230,0.389
1/05/2010,2,Auckland Region,4662,106290,4395,370,377,453,300,0.3402
1/05/2010,4,Bay of Plenty Region,960,18927,882,275,269,330,220,0.3098
1/04/2009,13,Canterbury Region,1812,34056,1749,280,272,330,225,0.3425
1/05/2010,5,Gisborne Region,129,2328,102,250,243,280,213,0.2465
1/05/2010,6,Hawke's Bay Region,432,8469,462,280,263,320,220,0.3024
1/05/2010,8,Manawatu-Wanganui Region,729,14376,627,220,212,260,180,0.3198
1/05/2010,18,Marlborough Region,126,2226,144,280,272,325,230,0.2667
1/05/2010,-1,NA,315,13803,264,280,273,350,220,0.4178
1/05/2010,17,Nelson Region,210,3606,189,320,308,360,270,0.2949
1/05/2010,1,Northland Region,429,8007,390,260,249,300,214,0.2951
1/05/2010,14,Otago Region,720,14988,654,260,264,350,206,0.4002
1/05/2010,15,Southland Region,294,4899,273,195,191,245,155,0.3202
1/05/2010,7,Taranaki Region,354,5880,312,270,257,320,210,0.3294
1/05/2010,16,Tasman Region,96,1731,102,300,284,350,250,0.3004
1/05/2010,3,Waikato Region,1392,26496,1311,265,257,320,200,0.325
1/05/2010,9,Wellington Region,1647,36651,1521,330,332,439,260,0.4014
1/05/2010,12,West Coast Region,66,1290,69,223,221,266,200,0.2482
1/05/2009,-99,ALL,16479,295362,13638,300,293,370,232,0.3937
1/04/2010,2,Auckland Region,4662,106020,4305,370,375,460,300,0.3668
1/04/2010,4,Bay of Plenty Region,930,18852,855,280,270,330,230,0.3082
1/05/2009,13,Canterbury Region,2025,34467,1611,270,260,325,210,0.3424
1/04/2010,5,Gisborne Region,108,2301,123,250,231,278,193,0.2703
1/04/2010,6,Hawke's Bay Region,429,8499,414,280,263,320,220,0.3118
1/04/2010,8,Manawatu-Wanganui Region,729,14274,624,212,212,260,175,0.3241
1/04/2010,18,Marlborough Region,138,2244,135,270,267,320,223,0.2564
1/04/2010,-1,NA,276,13752,285,285,275,370,209,0.4651
1/04/2010,17,Nelson Region,228,3585,213,300,298,370,250,0.2948
1/04/2010,1,Northland Region,447,7971,426,260,250,300,200,0.3229
1/04/2010,14,Otago Region,750,14922,594,260,259,331,210,0.3865
1/04/2010,15,Southland Region,264,4878,267,200,191,240,155,0.3104
1/04/2010,7,Taranaki Region,303,5838,324,250,254,320,210,0.3411
1/04/2010,16,Tasman Region,99,1737,96,315,301,358,280,0.2665
1/04/2010,3,Waikato Region,1377,26412,1251,270,257,320,200,0.3298
1/04/2010,9,Wellington Region,1605,36525,1563,340,338,430,265,0.4081
1/04/2010,12,West Coast Region,66,1293,75,220,222,260,200,0.3338
1/06/2009,-99,ALL,13935,296196,13101,295,291,370,230,0.3978
1/03/2010,2,Auckland Region,5322,105663,4683,360,363,444,300,0.3649
1/03/2010,4,Bay of Plenty Region,1071,18777,1011,280,265,330,220,0.3346
1/06/2009,13,Canterbury Region,1761,34614,1614,270,259,320,220,0.3449
1/03/2010,5,Gisborne Region,114,2316,102,240,230,270,188,0.3062
1/03/2010,6,Hawke's Bay Region,456,8484,393,270,259,310,220,0.3018
1/03/2010,8,Manawatu-Wanganui Region,843,14169,738,210,209,260,170,0.3295
1/03/2010,18,Marlborough Region,153,2241,150,280,277,320,240,0.2532
1/03/2010,-1,NA,333,13761,300,280,272,350,220,0.4386
1/03/2010,17,Nelson Region,207,3570,183,300,284,350,250,0.3121
1/03/2010,1,Northland Region,501,7950,483,250,245,300,200,0.2983
1/03/2010,14,Otago Region,819,14766,642,250,246,320,195,0.4208
1/03/2010,15,Southland Region,309,4878,258,193,187,234,156,0.3215
1/03/2010,7,Taranaki Region,312,5856,333,263,261,330,210,0.4013
1/03/2010,16,Tasman Region,105,1734,108,300,290,350,250,0.3077
1/03/2010,3,Waikato Region,1662,26286,1452,265,255,320,200,0.3414
1/03/2010,9,Wellington Region,2010,36480,1704,340,341,450,260,0.4259
1/03/2010,12,West Coast Region,75,1302,75,240,229,290,200,0.3677
1/07/2009,-99,ALL,16041,297732,14505,290,285,360,230,0.3971
1/02/2010,2,Auckland Region,5535,105024,4896,350,359,440,295,0.3551
1/02/2010,4,Bay of Plenty Region,918,18717,921,275,264,330,220,0.3415
1/07/2009,13,Canterbury Region,1923,34848,1689,275,262,320,220,0.3424
1/02/2010,5,Gisborne Region,114,2301,99,240,228,278,191,0.2832
1/02/2010,6,Hawke's Bay Region,426,8421,393,265,258,320,220,0.3057
1/02/2010,8,Manawatu-Wanganui Region,807,14064,672,210,206,260,165,0.3665
1/02/2010,18,Marlborough Region,108,2238,117,288,275,310,240,0.2637
1/02/2010,-1,NA,354,13728,276,280,268,350,220,0.4396
1/02/2010,17,Nelson Region,153,3549,165,310,297,360,260,0.2915
1/02/2010,1,Northland Region,417,7932,363,250,246,300,200,0.3281
1/02/2010,14,Otago Region,1242,14589,771,250,240,320,185,0.464
1/02/2010,15,Southland Region,324,4827,276,190,177,230,140,0.4058
1/02/2010,7,Taranaki Region,324,5877,300,250,258,300,200,0.3866
1/02/2010,16,Tasman Region,78,1737,78,300,284,350,228,0.3277
1/02/2010,3,Waikato Region,1584,26079,1338,275,264,330,210,0.3399
1/02/2010,9,Wellington Region,2829,36177,2172,325,318,460,210,0.5115
1/02/2010,12,West Coast Region,72,1302,60,250,234,280,196,0.2757
1/08/2009,-99,ALL,14889,299061,13560,295,290,365,230,0.3882
1/01/2010,2,Auckland Region,4785,104382,4224,360,370,450,300,0.3452
1/01/2010,4,Bay of Plenty Region,936,18720,861,280,272,331,225,0.3265
1/08/2009,13,Canterbury Region,1725,35019,1554,275,264,320,220,0.3278
1/01/2010,5,Gisborne Region,117,2286,87,245,236,280,186,0.2691
1/01/2010,6,Hawke's Bay Region,396,8385,360,260,256,310,215,0.3084
1/01/2010,8,Manawatu-Wanganui Region,828,13929,672,220,215,270,170,0.3278
1/01/2010,18,Marlborough Region,141,2244,102,280,272,330,230,0.2802
1/01/2010,-1,NA,333,13647,249,273,276,350,200,0.4349
1/01/2010,17,Nelson Region,156,3561,132,300,297,360,250,0.3124
1/01/2010,1,Northland Region,330,7878,339,260,251,320,200,0.3414
1/01/2010,14,Otago Region,2970,14118,936,270,260,438,160,0.6075
1/01/2010,15,Southland Region,309,4779,240,185,178,220,150,0.3383
1/01/2010,7,Taranaki Region,306,5853,264,250,253,310,210,0.3124
1/01/2010,16,Tasman Region,78,1734,54,300,292,360,243,0.2691
1/01/2010,3,Waikato Region,1521,25833,1245,280,267,340,210,0.3387
1/01/2010,9,Wellington Region,2157,35520,2283,360,358,485,275,0.4404
1/01/2010,12,West Coast Region,78,1290,60,250,229,280,190,0.3127
1/09/2009,-99,ALL,13851,299766,13146,295,289,365,230,0.3884
1/12/2009,2,Auckland Region,4605,103821,4995,350,362,430,300,0.3414
1/12/2009,4,Bay of Plenty Region,912,18645,909,280,267,330,220,0.3211
1/09/2009,13,Canterbury Region,1734,35136,1617,270,259,320,219,0.3428
1/12/2009,5,Gisborne Region,105,2256,111,240,238,290,200,0.2714
1/12/2009,6,Hawke's Bay Region,426,8352,414,270,262,320,218,0.3253
1/12/2009,8,Manawatu-Wanganui Region,711,13773,792,225,218,275,170,0.348
1/12/2009,18,Marlborough Region,126,2205,129,280,270,320,231,0.2912
1/12/2009,-1,NA,312,13566,318,275,271,350,205,0.4244
1/12/2009,17,Nelson Region,189,3537,180,300,286,350,230,0.3264
1/12/2009,1,Northland Region,432,7887,402,260,255,300,210,0.3227
1/12/2009,14,Otago Region,717,12087,2757,280,269,350,210,0.3924
1/12/2009,15,Southland Region,219,4707,273,200,198,250,165,0.3162
1/12/2009,7,Taranaki Region,312,5811,348,260,260,325,210,0.3271
1/12/2009,16,Tasman Region,96,1707,93,295,282,355,243,0.3617
1/12/2009,3,Waikato Region,1293,25557,1497,275,261,321,209,0.3391
1/12/2009,9,Wellington Region,1470,35646,1803,330,329,440,250,0.4223
1/12/2009,12,West Coast Region,54,1272,66,220,216,280,180,0.33
1/10/2009,-99,ALL,14715,300681,13800,300,292,370,230,0.3905
1/11/2009,2,Auckland Region,4452,104211,5052,355,368,450,300,0.3363
1/11/2009,4,Bay of Plenty Region,912,18642,876,275,263,330,215,0.326
1/10/2009,13,Canterbury Region,1848,35316,1668,275,265,325,220,0.3344
1/11/2009,5,Gisborne Region,108,2259,111,238,229,270,185,0.2509
1/11/2009,6,Hawke's Bay Region,444,8337,387,260,258,320,210,0.3293
1/11/2009,8,Manawatu-Wanganui Region,903,13851,1014,230,224,295,175,0.3895
1/11/2009,18,Marlborough Region,129,2211,135,290,275,320,230,0.2524
1/11/2009,-1,NA,270,13572,294,280,272,349,211,0.3927
1/11/2009,17,Nelson Region,192,3525,195,290,279,350,239,0.3256
1/11/2009,1,Northland Region,393,7860,387,250,248,300,210,0.3216
1/11/2009,14,Otago Region,651,14127,843,260,255,340,200,0.397
1/11/2009,15,Southland Region,276,4761,285,190,191,240,159,0.3009
1/11/2009,7,Taranaki Region,309,5847,354,260,259,320,205,0.327
1/11/2009,16,Tasman Region,87,1704,78,280,274,350,223,0.3434
1/11/2009,3,Waikato Region,1368,25761,1527,270,260,330,210,0.3273
1/11/2009,9,Wellington Region,1527,35976,1908,340,335,449,260,0.4128
1/11/2009,12,West Coast Region,51,1281,54,250,235,273,200,0.2175
1/11/2009,-99,ALL,13770,298998,15453,300,296,375,235,0.3941
1/10/2009,2,Auckland Region,5034,104811,4509,350,364,440,295,0.3327
1/10/2009,4,Bay of Plenty Region,1002,18603,957,275,262,325,220,0.3329
1/11/2009,13,Canterbury Region,1698,35061,1950,280,271,340,230,0.3434
1/10/2009,5,Gisborne Region,117,2262,123,250,230,280,185,0.2594
1/10/2009,6,Hawke's Bay Region,498,8283,432,260,254,310,220,0.32
1/10/2009,8,Manawatu-Wanganui Region,705,13962,720,200,205,260,170,0.3305
1/10/2009,18,Marlborough Region,153,2217,141,280,272,310,230,0.2803
1/10/2009,-1,NA,321,13599,303,280,265,340,210,0.411
1/10/2009,17,Nelson Region,183,3531,177,295,282,345,240,0.3209
1/10/2009,1,Northland Region,423,7851,375,250,252,300,210,0.2975
1/10/2009,14,Otago Region,669,14319,801,250,254,320,200,0.3913
1/10/2009,15,Southland Region,285,4773,267,190,181,240,150,0.3375
1/10/2009,7,Taranaki Region,336,5892,348,260,259,320,210,0.326
1/10/2009,16,Tasman Region,105,1698,108,290,277,340,250,0.2561
1/10/2009,3,Waikato Region,1449,25917,1338,260,252,310,200,0.3302
1/10/2009,9,Wellington Region,1521,36357,1476,330,319,420,250,0.4045
1/10/2009,12,West Coast Region,72,1284,60,220,217,250,195,0.3055
1/12/2009,-99,ALL,13659,295824,16833,300,297,380,240,0.3948
1/09/2009,2,Auckland Region,4680,104286,4416,350,358,430,290,0.3348
1/09/2009,4,Bay of Plenty Region,969,18561,861,270,258,320,215,0.3209
1/12/2009,13,Canterbury Region,1677,34989,1752,280,270,340,220,0.3789
1/09/2009,5,Gisborne Region,126,2268,135,240,232,268,203,0.2385
1/09/2009,6,Hawke's Bay Region,453,8217,408,260,254,310,210,0.3117
1/09/2009,8,Manawatu-Wanganui Region,741,13977,645,200,203,250,165,0.3065
1/09/2009,18,Marlborough Region,138,2205,141,280,268,320,230,0.2799
1/09/2009,-1,NA,297,13581,285,275,267,350,200,0.4293
1/09/2009,17,Nelson Region,186,3522,165,300,287,350,240,0.2734
1/09/2009,1,Northland Region,432,7803,378,260,249,300,210,0.2858
1/09/2009,14,Otago Region,507,14451,645,250,252,320,195,0.4104
1/09/2009,15,Southland Region,285,4755,252,190,183,230,150,0.3412
1/09/2009,7,Taranaki Region,336,5904,330,250,249,300,200,0.3397
1/09/2009,16,Tasman Region,87,1701,87,300,297,340,270,0.2092
1/09/2009,3,Waikato Region,1365,25806,1290,260,250,310,200,0.3245
1/09/2009,9,Wellington Region,1464,36315,1434,330,328,420,255,0.3908
1/09/2009,12,West Coast Region,54,1272,57,240,240,300,210,0.3364
1/01/2010,-99,ALL,17784,299271,14337,300,297,395,230,0.4542
1/08/2009,2,Auckland Region,5154,104022,4587,350,358,440,295,0.3431
1/08/2009,4,Bay of Plenty Region,1032,18453,954,275,261,320,220,0.3032
1/01/2010,13,Canterbury Region,2340,35100,2226,295,278,360,225,0.3951
1/08/2009,5,Gisborne Region,108,2277,87,240,226,270,190,0.2638
1/08/2009,6,Hawke's Bay Region,456,8175,447,270,260,320,220,0.3071
1/08/2009,8,Manawatu-Wanganui Region,789,13881,684,210,207,260,170,0.3307
1/08/2009,18,Marlborough Region,114,2208,120,290,278,310,250,0.2344
1/08/2009,-1,NA,345,13566,294,270,261,330,200,0.3929
1/08/2009,17,Nelson Region,195,3504,174,290,290,350,250,0.2768
1/08/2009,1,Northland Region,477,7749,426,260,252,300,220,0.3048
1/08/2009,14,Otago Region,582,14589,561,250,248,320,200,0.4076
1/08/2009,15,Southland Region,276,4722,279,185,182,230,156,0.3079
1/08/2009,7,Taranaki Region,339,5898,348,250,248,314,200,0.3515
1/08/2009,16,Tasman Region,90,1701,75,285,271,329,233,0.387
1/08/2009,3,Waikato Region,1473,25731,1395,260,255,310,209,0.3169
1/08/2009,9,Wellington Region,1656,36285,1509,315,313,400,240,0.4023
1/08/2009,12,West Coast Region,81,1275,69,218,215,270,188,0.3699
1/02/2010,-99,ALL,17697,301866,15102,300,292,380,225,0.4333
1/07/2009,2,Auckland Region,5400,103455,4983,350,356,425,295,0.3376
1/07/2009,4,Bay of Plenty Region,1143,18375,1020,275,262,320,220,0.3197
1/02/2010,13,Canterbury Region,2409,35301,2208,285,273,350,220,0.3883
1/07/2009,5,Gisborne Region,135,2256,129,240,238,280,200,0.2432
1/07/2009,6,Hawke's Bay Region,483,8166,414,260,251,300,210,0.3105
1/07/2009,8,Manawatu-Wanganui Region,774,13776,735,200,204,250,170,0.3275
1/07/2009,18,Marlborough Region,150,2211,159,275,268,310,230,0.2495
1/07/2009,-1,NA,333,13515,309,285,272,360,210,0.4032
1/07/2009,17,Nelson Region,225,3483,189,290,287,350,240,0.2924
1/07/2009,1,Northland Region,510,7698,438,260,249,300,200,0.2946
1/07/2009,14,Otago Region,870,14568,630,220,214,290,143,0.4777
1/07/2009,15,Southland Region,309,4722,282,188,180,230,150,0.3427
1/07/2009,7,Taranaki Region,405,5910,366,260,261,320,213,0.3377
1/07/2009,16,Tasman Region,111,1686,90,295,273,330,243,0.3199
1/07/2009,3,Waikato Region,1536,25656,1455,265,256,320,209,0.3308
1/07/2009,9,Wellington Region,1665,36138,1557,310,308,400,240,0.4024
1/07/2009,12,West Coast Region,66,1263,60,220,210,250,180,0.2831
1/03/2010,-99,ALL,16308,303696,14478,300,295,380,235,0.4099
1/06/2009,2,Auckland Region,4605,103041,4416,350,364,440,300,0.3439
1/06/2009,4,Bay of Plenty Region,939,18252,879,270,259,320,220,0.3178
1/03/2010,13,Canterbury Region,2013,35457,1857,275,267,335,220,0.3515
1/06/2009,5,Gisborne Region,123,2250,117,250,233,270,200,0.2632
1/06/2009,6,Hawke's Bay Region,435,8097,405,250,252,310,205,0.3146
1/06/2009,8,Manawatu-Wanganui Region,690,13734,645,220,209,260,170,0.3251
1/06/2009,18,Marlborough Region,150,2220,144,270,272,321,238,0.3741
1/06/2009,-1,NA,318,13491,285,260,242,330,180,0.4576
1/06/2009,17,Nelson Region,189,3447,174,285,271,330,238,0.2983
1/06/2009,1,Northland Region,408,7629,393,250,247,300,210,0.3049
1/06/2009,14,Otago Region,777,14325,660,260,268,350,210,0.4304
1/06/2009,15,Southland Region,285,4695,246,190,185,230,150,0.3466
1/06/2009,7,Taranaki Region,300,5871,285,260,253,320,210,0.3473
1/06/2009,16,Tasman Region,105,1665,87,290,280,328,245,0.2744
1/06/2009,3,Waikato Region,1287,25572,1260,270,257,320,210,0.3185
1/06/2009,9,Wellington Region,1482,36033,1419,330,328,428,250,0.3983
1/06/2009,12,West Coast Region,81,1257,69,230,229,275,188,0.3061
1/04/2010,-99,ALL,14277,304767,13209,300,300,380,240,0.4032
1/05/2009,2,Auckland Region,5508,102852,4659,360,365,450,300,0.3389
1/05/2009,4,Bay of Plenty Region,1128,18192,969,270,262,320,220,0.3278
1/04/2010,13,Canterbury Region,1863,35658,1659,280,274,346,220,0.3458
1/05/2009,5,Gisborne Region,123,2244,99,240,229,279,190,0.2653
1/05/2009,6,Hawke's Bay Region,480,8067,426,265,253,315,205,0.2984
1/05/2009,8,Manawatu-Wanganui Region,810,13689,621,215,209,260,175,0.3035
1/05/2009,18,Marlborough Region,171,2214,147,290,282,320,250,0.2636
1/05/2009,-1,NA,351,13458,300,280,272,350,220,0.3901
1/05/2009,17,Nelson Region,240,3432,201,300,287,350,240,0.2881
1/05/2009,1,Northland Region,507,7614,414,260,256,315,220,0.3365
1/05/2009,14,Otago Region,801,14211,609,260,257,330,200,0.3943
1/05/2009,15,Southland Region,306,4656,279,190,182,230,150,0.3261
1/05/2009,7,Taranaki Region,414,5853,336,260,258,328,200,0.3491
1/05/2009,16,Tasman Region,144,1647,93,283,277,340,248,0.2758
1/05/2009,3,Waikato Region,1617,25545,1326,270,256,320,210,0.3317
1/05/2009,9,Wellington Region,1773,35970,1470,330,326,430,250,0.4228
1/05/2009,12,West Coast Region,81,1245,75,220,230,280,190,0.2771
1/05/2010,-99,ALL,14307,305811,13263,300,299,380,240,0.393
1/04/2009,2,Auckland Region,4821,102003,4488,350,362,440,300,0.333
1/04/2009,4,Bay of Plenty Region,1092,18033,990,270,262,330,220,0.329
1/05/2010,13,Canterbury Region,1746,35835,1569,280,268,330,225,0.335
1/04/2009,5,Gisborne Region,108,2220,96,235,227,266,180,0.2816
1/04/2009,6,Hawke's Bay Region,447,8013,378,270,255,310,220,0.3177
1/04/2009,8,Manawatu-Wanganui Region,768,13503,744,205,206,260,170,0.3291
1/04/2009,18,Marlborough Region,135,2190,153,283,268,320,250,0.2843
1/04/2009,-1,NA,312,13407,267,278,263,350,200,0.4236
1/04/2009,17,Nelson Region,225,3396,189,295,290,350,250,0.2934
1/04/2009,1,Northland Region,420,7521,387,250,246,300,205,0.3177
1/04/2009,14,Otago Region,729,14022,657,250,254,321,200,0.3961
1/04/2009,15,Southland Region,240,4626,255,200,191,250,150,0.332
1/04/2009,7,Taranaki Region,327,5778,327,260,261,320,215,0.3307
1/04/2009,16,Tasman Region,111,1596,93,285,272,340,230,0.2864
1/04/2009,3,Waikato Region,1455,25254,1290,265,256,320,200,0.3401
1/04/2009,9,Wellington Region,1596,35667,1374,320,324,425,250,0.3912
1/04/2009,12,West Coast Region,66,1239,57,200,203,250,175,0.322
1/06/2010,-99,ALL,13284,306276,12819,300,296,380,240,0.3985
1/03/2009,2,Auckland Region,5607,101670,4845,350,356,430,295,0.3393
1/03/2009,4,Bay of Plenty Region,1047,17931,969,270,262,320,220,0.3077
1/06/2010,13,Canterbury Region,1650,36012,1473,275,264,330,215,0.341
1/03/2009,5,Gisborne Region,120,2208,120,248,236,280,203,0.3117
1/03/2009,6,Hawke's Bay Region,504,7944,426,260,252,310,210,0.3006
1/03/2009,8,Manawatu-Wanganui Region,831,13476,735,200,204,260,165,0.3807
1/03/2009,18,Marlborough Region,144,2208,126,300,287,340,250,0.3881
1/03/2009,-1,NA,351,13362,270,275,261,340,200,0.4092
1/03/2009,17,Nelson Region,210,3357,216,295,286,340,248,0.2921
1/03/2009,1,Northland Region,447,7488,432,260,254,300,210,0.2805
1/03/2009,14,Otago Region,900,13950,711,250,242,320,190,0.4211
1/03/2009,15,Southland Region,276,4638,261,180,180,230,146,0.3634
1/03/2009,7,Taranaki Region,321,5778,297,270,254,329,200,0.3841
1/03/2009,16,Tasman Region,90,1578,87,320,301,360,250,0.3029
1/03/2009,3,Waikato Region,1491,25089,1413,265,257,320,200,0.3397
1/03/2009,9,Wellington Region,2178,35442,1686,320,313,430,220,0.472
1/03/2009,12,West Coast Region,84,1230,78,220,227,250,190,0.2935
1/07/2010,-99,ALL,15681,308217,13740,300,296,380,235,0.4
1/02/2009,2,Auckland Region,5634,100911,4662,350,356,430,290,0.3543
1/02/2009,4,Bay of Plenty Region,1044,17853,876,265,256,325,210,0.3339
1/07/2010,13,Canterbury Region,1839,36297,1557,280,267,330,220,0.3266
1/02/2009,5,Gisborne Region,93,2208,96,240,229,280,200,0.262
1/02/2009,6,Hawke's Bay Region,453,7866,366,260,255,320,213,0.3109
1/02/2009,8,Manawatu-Wanganui Region,918,13383,765,200,202,260,160,0.3526
1/02/2009,18,Marlborough Region,150,2190,123,290,271,330,230,0.3192
1/02/2009,-1,NA,315,13281,264,290,276,350,220,0.4082
1/02/2009,17,Nelson Region,204,3363,171,290,282,350,230,0.3019
1/02/2009,1,Northland Region,414,7473,390,260,254,315,210,0.284
1/02/2009,14,Otago Region,1134,13761,846,255,250,320,200,0.4352
1/02/2009,15,Southland Region,297,4623,228,180,171,220,140,0.364
1/02/2009,7,Taranaki Region,318,5754,258,260,255,320,210,0.358
1/02/2009,16,Tasman Region,75,1572,75,300,269,320,240,0.3031
1/02/2009,3,Waikato Region,1695,25011,1314,270,260,325,200,0.3382
1/02/2009,9,Wellington Region,2439,34950,2016,340,335,460,250,0.4622
1/02/2009,12,West Coast Region,60,1221,45,220,210,253,170,0.2886
1/08/2010,-99,ALL,13893,308955,13155,300,300,380,240,0.3968
1/01/2009,2,Auckland Region,5121,99939,4248,358,366,450,300,0.3537
1/01/2009,4,Bay of Plenty Region,972,17682,759,270,267,330,220,0.313
1/08/2010,13,Canterbury Region,1626,36405,1518,280,269,340,220,0.3399
1/01/2009,5,Gisborne Region,126,2211,102,250,247,280,210,0.278
1/01/2009,6,Hawke's Bay Region,435,7779,348,270,261,320,220,0.3125
1/01/2009,8,Manawatu-Wanganui Region,780,13230,630,215,210,260,170,0.3229
1/01/2009,18,Marlborough Region,144,2163,120,288,284,348,240,0.2831
1/01/2009,-1,NA,351,13233,270,270,264,345,200,0.4389
1/01/2009,17,Nelson Region,177,3330,177,295,296,350,246,0.3286
1/01/2009,1,Northland Region,420,7449,345,250,250,300,210,0.3133
1/01/2009,14,Otago Region,2754,13473,876,270,263,440,175,0.6098
1/01/2009,15,Southland Region,318,4554,231,185,177,230,145,0.3648
1/01/2009,7,Taranaki Region,315,5691,285,253,257,320,200,0.3825
1/01/2009,16,Tasman Region,87,1572,60,295,273,326,220,0.2936
1/01/2009,3,Waikato Region,1551,24633,1194,280,264,330,210,0.344
1/01/2009,9,Wellington Region,2022,34527,1875,350,343,465,260,0.4252
1/01/2009,12,West Coast Region,78,1206,63,213,219,280,190,0.3147
1/09/2010,-99,ALL,14127,309852,13230,300,297,380,240,0.389
1/12/2008,2,Auckland Region,4614,99063,4842,350,357,430,295,0.3359
1/12/2008,4,Bay of Plenty Region,924,17472,930,275,262,323,220,0.3225
1/09/2010,13,Canterbury Region,1881,36432,1854,290,277,350,230,0.3489
1/12/2008,5,Gisborne Region,96,2190,108,243,233,283,196,0.3125
1/12/2008,6,Hawke's Bay Region,432,7692,444,260,255,311,210,0.3149
1/12/2008,8,Manawatu-Wanganui Region,738,13080,762,213,212,265,170,0.3322
1/12/2008,18,Marlborough Region,120,2139,120,280,278,330,245,0.2724
1/12/2008,-1,NA,297,13149,324,265,261,350,200,0.4142
1/12/2008,17,Nelson Region,180,3330,177,300,297,365,250,0.3188
1/12/2008,1,Northland Region,375,7374,384,260,250,300,200,0.2971
1/12/2008,14,Otago Region,738,11595,2496,260,255,320,200,0.3745
1/12/2008,15,Southland Region,246,4470,273,190,181,220,150,0.3315
1/12/2008,7,Taranaki Region,315,5661,309,260,262,330,210,0.3457
1/12/2008,16,Tasman Region,87,1545,81,300,293,360,250,0.3581
1/12/2008,3,Waikato Region,1410,24276,1446,270,257,320,204,0.3244
1/12/2008,9,Wellington Region,1455,34383,1530,325,324,420,250,0.4044
1/12/2008,12,West Coast Region,81,1191,60,220,219,260,180,0.2815
1/10/2010,-99,ALL,14475,310926,13401,300,301,380,240,0.3876
1/11/2008,2,Auckland Region,4812,99294,4800,350,356,430,295,0.3269
1/11/2008,4,Bay of Plenty Region,990,17481,879,270,264,324,220,0.3016
1/10/2010,13,Canterbury Region,1926,36648,1710,280,275,340,220,0.3501
1/11/2008,5,Gisborne Region,105,2202,90,220,215,263,180,0.276
1/11/2008,6,Hawke's Bay Region,441,7704,354,260,258,316,219,0.2979
1/11/2008,8,Manawatu-Wanganui Region,921,13104,954,225,223,285,175,0.3542
1/11/2008,18,Marlborough Region,156,2139,96,300,299,340,250,0.3712
1/11/2008,-1,NA,345,13176,306,270,254,330,200,0.4299
1/11/2008,17,Nelson Region,174,3324,153,295,289,350,240,0.3027
1/11/2008,1,Northland Region,438,7383,390,258,248,300,200,0.3217
1/11/2008,14,Otago Region,642,13350,774,260,257,330,203,0.3841
1/11/2008,15,Southland Region,270,4494,231,200,190,239,160,0.3262
1/11/2008,7,Taranaki Region,291,5655,270,250,248,305,200,0.3338
1/11/2008,16,Tasman Region,84,1539,75,270,261,320,230,0.2723
1/11/2008,3,Waikato Region,1347,24312,1305,265,255,315,204,0.3145
1/11/2008,9,Wellington Region,1662,34455,1929,323,327,425,250,0.4108
1/11/2008,12,West Coast Region,72,1170,51,240,222,275,190,0.3354
1/11/2010,-99,ALL,14157,310440,14643,300,300,380,240,0.4111
1/10/2008,2,Auckland Region,4911,99282,4503,350,359,430,295,0.3399
1/10/2008,4,Bay of Plenty Region,1005,17370,954,265,254,320,210,0.3231
1/11/2010,13,Canterbury Region,1743,36639,1752,280,272,340,220,0.3577
1/10/2008,5,Gisborne Region,111,2187,96,240,230,280,181,0.2969
1/10/2008,6,Hawke's Bay Region,438,7617,393,260,254,300,210,0.3059
1/10/2008,8,Manawatu-Wanganui Region,735,13137,723,205,209,260,170,0.317
1/10/2008,18,Marlborough Region,144,2082,138,280,277,320,240,0.288
1/10/2008,-1,NA,360,13137,306,290,273,350,220,0.4047
1/10/2008,17,Nelson Region,183,3303,192,290,287,350,245,0.3158
1/10/2008,1,Northland Region,450,7335,399,250,246,300,200,0.3135
1/10/2008,14,Otago Region,657,13482,804,250,257,330,200,0.415
1/10/2008,15,Southland Region,279,4458,261,180,178,226,145,0.3264
1/10/2008,7,Taranaki Region,345,5634,309,250,246,310,200,0.3433
1/10/2008,16,Tasman Region,66,1530,63,300,267,339,218,0.332
1/10/2008,3,Waikato Region,1374,24270,1317,260,254,310,200,0.3265
1/10/2008,9,Wellington Region,1551,34722,1488,310,314,418,240,0.4126
1/10/2008,12,West Coast Region,72,1149,72,220,206,260,170,0.3606
1/12/2010,-99,ALL,13641,307467,16614,305,305,390,248,0.3947
1/09/2008,2,Auckland Region,4767,98874,4311,355,364,435,300,0.3379
1/09/2008,4,Bay of Plenty Region,1047,17319,954,275,263,325,220,0.3175
1/12/2010,13,Canterbury Region,1653,36624,1668,300,284,360,235,0.3868
1/09/2008,5,Gisborne Region,135,2172,123,235,222,260,185,0.2558
1/09/2008,6,Hawke's Bay Region,396,7572,387,260,255,310,220,0.2867
1/09/2008,8,Manawatu-Wanganui Region,669,13125,663,210,212,260,170,0.2972
1/09/2008,18,Marlborough Region,132,2076,126,285,274,330,230,0.2684
1/09/2008,-1,NA,357,13083,321,270,259,335,200,0.4105
1/09/2008,17,Nelson Region,165,3312,141,290,290,350,240,0.2828
1/09/2008,1,Northland Region,459,7284,405,260,252,313,210,0.2982
1/09/2008,14,Otago Region,579,13626,639,250,248,330,195,0.4377
1/09/2008,15,Southland Region,267,4437,237,190,180,230,140,0.345
1/09/2008,7,Taranaki Region,303,5598,252,250,252,320,200,0.3534
1/09/2008,16,Tasman Region,93,1524,72,280,264,320,230,0.2919
1/09/2008,3,Waikato Region,1314,24210,1221,265,255,320,200,0.322
1/09/2008,9,Wellington Region,1518,34659,1314,310,310,400,240,0.3909
1/09/2008,12,West Coast Region,78,1149,57,240,222,258,180,0.3337
1/01/2011,-99,ALL,17259,310491,14235,320,315,410,250,0.4392
1/08/2008,2,Auckland Region,5409,98418,4737,350,359,440,299,0.3347
1/08/2008,4,Bay of Plenty Region,1083,17223,1014,270,262,320,220,0.3059
1/01/2011,13,Canterbury Region,2193,36669,2148,300,294,370,240,0.3875
1/08/2008,5,Gisborne Region,141,2160,135,240,230,275,200,0.2768
1/08/2008,6,Hawke's Bay Region,480,7560,441,270,262,320,220,0.3236
1/08/2008,8,Manawatu-Wanganui Region,750,13119,669,203,205,250,170,0.3134
1/08/2008,18,Marlborough Region,117,2067,129,290,284,320,250,0.2352
1/08/2008,-1,NA,357,13044,303,290,275,350,230,0.4273
1/08/2008,17,Nelson Region,183,3288,177,300,294,350,240,0.3083
1/08/2008,1,Northland Region,492,7227,453,260,254,310,200,0.3063
1/08/2008,14,Otago Region,591,13686,597,250,244,310,190,0.4311
1/08/2008,15,Southland Region,279,4407,264,180,180,220,150,0.3297
1/08/2008,7,Taranaki Region,381,5547,333,250,248,300,200,0.3428
1/08/2008,16,Tasman Region,96,1503,78,290,273,338,240,0.3049
1/08/2008,3,Waikato Region,1476,24117,1323,260,253,310,200,0.3241
1/08/2008,9,Wellington Region,1686,34455,1470,320,316,420,245,0.4072
1/08/2008,12,West Coast Region,63,1128,81,210,207,250,170,0.2649
1/02/2011,-99,ALL,18063,312132,16422,310,307,400,240,0.4328
1/07/2008,2,Auckland Region,5019,97746,4662,350,361,440,300,0.3448
1/07/2008,4,Bay of Plenty Region,1014,17157,960,270,258,320,211,0.3073
1/02/2011,13,Canterbury Region,2337,36009,2997,300,290,370,240,0.3965
1/07/2008,5,Gisborne Region,147,2157,114,240,230,280,185,0.2911
1/07/2008,6,Hawke's Bay Region,426,7521,459,250,248,300,210,0.3292
1/07/2008,8,Manawatu-Wanganui Region,771,13038,756,200,205,250,165,0.3269
1/07/2008,18,Marlborough Region,120,2079,105,295,279,330,250,0.2516
1/07/2008,-1,NA,348,12990,345,280,265,340,200,0.4138
1/07/2008,17,Nelson Region,234,3282,180,290,283,350,241,0.3049
1/07/2008,1,Northland Region,399,7188,366,250,246,300,200,0.3135
1/07/2008,14,Otago Region,639,13692,576,250,246,324,190,0.444
1/07/2008,15,Southland Region,261,4392,252,180,176,220,145,0.3161
1/07/2008,7,Taranaki Region,345,5496,309,250,258,330,200,0.3899
1/07/2008,16,Tasman Region,108,1488,93,280,264,330,210,0.3637
1/07/2008,3,Waikato Region,1437,23961,1341,260,251,310,200,0.319
1/07/2008,9,Wellington Region,1620,34236,1503,320,312,404,245,0.4041
1/07/2008,12,West Coast Region,78,1146,48,220,225,270,189,0.2635
1/03/2011,-99,ALL,17274,313587,15819,310,307,395,240,0.4068
1/06/2008,2,Auckland Region,4620,97389,4125,360,365,445,300,0.3344
1/06/2008,4,Bay of Plenty Region,1026,17103,960,270,263,320,220,0.3083
1/03/2011,13,Canterbury Region,2499,35454,3057,300,295,368,240,0.3645
1/06/2008,5,Gisborne Region,102,2124,93,250,237,275,210,0.2545
1/06/2008,6,Hawke's Bay Region,468,7554,438,260,255,310,210,0.2914
1/06/2008,8,Manawatu-Wanganui Region,732,13023,654,200,206,255,165,0.3111
1/06/2008,18,Marlborough Region,138,2064,123,290,286,340,240,0.3558
1/06/2008,-1,NA,321,12990,270,260,247,340,190,0.4884
1/06/2008,17,Nelson Region,174,3228,180,290,287,343,259,0.275
1/06/2008,1,Northland Region,402,7155,375,260,249,310,203,0.346
1/06/2008,14,Otago Region,909,13629,702,230,217,320,130,0.5475
1/06/2008,15,Southland Region,258,4383,261,180,176,230,140,0.3451
1/06/2008,7,Taranaki Region,345,5463,297,250,250,310,200,0.3841
1/06/2008,16,Tasman Region,93,1473,72,273,257,311,210,0.3104
1/06/2008,3,Waikato Region,1449,23868,1260,260,251,310,200,0.3368
1/06/2008,9,Wellington Region,1590,34122,1410,320,317,420,250,0.4128
1/06/2008,12,West Coast Region,69,1119,72,200,205,250,180,0.2906
1/04/2011,-99,ALL,14952,315387,13152,315,310,395,250,0.3965
1/05/2008,2,Auckland Region,4902,96894,4527,360,367,450,300,0.3431
1/05/2008,4,Bay of Plenty Region,1011,17037,894,275,264,325,220,0.3182
1/04/2011,13,Canterbury Region,2175,35685,1944,300,295,360,240,0.3398
1/05/2008,5,Gisborne Region,120,2115,105,240,229,270,190,0.2647
1/05/2008,6,Hawke's Bay Region,432,7524,399,260,259,320,220,0.2972
1/05/2008,8,Manawatu-Wanganui Region,699,12945,651,210,209,255,170,0.3086
1/05/2008,18,Marlborough Region,132,2049,117,290,281,320,260,0.2659
1/05/2008,-1,NA,351,12939,282,290,273,355,220,0.4335
1/05/2008,17,Nelson Region,222,3234,207,290,282,350,240,0.3296
1/05/2008,1,Northland Region,486,7125,447,260,258,310,210,0.3102
1/05/2008,14,Otago Region,714,13425,603,260,254,350,200,0.4419
1/05/2008,15,Southland Region,276,4386,243,180,177,230,140,0.3541
1/05/2008,7,Taranaki Region,360,5412,315,250,251,310,195,0.3767
1/05/2008,16,Tasman Region,111,1452,84,300,279,350,235,0.3125
1/05/2008,3,Waikato Region,1461,23679,1221,265,257,320,200,0.3086
1/05/2008,9,Wellington Region,1617,33939,1452,320,319,420,250,0.4051
1/05/2008,12,West Coast Region,63,1119,69,220,218,250,180,0.273
1/05/2011,-99,ALL,13827,316374,12843,310,306,390,240,0.4048
1/04/2008,2,Auckland Region,5022,96519,4455,350,360,430,295,0.3402
1/04/2008,4,Bay of Plenty Region,1002,16920,936,280,267,330,220,0.3107
1/05/2011,13,Canterbury Region,1890,36048,1530,295,285,350,240,0.3586
1/04/2008,5,Gisborne Region,135,2100,111,240,229,275,195,0.2665
1/04/2008,6,Hawke's Bay Region,456,7491,426,260,255,320,215,0.3243
1/04/2008,8,Manawatu-Wanganui Region,732,12897,681,200,205,250,170,0.3103
1/04/2008,18,Marlborough Region,117,2034,129,280,267,320,230,0.2714
1/04/2008,-1,NA,363,12867,303,270,255,340,200,0.4347
1/04/2008,17,Nelson Region,213,3219,183,295,283,350,244,0.329
1/04/2008,1,Northland Region,426,7086,393,250,254,330,200,0.3469
1/04/2008,14,Otago Region,780,13314,678,260,253,340,200,0.4591
1/04/2008,15,Southland Region,282,4353,258,180,171,220,140,0.332
1/04/2008,7,Taranaki Region,306,5370,297,260,263,330,210,0.3623
1/04/2008,16,Tasman Region,96,1425,90,300,284,350,250,0.3139
1/04/2008,3,Waikato Region,1377,23442,1266,265,255,320,200,0.3192
1/04/2008,9,Wellington Region,1779,33774,1503,320,315,410,250,0.4024
1/04/2008,12,West Coast Region,60,1125,54,215,204,240,180,0.2838
1/06/2011,-99,ALL,13623,316956,13038,310,307,400,240,0.4103
1/03/2008,2,Auckland Region,5124,95952,4377,350,359,430,295,0.3421
1/03/2008,4,Bay of Plenty Region,1014,16857,915,270,263,330,210,0.3255
1/06/2011,13,Canterbury Region,1632,36306,1374,285,281,350,230,0.371
1/03/2008,5,Gisborne Region,96,2076,102,240,230,280,191,0.2893
1/03/2008,6,Hawke's Bay Region,384,7461,387,250,254,310,210,0.3082
1/03/2008,8,Manawatu-Wanganui Region,687,12849,618,210,210,260,170,0.3215
1/03/2008,18,Marlborough Region,144,2046,126,280,264,320,225,0.2877
1/03/2008,-1,NA,354,12807,303,290,275,360,208,0.3877
1/03/2008,17,Nelson Region,177,3189,174,295,288,350,248,0.3337
1/03/2008,1,Northland Region,429,7050,354,270,261,320,220,0.3002
1/03/2008,14,Otago Region,777,13212,648,260,246,330,195,0.4532
1/03/2008,15,Southland Region,252,4326,231,175,176,225,140,0.352
1/03/2008,7,Taranaki Region,288,5361,264,250,245,303,195,0.3718
1/03/2008,16,Tasman Region,78,1419,72,252,258,334,200,0.3284
1/03/2008,3,Waikato Region,1440,23331,1200,265,255,330,200,0.3397
1/03/2008,9,Wellington Region,1851,33498,1593,330,321,430,250,0.4292
1/03/2008,12,West Coast Region,78,1122,66,210,208,250,180,0.2656
1/07/2011,-99,ALL,15729,318603,14079,310,307,390,245,0.4019
1/02/2008,2,Auckland Region,5676,95208,4731,350,351,430,290,0.3609
1/02/2008,4,Bay of Plenty Region,966,16758,888,275,259,320,210,0.3268
1/07/2011,13,Canterbury Region,1845,36573,1578,295,284,350,230,0.3603
1/02/2008,5,Gisborne Region,126,2082,108,220,214,270,170,0.3086
1/02/2008,6,Hawke's Bay Region,411,7467,369,250,242,300,200,0.3215
1/02/2008,8,Manawatu-Wanganui Region,909,12780,732,200,199,250,160,0.351
1/02/2008,18,Marlborough Region,111,2028,120,290,274,320,230,0.3534
1/02/2008,-1,NA,360,12759,303,285,272,350,210,0.4408
1/02/2008,17,Nelson Region,171,3186,147,300,284,350,230,0.3417
1/02/2008,1,Northland Region,429,6975,375,260,250,300,200,0.3158
1/02/2008,14,Otago Region,1110,13083,795,250,244,330,185,0.4841
1/02/2008,15,Southland Region,330,4305,258,180,173,220,140,0.3554
1/02/2008,7,Taranaki Region,312,5337,258,240,246,300,190,0.3744
1/02/2008,16,Tasman Region,87,1416,75,270,267,325,220,0.2846
1/02/2008,3,Waikato Region,1611,23091,1389,270,259,320,200,0.3356
1/02/2008,9,Wellington Region,2850,33240,2094,300,295,435,200,0.5146
1/02/2008,12,West Coast Region,63,1110,57,198,194,220,180,0.2811
1/08/2011,-99,ALL,13929,319584,12948,310,307,395,240,0.3982
1/01/2008,2,Auckland Region,4854,94263,4422,350,356,430,290,0.3536
1/01/2008,4,Bay of Plenty Region,819,16680,753,270,261,330,215,0.3155
1/08/2011,13,Canterbury Region,1668,36789,1452,290,286,360,230,0.3711
1/01/2008,5,Gisborne Region,84,2067,81,240,231,270,200,0.2615
1/01/2008,6,Hawke's Bay Region,405,7422,393,260,257,320,203,0.3333
1/01/2008,8,Manawatu-Wanganui Region,747,12606,672,200,202,250,160,0.3135
1/01/2008,18,Marlborough Region,111,2037,105,285,269,320,220,0.3329
1/01/2008,-1,NA,351,12702,288,270,259,350,195,0.4234
1/01/2008,17,Nelson Region,165,3162,162,283,267,350,220,0.4189
1/01/2008,1,Northland Region,360,6921,345,260,245,309,196,0.3344
1/01/2008,14,Otago Region,2514,12771,936,270,253,408,170,0.6045
1/01/2008,15,Southland Region,309,4233,267,180,173,220,140,0.3515
1/01/2008,7,Taranaki Region,324,5283,270,250,246,300,198,0.3639
1/01/2008,16,Tasman Region,72,1401,75,260,269,340,223,0.2706
1/01/2008,3,Waikato Region,1419,22869,1284,270,258,330,200,0.3363
1/01/2008,9,Wellington Region,1938,32484,1971,330,331,450,250,0.4284
1/01/2008,12,West Coast Region,84,1104,54,195,195,235,160,0.309
1/09/2011,-99,ALL,13521,320517,12588,310,306,390,240,0.4006
1/12/2007,2,Auckland Region,4473,93831,4737,350,354,425,295,0.336
1/12/2007,4,Bay of Plenty Region,894,16611,954,270,260,330,210,0.3219
1/09/2011,13,Canterbury Region,1653,36966,1476,290,284,350,230,0.3523
1/12/2007,5,Gisborne Region,99,2064,114,230,221,270,180,0.2709
1/12/2007,6,Hawke's Bay Region,399,7410,408,260,250,300,210,0.3136
1/12/2007,8,Manawatu-Wanganui Region,627,12531,708,210,208,260,170,0.3326
1/12/2007,18,Marlborough Region,126,2031,117,270,262,300,234,0.2587
1/12/2007,-1,NA,297,12639,336,273,255,330,200,0.4363
1/12/2007,17,Nelson Region,168,3159,201,290,286,350,230,0.2926
1/12/2007,1,Northland Region,378,6909,339,250,241,300,200,0.3054
1/12/2007,14,Otago Region,717,11190,2445,250,244,319,195,0.4007
1/12/2007,15,Southland Region,243,4194,270,175,171,210,140,0.308
1/12/2007,7,Taranaki Region,258,5232,255,240,240,310,190,0.3492
1/12/2007,16,Tasman Region,72,1404,81,280,271,330,230,0.2913
1/12/2007,3,Waikato Region,1239,22734,1350,260,253,320,200,0.3585
1/12/2007,9,Wellington Region,1422,32517,1695,310,311,400,250,0.4008
1/12/2007,12,West Coast Region,54,1074,54,190,197,245,160,0.4953
1/10/2011,-99,ALL,13050,320556,13008,310,308,395,245,0.4081
1/11/2007,2,Auckland Region,4665,94095,4800,345,347,420,280,0.35
1/11/2007,4,Bay of Plenty Region,894,16671,828,260,251,320,200,0.3174
1/10/2011,13,Canterbury Region,1572,37041,1497,290,285,350,230,0.3615
1/11/2007,5,Gisborne Region,105,2079,99,233,223,270,175,0.2882
1/11/2007,6,Hawke's Bay Region,393,7419,360,250,248,300,205,0.2937
1/11/2007,8,Manawatu-Wanganui Region,927,12612,891,220,221,280,170,0.3764
1/11/2007,18,Marlborough Region,99,2022,114,270,266,316,234,0.2484
1/11/2007,-1,NA,306,12678,270,275,265,350,200,0.4201
1/11/2007,17,Nelson Region,165,3195,180,265,271,330,220,0.3217
1/11/2007,1,Northland Region,381,6867,381,250,243,300,200,0.2949
1/11/2007,14,Otago Region,651,12918,792,250,252,345,190,0.4429
1/11/2007,15,Southland Region,273,4221,237,170,168,220,135,0.3312
1/11/2007,7,Taranaki Region,300,5229,294,230,231,295,190,0.3911
1/11/2007,16,Tasman Region,66,1413,75,270,254,318,200,0.3133
1/11/2007,3,Waikato Region,1371,22845,1380,260,248,320,200,0.3464
1/11/2007,9,Wellington Region,1608,32790,1752,310,314,410,250,0.4052
1/11/2007,12,West Coast Region,66,1077,66,190,185,213,150,0.2712
1/11/2011,-99,ALL,13185,319407,14334,320,310,400,240,0.4228
1/10/2007,2,Auckland Region,4287,94230,4149,348,349,420,285,0.3469
1/10/2007,4,Bay of Plenty Region,822,16605,828,260,251,315,200,0.3139
1/11/2011,13,Canterbury Region,1512,36918,1638,300,287,360,230,0.3701
1/10/2007,5,Gisborne Region,84,2070,93,220,213,255,170,0.2544
1/10/2007,6,Hawke's Bay Region,360,7386,426,250,243,300,200,0.3306
1/10/2007,8,Manawatu-Wanganui Region,627,12576,645,195,196,240,160,0.3067
1/10/2007,18,Marlborough Region,102,2037,96,275,267,300,230,0.2698
1/10/2007,-1,NA,324,12642,324,278,260,350,195,0.4365
1/10/2007,17,Nelson Region,171,3210,180,273,268,320,220,0.2936
1/10/2007,1,Northland Region,369,6870,336,260,243,300,200,0.314
1/10/2007,14,Otago Region,579,13056,702,270,260,350,200,0.4506
1/10/2007,15,Southland Region,261,4185,249,180,169,210,140,0.3258
1/10/2007,7,Taranaki Region,312,5223,300,240,238,290,180,0.3891
1/10/2007,16,Tasman Region,69,1422,60,250,249,320,200,0.3074
1/10/2007,3,Waikato Region,1173,22857,1203,260,248,300,200,0.3243
1/10/2007,9,Wellington Region,1350,32934,1293,300,302,395,235,0.4118
1/10/2007,12,West Coast Region,66,1077,42,200,188,233,150,0.3392
1/12/2011,-99,ALL,13506,315813,17100,320,318,400,250,0.4075
1/09/2007,2,Auckland Region,4740,94092,4191,340,348,420,290,0.337
1/09/2007,4,Bay of Plenty Region,894,16608,873,260,256,320,210,0.3241
1/12/2011,13,Canterbury Region,1644,36918,1641,310,296,380,240,0.4108
1/09/2007,5,Gisborne Region,90,2079,87,220,227,263,189,0.245
1/09/2007,6,Hawke's Bay Region,366,7449,366,250,247,300,200,0.3193
1/09/2007,8,Manawatu-Wanganui Region,639,12597,612,200,201,250,165,0.2922
1/09/2007,18,Marlborough Region,120,2031,93,270,258,295,230,0.2408
1/09/2007,-1,NA,321,12642,318,270,259,335,200,0.4108
1/09/2007,17,Nelson Region,132,3216,156,253,271,350,214,0.3848
1/09/2007,1,Northland Region,378,6834,354,250,243,300,200,0.3294
1/09/2007,14,Otago Region,495,13179,585,250,241,320,185,0.4381
1/09/2007,15,Southland Region,267,4173,237,170,169,220,140,0.3191
1/09/2007,7,Taranaki Region,276,5211,279,240,238,290,190,0.3554
1/09/2007,16,Tasman Region,72,1413,72,250,231,290,198,0.3068
1/09/2007,3,Waikato Region,1272,22887,1218,250,244,300,195,0.33
1/09/2007,9,Wellington Region,1554,32877,1401,295,293,385,225,0.399
1/09/2007,12,West Coast Region,69,1053,72,198,190,240,160,0.4045
1/01/2012,-99,ALL,17322,318336,14799,330,322,430,250,0.4513
1/08/2007,2,Auckland Region,4776,93543,4584,340,347,420,285,0.3401
1/08/2007,4,Bay of Plenty Region,981,16587,915,250,249,310,200,0.3082
1/01/2012,13,Canterbury Region,1929,36756,2091,320,311,400,250,0.3985
1/08/2007,5,Gisborne Region,102,2076,90,220,212,253,170,0.3114
1/08/2007,6,Hawke's Bay Region,414,7449,399,250,245,290,200,0.296
1/08/2007,8,Manawatu-Wanganui Region,696,12570,639,198,196,240,160,0.321
1/08/2007,18,Marlborough Region,120,2004,105,250,242,300,215,0.344
1/08/2007,-1,NA,351,12636,288,260,255,340,185,0.4548
1/08/2007,17,Nelson Region,165,3243,153,260,257,300,210,0.3138
1/08/2007,1,Northland Region,420,6810,378,250,236,295,200,0.3224
1/08/2007,14,Otago Region,576,13269,573,240,236,300,180,0.4656
1/08/2007,15,Southland Region,285,4143,288,175,166,200,135,0.329
1/08/2007,7,Taranaki Region,324,5211,327,240,233,300,180,0.3948
1/08/2007,16,Tasman Region,84,1416,69,265,251,300,218,0.2936
1/08/2007,3,Waikato Region,1377,22830,1326,250,245,300,200,0.3199
1/08/2007,9,Wellington Region,2028,32724,1527,275,261,360,188,0.4651
1/08/2007,12,West Coast Region,75,1056,63,185,182,210,150,0.2848
1/02/2012,-99,ALL,18120,320742,15714,320,316,420,240,0.4487
1/07/2007,2,Auckland Region,5277,93351,4719,340,345,410,285,0.3281
1/07/2007,4,Bay of Plenty Region,1005,16521,900,265,253,320,205,0.3116
1/02/2012,13,Canterbury Region,2130,36951,1935,320,308,400,250,0.4177
1/07/2007,5,Gisborne Region,120,2064,102,240,224,265,193,0.2675
1/07/2007,6,Hawke's Bay Region,435,7434,456,250,250,300,200,0.3267
1/07/2007,8,Manawatu-Wanganui Region,789,12513,696,190,193,240,160,0.3298
1/07/2007,18,Marlborough Region,132,1989,135,280,268,300,240,0.2327
1/07/2007,-1,NA,354,12573,351,270,258,350,200,0.437
1/07/2007,17,Nelson Region,195,3231,159,275,268,320,228,0.2914
1/07/2007,1,Northland Region,405,6771,360,240,239,300,195,0.311
1/07/2007,14,Otago Region,870,13263,624,210,199,285,120,0.5367
1/07/2007,15,Southland Region,288,4146,285,170,164,200,131,0.3321
1/07/2007,7,Taranaki Region,393,5214,366,240,242,300,190,0.3562
1/07/2007,16,Tasman Region,87,1401,69,278,263,325,228,0.3065
1/07/2007,3,Waikato Region,1539,22779,1428,250,240,300,190,0.3359
1/07/2007,9,Wellington Region,1692,32223,1563,300,299,390,235,0.4064
1/07/2007,12,West Coast Region,63,1047,69,180,183,224,151,0.2914
1/03/2012,-99,ALL,16359,322467,14634,320,319,400,250,0.4094
1/06/2007,2,Auckland Region,4932,92793,4656,340,345,411,280,0.3223
1/06/2007,4,Bay of Plenty Region,963,16419,870,260,251,310,210,0.3082
1/03/2012,13,Canterbury Region,1791,37026,1716,320,312,390,250,0.3734
1/06/2007,5,Gisborne Region,120,2046,96,223,216,250,171,0.2834
1/06/2007,6,Hawke's Bay Region,384,7455,366,243,242,300,200,0.3059
1/06/2007,8,Manawatu-Wanganui Region,684,12420,603,200,202,250,160,0.3278
1/06/2007,18,Marlborough Region,138,1992,111,260,256,300,220,0.352
1/06/2007,-1,NA,390,12570,303,260,247,320,180,0.4447
1/06/2007,17,Nelson Region,180,3195,141,280,273,330,230,0.3027
1/06/2007,1,Northland Region,387,6726,360,250,240,300,195,0.3287
1/06/2007,14,Otago Region,723,13017,744,250,253,325,200,0.4258
1/06/2007,15,Southland Region,279,4146,258,175,170,210,140,0.3032
1/06/2007,7,Taranaki Region,345,5190,312,240,227,290,185,0.3739
1/06/2007,16,Tasman Region,72,1383,72,283,271,319,240,0.2636
1/06/2007,3,Waikato Region,1404,22668,1230,250,245,300,200,0.331
1/06/2007,9,Wellington Region,1542,32094,1434,300,294,380,230,0.4089
1/06/2007,12,West Coast Region,66,1053,72,190,187,220,164,0.2748
1/04/2012,-99,ALL,13992,323061,13398,330,321,410,250,0.4071
1/05/2007,2,Auckland Region,4821,92517,4710,335,343,410,280,0.3375
1/05/2007,4,Bay of Plenty Region,999,16326,834,255,248,300,200,0.3007
1/04/2012,13,Canterbury Region,1539,37113,1452,320,309,385,250,0.3683
1/05/2007,5,Gisborne Region,108,2022,102,240,225,260,200,0.2633
1/05/2007,6,Hawke's Bay Region,393,7434,372,250,243,295,200,0.311
1/05/2007,8,Manawatu-Wanganui Region,696,12339,654,200,196,240,160,0.3126
1/05/2007,18,Marlborough Region,123,1962,105,260,250,299,220,0.2744
1/05/2007,-1,NA,396,12483,360,260,242,330,180,0.4621
1/05/2007,17,Nelson Region,180,3156,180,275,265,310,220,0.3186
1/05/2007,1,Northland Region,429,6699,372,238,228,280,190,0.3065
1/05/2007,14,Otago Region,693,13035,612,250,236,320,180,0.4537
1/05/2007,15,Southland Region,252,4125,252,170,163,200,133,0.318
1/05/2007,7,Taranaki Region,291,5154,273,240,231,300,180,0.3699
1/05/2007,16,Tasman Region,78,1383,69,275,264,320,220,0.2619
1/05/2007,3,Waikato Region,1359,22494,1287,250,239,300,190,0.335
1/05/2007,9,Wellington Region,1539,31989,1461,295,291,380,225,0.4138
1/05/2007,12,West Coast Region,78,1056,87,180,176,210,150,0.3637
1/05/2012,-99,ALL,13707,323295,13473,320,318,400,250,0.4106
1/04/2007,2,Auckland Region,4761,92403,4503,340,346,420,280,0.3451
1/04/2007,4,Bay of Plenty Region,915,16161,885,260,254,310,210,0.305
1/05/2012,13,Canterbury Region,1491,37179,1425,320,312,395,250,0.376
1/04/2007,5,Gisborne Region,72,2016,72,213,204,250,160,0.2725
1/04/2007,6,Hawke's Bay Region,426,7413,390,250,245,300,200,0.294
1/04/2007,8,Manawatu-Wanganui Region,597,12297,618,200,198,250,165,0.3228
1/04/2007,18,Marlborough Region,141,1947,123,260,249,298,230,0.3021
1/04/2007,-1,NA,336,12447,318,270,255,330,200,0.4422
1/04/2007,17,Nelson Region,153,3156,144,265,259,320,210,0.3032
1/04/2007,1,Northland Region,366,6642,369,250,240,300,200,0.3394
1/04/2007,14,Otago Region,642,12954,576,250,234,320,180,0.4762
1/04/2007,15,Southland Region,240,4128,243,160,162,200,130,0.3305
1/04/2007,7,Taranaki Region,285,5136,297,230,229,280,180,0.3674
1/04/2007,16,Tasman Region,90,1374,87,275,254,321,229,0.3455
1/04/2007,3,Waikato Region,1299,22422,1287,250,241,300,190,0.3407
1/04/2007,9,Wellington Region,1563,31911,1485,300,291,390,220,0.4227
1/04/2007,12,West Coast Region,75,1065,69,200,191,240,158,0.2946
1/06/2012,-99,ALL,14121,324150,13266,320,318,410,250,0.4081
1/03/2007,2,Auckland Region,5670,92145,5214,330,336,400,280,0.3471
1/03/2007,4,Bay of Plenty Region,1038,16134,987,260,246,300,200,0.3228
1/06/2012,13,Canterbury Region,1443,37290,1332,325,311,398,250,0.4071
1/03/2007,5,Gisborne Region,108,2016,111,215,210,250,180,0.2831
1/03/2007,6,Hawke's Bay Region,444,7377,414,245,235,290,195,0.3028
1/03/2007,8,Manawatu-Wanganui Region,753,12315,684,195,193,245,160,0.3204
1/03/2007,18,Marlborough Region,144,1932,138,268,257,300,229,0.2311
1/03/2007,-1,NA,372,12426,336,250,243,320,190,0.5032
1/03/2007,17,Nelson Region,201,3150,195,280,273,310,250,0.2935
1/03/2007,1,Northland Region,429,6645,378,240,232,290,190,0.3236
1/03/2007,14,Otago Region,912,12888,720,240,232,300,180,0.4528
1/03/2007,15,Southland Region,291,4131,237,165,163,200,130,0.3242
1/03/2007,7,Taranaki Region,357,5148,327,240,237,300,180,0.4154
1/03/2007,16,Tasman Region,87,1371,78,263,255,310,210,0.2651
1/03/2007,3,Waikato Region,1527,22410,1377,250,236,300,185,0.3681
1/03/2007,9,Wellington Region,1929,31836,1836,300,293,390,225,0.4406
1/03/2007,12,West Coast Region,75,1059,72,190,187,230,156,0.3087
1/07/2012,-99,ALL,14610,324744,14019,320,316,400,250,0.406
1/02/2007,2,Auckland Region,5349,91689,4779,330,332,400,270,0.3523
1/02/2007,4,Bay of Plenty Region,915,16083,891,250,243,300,200,0.3051
1/07/2012,13,Canterbury Region,1551,37410,1431,320,312,385,250,0.3603
1/02/2007,5,Gisborne Region,111,2019,96,220,209,265,165,0.3468
1/02/2007,6,Hawke's Bay Region,396,7350,372,240,235,284,200,0.3045
1/02/2007,8,Manawatu-Wanganui Region,744,12249,690,185,188,240,155,0.366
1/02/2007,18,Marlborough Region,102,1926,114,260,248,290,210,0.2651
1/02/2007,-1,NA,354,12393,315,260,256,345,190,0.4988
1/02/2007,17,Nelson Region,168,3141,159,260,269,318,220,0.3056
1/02/2007,1,Northland Region,336,6594,318,250,238,300,195,0.3381
1/02/2007,14,Otago Region,1059,12696,726,240,231,330,175,0.5098
1/02/2007,15,Southland Region,303,4074,231,153,151,190,124,0.3462
1/02/2007,7,Taranaki Region,291,5118,285,225,221,270,178,0.3779
1/02/2007,16,Tasman Region,69,1362,84,250,245,300,220,0.37
1/02/2007,3,Waikato Region,1449,22260,1314,250,241,310,190,0.3573
1/02/2007,9,Wellington Region,2238,31743,2016,320,320,440,240,0.4347
1/02/2007,12,West Coast Region,60,1056,66,183,183,211,160,0.2775
1/08/2012,-99,ALL,14328,325674,13398,320,318,405,250,0.4015
1/01/2007,2,Auckland Region,5355,91122,4665,330,334,400,280,0.3483
1/01/2007,4,Bay of Plenty Region,900,16062,876,250,246,300,200,0.3231
1/08/2012,13,Canterbury Region,1542,37572,1380,325,314,395,250,0.3847
1/01/2007,5,Gisborne Region,87,2004,114,210,213,268,170,0.3117
1/01/2007,6,Hawke's Bay Region,420,7326,381,230,232,280,190,0.3145
1/01/2007,8,Manawatu-Wanganui Region,765,12195,681,190,195,250,160,0.329
1/01/2007,18,Marlborough Region,105,1941,96,260,239,293,205,0.3328
1/01/2007,-1,NA,432,12351,342,250,239,320,180,0.4695
1/01/2007,17,Nelson Region,177,3135,174,260,260,300,220,0.3061
1/01/2007,1,Northland Region,366,6573,330,240,225,280,180,0.3564
1/01/2007,14,Otago Region,2676,12363,999,240,231,392,130,0.6369
1/01/2007,15,Southland Region,306,4002,279,160,161,200,130,0.3321
1/01/2007,7,Taranaki Region,321,5115,306,220,220,270,170,0.3715
1/01/2007,16,Tasman Region,102,1377,78,250,239,283,198,0.3119
1/01/2007,3,Waikato Region,1461,22125,1290,250,240,300,190,0.3406
1/01/2007,9,Wellington Region,1992,31521,2016,320,313,420,240,0.4244
1/01/2007,12,West Coast Region,87,1062,60,180,166,220,139,0.3556
1/09/2012,-99,ALL,13299,326361,12612,330,324,415,250,0.4071
1/12/2006,2,Auckland Region,4521,90432,4965,330,333,400,280,0.3345
1/12/2006,4,Bay of Plenty Region,825,16038,867,250,242,300,200,0.3197
1/09/2012,13,Canterbury Region,1419,37659,1332,325,314,395,250,0.3728
1/12/2006,5,Gisborne Region,72,2031,75,220,208,243,180,0.2801
1/12/2006,6,Hawke's Bay Region,378,7287,375,250,246,300,200,0.3168
1/12/2006,8,Manawatu-Wanganui Region,630,12111,678,200,197,250,160,0.3457
1/12/2006,18,Marlborough Region,87,1932,81,260,247,285,220,0.3412
1/12/2006,-1,NA,330,12264,381,250,236,320,180,0.4696
1/12/2006,17,Nelson Region,144,3132,177,250,255,300,200,0.3332
1/12/2006,1,Northland Region,339,6537,366,228,226,280,180,0.3292
1/12/2006,14,Otago Region,588,10686,2403,250,242,315,190,0.4025
1/12/2006,15,Southland Region,237,3975,252,160,161,190,140,0.2882
1/12/2006,7,Taranaki Region,258,5100,294,230,224,280,170,0.3542
1/12/2006,16,Tasman Region,96,1356,87,250,245,300,200,0.3491
1/12/2006,3,Waikato Region,1185,21954,1422,250,237,300,187,0.3355
1/12/2006,9,Wellington Region,1419,31545,1959,290,285,370,225,0.3827
1/12/2006,12,West Coast Region,42,1035,57,180,187,220,150,0.287
1/10/2012,-99,ALL,13140,326091,13413,325,321,410,250,0.4018
1/11/2006,2,Auckland Region,4845,90876,5028,324,329,400,270,0.3354
1/11/2006,4,Bay of Plenty Region,897,16080,885,245,239,300,195,0.3118
1/10/2012,13,Canterbury Region,1362,37536,1485,330,322,400,260,0.3684
1/11/2006,5,Gisborne Region,105,2034,96,200,192,234,153,0.296
1/11/2006,6,Hawke's Bay Region,423,7284,414,240,233,285,194,0.3111
1/11/2006,8,Manawatu-Wanganui Region,867,12159,948,200,205,260,160,0.3576
1/11/2006,18,Marlborough Region,105,1926,93,240,237,280,200,0.2955
1/11/2006,-1,NA,327,12312,324,250,234,300,180,0.4076
1/11/2006,17,Nelson Region,192,3165,180,255,252,300,210,0.3046
1/11/2006,1,Northland Region,384,6564,369,240,228,280,180,0.301
1/11/2006,14,Otago Region,690,12501,834,240,235,320,180,0.4279
1/11/2006,15,Southland Region,261,3987,258,160,160,198,130,0.3221
1/11/2006,7,Taranaki Region,291,5133,312,230,225,280,180,0.3373
1/11/2006,16,Tasman Region,81,1347,87,250,247,300,205,0.3039
1/11/2006,3,Waikato Region,1263,22191,1395,240,230,295,180,0.3386
1/11/2006,9,Wellington Region,1575,32085,1866,280,284,375,220,0.4081
1/11/2006,12,West Coast Region,81,1050,75,180,169,220,140,0.3984
1/11/2012,-99,ALL,13743,324681,15153,330,324,420,250,0.4133
1/10/2006,2,Auckland Region,4518,91059,4257,320,328,400,270,0.3297
1/10/2006,4,Bay of Plenty Region,876,16068,831,250,237,300,195,0.3138
1/11/2012,13,Canterbury Region,1494,37413,1617,340,322,410,255,0.4076
1/10/2006,5,Gisborne Region,87,2025,93,200,206,250,165,0.3159
1/10/2006,6,Hawke's Bay Region,432,7278,378,230,226,280,180,0.3053
1/10/2006,8,Manawatu-Wanganui Region,597,12240,600,185,189,230,160,0.287
1/10/2006,18,Marlborough Region,102,1914,105,250,244,280,220,0.2081
1/10/2006,-1,NA,309,12309,312,250,233,300,180,0.3972
1/10/2006,17,Nelson Region,183,3153,180,250,245,293,196,0.3129
1/10/2006,1,Northland Region,345,6549,345,220,223,280,181,0.3048
1/10/2006,14,Otago Region,600,12645,708,250,238,320,180,0.4301
1/10/2006,15,Southland Region,246,3984,225,163,158,199,130,0.3031
1/10/2006,7,Taranaki Region,261,5154,249,220,217,271,170,0.3638
1/10/2006,16,Tasman Region,75,1353,75,250,249,300,215,0.3415
1/10/2006,3,Waikato Region,1221,22326,1215,245,232,295,180,0.3386
1/10/2006,9,Wellington Region,1362,32376,1377,280,275,350,220,0.405
1/10/2006,12,West Coast Region,51,1044,57,180,174,200,150,0.3353
1/12/2012,-99,ALL,12648,320802,16527,330,330,420,260,0.4095
1/09/2006,2,Auckland Region,4890,90798,4593,320,329,400,270,0.3243
1/09/2006,4,Bay of Plenty Region,912,16023,768,240,236,290,190,0.3158
1/12/2012,13,Canterbury Region,1443,37281,1575,350,336,430,269,0.4066
1/09/2006,5,Gisborne Region,90,2028,81,200,201,240,170,0.2569
1/09/2006,6,Hawke's Bay Region,414,7224,408,240,232,285,190,0.2953
1/09/2006,8,Manawatu-Wanganui Region,654,12243,594,190,189,230,160,0.3047
1/09/2006,18,Marlborough Region,132,1920,129,250,241,286,210,0.2878
1/09/2006,-1,NA,360,12315,303,240,230,300,180,0.4437
1/09/2006,17,Nelson Region,171,3150,183,253,241,295,200,0.3333
1/09/2006,1,Northland Region,369,6549,339,230,226,280,182,0.3275
1/09/2006,14,Otago Region,570,12753,603,230,224,300,170,0.4351
1/09/2006,15,Southland Region,273,3963,228,160,154,190,130,0.3346
1/09/2006,7,Taranaki Region,279,5142,270,210,214,270,175,0.3567
1/09/2006,16,Tasman Region,90,1353,72,250,232,280,200,0.2659
1/09/2006,3,Waikato Region,1209,22320,1188,240,229,285,185,0.3271
1/09/2006,9,Wellington Region,1365,32388,1356,280,278,370,213,0.4133
1/09/2006,12,West Coast Region,69,1053,57,170,173,200,150,0.2942
1/01/2013,-99,ALL,17619,323337,15081,340,335,450,250,0.4512
1/08/2006,2,Auckland Region,5046,90501,4689,320,327,395,270,0.3354
1/08/2006,4,Bay of Plenty Region,1008,15879,924,240,234,290,190,0.284
1/01/2013,13,Canterbury Region,1716,37161,1833,350,340,450,265,0.4211
1/08/2006,5,Gisborne Region,99,2019,105,198,199,229,165,0.2562
1/08/2006,6,Hawke's Bay Region,432,7221,408,223,224,275,190,0.2773
1/08/2006,8,Manawatu-Wanganui Region,651,12183,642,180,183,230,150,0.3607
1/08/2006,18,Marlborough Region,108,1914,105,250,232,273,200,0.2597
1/08/2006,-1,NA,360,12258,324,250,250,310,195,0.4075
1/08/2006,17,Nelson Region,210,3162,180,250,243,280,201,0.2795
1/08/2006,1,Northland Region,411,6522,366,220,219,280,175,0.3298
1/08/2006,14,Otago Region,597,12789,537,225,219,300,170,0.4533
1/08/2006,15,Southland Region,255,3918,240,159,150,180,125,0.2869
1/08/2006,7,Taranaki Region,297,5133,300,210,212,270,168,0.368
1/08/2006,16,Tasman Region,72,1332,78,250,237,280,200,0.2799
1/08/2006,3,Waikato Region,1395,22302,1287,230,226,280,180,0.3335
1/08/2006,9,Wellington Region,1566,32382,1515,270,271,350,210,0.4045
1/08/2006,12,West Coast Region,69,1041,75,165,155,200,130,0.4486
1/02/2013,-99,ALL,17379,325440,15279,340,328,440,250,0.4529
1/07/2006,2,Auckland Region,5301,90144,4710,320,325,400,270,0.3468
1/07/2006,4,Bay of Plenty Region,981,15795,903,240,234,290,195,0.3198
1/02/2013,13,Canterbury Region,1923,37368,1716,350,329,450,250,0.4872
1/07/2006,5,Gisborne Region,108,2025,111,195,191,230,160,0.3174
1/07/2006,6,Hawke's Bay Region,459,7197,441,240,230,283,185,0.3351
1/07/2006,8,Manawatu-Wanganui Region,726,12174,711,180,184,230,150,0.3472
1/07/2006,18,Marlborough Region,123,1908,111,250,239,280,210,0.239
1/07/2006,-1,NA,393,12225,312,240,233,300,180,0.4032
1/07/2006,17,Nelson Region,198,3132,204,243,243,290,200,0.3004
1/07/2006,1,Northland Region,378,6477,345,220,219,275,180,0.3043
1/07/2006,14,Otago Region,816,12729,567,200,187,265,110,0.5088
1/07/2006,15,Southland Region,255,3906,246,160,151,181,130,0.3378
1/07/2006,7,Taranaki Region,324,5136,321,210,210,260,170,0.3785
1/07/2006,16,Tasman Region,96,1338,81,260,243,280,220,0.2706
1/07/2006,3,Waikato Region,1386,22194,1230,230,225,280,180,0.3402
1/07/2006,9,Wellington Region,1650,32331,1584,280,277,360,210,0.4004
1/07/2006,12,West Coast Region,81,1047,57,170,166,220,140,0.3774
1/03/2013,-99,ALL,15432,326421,14451,335,329,425,260,0.4125
1/06/2006,2,Auckland Region,4803,89553,4428,320,323,390,270,0.3461
1/06/2006,4,Bay of Plenty Region,987,15717,987,240,232,290,190,0.3483
1/03/2013,13,Canterbury Region,1614,37377,1602,349,334,420,270,0.3913
1/06/2006,5,Gisborne Region,114,2025,93,200,192,230,160,0.2933
1/06/2006,6,Hawke's Bay Region,438,7179,438,220,222,280,185,0.2978
1/06/2006,8,Manawatu-Wanganui Region,657,12159,627,180,185,230,150,0.3442
1/06/2006,18,Marlborough Region,126,1896,114,250,244,280,208,0.25
1/06/2006,-1,NA,390,12144,375,240,225,300,175,0.5147
1/06/2006,17,Nelson Region,204,3138,177,260,248,300,200,0.3089
1/06/2006,1,Northland Region,390,6444,336,220,222,275,185,0.2864
1/06/2006,14,Otago Region,729,12480,738,240,231,302,175,0.4504
1/06/2006,15,Southland Region,231,3897,237,150,147,181,120,0.3372
1/06/2006,7,Taranaki Region,351,5130,306,210,204,260,165,0.3464
1/06/2006,16,Tasman Region,93,1320,90,255,242,293,208,0.3106
1/06/2006,3,Waikato Region,1377,22038,1245,240,231,290,181,0.3281
1/06/2006,9,Wellington Region,2337,32265,1488,220,219,310,132,0.4677
1/06/2006,12,West Coast Region,63,1026,57,180,179,210,150,0.2769
1/04/2013,-99,ALL,13857,327090,13185,340,331,430,260,0.4119
1/05/2006,2,Auckland Region,4701,89178,4539,320,323,390,270,0.3271
1/05/2006,4,Bay of Plenty Region,969,15717,906,240,233,290,190,0.3293
1/04/2013,13,Canterbury Region,1584,37434,1530,350,339,430,270,0.416
1/05/2006,5,Gisborne Region,96,2007,108,195,195,238,160,0.2793
1/05/2006,6,Hawke's Bay Region,408,7179,417,230,220,280,180,0.3806
1/05/2006,8,Manawatu-Wanganui Region,603,12129,624,180,182,230,150,0.3407
1/05/2006,18,Marlborough Region,120,1887,120,250,227,270,200,0.3621
1/05/2006,-1,NA,345,12129,342,235,227,300,170,0.4354
1/05/2006,17,Nelson Region,192,3111,180,250,246,300,205,0.295
1/05/2006,1,Northland Region,372,6393,363,225,214,270,180,0.339
1/05/2006,14,Otago Region,660,12489,603,250,237,320,180,0.4549
1/05/2006,15,Southland Region,270,3900,255,155,149,190,120,0.32
1/05/2006,7,Taranaki Region,309,5088,300,220,213,261,170,0.36
1/05/2006,16,Tasman Region,90,1317,81,250,237,290,200,0.2723
1/05/2006,3,Waikato Region,1245,21906,1263,240,228,290,180,0.3261
1/05/2006,9,Wellington Region,1512,31416,1458,270,268,350,200,0.4057
1/05/2006,12,West Coast Region,54,1020,66,185,185,210,149,0.3059
1/05/2013,-99,ALL,14934,328143,13881,335,329,430,250,0.4202
1/04/2006,2,Auckland Region,4971,89016,4329,320,328,395,270,0.3284
1/04/2006,4,Bay of Plenty Region,942,15654,792,245,235,290,195,0.3074
1/05/2013,13,Canterbury Region,1539,37467,1503,350,346,450,270,0.4088
1/04/2006,5,Gisborne Region,114,2019,99,195,188,230,155,0.3036
1/04/2006,6,Hawke's Bay Region,351,7188,330,230,227,280,185,0.3021
1/04/2006,8,Manawatu-Wanganui Region,651,12150,597,180,185,230,150,0.3194
1/04/2006,18,Marlborough Region,108,1887,114,240,234,275,200,0.2091
1/04/2006,-1,NA,351,12126,309,240,233,300,175,0.4256
1/04/2006,17,Nelson Region,204,3099,192,250,248,300,200,0.2931
1/04/2006,1,Northland Region,366,6381,318,230,220,270,180,0.3178
1/04/2006,14,Otago Region,681,12432,555,240,228,300,170,0.4396
1/04/2006,15,Southland Region,231,3888,204,160,150,180,125,0.3042
1/04/2006,7,Taranaki Region,303,5076,273,215,214,270,170,0.3987
1/04/2006,16,Tasman Region,78,1308,66,250,233,275,215,0.4116
1/04/2006,3,Waikato Region,1281,21924,1104,230,222,280,180,0.3505
1/04/2006,9,Wellington Region,1590,31362,1446,270,273,360,215,0.4149
1/04/2006,12,West Coast Region,66,1032,57,170,168,210,138,0.3212
1/06/2013,-99,ALL,13260,328818,12585,340,331,430,260,0.4204
1/03/2006,2,Auckland Region,5217,88377,4908,320,319,380,260,0.3309
1/03/2006,4,Bay of Plenty Region,990,15504,1053,230,230,285,190,0.3222
1/06/2013,13,Canterbury Region,1389,37509,1350,350,330,430,260,0.4386
1/03/2006,5,Gisborne Region,105,2001,114,200,201,230,175,0.268
1/03/2006,6,Hawke's Bay Region,399,7167,411,220,222,270,185,0.3097
1/03/2006,8,Manawatu-Wanganui Region,762,12096,669,180,179,224,150,0.34
1/03/2006,18,Marlborough Region,108,1893,102,240,226,270,190,0.2863
1/03/2006,-1,NA,345,12081,345,250,231,300,180,0.4607
1/03/2006,17,Nelson Region,186,3090,189,250,243,290,200,0.2886
1/03/2006,1,Northland Region,363,6333,363,220,215,270,170,0.3057
1/03/2006,14,Otago Region,864,12306,681,240,226,320,170,0.5037
1/03/2006,15,Southland Region,291,3864,258,150,149,180,120,0.3017
1/03/2006,7,Taranaki Region,339,5049,303,220,211,265,170,0.3665
1/03/2006,16,Tasman Region,81,1296,69,240,232,290,200,0.3337
1/03/2006,3,Waikato Region,1389,21747,1353,230,220,280,175,0.3446
1/03/2006,9,Wellington Region,1734,31218,1632,280,270,360,200,0.4032
1/03/2006,12,West Coast Region,54,1023,57,165,161,195,135,0.291
1/07/2013,-99,ALL,14256,329361,13716,330,327,430,250,0.4232
1/02/2006,2,Auckland Region,5622,88068,4503,310,317,380,260,0.3493
1/02/2006,4,Bay of Plenty Region,915,15567,810,230,225,280,180,0.3349
1/07/2013,13,Canterbury Region,1554,37584,1479,350,341,445,270,0.4204
1/02/2006,5,Gisborne Region,114,2010,99,185,181,225,155,0.2761
1/02/2006,6,Hawke's Bay Region,378,7179,324,220,219,280,180,0.3291
1/02/2006,8,Manawatu-Wanganui Region,858,12000,696,185,182,230,150,0.3528
1/02/2006,18,Marlborough Region,96,1887,99,240,227,280,200,0.3015
1/02/2006,-1,NA,423,12081,336,235,220,300,176,0.46
1/02/2006,17,Nelson Region,183,3093,156,235,230,280,185,0.3382
1/02/2006,1,Northland Region,369,6333,327,220,212,265,170,0.3212
1/02/2006,14,Otago Region,1029,12123,696,220,211,300,160,0.4944
1/02/2006,15,Southland Region,297,3831,219,145,141,180,110,0.3643
1/02/2006,7,Taranaki Region,318,5013,282,195,200,250,160,0.3689
1/02/2006,16,Tasman Region,72,1284,87,250,244,280,220,0.2422
1/02/2006,3,Waikato Region,1527,21711,1311,235,226,300,180,0.3945
1/02/2006,9,Wellington Region,2265,31116,1872,295,289,400,210,0.463
1/02/2006,12,West Coast Region,60,1026,42,165,163,185,145,0.2411
1/08/2013,-99,ALL,14118,329706,13770,340,332,430,260,0.4136
1/01/2006,2,Auckland Region,4881,86949,4128,320,322,385,265,0.358
1/01/2006,4,Bay of Plenty Region,807,15462,816,230,225,280,180,0.319
1/08/2013,13,Canterbury Region,1503,37641,1446,360,356,450,280,0.4256
1/01/2006,5,Gisborne Region,81,1995,87,200,198,240,170,0.2859
1/01/2006,6,Hawke's Bay Region,372,7125,378,230,220,279,180,0.3548
1/01/2006,8,Manawatu-Wanganui Region,753,11838,690,180,181,225,145,0.333
1/01/2006,18,Marlborough Region,114,1890,96,240,226,268,198,0.277
1/01/2006,-1,NA,390,11994,318,230,219,300,165,0.5088
1/01/2006,17,Nelson Region,138,3066,153,245,247,300,195,0.349
1/01/2006,1,Northland Region,330,6291,309,210,211,270,170,0.3387
1/01/2006,14,Otago Region,2208,11790,816,255,243,410,155,0.6245
1/01/2006,15,Southland Region,276,3753,231,150,149,180,120,0.314
1/01/2006,7,Taranaki Region,276,4977,234,200,193,250,160,0.3718
1/01/2006,16,Tasman Region,72,1299,60,250,228,280,200,0.3336
1/01/2006,3,Waikato Region,1305,21495,1146,240,230,300,180,0.3729
1/01/2006,9,Wellington Region,2034,30723,1893,285,285,380,215,0.4287
1/01/2006,12,West Coast Region,63,1008,54,180,173,205,140,0.3439
1/09/2013,-99,ALL,12948,330312,12342,340,335,430,260,0.4126
1/12/2005,2,Auckland Region,4770,86199,5082,310,316,380,260,0.3251
1/12/2005,4,Bay of Plenty Region,879,15471,909,240,232,285,190,0.2929
1/09/2013,13,Canterbury Region,1371,37611,1398,360,357,450,280,0.3947
1/12/2005,5,Gisborne Region,108,1998,102,190,184,220,160,0.2289
1/12/2005,6,Hawke's Bay Region,432,7131,399,220,213,260,180,0.339
1/12/2005,8,Manawatu-Wanganui Region,732,11775,789,180,180,230,145,0.3577
1/12/2005,18,Marlborough Region,117,1872,117,238,231,260,200,0.2328
1/12/2005,-1,NA,351,11925,381,250,237,320,185,0.4064
1/12/2005,17,Nelson Region,204,3081,201,260,247,290,200,0.3125
1/12/2005,1,Northland Region,342,6270,342,220,211,265,175,0.3107
1/12/2005,14,Otago Region,645,10398,2007,230,224,300,180,0.4216
1/12/2005,15,Southland Region,228,3708,243,160,153,188,130,0.3137
1/12/2005,7,Taranaki Region,276,4935,270,200,205,250,160,0.3581
1/12/2005,16,Tasman Region,84,1287,72,235,230,263,200,0.2619
1/12/2005,3,Waikato Region,1287,21339,1383,230,221,280,175,0.3557
1/12/2005,9,Wellington Region,1593,30582,1776,260,261,340,200,0.3974
1/12/2005,12,West Coast Region,63,999,78,175,174,200,150,0.2784
1/10/2013,-99,ALL,13278,330180,13413,340,333,430,260,0.4175
1/11/2005,2,Auckland Region,4698,86511,4983,310,319,380,260,0.3266
1/11/2005,4,Bay of Plenty Region,840,15501,867,230,228,285,185,0.3144
1/10/2013,13,Canterbury Region,1449,37518,1542,360,352,450,280,0.4281
1/11/2005,5,Gisborne Region,93,1992,96,180,178,220,150,0.2756
1/11/2005,6,Hawke's Bay Region,396,7098,399,220,218,270,175,0.306
1/11/2005,8,Manawatu-Wanganui Region,792,11832,1092,190,193,260,150,0.4226
1/11/2005,18,Marlborough Region,102,1872,99,240,231,268,200,0.2102
1/11/2005,-1,NA,300,11952,321,235,222,293,170,0.4075
1/11/2005,17,Nelson Region,141,3075,186,250,246,300,210,0.2981
1/11/2005,1,Northland Region,363,6267,372,210,206,260,165,0.3199
1/11/2005,14,Otago Region,582,11760,693,235,230,300,175,0.4394
1/11/2005,15,Southland Region,249,3723,222,150,143,180,120,0.3301
1/11/2005,7,Taranaki Region,267,4929,237,188,187,239,150,0.3694
1/11/2005,16,Tasman Region,72,1278,75,240,228,280,200,0.3071
1/11/2005,3,Waikato Region,1257,21435,1347,220,217,280,170,0.3615
1/11/2005,9,Wellington Region,1536,30762,2001,260,263,350,200,0.4262
1/11/2005,12,West Coast Region,63,1014,60,160,150,190,130,0.4034
1/11/2013,-99,ALL,14634,329826,14985,350,339,440,260,0.413
1/10/2005,2,Auckland Region,5013,86796,4374,310,317,380,260,0.3228
1/10/2005,4,Bay of Plenty Region,954,15528,900,230,223,275,180,0.3015
1/11/2013,13,Canterbury Region,1689,37452,1758,370,357,450,285,0.4151
1/10/2005,5,Gisborne Region,99,1995,93,185,183,220,158,0.2672
1/10/2005,6,Hawke's Bay Region,417,7101,411,220,214,260,180,0.2906
1/10/2005,8,Manawatu-Wanganui Region,669,12132,633,175,174,210,145,0.3072
1/10/2005,18,Marlborough Region,96,1869,99,233,225,278,196,0.2967
1/10/2005,-1,NA,324,11973,315,230,222,299,180,0.4237
1/10/2005,17,Nelson Region,198,3120,186,240,239,280,200,0.2547
1/10/2005,1,Northland Region,363,6276,351,210,209,260,170,0.3287
1/10/2005,14,Otago Region,660,11871,702,230,230,320,170,0.4477
1/10/2005,15,Southland Region,228,3693,216,150,144,180,120,0.2967
1/10/2005,7,Taranaki Region,291,4896,282,200,197,250,155,0.3764
1/10/2005,16,Tasman Region,93,1281,81,230,218,265,181,0.3114
1/10/2005,3,Waikato Region,1224,21525,1191,220,215,270,170,0.3418
1/10/2005,9,Wellington Region,1539,31227,1530,260,259,340,200,0.4102
1/10/2005,12,West Coast Region,48,1014,48,160,165,180,140,0.3239
1/12/2013,-99,ALL,12273,326286,15816,350,340,440,265,0.4104
1/09/2005,2,Auckland Region,4797,86154,4245,310,316,380,260,0.3198
1/09/2005,4,Bay of Plenty Region,1011,15474,864,230,220,280,180,0.3177
1/12/2013,13,Canterbury Region,1503,37338,1617,375,358,460,290,0.416
1/09/2005,5,Gisborne Region,114,1989,108,180,183,220,153,0.2673
1/09/2005,6,Hawke's Bay Region,381,7095,381,200,207,260,170,0.3282
1/09/2005,8,Manawatu-Wanganui Region,693,12096,639,175,174,210,140,0.3181
1/09/2005,18,Marlborough Region,108,1875,102,245,225,280,190,0.2919
1/09/2005,-1,NA,351,11964,273,230,215,280,165,0.4521
1/09/2005,17,Nelson Region,192,3108,162,240,236,289,190,0.3008
1/09/2005,1,Northland Region,381,6264,357,200,206,250,165,0.2987
1/09/2005,14,Otago Region,567,11910,561,213,215,280,165,0.4561
1/09/2005,15,Southland Region,252,3681,237,140,140,170,120,0.2876
1/09/2005,7,Taranaki Region,288,4890,264,200,190,240,155,0.3247
1/09/2005,16,Tasman Region,87,1269,75,243,240,276,210,0.2201
1/09/2005,3,Waikato Region,1269,21492,1122,220,215,270,175,0.3348
1/09/2005,9,Wellington Region,1542,31218,1344,260,260,340,200,0.3983
1/09/2005,12,West Coast Region,69,1011,60,160,158,190,140,0.2689
1/01/2014,-99,ALL,16905,328701,14487,355,349,475,260,0.461
1/08/2005,2,Auckland Region,4920,85605,4581,310,318,380,260,0.3247
1/08/2005,4,Bay of Plenty Region,954,15324,963,225,219,270,180,0.3274
1/01/2014,13,Canterbury Region,1884,37353,1866,390,374,485,290,0.4191
1/08/2005,5,Gisborne Region,96,1983,126,180,182,200,160,0.2244
1/08/2005,6,Hawke's Bay Region,441,7092,390,210,208,260,174,0.2855
1/08/2005,8,Manawatu-Wanganui Region,693,12042,675,170,172,210,140,0.3345
1/08/2005,18,Marlborough Region,120,1869,90,230,220,265,190,0.2768
1/08/2005,-1,NA,360,11883,324,230,213,290,165,0.4282
1/08/2005,17,Nelson Region,189,3078,165,240,229,275,190,0.3056
1/08/2005,1,Northland Region,432,6240,360,200,197,250,160,0.3426
1/08/2005,14,Otago Region,549,11904,492,215,211,275,160,0.4352
1/08/2005,15,Southland Region,267,3666,264,150,148,180,120,0.285
1/08/2005,7,Taranaki Region,306,4863,291,200,195,250,150,0.3445
1/08/2005,16,Tasman Region,87,1260,72,240,227,290,180,0.3416
1/08/2005,3,Waikato Region,1266,21345,1236,220,215,270,170,0.3512
1/08/2005,9,Wellington Region,1608,31023,1449,250,253,330,195,0.4207
1/08/2005,12,West Coast Region,75,1002,63,160,158,180,135,0.3344
1/02/2014,-99,ALL,17289,331329,14661,350,343,460,260,0.4562
1/07/2005,2,Auckland Region,5118,85266,4575,310,317,380,260,0.3308
1/07/2005,4,Bay of Plenty Region,987,15333,936,230,222,280,180,0.3018
1/02/2014,13,Canterbury Region,1998,37575,1779,390,372,495,291,0.4488
1/07/2005,5,Gisborne Region,129,2013,114,185,186,210,169,0.227
1/07/2005,6,Hawke's Bay Region,408,7044,393,218,212,260,180,0.3073
1/07/2005,8,Manawatu-Wanganui Region,714,12024,717,170,168,210,140,0.338
1/07/2005,18,Marlborough Region,132,1839,114,230,226,260,190,0.301
1/07/2005,-1,NA,378,11847,342,225,223,300,175,0.4797
1/07/2005,17,Nelson Region,186,3054,195,240,237,280,200,0.2722
1/07/2005,1,Northland Region,390,6168,384,210,206,260,170,0.3402
1/07/2005,14,Otago Region,600,11847,534,210,213,280,165,0.4425
1/07/2005,15,Southland Region,243,3660,264,150,145,180,120,0.3151
1/07/2005,7,Taranaki Region,297,4848,285,190,189,240,150,0.34
1/07/2005,16,Tasman Region,96,1245,81,238,218,274,186,0.4159
1/07/2005,3,Waikato Region,1386,21315,1230,220,213,270,170,0.3488
1/07/2005,9,Wellington Region,1683,30864,1647,255,259,340,195,0.3983
1/07/2005,12,West Coast Region,48,990,48,163,155,200,134,0.3342
1/03/2014,-99,ALL,15459,332640,14145,350,343,450,260,0.4247
1/06/2005,2,Auckland Region,4659,84723,4269,310,320,390,265,0.3301
1/06/2005,4,Bay of Plenty Region,948,15282,861,220,219,280,180,0.3137
1/03/2014,13,Canterbury Region,1719,37641,1653,385,375,480,300,0.4098
1/06/2005,5,Gisborne Region,120,1998,108,190,185,220,160,0.2777
1/06/2005,6,Hawke's Bay Region,411,7029,351,210,209,260,173,0.3052
1/06/2005,8,Manawatu-Wanganui Region,702,12030,606,170,173,220,140,0.3331
1/06/2005,18,Marlborough Region,102,1821,96,240,226,270,190,0.2363
1/06/2005,-1,NA,405,11811,330,225,214,270,170,0.4339
1/06/2005,17,Nelson Region,192,3063,186,240,231,270,195,0.2933
1/06/2005,1,Northland Region,339,6162,288,195,194,240,160,0.3045
1/06/2005,14,Otago Region,690,11781,546,223,222,289,175,0.4407
1/06/2005,15,Southland Region,288,3681,255,150,144,180,120,0.3726
1/06/2005,7,Taranaki Region,339,4836,270,195,194,250,150,0.3639
1/06/2005,16,Tasman Region,93,1230,75,243,226,265,195,0.2815
1/06/2005,3,Waikato Region,1308,21159,1140,220,210,270,165,0.3668
1/06/2005,9,Wellington Region,1497,30828,1437,250,253,330,195,0.3896
1/06/2005,12,West Coast Region,66,990,51,170,165,200,140,0.259
1/04/2014,-99,ALL,12822,333405,12057,350,344,450,265,0.4212
1/05/2005,2,Auckland Region,4881,84333,4569,310,318,380,260,0.3308
1/05/2005,4,Bay of Plenty Region,1005,15195,867,230,225,280,180,0.3083
1/04/2014,13,Canterbury Region,1527,37740,1428,380,369,475,295,0.4057
1/05/2005,5,Gisborne Region,111,1986,93,180,177,210,151,0.357
1/05/2005,6,Hawke's Bay Region,438,6969,417,203,202,250,164,0.3263
1/05/2005,8,Manawatu-Wanganui Region,699,11934,666,165,168,200,140,0.3122
1/05/2005,18,Marlborough Region,129,1818,120,230,227,265,185,0.322
1/05/2005,-1,NA,360,11736,372,210,211,280,150,0.4549
1/05/2005,17,Nelson Region,201,3057,180,245,240,280,200,0.2426
1/05/2005,1,Northland Region,429,6111,342,196,199,250,165,0.3337
1/05/2005,14,Otago Region,663,11637,573,230,224,300,175,0.4412
1/05/2005,15,Southland Region,264,3648,228,150,146,180,120,0.3236
1/05/2005,7,Taranaki Region,318,4770,258,200,189,240,150,0.3669
1/05/2005,16,Tasman Region,75,1212,72,240,235,270,220,0.2258
1/05/2005,3,Waikato Region,1335,20991,1191,220,207,260,165,0.3654
1/05/2005,9,Wellington Region,2088,30768,1500,220,221,300,160,0.4422
1/05/2005,12,West Coast Region,57,975,48,155,151,170,130,0.2588
1/05/2014,-99,ALL,14580,334965,13017,350,344,450,265,0.4172
1/04/2005,2,Auckland Region,5127,84021,4677,310,319,380,260,0.3358
1/04/2005,4,Bay of Plenty Region,1095,15057,873,225,220,270,180,0.3153
1/05/2014,13,Canterbury Region,1704,37929,1515,380,374,480,300,0.3911
1/04/2005,5,Gisborne Region,126,1968,108,180,178,210,150,0.265
1/04/2005,6,Hawke's Bay Region,396,6951,369,210,213,270,170,0.3291
1/04/2005,8,Manawatu-Wanganui Region,747,11898,651,170,170,215,140,0.3401
1/04/2005,18,Marlborough Region,129,1809,105,230,221,261,189,0.2402
1/04/2005,-1,NA,396,11748,366,230,220,299,165,0.491
1/04/2005,17,Nelson Region,207,3036,189,250,238,280,200,0.2661
1/04/2005,1,Northland Region,378,6024,342,200,200,250,161,0.2991
1/04/2005,14,Otago Region,681,11547,564,223,217,300,170,0.4241
1/04/2005,15,Southland Region,249,3615,201,160,155,190,130,0.3161
1/04/2005,7,Taranaki Region,321,4710,246,200,198,250,153,0.3562
1/04/2005,16,Tasman Region,66,1206,69,238,231,264,203,0.2558
1/04/2005,3,Waikato Region,1344,20847,1158,220,212,275,165,0.3569
1/04/2005,9,Wellington Region,1797,30180,1548,250,253,325,195,0.3996
1/04/2005,12,West Coast Region,66,966,60,160,159,180,140,0.2519
1/06/2014,-99,ALL,12627,335721,11871,350,342,450,260,0.4307
1/03/2005,2,Auckland Region,5010,83571,4701,310,315,380,260,0.3339
1/03/2005,4,Bay of Plenty Region,1023,14835,984,225,218,270,180,0.3147
1/06/2014,13,Canterbury Region,1464,37980,1413,385,365,480,290,0.4467
1/03/2005,5,Gisborne Region,132,1947,96,180,182,208,150,0.2555
1/03/2005,6,Hawke's Bay Region,360,6924,354,200,203,250,170,0.329
1/03/2005,8,Manawatu-Wanganui Region,774,11802,678,165,167,210,135,0.343
1/03/2005,18,Marlborough Region,102,1785,99,230,219,260,186,0.2667
1/03/2005,-1,NA,351,11718,357,228,213,280,160,0.4575
1/03/2005,17,Nelson Region,183,3018,159,240,226,273,180,0.2907
1/03/2005,1,Northland Region,372,5988,327,199,197,241,165,0.3258
1/03/2005,14,Otago Region,705,11430,612,220,216,291,170,0.4725
1/03/2005,15,Southland Region,237,3567,225,150,146,180,120,0.3499
1/03/2005,7,Taranaki Region,324,4635,297,200,194,240,160,0.3201
1/03/2005,16,Tasman Region,63,1209,63,240,226,280,200,0.3333
1/03/2005,3,Waikato Region,1299,20661,1242,220,210,270,165,0.3688
1/03/2005,9,Wellington Region,1770,29928,1635,250,256,335,200,0.4117
1/03/2005,12,West Coast Region,51,957,54,160,158,183,145,0.2729
1/07/2014,-99,ALL,13956,336933,12744,350,338,450,260,0.4292
1/02/2005,2,Auckland Region,5376,83262,4341,310,309,380,250,0.349
1/02/2005,4,Bay of Plenty Region,939,14796,900,220,213,270,175,0.3185
1/07/2014,13,Canterbury Region,1707,38172,1515,378,369,470,300,0.3928
1/02/2005,5,Gisborne Region,123,1914,99,178,166,200,150,0.5496
1/02/2005,6,Hawke's Bay Region,333,6918,309,202,202,250,170,0.3169
1/02/2005,8,Manawatu-Wanganui Region,987,11706,714,165,165,210,130,0.3903
1/02/2005,18,Marlborough Region,96,1782,90,230,218,260,185,0.2911
1/02/2005,-1,NA,432,11724,363,230,215,290,165,0.4857
1/02/2005,17,Nelson Region,204,2997,201,240,228,275,193,0.3123
1/02/2005,1,Northland Region,384,5946,330,200,194,235,160,0.3159
1/02/2005,14,Otago Region,969,11337,648,210,205,285,155,0.5159
1/02/2005,15,Southland Region,267,3555,204,140,135,170,100,0.3309
1/02/2005,7,Taranaki Region,252,4605,234,190,182,230,150,0.3606
1/02/2005,16,Tasman Region,87,1209,72,240,228,270,210,0.261
1/02/2005,3,Waikato Region,1407,20607,1176,220,212,280,165,0.3903
1/02/2005,9,Wellington Region,2382,29793,1854,270,265,360,190,0.4564
1/02/2005,12,West Coast Region,78,960,63,160,152,180,133,0.2571
1/08/2014,-99,ALL,14010,338736,12210,350,347,450,265,0.4168
1/01/2005,2,Auckland Region,4884,82227,4194,310,318,385,260,0.3427
1/01/2005,4,Bay of Plenty Region,855,14757,810,220,216,270,178,0.323
1/08/2014,13,Canterbury Region,1653,38367,1458,385,373,480,300,0.3953
1/01/2005,5,Gisborne Region,96,1890,126,175,175,203,153,0.3802
1/01/2005,6,Hawke's Bay Region,330,6894,300,220,215,270,170,0.3457
1/01/2005,8,Manawatu-Wanganui Region,756,11433,579,165,170,220,140,0.3516
1/01/2005,18,Marlborough Region,96,1776,78,235,234,265,200,0.2766
1/01/2005,-1,NA,399,11658,363,240,225,300,170,0.4584
1/01/2005,17,Nelson Region,165,2994,141,245,238,285,200,0.3829
1/01/2005,1,Northland Region,333,5892,324,185,186,240,150,0.3297
1/01/2005,14,Otago Region,2115,11016,834,265,253,400,180,0.5764
1/01/2005,15,Southland Region,267,3492,183,150,148,180,120,0.3175
1/01/2005,7,Taranaki Region,276,4590,237,188,181,240,150,0.3814
1/01/2005,16,Tasman Region,60,1197,48,243,233,270,203,0.2969
1/01/2005,3,Waikato Region,1386,20376,1164,220,212,275,165,0.3629
1/01/2005,9,Wellington Region,2052,29265,1869,270,269,360,200,0.4306
1/01/2005,12,West Coast Region,54,945,48,160,151,180,120,0.3108
1/09/2014,-99,ALL,12903,339228,12408,350,343,450,265,0.4253
1/12/2004,2,Auckland Region,4560,81537,5112,310,313,380,260,0.3219
1/12/2004,4,Bay of Plenty Region,849,14712,912,220,218,270,180,0.317
1/09/2014,13,Canterbury Region,1551,38361,1557,380,375,480,300,0.3993
1/12/2004,5,Gisborne Region,117,1920,105,170,170,196,149,0.2594
1/12/2004,6,Hawke's Bay Region,357,6864,336,205,205,250,170,0.308
1/12/2004,8,Manawatu-Wanganui Region,750,11256,795,170,170,210,140,0.3492
1/12/2004,18,Marlborough Region,90,1758,102,200,206,245,180,0.2337
1/12/2004,-1,NA,315,11622,423,205,206,280,150,0.4287
1/12/2004,17,Nelson Region,195,2970,183,240,229,278,193,0.2966
1/12/2004,1,Northland Region,348,5883,345,190,190,233,160,0.3158
1/12/2004,14,Otago Region,684,9735,2031,220,217,280,170,0.4239
1/12/2004,15,Southland Region,243,3408,288,140,142,175,120,0.3173
1/12/2004,7,Taranaki Region,288,4548,294,190,187,240,145,0.3661
1/12/2004,16,Tasman Region,72,1182,72,250,234,279,200,0.2792
1/12/2004,3,Waikato Region,1302,20154,1464,220,208,260,160,0.3852
1/12/2004,9,Wellington Region,1554,29082,1764,250,252,330,195,0.4045
1/12/2004,12,West Coast Region,57,939,54,150,146,170,125,0.2863
1/10/2014,-99,ALL,12735,339486,12477,350,346,450,269,0.4163
1/11/2004,2,Auckland Region,4674,82089,4860,300,313,380,260,0.3275
1/11/2004,4,Bay of Plenty Region,885,14772,900,220,212,270,175,0.3431
1/10/2014,13,Canterbury Region,1593,38349,1605,385,374,480,300,0.3763
1/11/2004,5,Gisborne Region,99,1908,96,175,173,200,140,0.2945
1/11/2004,6,Hawke's Bay Region,417,6840,396,200,199,250,165,0.3063
1/11/2004,8,Manawatu-Wanganui Region,876,11301,1101,175,180,243,140,0.3988
1/11/2004,18,Marlborough Region,105,1770,93,230,216,250,185,0.325
1/11/2004,-1,NA,393,11727,375,223,216,290,164,0.4624
1/11/2004,17,Nelson Region,168,2958,174,250,239,285,200,0.338
1/11/2004,1,Northland Region,357,5883,387,190,192,240,160,0.3035
1/11/2004,14,Otago Region,642,11082,798,220,220,300,166,0.446
1/11/2004,15,Southland Region,240,3450,231,150,154,180,125,0.3936
1/11/2004,7,Taranaki Region,279,4557,270,175,178,230,140,0.3761
1/11/2004,16,Tasman Region,87,1182,63,250,238,270,215,0.2191
1/11/2004,3,Waikato Region,1332,20313,1398,210,205,250,165,0.3408
1/11/2004,9,Wellington Region,1677,29292,2046,250,247,320,190,0.4124
1/11/2004,12,West Coast Region,63,936,57,160,158,180,130,0.2432
1/11/2014,-99,ALL,13116,338916,13689,360,352,460,270,0.4266
1/10/2004,2,Auckland Region,4581,82278,4182,300,312,380,260,0.319
1/10/2004,4,Bay of Plenty Region,960,14787,831,220,212,260,175,0.3104
1/11/2014,13,Canterbury Region,1566,38256,1659,395,378,480,300,0.3695
1/10/2004,5,Gisborne Region,108,1905,117,175,168,195,150,0.2471
1/10/2004,6,Hawke's Bay Region,357,6819,339,200,199,250,160,0.3677
1/10/2004,8,Manawatu-Wanganui Region,624,11529,618,170,166,210,140,0.3282
1/10/2004,18,Marlborough Region,105,1755,93,210,207,250,180,0.2574
1/10/2004,-1,NA,369,11712,354,230,221,300,165,0.4427
1/10/2004,17,Nelson Region,186,2964,162,230,230,270,200,0.2922
1/10/2004,1,Northland Region,354,5913,321,190,189,230,158,0.303
1/10/2004,14,Otago Region,606,11238,675,220,211,295,160,0.4697
1/10/2004,15,Southland Region,246,3441,213,150,151,180,120,0.3876
1/10/2004,7,Taranaki Region,285,4548,252,170,180,228,140,0.3809
1/10/2004,16,Tasman Region,63,1158,69,235,219,270,200,0.3087
1/10/2004,3,Waikato Region,1209,20382,1188,200,201,250,160,0.3509
1/10/2004,9,Wellington Region,1581,29661,1437,250,250,320,190,0.3904
1/10/2004,12,West Coast Region,60,930,48,150,143,170,120,0.2887
1/12/2014,-99,ALL,12480,335760,15636,360,355,460,275,0.4187
1/09/2004,2,Auckland Region,4554,81879,4140,300,313,376,260,0.3227
1/09/2004,4,Bay of Plenty Region,894,14658,864,210,211,260,175,0.3103
1/12/2014,13,Canterbury Region,1575,38241,1587,395,374,485,300,0.4043
1/09/2004,5,Gisborne Region,108,1917,111,170,167,190,140,0.2713
1/09/2004,6,Hawke's Bay Region,381,6801,342,200,200,246,170,0.3049
1/09/2004,8,Manawatu-Wanganui Region,639,11523,588,160,165,200,135,0.3088
1/09/2004,18,Marlborough Region,96,1740,99,220,211,250,180,0.2213
1/09/2004,-1,NA,375,11694,369,200,202,260,155,0.4054
1/09/2004,17,Nelson Region,201,2943,186,230,216,260,180,0.318
1/09/2004,1,Northland Region,396,5880,342,185,183,225,154,0.3259
1/09/2004,14,Otago Region,540,11307,567,200,203,255,160,0.4381
1/09/2004,15,Southland Region,255,3408,231,150,146,180,120,0.3016
1/09/2004,7,Taranaki Region,282,4515,276,175,177,220,140,0.3418
1/09/2004,16,Tasman Region,66,1164,63,240,230,260,210,0.2794
1/09/2004,3,Waikato Region,1206,20361,1128,200,198,250,155,0.3566
1/09/2004,9,Wellington Region,1554,29517,1437,250,251,325,190,0.3965
1/09/2004,12,West Coast Region,54,918,39,145,140,160,130,0.2715
1/01/2015,-99,ALL,17619,338913,14466,375,365,500,270,0.4627
1/08/2004,2,Auckland Region,4734,81468,4335,300,311,380,250,0.3323
1/08/2004,4,Bay of Plenty Region,954,14631,909,220,214,260,175,0.309
1/01/2015,13,Canterbury Region,2097,38418,1920,410,393,500,320,0.3986
1/08/2004,5,Gisborne Region,96,1920,96,180,169,200,150,0.2725
1/08/2004,6,Hawke's Bay Region,417,6765,393,190,192,240,160,0.3272
1/08/2004,8,Manawatu-Wanganui Region,681,11472,642,160,162,200,135,0.3021
1/08/2004,18,Marlborough Region,99,1743,99,200,200,240,170,0.2848
1/08/2004,-1,NA,360,11688,363,213,207,270,150,0.4277
1/08/2004,17,Nelson Region,213,2925,183,223,218,265,184,0.2983
1/08/2004,1,Northland Region,360,5826,321,185,187,230,155,0.318
1/08/2004,14,Otago Region,504,11334,495,200,200,256,155,0.4922
1/08/2004,15,Southland Region,273,3384,240,155,148,180,125,0.2949
1/08/2004,7,Taranaki Region,324,4509,279,170,168,220,135,0.3829
1/08/2004,16,Tasman Region,75,1161,84,245,227,265,193,0.2908
1/08/2004,3,Waikato Region,1224,20280,1197,200,198,250,150,0.3471
1/08/2004,9,Wellington Region,1623,29400,1497,250,251,325,190,0.4229
1/08/2004,12,West Coast Region,60,903,63,150,142,170,125,0.2561
1/02/2015,-99,ALL,16527,340608,14829,380,364,495,275,0.4624
1/07/2004,2,Auckland Region,5223,81069,4695,310,314,380,260,0.3342
1/07/2004,4,Bay of Plenty Region,1059,14586,948,218,211,260,170,0.3081
1/02/2015,13,Canterbury Region,2046,38574,1887,415,389,500,310,0.4331
1/07/2004,5,Gisborne Region,111,1920,90,165,167,185,150,0.2677
1/07/2004,6,Hawke's Bay Region,399,6741,393,200,198,250,160,0.3225
1/07/2004,8,Manawatu-Wanganui Region,810,11430,711,160,158,190,130,0.345
1/07/2004,18,Marlborough Region,123,1746,108,210,205,250,180,0.2797
1/07/2004,-1,NA,420,11691,438,220,207,280,150,0.4814
1/07/2004,17,Nelson Region,228,2895,234,230,226,270,195,0.31
1/07/2004,1,Northland Region,405,5787,378,185,186,225,150,0.2907
1/07/2004,14,Otago Region,636,11325,537,200,205,276,150,0.4718
1/07/2004,15,Southland Region,264,3351,261,160,149,180,125,0.308
1/07/2004,7,Taranaki Region,336,4464,288,180,172,220,135,0.3496
1/07/2004,16,Tasman Region,99,1167,75,228,221,260,194,0.2455
1/07/2004,3,Waikato Region,1452,20253,1308,200,203,250,160,0.3369
1/07/2004,9,Wellington Region,1830,29274,1710,240,242,320,180,0.4229
1/07/2004,12,West Coast Region,75,906,66,150,150,174,130,0.2619
1/03/2015,-99,ALL,15168,342015,13761,360,354,470,270,0.4394
1/06/2004,2,Auckland Region,4470,80541,4284,310,315,380,260,0.3229
1/06/2004,4,Bay of Plenty Region,915,14475,858,210,207,258,170,0.3162
1/03/2015,13,Canterbury Region,1875,38694,1755,395,372,475,310,0.3802
1/06/2004,5,Gisborne Region,96,1899,96,170,162,200,135,0.2983
1/06/2004,6,Hawke's Bay Region,393,6735,363,200,192,240,160,0.3104
1/06/2004,8,Manawatu-Wanganui Region,678,11334,615,160,157,200,130,0.381
1/06/2004,18,Marlborough Region,105,1731,84,220,215,240,190,0.2286
1/06/2004,-1,NA,381,11709,411,220,217,295,160,0.4371
1/06/2004,17,Nelson Region,192,2898,168,240,226,275,190,0.298
1/06/2004,1,Northland Region,369,5760,315,180,183,230,155,0.3345
1/06/2004,14,Otago Region,579,11226,516,220,217,300,164,0.4319
1/06/2004,15,Southland Region,216,3348,207,150,150,180,120,0.3054
1/06/2004,7,Taranaki Region,294,4416,285,165,169,220,135,0.337
1/06/2004,16,Tasman Region,84,1143,54,220,214,260,185,0.2502
1/06/2004,3,Waikato Region,1266,20109,1122,200,197,260,150,0.3697
1/06/2004,9,Wellington Region,1602,29154,1488,240,239,310,180,0.4456
1/06/2004,12,West Coast Region,57,897,48,150,142,170,120,0.3192
1/04/2015,-99,ALL,13644,343146,12516,370,360,474,280,0.4167
1/05/2004,2,Auckland Region,4920,80355,4416,300,312,380,260,0.3314
1/05/2004,4,Bay of Plenty Region,963,14418,840,220,216,261,180,0.3013
1/04/2015,13,Canterbury Region,1728,38832,1590,393,372,470,310,0.3665
1/05/2004,5,Gisborne Region,120,1899,99,165,163,190,140,0.2842
1/05/2004,6,Hawke's Bay Region,423,6708,402,200,195,245,165,0.3141
1/05/2004,8,Manawatu-Wanganui Region,705,11271,639,160,163,200,135,0.3305
1/05/2004,18,Marlborough Region,114,1710,108,213,205,250,175,0.2458
1/05/2004,-1,NA,423,11742,441,220,216,290,160,0.4457
1/05/2004,17,Nelson Region,198,2877,195,225,221,265,190,0.2788
1/05/2004,1,Northland Region,396,5703,318,180,181,220,150,0.3231
1/05/2004,14,Otago Region,660,11163,519,220,219,300,165,0.4287
1/05/2004,15,Southland Region,240,3339,225,150,149,180,130,0.2736
1/05/2004,7,Taranaki Region,276,4407,249,170,171,220,135,0.3585
1/05/2004,16,Tasman Region,90,1116,78,250,235,280,200,0.2638
1/05/2004,3,Waikato Region,1188,19968,1143,200,200,250,160,0.3641
1/05/2004,9,Wellington Region,1713,29043,1581,250,244,320,185,0.4084
1/05/2004,12,West Coast Region,63,888,54,160,149,170,140,0.2708
1/05/2015,-99,ALL,14469,344688,12930,370,361,476,280,0.4231
1/04/2004,2,Auckland Region,4653,79854,4188,310,318,380,260,0.344
1/04/2004,4,Bay of Plenty Region,942,14295,858,220,213,260,179,0.3371
1/05/2015,13,Canterbury Region,1809,39012,1632,395,371,460,310,0.359
1/04/2004,5,Gisborne Region,96,1878,90,165,161,190,140,0.313
1/04/2004,6,Hawke's Bay Region,366,6687,372,190,189,231,160,0.3433
1/04/2004,8,Manawatu-Wanganui Region,687,11208,591,160,157,200,130,0.3326
1/04/2004,18,Marlborough Region,96,1704,90,210,195,240,164,0.3062
1/04/2004,-1,NA,405,11757,399,225,215,300,160,0.4684
1/04/2004,17,Nelson Region,174,2874,159,250,232,280,200,0.2827
1/04/2004,1,Northland Region,408,5625,360,180,179,220,150,0.3209
1/04/2004,14,Otago Region,576,11022,462,200,206,280,155,0.4645
1/04/2004,15,Southland Region,225,3324,207,150,146,180,125,0.3216
1/04/2004,7,Taranaki Region,291,4380,255,180,178,220,140,0.3617
1/04/2004,16,Tasman Region,75,1104,63,250,230,280,200,0.305
1/04/2004,3,Waikato Region,1188,19923,1137,200,195,250,150,0.3736
1/04/2004,9,Wellington Region,1617,28911,1530,240,242,320,180,0.4287
1/04/2004,12,West Coast Region,63,879,51,155,150,170,140,0.2815
1/06/2015,-99,ALL,13611,345912,12387,370,359,480,275,0.4306
1/03/2004,2,Auckland Region,4926,79389,4665,310,313,380,260,0.3499
1/03/2004,4,Bay of Plenty Region,1074,14211,1002,200,203,250,165,0.3158
1/06/2015,13,Canterbury Region,1674,39189,1494,390,364,470,300,0.3944
1/03/2004,5,Gisborne Region,96,1872,99,164,164,185,150,0.2238
1/03/2004,6,Hawke's Bay Region,330,6693,318,200,190,230,159,0.3324
1/03/2004,8,Manawatu-Wanganui Region,795,11112,639,150,157,200,130,0.338
1/03/2004,18,Marlborough Region,96,1698,90,215,205,240,180,0.2725
1/03/2004,-1,NA,429,11751,414,210,207,270,150,0.4353
1/03/2004,17,Nelson Region,180,2859,180,240,229,270,200,0.2636
1/03/2004,1,Northland Region,390,5577,375,175,176,220,150,0.3228
1/03/2004,14,Otago Region,702,10908,552,200,197,280,150,0.4783
1/03/2004,15,Southland Region,249,3306,216,150,147,180,125,0.3046
1/03/2004,7,Taranaki Region,300,4344,312,160,166,220,130,0.3957
1/03/2004,16,Tasman Region,66,1092,63,250,242,281,210,0.2265
1/03/2004,3,Waikato Region,1296,19872,1191,200,197,250,155,0.375
1/03/2004,9,Wellington Region,1890,28824,1659,250,243,330,180,0.4337
1/03/2004,12,West Coast Region,60,864,63,145,140,170,130,0.2428
1/07/2015,-99,ALL,14670,347421,13161,370,358,476,275,0.4293
1/02/2004,2,Auckland Region,5217,79125,4473,310,310,380,255,0.3528
1/02/2004,4,Bay of Plenty Region,1008,14139,933,200,200,250,165,0.3102
1/07/2015,13,Canterbury Region,1857,39447,1599,380,357,460,300,0.3912
1/02/2004,5,Gisborne Region,108,1875,99,165,163,190,130,0.2605
1/02/2004,6,Hawke's Bay Region,360,6681,345,198,192,239,160,0.3061
1/02/2004,8,Manawatu-Wanganui Region,1053,10956,801,155,155,200,120,0.3763
1/02/2004,18,Marlborough Region,99,1692,93,200,192,250,165,0.3251
1/02/2004,-1,NA,471,11736,417,200,201,265,150,0.4505
1/02/2004,17,Nelson Region,189,2856,156,245,231,270,200,0.2995
1/02/2004,1,Northland Region,342,5559,339,170,171,208,140,0.3111
1/02/2004,14,Otago Region,984,10758,657,200,199,270,150,0.4526
1/02/2004,15,Southland Region,297,3273,246,150,148,190,120,0.341
1/02/2004,7,Taranaki Region,282,4356,276,170,171,230,135,0.3974
1/02/2004,16,Tasman Region,75,1092,66,240,231,273,200,0.2672
1/02/2004,3,Waikato Region,1437,19764,1284,200,195,250,150,0.4067
1/02/2004,9,Wellington Region,2799,28590,2004,240,233,330,160,0.4917
1/02/2004,12,West Coast Region,66,867,51,150,151,170,125,0.2547
1/08/2015,-99,ALL,14040,348402,13056,370,363,480,280,0.4239
1/01/2004,2,Auckland Region,4833,78381,4035,320,318,380,260,0.3448
1/01/2004,4,Bay of Plenty Region,807,14064,747,210,206,250,170,0.3147
1/08/2015,13,Canterbury Region,1788,39633,1602,380,354,450,300,0.3698
1/01/2004,5,Gisborne Region,108,1866,114,165,162,185,140,0.2491
1/01/2004,6,Hawke's Bay Region,369,6666,333,190,190,240,155,0.3062
1/01/2004,8,Manawatu-Wanganui Region,777,10704,639,165,165,200,135,0.3348
1/01/2004,18,Marlborough Region,93,1686,102,200,201,230,176,0.2396
1/01/2004,-1,NA,420,11682,444,205,205,290,150,0.4719
1/01/2004,17,Nelson Region,213,2823,189,240,230,270,200,0.282
1/01/2004,1,Northland Region,375,5559,345,175,174,216,150,0.3394
1/01/2004,14,Otago Region,1599,10428,768,220,214,340,150,0.5798
1/01/2004,15,Southland Region,309,3222,234,150,144,180,120,0.3266
1/01/2004,7,Taranaki Region,309,4350,294,160,169,220,135,0.3656
1/01/2004,16,Tasman Region,72,1080,63,250,239,280,205,0.2823
1/01/2004,3,Waikato Region,1452,19611,1236,200,199,260,150,0.4006
1/01/2004,9,Wellington Region,2184,27795,1815,260,259,350,195,0.4331
1/01/2004,12,West Coast Region,72,852,57,150,138,170,120,0.3137
1/09/2015,-99,ALL,13419,349224,12597,375,362,480,280,0.4256
1/12/2003,2,Auckland Region,4458,77583,4830,300,312,380,259,0.3385
1/12/2003,4,Bay of Plenty Region,879,14004,915,210,201,250,165,0.3346
1/09/2015,13,Canterbury Region,1677,39705,1605,380,362,460,300,0.3752
1/12/2003,5,Gisborne Region,105,1872,96,160,162,189,136,0.2691
1/12/2003,6,Hawke's Bay Region,423,6630,408,195,191,240,160,0.3181
1/12/2003,8,Manawatu-Wanganui Region,738,10566,774,160,164,210,135,0.352
1/12/2003,18,Marlborough Region,108,1695,111,205,199,230,174,0.2392
1/12/2003,-1,NA,378,11706,498,210,203,260,150,0.4326
1/12/2003,17,Nelson Region,162,2802,174,235,225,275,195,0.3588
1/12/2003,1,Northland Region,351,5529,357,180,178,210,150,0.3205
1/12/2003,14,Otago Region,825,9600,1614,200,200,266,150,0.4496
1/12/2003,15,Southland Region,219,3144,231,150,145,180,120,0.3182
1/12/2003,7,Taranaki Region,282,4335,285,180,177,220,140,0.3652
1/12/2003,16,Tasman Region,84,1074,81,250,228,275,200,0.3483
1/12/2003,3,Waikato Region,1362,19395,1461,200,192,250,150,0.3636
1/12/2003,9,Wellington Region,1551,27426,1809,240,238,310,180,0.4087
1/12/2003,12,West Coast Region,57,837,57,143,145,170,128,0.2489
1/10/2015,-99,ALL,14370,350232,13365,375,365,480,280,0.4194
1/11/2003,2,Auckland Region,4698,77952,4734,300,310,380,255,0.3322
1/11/2003,4,Bay of Plenty Region,939,14043,867,205,206,250,170,0.3177
1/10/2015,13,Canterbury Region,1812,39762,1758,380,359,450,300,0.3535
1/11/2003,5,Gisborne Region,99,1860,96,165,164,200,141,0.377
1/11/2003,6,Hawke's Bay Region,396,6615,387,180,182,220,153,0.2978
1/11/2003,8,Manawatu-Wanganui Region,864,10605,969,165,171,220,135,0.3713
1/11/2003,18,Marlborough Region,120,1698,120,196,183,220,159,0.293
1/11/2003,-1,NA,393,11826,441,200,198,260,150,0.4414
1/11/2003,17,Nelson Region,171,2814,177,233,229,275,200,0.3227
1/11/2003,1,Northland Region,375,5535,342,180,178,210,150,0.285
1/11/2003,14,Otago Region,744,10386,720,195,194,276,145,0.5016
1/11/2003,15,Southland Region,192,3156,207,160,148,185,120,0.3145
1/11/2003,7,Taranaki Region,288,4338,249,165,166,220,130,0.417
1/11/2003,16,Tasman Region,54,1071,60,245,233,280,201,0.2383
1/11/2003,3,Waikato Region,1296,19494,1419,190,191,240,150,0.3592
1/11/2003,9,Wellington Region,1752,27684,2091,248,243,320,190,0.389
1/11/2003,12,West Coast Region,54,837,51,140,139,160,130,0.2208
1/11/2015,-99,ALL,13665,350019,13878,380,369,485,285,0.4287
1/10/2003,2,Auckland Region,4632,77988,4428,300,312,380,255,0.3445
1/10/2003,4,Bay of Plenty Region,1014,13968,912,200,201,245,170,0.3075
1/11/2015,13,Canterbury Region,1812,39762,1809,390,361,450,300,0.3707
1/10/2003,5,Gisborne Region,108,1860,96,165,155,180,140,0.3514
1/10/2003,6,Hawke's Bay Region,429,6606,384,190,185,230,155,0.3091
1/10/2003,8,Manawatu-Wanganui Region,684,10710,633,160,159,200,130,0.3417
1/10/2003,18,Marlborough Region,99,1695,93,200,186,220,160,0.2703
1/10/2003,-1,NA,417,11874,447,200,196,275,150,0.5231
1/10/2003,17,Nelson Region,159,2820,168,229,228,270,196,0.29
1/10/2003,1,Northland Region,378,5502,351,175,173,210,145,0.3157
1/10/2003,14,Otago Region,663,10365,717,210,212,315,155,0.5066
1/10/2003,15,Southland Region,252,3174,213,150,145,180,120,0.3601
1/10/2003,7,Taranaki Region,282,4296,261,165,165,200,130,0.35
1/10/2003,16,Tasman Region,75,1077,66,240,217,260,210,0.3989
1/10/2003,3,Waikato Region,1215,19617,1161,195,191,240,150,0.3644
1/10/2003,9,Wellington Region,1671,28023,1539,240,237,300,180,0.4027
1/10/2003,12,West Coast Region,75,831,51,140,141,160,120,0.3316
1/12/2015,-99,ALL,13173,346974,16218,380,369,485,290,0.4262
1/09/2003,2,Auckland Region,4497,77784,4242,300,308,375,250,0.3417
1/09/2003,4,Bay of Plenty Region,939,13866,870,200,198,240,165,0.3109
1/12/2015,13,Canterbury Region,1734,39756,1740,385,366,450,300,0.4078
1/09/2003,5,Gisborne Region,132,1848,120,158,154,180,131,0.3193
1/09/2003,6,Hawke's Bay Region,414,6561,363,185,185,230,155,0.2999
1/09/2003,8,Manawatu-Wanganui Region,675,10656,594,150,154,185,130,0.3083
1/09/2003,18,Marlborough Region,114,1692,108,180,177,210,150,0.3114
1/09/2003,-1,NA,393,11904,429,188,189,260,145,0.5228
1/09/2003,17,Nelson Region,183,2829,162,225,219,260,180,0.3442
1/09/2003,1,Northland Region,375,5475,357,180,177,210,150,0.2921
1/09/2003,14,Otago Region,756,10416,711,200,207,300,150,0.5082
1/09/2003,15,Southland Region,234,3135,231,150,141,180,120,0.2984
1/09/2003,7,Taranaki Region,273,4275,252,160,159,200,126,0.3772
1/09/2003,16,Tasman Region,81,1068,72,240,232,270,200,0.2528
1/09/2003,3,Waikato Region,1170,19566,1164,188,183,235,145,0.3649
1/09/2003,9,Wellington Region,1587,27891,1530,240,237,300,185,0.3812
1/09/2003,12,West Coast Region,63,807,69,130,123,150,118,0.5538
1/01/2016,-99,ALL,17187,349779,14382,395,380,520,290,0.4651
1/08/2003,2,Auckland Region,4995,77532,4440,300,309,375,250,0.3399
1/08/2003,4,Bay of Plenty Region,1002,13797,888,200,195,240,165,0.3083
1/01/2016,13,Canterbury Region,2235,39939,2052,395,376,480,300,0.4146
1/08/2003,5,Gisborne Region,102,1836,96,160,156,180,136,0.2905
1/08/2003,6,Hawke's Bay Region,480,6510,414,180,178,220,150,0.3
1/08/2003,8,Manawatu-Wanganui Region,660,10575,618,150,153,190,125,0.314
1/08/2003,18,Marlborough Region,114,1686,99,190,188,220,160,0.2662
1/08/2003,-1,NA,441,11937,408,198,192,270,140,0.4599
1/08/2003,17,Nelson Region,207,2808,195,223,219,260,180,0.2797
1/08/2003,1,Northland Region,366,5457,327,175,170,200,150,0.3037
1/08/2003,14,Otago Region,591,10371,474,185,189,260,140,0.5195
1/08/2003,15,Southland Region,216,3132,201,150,151,190,125,0.2944
1/08/2003,7,Taranaki Region,327,4251,318,160,159,200,129,0.3586
1/08/2003,16,Tasman Region,78,1059,69,230,219,264,189,0.2655
1/08/2003,3,Waikato Region,1335,19560,1191,180,183,230,145,0.3539
1/08/2003,9,Wellington Region,1692,27834,1584,240,234,300,175,0.4121
1/08/2003,12,West Coast Region,72,813,60,130,121,150,110,0.2912
1/02/2016,-99,ALL,17892,352014,15657,390,376,500,285,0.4693
1/07/2003,2,Auckland Region,4914,76977,4554,300,306,375,250,0.3567
1/07/2003,4,Bay of Plenty Region,1008,13680,924,200,196,240,165,0.312
1/02/2016,13,Canterbury Region,2355,40185,2109,390,365,475,300,0.4378
1/07/2003,5,Gisborne Region,117,1830,102,160,154,170,138,0.2623
1/07/2003,6,Hawke's Bay Region,471,6447,444,180,176,210,150,0.2848
1/07/2003,8,Manawatu-Wanganui Region,750,10533,681,150,152,190,125,0.3755
1/07/2003,18,Marlborough Region,117,1671,105,188,183,220,160,0.29
1/07/2003,-1,NA,501,11904,477,190,186,250,144,0.4855
1/07/2003,17,Nelson Region,177,2793,165,230,217,265,178,0.2899
1/07/2003,1,Northland Region,387,5418,363,170,169,200,140,0.2934
1/07/2003,14,Otago Region,609,10254,483,180,178,230,140,0.4453
1/07/2003,15,Southland Region,255,3117,237,150,140,180,115,0.3434
1/07/2003,7,Taranaki Region,312,4242,282,170,163,200,130,0.3799
1/07/2003,16,Tasman Region,72,1047,63,220,205,260,180,0.4268
1/07/2003,3,Waikato Region,1347,19413,1278,185,183,240,140,0.3967
1/07/2003,9,Wellington Region,1962,27726,1614,230,222,300,165,0.4531
1/07/2003,12,West Coast Region,63,801,54,140,140,158,120,0.2524
1/03/2016,-99,ALL,15456,353313,14157,385,374,495,290,0.4312
1/06/2003,2,Auckland Region,4338,76617,4026,300,305,375,250,0.346
1/06/2003,4,Bay of Plenty Region,861,13596,801,190,191,230,160,0.3028
1/03/2016,13,Canterbury Region,1995,40395,1782,380,359,450,300,0.371
1/06/2003,5,Gisborne Region,93,1815,111,160,158,180,140,0.3024
1/06/2003,6,Hawke's Bay Region,387,6417,384,175,176,220,145,0.3065
1/06/2003,8,Manawatu-Wanganui Region,639,10461,567,150,155,193,125,0.3401
1/06/2003,18,Marlborough Region,108,1662,93,190,187,220,160,0.2772
1/06/2003,-1,NA,477,11880,420,195,191,260,150,0.438
1/06/2003,17,Nelson Region,183,2784,150,230,218,260,180,0.2903
1/06/2003,1,Northland Region,360,5394,324,170,168,200,145,0.2912
1/06/2003,14,Otago Region,621,10128,492,180,189,250,141,0.438
1/06/2003,15,Southland Region,201,3096,180,145,141,180,120,0.3272
1/06/2003,7,Taranaki Region,321,4212,294,160,159,200,125,0.3724
1/06/2003,16,Tasman Region,63,1041,51,230,223,280,190,0.3165
1/06/2003,3,Waikato Region,1188,19344,1134,185,185,230,150,0.36
1/06/2003,9,Wellington Region,1584,27378,1443,230,233,300,180,0.4241
1/06/2003,12,West Coast Region,69,792,60,130,125,150,110,0.3161
1/04/2016,-99,ALL,14772,355137,12948,390,379,500,300,0.4189
1/05/2003,2,Auckland Region,4833,76305,4509,300,307,380,250,0.3583
1/05/2003,4,Bay of Plenty Region,1023,13533,924,195,191,240,160,0.2955
1/04/2016,13,Canterbury Region,1950,40665,1680,380,359,450,300,0.3655
1/05/2003,5,Gisborne Region,120,1833,105,155,148,180,130,0.3971
1/05/2003,6,Hawke's Bay Region,459,6414,381,180,177,220,150,0.2961
1/05/2003,8,Manawatu-Wanganui Region,654,10389,624,150,151,185,125,0.3289
1/05/2003,18,Marlborough Region,129,1647,120,185,176,210,150,0.2853
1/05/2003,-1,NA,537,11820,477,200,194,270,141,0.4741
1/05/2003,17,Nelson Region,186,2751,168,220,218,270,175,0.3095
1/05/2003,1,Northland Region,390,5361,360,170,167,200,140,0.3063
1/05/2003,14,Otago Region,618,10002,462,195,194,276,150,0.4382
1/05/2003,15,Southland Region,231,3075,210,150,146,180,120,0.3266
1/05/2003,7,Taranaki Region,297,4182,435,160,163,200,130,0.4101
1/05/2003,16,Tasman Region,81,1029,57,233,218,260,180,0.2794
1/05/2003,3,Waikato Region,1275,19293,1227,180,180,230,140,0.3829
1/05/2003,9,Wellington Region,1752,27240,1518,235,235,310,180,0.4195
1/05/2003,12,West Coast Region,54,783,51,130,121,150,100,0.3266
1/05/2016,-99,ALL,14445,356283,13296,390,376,495,295,0.4285
1/04/2003,2,Auckland Region,4152,75978,3924,300,309,380,250,0.3578
1/04/2003,4,Bay of Plenty Region,861,13434,786,195,194,240,165,0.3426
1/05/2016,13,Canterbury Region,1890,40773,1782,375,355,450,300,0.3653
1/04/2003,5,Gisborne Region,117,1818,96,150,144,173,130,0.4002
1/04/2003,6,Hawke's Bay Region,327,6333,309,180,179,220,150,0.3043
1/04/2003,8,Manawatu-Wanganui Region,567,10356,555,150,153,190,130,0.3357
1/04/2003,18,Marlborough Region,81,1638,87,185,185,220,160,0.2688
1/04/2003,-1,NA,438,11760,414,200,195,270,149,0.4804
1/04/2003,17,Nelson Region,183,2730,159,225,214,260,180,0.2988
1/04/2003,1,Northland Region,330,5331,282,170,169,200,150,0.2969
1/04/2003,14,Otago Region,576,9846,489,180,183,240,140,0.4432
1/04/2003,15,Southland Region,183,3054,174,150,149,180,120,0.385
1/04/2003,7,Taranaki Region,255,4323,246,163,162,210,120,0.4163
1/04/2003,16,Tasman Region,81,1005,69,220,206,273,184,0.4199
1/04/2003,3,Waikato Region,1170,19242,1047,180,180,235,140,0.3825
1/04/2003,9,Wellington Region,1533,27009,1347,240,242,310,180,0.4021
1/04/2003,12,West Coast Region,51,780,39,140,133,150,120,0.2302
1/06/2016,-99,ALL,13554,357657,12180,380,369,495,290,0.4298
1/03/2003,2,Auckland Region,4902,75750,4443,300,306,380,250,0.366
1/03/2003,4,Bay of Plenty Region,1056,13362,960,190,190,230,155,0.3344
1/06/2016,13,Canterbury Region,1779,40986,1569,360,345,437,295,0.3641
1/03/2003,5,Gisborne Region,108,1797,120,155,146,170,130,0.3892
1/03/2003,6,Hawke's Bay Region,450,6318,408,180,178,220,150,0.3203
1/03/2003,8,Manawatu-Wanganui Region,795,10344,681,150,150,190,120,0.3595
1/03/2003,18,Marlborough Region,129,1641,105,180,178,210,150,0.257
1/03/2003,-1,NA,495,11736,507,185,187,250,140,0.4796
1/03/2003,17,Nelson Region,219,2706,201,225,225,260,190,0.2752
1/03/2003,1,Northland Region,399,5283,381,170,166,200,145,0.3841
1/03/2003,14,Otago Region,774,9759,630,180,179,250,140,0.4681
1/03/2003,15,Southland Region,255,3042,195,150,143,180,120,0.3858
1/03/2003,7,Taranaki Region,297,4314,297,160,162,200,130,0.3953
1/03/2003,16,Tasman Region,75,990,54,230,217,270,185,0.3309
1/03/2003,3,Waikato Region,1398,19119,1230,180,178,230,140,0.3963
1/03/2003,9,Wellington Region,2007,26823,1707,240,236,320,180,0.4217
1/03/2003,12,West Coast Region,57,768,48,130,120,145,110,0.3064
1/07/2016,-99,ALL,15378,359700,13332,390,380,500,300,0.4233
1/02/2003,2,Auckland Region,4782,75291,4074,300,298,365,240,0.3746
1/02/2003,4,Bay of Plenty Region,945,13266,858,190,189,230,160,0.3183
1/07/2016,13,Canterbury Region,1944,41265,1665,370,348,430,295,0.3469
1/02/2003,5,Gisborne Region,117,1812,105,150,150,180,130,0.3772
1/02/2003,6,Hawke's Bay Region,390,6276,333,175,175,211,150,0.3023
1/02/2003,8,Manawatu-Wanganui Region,1059,10230,696,150,153,200,120,0.4015
1/02/2003,18,Marlborough Region,108,1617,111,180,172,200,150,0.2656
1/02/2003,-1,NA,528,11748,456,180,179,260,125,0.5048
1/02/2003,17,Nelson Region,180,2688,156,220,209,260,175,0.3317
1/02/2003,1,Northland Region,426,5265,300,170,162,195,140,0.3335
1/02/2003,14,Otago Region,1008,9615,690,180,177,250,130,0.4913
1/02/2003,15,Southland Region,258,2985,189,140,139,180,120,0.4059
1/02/2003,7,Taranaki Region,312,4314,249,160,181,220,125,0.5883
1/02/2003,16,Tasman Region,66,972,57,215,207,260,183,0.3996
1/02/2003,3,Waikato Region,1464,18951,1173,180,180,230,145,0.3923
1/02/2003,9,Wellington Region,2487,26523,1809,240,234,325,165,0.4608
1/02/2003,12,West Coast Region,54,759,39,130,124,150,110,0.266
1/08/2016,-99,ALL,13800,360732,12771,390,377,500,295,0.4228
1/01/2003,2,Auckland Region,4170,74583,4011,300,306,378,250,0.372
1/01/2003,4,Bay of Plenty Region,864,13179,825,185,186,225,151,0.3175
1/08/2016,13,Canterbury Region,1761,41469,1557,370,347,430,299,0.3427
1/01/2003,5,Gisborne Region,114,1800,102,150,140,175,120,0.4335
1/01/2003,6,Hawke's Bay Region,354,6222,363,170,171,200,145,0.2916
1/01/2003,8,Manawatu-Wanganui Region,729,9870,669,160,156,200,130,0.364
1/01/2003,18,Marlborough Region,96,1620,99,180,175,210,143,0.3222
1/01/2003,-1,NA,471,11676,456,190,190,260,140,0.5315
1/01/2003,17,Nelson Region,159,2664,165,220,216,260,180,0.2782
1/01/2003,1,Northland Region,327,5142,327,165,159,190,140,0.3411
1/01/2003,14,Otago Region,1860,9297,774,230,212,360,145,0.609
1/01/2003,15,Southland Region,246,2916,201,130,128,163,108,0.3958
1/01/2003,7,Taranaki Region,357,4248,234,180,229,400,130,0.7431
1/01/2003,16,Tasman Region,57,963,57,210,194,260,170,0.5157
1/01/2003,3,Waikato Region,1461,18660,1260,183,180,240,140,0.3862
1/01/2003,9,Wellington Region,2046,25845,1713,245,244,320,180,0.4167
1/01/2003,12,West Coast Region,66,744,54,125,113,150,100,0.4111
1/09/2016,-99,ALL,14319,362451,12600,390,380,500,300,0.4193
1/12/2002,2,Auckland Region,4293,74424,4527,290,297,360,240,0.3517
1/12/2002,4,Bay of Plenty Region,846,13143,831,190,186,230,160,0.299
1/09/2016,13,Canterbury Region,1884,41664,1689,370,352,440,300,0.343
1/12/2002,5,Gisborne Region,90,1785,96,150,145,170,130,0.2655
1/12/2002,6,Hawke's Bay Region,381,6231,369,175,170,210,145,0.2986
1/12/2002,8,Manawatu-Wanganui Region,648,9807,717,160,160,200,130,0.359
1/12/2002,18,Marlborough Region,108,1623,99,175,173,200,150,0.2311
1/12/2002,-1,NA,432,11661,510,200,190,260,140,0.4842
1/12/2002,17,Nelson Region,204,2673,216,220,211,250,180,0.3027
1/12/2002,1,Northland Region,303,5142,342,165,157,190,135,0.4152
1/12/2002,14,Otago Region,612,8214,1764,170,174,230,140,0.3933
1/12/2002,15,Southland Region,222,2871,210,130,127,160,110,0.3653
1/12/2002,7,Taranaki Region,282,4128,282,160,169,200,125,0.5184
1/12/2002,16,Tasman Region,57,963,54,230,222,260,190,0.2208
1/12/2002,3,Waikato Region,1314,18459,1347,185,183,230,150,0.349
1/12/2002,9,Wellington Region,1428,25512,1719,235,234,300,180,0.398
1/12/2002,12,West Coast Region,51,732,57,120,118,140,100,0.2299
1/10/2016,-99,ALL,13392,362835,13011,395,385,500,300,0.4181
1/11/2002,2,Auckland Region,4401,74658,4317,290,294,360,240,0.3676
1/11/2002,4,Bay of Plenty Region,915,13125,879,180,174,210,150,0.3372
1/10/2016,13,Canterbury Region,1785,41718,1731,370,350,435,295,0.3442
1/11/2002,5,Gisborne Region,117,1791,102,150,146,170,130,0.2383
1/11/2002,6,Hawke's Bay Region,474,6219,405,170,168,200,140,0.2841
1/11/2002,8,Manawatu-Wanganui Region,840,9876,1050,160,162,210,125,0.3913
1/11/2002,18,Marlborough Region,126,1614,108,180,164,190,140,0.2297
1/11/2002,-1,NA,438,11736,588,190,186,250,145,0.4771
1/11/2002,17,Nelson Region,177,2685,177,213,204,250,169,0.3296
1/11/2002,1,Northland Region,363,5181,321,165,165,195,140,0.3037
1/11/2002,14,Otago Region,543,9366,714,175,177,250,135,0.4186
1/11/2002,15,Southland Region,222,2856,225,130,127,150,110,0.3252
1/11/2002,7,Taranaki Region,297,4125,282,150,157,190,120,0.4468
1/11/2002,16,Tasman Region,57,960,75,210,209,250,180,0.243
1/11/2002,3,Waikato Region,1293,18492,1407,180,176,220,140,0.3581
1/11/2002,9,Wellington Region,1803,25803,1956,235,234,300,180,0.4007
1/11/2002,12,West Coast Region,48,741,51,128,117,145,90,0.351
1/11/2016,-99,ALL,13017,362250,13599,399,386,500,300,0.4328
1/10/2002,2,Auckland Region,4032,74574,3846,280,290,350,235,0.3611
1/10/2002,4,Bay of Plenty Region,879,13092,819,185,182,220,150,0.293
1/11/2016,13,Canterbury Region,1647,41577,1791,370,352,440,299,0.3716
1/10/2002,5,Gisborne Region,126,1776,123,150,150,170,128,0.2492
1/10/2002,6,Hawke's Bay Region,369,6147,378,175,172,210,145,0.2747
1/10/2002,8,Manawatu-Wanganui Region,597,10086,615,145,145,180,120,0.3249
1/10/2002,18,Marlborough Region,105,1596,111,160,157,190,135,0.3127
1/10/2002,-1,NA,405,11886,411,180,172,240,125,0.5024
1/10/2002,17,Nelson Region,180,2682,174,200,207,245,175,0.2706
1/10/2002,1,Northland Region,342,5139,306,160,159,188,135,0.2988
1/10/2002,14,Otago Region,531,9540,609,170,177,235,135,0.4252
1/10/2002,15,Southland Region,186,2862,162,140,134,161,110,0.3127
1/10/2002,7,Taranaki Region,270,4110,267,148,147,180,120,0.3335
1/10/2002,16,Tasman Region,72,978,66,195,183,233,150,0.3643
1/10/2002,3,Waikato Region,1062,18603,1113,175,174,220,140,0.3423
1/10/2002,9,Wellington Region,1530,25956,1500,225,226,300,170,0.4104
1/10/2002,12,West Coast Region,51,744,48,120,118,140,100,0.2933
1/12/2016,-99,ALL,12963,358848,16368,400,392,510,300,0.4271
1/09/2002,2,Auckland Region,4146,74388,3852,280,290,350,230,0.3768
1/09/2002,4,Bay of Plenty Region,834,13032,780,180,180,215,150,0.2746
1/12/2016,13,Canterbury Region,1587,41448,1716,370,359,450,300,0.3808
1/09/2002,5,Gisborne Region,111,1773,87,150,143,165,130,0.3102
1/09/2002,6,Hawke's Bay Region,435,6156,405,170,170,200,145,0.2738
1/09/2002,8,Manawatu-Wanganui Region,606,10104,588,150,149,185,121,0.3258
1/09/2002,18,Marlborough Region,105,1605,111,180,169,200,140,0.2655
1/09/2002,-1,NA,441,11892,426,180,181,240,140,0.4682
1/09/2002,17,Nelson Region,159,2676,135,200,201,240,170,0.284
1/09/2002,1,Northland Region,378,5103,336,160,156,185,130,0.2882
1/09/2002,14,Otago Region,513,9618,543,170,177,240,130,0.4591
1/09/2002,15,Southland Region,183,2838,177,138,131,160,110,0.3909
1/09/2002,7,Taranaki Region,312,4107,267,150,150,185,120,0.3762
1/09/2002,16,Tasman Region,66,972,51,195,196,240,170,0.3257
1/09/2002,3,Waikato Region,1218,18654,1083,175,172,220,140,0.3541
1/09/2002,9,Wellington Region,1581,25926,1479,220,226,300,175,0.4069
1/09/2002,12,West Coast Region,51,741,51,120,118,144,100,0.289
1/01/2017,-99,ALL,16701,361065,14484,410,397,540,300,0.472
1/08/2002,2,Auckland Region,4365,74091,4698,280,286,350,230,0.3892
1/08/2002,4,Bay of Plenty Region,897,12978,984,180,178,220,150,0.2933
1/01/2017,13,Canterbury Region,2310,41574,2187,385,368,460,300,0.4123
1/08/2002,5,Gisborne Region,105,1752,120,150,146,165,130,0.218
1/08/2002,6,Hawke's Bay Region,357,6126,423,165,164,200,140,0.2884
1/08/2002,8,Manawatu-Wanganui Region,669,10086,744,150,147,180,120,0.344
1/08/2002,18,Marlborough Region,114,1611,135,175,168,194,141,0.2182
1/08/2002,-1,NA,573,11877,546,180,184,250,140,0.4884
1/08/2002,17,Nelson Region,144,2652,192,210,202,250,160,0.3183
1/08/2002,1,Northland Region,396,5061,390,160,159,190,140,0.2767
1/08/2002,14,Otago Region,486,9648,483,160,161,200,120,0.4423
1/08/2002,15,Southland Region,183,2832,201,130,125,150,100,0.3191
1/08/2002,7,Taranaki Region,294,4062,339,150,154,190,120,0.4057
1/08/2002,16,Tasman Region,63,960,78,195,195,240,175,0.308
1/08/2002,3,Waikato Region,1167,18522,1281,170,169,210,135,0.341
1/08/2002,9,Wellington Region,1716,25824,1752,230,227,300,180,0.3933
1/08/2002,12,West Coast Region,54,741,66,120,112,140,91,0.298
1/02/2017,-99,ALL,17184,363276,14973,410,397,540,300,0.4689
1/07/2002,2,Auckland Region,4488,74424,4503,280,283,350,230,0.3701
1/07/2002,4,Bay of Plenty Region,903,13068,924,180,181,220,153,0.3029
1/02/2017,13,Canterbury Region,2367,41865,2076,385,366,460,300,0.4049
1/07/2002,5,Gisborne Region,105,1767,111,150,143,165,130,0.2612
1/07/2002,6,Hawke's Bay Region,378,6192,360,170,168,200,140,0.2624
1/07/2002,8,Manawatu-Wanganui Region,636,10161,717,145,145,180,120,0.341
1/07/2002,18,Marlborough Region,102,1629,114,175,168,200,145,0.2989
1/07/2002,-1,NA,690,11853,579,200,195,260,150,0.4762
1/07/2002,17,Nelson Region,168,2700,156,200,193,230,160,0.2824
1/07/2002,1,Northland Region,366,5055,375,160,156,185,133,0.3036
1/07/2002,14,Otago Region,504,9648,528,160,161,220,120,0.4901
1/07/2002,15,Southland Region,213,2850,195,130,122,150,100,0.3486
1/07/2002,7,Taranaki Region,267,4104,312,150,149,180,120,0.402
1/07/2002,16,Tasman Region,99,975,81,195,190,245,160,0.3274
1/07/2002,3,Waikato Region,1314,18636,1242,165,167,215,135,0.3506
1/07/2002,9,Wellington Region,1623,25857,1764,230,229,300,178,0.4085
1/07/2002,12,West Coast Region,54,753,54,120,116,140,100,0.2937
1/03/2017,-99,ALL,15309,364998,13587,400,393,515,300,0.4313
1/06/2002,2,Auckland Region,4323,74439,3864,280,285,350,230,0.3533
1/06/2002,4,Bay of Plenty Region,840,13086,789,180,178,210,155,0.2904
1/03/2017,13,Canterbury Region,2052,42093,1824,370,350,440,295,0.3599
1/06/2002,5,Gisborne Region,102,1773,93,148,139,160,120,0.2849
1/06/2002,6,Hawke's Bay Region,348,6171,339,170,168,200,140,0.2938
1/06/2002,8,Manawatu-Wanganui Region,612,10242,558,150,149,180,125,0.3424
1/06/2002,18,Marlborough Region,108,1641,90,175,164,194,140,0.2898
1/06/2002,-1,NA,540,11742,414,190,187,250,145,0.4349
1/06/2002,17,Nelson Region,198,2691,168,200,197,234,166,0.3151
1/06/2002,1,Northland Region,342,5064,300,165,160,185,140,0.2684
1/06/2002,14,Otago Region,615,9672,432,160,168,213,130,0.4464
1/06/2002,15,Southland Region,213,2829,192,135,127,150,110,0.3088
1/06/2002,7,Taranaki Region,294,4149,267,140,140,170,110,0.3585
1/06/2002,16,Tasman Region,57,957,60,183,194,250,160,0.3491
1/06/2002,3,Waikato Region,1209,18564,1098,175,172,215,140,0.3332
1/06/2002,9,Wellington Region,1596,25998,1449,225,227,290,175,0.4107
1/06/2002,12,West Coast Region,54,753,48,130,120,160,100,0.4543
1/04/2017,-99,ALL,13005,365739,12264,400,398,520,315,0.4219
1/05/2002,2,Auckland Region,4434,73980,4353,270,280,345,230,0.3636
1/05/2002,4,Bay of Plenty Region,921,13032,894,180,178,210,150,0.2919
1/04/2017,13,Canterbury Region,1773,42228,1638,365,348,430,300,0.3515
1/05/2002,5,Gisborne Region,111,1764,108,145,140,165,120,0.2459
1/05/2002,6,Hawke's Bay Region,405,6162,399,165,165,200,140,0.2795
1/05/2002,8,Manawatu-Wanganui Region,699,10188,627,150,148,180,120,0.3073
1/05/2002,18,Marlborough Region,129,1623,129,170,157,185,135,0.2344
1/05/2002,-1,NA,537,11616,507,180,185,260,140,0.4445
1/05/2002,17,Nelson Region,183,2661,168,200,192,230,170,0.3537
1/05/2002,1,Northland Region,360,5022,339,160,158,180,135,0.2788
1/05/2002,14,Otago Region,486,9492,480,165,170,250,130,0.4991
1/05/2002,15,Southland Region,198,2811,213,130,124,150,104,0.2839
1/05/2002,7,Taranaki Region,258,4122,261,140,144,180,120,0.3655
1/05/2002,16,Tasman Region,72,960,72,190,187,240,155,0.3089
1/05/2002,3,Waikato Region,1254,18453,1203,170,170,220,135,0.3379
1/05/2002,9,Wellington Region,1632,25851,1572,230,229,300,175,0.4098
1/05/2002,12,West Coast Region,45,747,45,120,115,140,100,0.3139
1/05/2017,-99,ALL,13332,366711,12360,400,394,520,300,0.4263
1/04/2002,2,Auckland Region,4209,73899,4002,270,279,344,224,0.3673
1/04/2002,4,Bay of Plenty Region,885,13008,861,180,180,210,155,0.2763
1/05/2017,13,Canterbury Region,1803,42393,1641,360,346,430,300,0.3679
1/04/2002,5,Gisborne Region,108,1761,102,145,140,165,128,0.2481
1/04/2002,6,Hawke's Bay Region,378,6153,384,175,171,200,145,0.2755
1/04/2002,8,Manawatu-Wanganui Region,615,10116,648,150,145,180,120,0.3302
1/04/2002,18,Marlborough Region,102,1623,108,170,167,190,140,0.2481
1/04/2002,-1,NA,477,11586,456,185,186,250,140,0.5011
1/04/2002,17,Nelson Region,177,2646,156,200,196,240,165,0.3157
1/04/2002,1,Northland Region,324,5001,327,160,160,185,140,0.2844
1/04/2002,14,Otago Region,552,9483,477,165,171,240,130,0.4523
1/04/2002,15,Southland Region,192,2826,186,130,122,150,95,0.3664
1/04/2002,7,Taranaki Region,312,4128,288,140,144,180,115,0.3634
1/04/2002,16,Tasman Region,63,960,66,185,189,231,160,0.2545
1/04/2002,3,Waikato Region,1215,18405,1116,170,167,210,130,0.3381
1/04/2002,9,Wellington Region,1596,25791,1503,230,228,295,170,0.402
1/04/2002,12,West Coast Region,60,747,63,125,123,145,100,0.3233
1/06/2017,-99,ALL,13332,367917,12126,400,392,520,300,0.429
1/03/2002,2,Auckland Region,4812,73692,4086,270,275,330,220,0.363
1/03/2002,4,Bay of Plenty Region,1005,12984,843,180,173,200,150,0.285
1/06/2017,13,Canterbury Region,1707,42621,1479,360,342,430,295,0.3651
1/03/2002,5,Gisborne Region,129,1755,102,150,151,170,135,0.2141
1/03/2002,6,Hawke's Bay Region,360,6159,321,175,172,205,150,0.3201
1/03/2002,8,Manawatu-Wanganui Region,735,10152,615,148,146,180,120,0.3295
1/03/2002,18,Marlborough Region,156,1629,126,173,166,190,145,0.2373
1/03/2002,-1,NA,543,11562,474,180,185,250,145,0.4458
1/03/2002,17,Nelson Region,180,2622,171,200,197,225,170,0.2785
1/03/2002,1,Northland Region,405,5004,330,160,159,185,140,0.2899
1/03/2002,14,Otago Region,603,9408,543,165,167,220,120,0.4717
1/03/2002,15,Southland Region,177,2820,156,120,116,150,95,0.3284
1/03/2002,7,Taranaki Region,300,4104,276,140,144,180,110,0.359
1/03/2002,16,Tasman Region,66,966,54,200,192,244,161,0.2912
1/03/2002,3,Waikato Region,1404,18303,1218,170,168,210,135,0.352
1/03/2002,9,Wellington Region,1830,25698,1560,220,226,300,170,0.4055
1/03/2002,12,West Coast Region,48,750,45,120,101,144,86,0.7662
1/07/2017,-99,ALL,13635,369075,12477,405,396,520,310,0.4254
1/02/2002,2,Auckland Region,5019,72966,4179,260,263,330,210,0.3916
1/02/2002,4,Bay of Plenty Region,945,12822,822,180,175,200,150,0.2812
1/07/2017,13,Canterbury Region,1692,42717,1596,365,342,430,295,0.3898
1/02/2002,5,Gisborne Region,126,1728,105,150,144,170,120,0.3008
1/02/2002,6,Hawke's Bay Region,384,6117,348,160,166,200,140,0.2553
1/02/2002,8,Manawatu-Wanganui Region,1023,10032,702,150,153,200,120,0.4003
1/02/2002,18,Marlborough Region,129,1599,114,160,154,180,135,0.2572
1/02/2002,-1,NA,648,11493,429,170,176,220,140,0.4242
1/02/2002,17,Nelson Region,186,2613,159,190,188,220,160,0.2769
1/02/2002,1,Northland Region,360,4932,315,160,158,185,135,0.2909
1/02/2002,14,Otago Region,1056,9351,804,165,165,240,120,0.536
1/02/2002,15,Southland Region,237,2799,189,120,115,150,95,0.3487
1/02/2002,7,Taranaki Region,285,4080,255,145,143,180,120,0.3547
1/02/2002,16,Tasman Region,75,954,66,180,178,228,152,0.3115
1/02/2002,3,Waikato Region,1611,18117,1302,165,167,210,130,0.3453
1/02/2002,9,Wellington Region,2406,25425,1782,220,221,310,160,0.4693
1/02/2002,12,West Coast Region,54,747,33,120,111,135,90,0.3437
1/08/2017,-99,ALL,13050,370116,12006,400,392,520,300,0.4276
1/01/2002,2,Auckland Region,4419,72123,3873,265,272,325,220,0.3625
1/01/2002,4,Bay of Plenty Region,822,12699,798,180,174,210,150,0.3005
1/08/2017,13,Canterbury Region,1683,42882,1518,363,338,425,295,0.4
1/01/2002,5,Gisborne Region,114,1707,126,150,141,169,125,0.3033
1/01/2002,6,Hawke's Bay Region,381,6084,381,160,161,198,135,0.2989
1/01/2002,8,Manawatu-Wanganui Region,768,9711,699,150,150,190,120,0.3558
1/01/2002,18,Marlborough Region,99,1587,114,160,155,180,130,0.2612
1/01/2002,-1,NA,567,11274,444,180,175,250,130,0.5345
1/01/2002,17,Nelson Region,150,2586,162,188,182,220,150,0.2806
1/01/2002,1,Northland Region,357,4887,321,160,153,180,130,0.3148
1/01/2002,14,Otago Region,1998,9096,852,210,194,350,125,0.6441
1/01/2002,15,Southland Region,225,2754,177,120,111,140,90,0.347
1/01/2002,7,Taranaki Region,285,4053,267,140,139,170,110,0.367
1/01/2002,16,Tasman Region,69,945,75,190,174,226,159,0.4052
1/01/2002,3,Waikato Region,1575,17811,1371,175,169,215,135,0.3587
1/01/2002,9,Wellington Region,1923,24798,1680,240,237,300,180,0.4117
1/01/2002,12,West Coast Region,87,726,66,130,117,150,100,0.4092
1/09/2017,-99,ALL,13404,371868,11652,410,399,520,315,0.4249
1/12/2001,2,Auckland Region,4272,71580,4212,265,270,330,220,0.3639
1/12/2001,4,Bay of Plenty Region,855,12675,810,180,176,210,150,0.2795
1/09/2017,13,Canterbury Region,1803,43107,1581,365,336,430,295,0.4041
1/12/2001,5,Gisborne Region,99,1719,99,140,143,165,125,0.2411
1/12/2001,6,Hawke's Bay Region,330,6084,342,170,165,195,140,0.2645
1/12/2001,8,Manawatu-Wanganui Region,672,9642,768,150,156,200,125,0.3739
1/12/2001,18,Marlborough Region,120,1602,102,165,156,185,140,0.2708
1/12/2001,-1,NA,444,11154,462,185,187,250,140,0.4288
1/12/2001,17,Nelson Region,165,2595,180,200,192,230,160,0.2807
1/12/2001,1,Northland Region,288,4851,297,160,157,185,135,0.2724
1/12/2001,14,Otago Region,519,7950,1446,160,156,190,130,0.3519
1/12/2001,15,Southland Region,198,2706,180,120,116,140,95,0.2862
1/12/2001,7,Taranaki Region,240,4032,225,143,143,180,114,0.3838
1/12/2001,16,Tasman Region,54,948,60,180,177,220,161,0.3195
1/12/2001,3,Waikato Region,1161,17607,1251,175,173,218,140,0.3426
1/12/2001,9,Wellington Region,1422,24555,1590,220,226,290,175,0.3685
1/12/2001,12,West Coast Region,48,705,42,110,110,150,90,0.3324
1/10/2017,-99,ALL,12417,371874,12411,400,398,523,310,0.425
1/11/2001,2,Auckland Region,4335,71520,4221,260,266,320,215,0.3607
1/11/2001,4,Bay of Plenty Region,846,12630,813,180,174,200,150,0.2696
1/10/2017,13,Canterbury Region,1623,43083,1647,360,338,430,295,0.413
1/11/2001,5,Gisborne Region,120,1719,120,150,146,170,130,0.2273
1/11/2001,6,Hawke's Bay Region,432,6093,348,160,161,195,135,0.2597
1/11/2001,8,Manawatu-Wanganui Region,825,9738,993,160,159,200,125,0.3821
1/11/2001,18,Marlborough Region,117,1584,105,160,154,175,133,0.2363
1/11/2001,-1,NA,444,11172,441,180,179,240,135,0.4171
1/11/2001,17,Nelson Region,141,2610,150,185,180,220,150,0.2744
1/11/2001,1,Northland Region,321,4860,294,160,156,180,136,0.2767
1/11/2001,14,Otago Region,483,8877,609,150,156,200,120,0.3915
1/11/2001,15,Southland Region,198,2688,192,115,109,130,90,0.2721
1/11/2001,7,Taranaki Region,291,4017,246,140,137,170,110,0.3186
1/11/2001,16,Tasman Region,63,954,66,180,173,208,151,0.2715
1/11/2001,3,Waikato Region,1233,17694,1356,170,167,210,135,0.3358
1/11/2001,9,Wellington Region,1605,24720,1662,225,223,290,170,0.4021
1/11/2001,12,West Coast Region,33,702,51,118,111,135,100,0.278
1/11/2017,-99,ALL,12414,371118,13170,420,405,540,315,0.4504
1/10/2001,2,Auckland Region,4146,71403,3870,255,262,315,210,0.3635
1/10/2001,4,Bay of Plenty Region,822,12597,792,175,169,200,145,0.293
1/11/2017,13,Canterbury Region,1623,42969,1737,370,343,446,295,0.4296
1/10/2001,5,Gisborne Region,99,1722,87,150,159,178,130,0.3766
1/10/2001,6,Hawke's Bay Region,381,6009,393,160,159,190,140,0.2657
1/10/2001,8,Manawatu-Wanganui Region,603,9906,603,145,141,175,120,0.3546
1/10/2001,18,Marlborough Region,105,1572,108,163,151,180,130,0.3227
1/10/2001,-1,NA,510,11169,423,180,181,240,140,0.45
1/10/2001,17,Nelson Region,171,2619,165,190,186,220,165,0.235
1/10/2001,1,Northland Region,351,4833,309,160,155,180,130,0.3169
1/10/2001,14,Otago Region,432,9000,519,150,154,190,120,0.3692
1/10/2001,15,Southland Region,153,2682,144,110,106,130,90,0.3053
1/10/2001,7,Taranaki Region,297,3972,285,140,137,170,110,0.388
1/10/2001,16,Tasman Region,60,960,60,180,173,200,160,0.2345
1/10/2001,3,Waikato Region,1206,17820,1161,160,157,200,130,0.3852
1/10/2001,9,Wellington Region,1482,24777,1500,220,224,285,174,0.3898
1/10/2001,12,West Coast Region,48,717,39,115,109,130,90,0.2938
1/12/2017,-99,ALL,12489,368529,15078,420,411,540,320,0.4312
1/09/2001,2,Auckland Region,4710,71127,3849,255,261,310,210,0.3376
1/09/2001,4,Bay of Plenty Region,903,12567,831,180,175,200,150,0.2715
1/12/2017,13,Canterbury Region,1569,43029,1509,375,354,450,300,0.4232
1/09/2001,5,Gisborne Region,117,1710,105,150,144,160,130,0.2756
1/09/2001,6,Hawke's Bay Region,369,6021,324,160,162,190,140,0.2389
1/09/2001,8,Manawatu-Wanganui Region,636,9909,582,145,145,180,120,0.3102
1/09/2001,18,Marlborough Region,111,1575,102,160,153,180,130,0.3036
1/09/2001,-1,NA,510,11082,396,180,178,240,130,0.4535
1/09/2001,17,Nelson Region,171,2613,159,180,179,200,154,0.246
1/09/2001,1,Northland Region,363,4791,345,160,156,185,135,0.2688
1/09/2001,14,Otago Region,384,9087,360,150,152,190,120,0.3794
1/09/2001,15,Southland Region,168,2673,144,120,112,140,95,0.2912
1/09/2001,7,Taranaki Region,264,3963,243,145,140,170,120,0.3522
1/09/2001,16,Tasman Region,72,960,60,183,185,230,160,0.2427
1/09/2001,3,Waikato Region,1203,17775,1131,170,166,200,140,0.3237
1/09/2001,9,Wellington Region,1614,24795,1356,220,221,284,170,0.3989
1/09/2001,12,West Coast Region,45,711,33,110,112,136,98,0.2839
1/01/2018,-99,ALL,16149,370494,14187,430,416,560,320,0.4671
1/08/2001,2,Auckland Region,4512,70266,4215,250,258,300,210,0.3312
1/08/2001,4,Bay of Plenty Region,924,12495,897,175,172,200,150,0.2716
1/01/2018,13,Canterbury Region,2115,43017,2127,384,370,475,300,0.4202
1/08/2001,5,Gisborne Region,123,1698,114,150,143,165,125,0.2428
1/08/2001,6,Hawke's Bay Region,396,5979,399,155,154,188,130,0.2864
1/08/2001,8,Manawatu-Wanganui Region,693,9855,648,140,139,175,120,0.3477
1/08/2001,18,Marlborough Region,126,1566,102,158,151,180,130,0.2545
1/08/2001,-1,NA,528,10968,441,170,171,230,130,0.4639
1/08/2001,17,Nelson Region,180,2601,177,180,177,210,160,0.2396
1/08/2001,1,Northland Region,330,4770,285,160,152,180,135,0.2759
1/08/2001,14,Otago Region,387,9060,390,150,150,190,115,0.4194
1/08/2001,15,Southland Region,174,2649,207,115,109,135,85,0.2954
1/08/2001,7,Taranaki Region,318,3939,291,140,139,175,110,0.3596
1/08/2001,16,Tasman Region,72,948,69,175,173,210,151,0.2645
1/08/2001,3,Waikato Region,1290,17703,1221,165,162,200,130,0.3177
1/08/2001,9,Wellington Region,1536,24537,1467,220,223,290,175,0.4006
1/08/2001,12,West Coast Region,54,699,51,120,113,135,100,0.2863
1/02/2018,-99,ALL,16284,371910,14868,430,417,560,325,0.4603
1/07/2001,2,Auckland Region,4740,69969,4317,250,258,310,210,0.3395
1/07/2001,4,Bay of Plenty Region,960,12468,870,180,172,200,150,0.2789
1/02/2018,13,Canterbury Region,2376,43245,2148,390,373,475,300,0.4102
1/07/2001,5,Gisborne Region,108,1686,123,145,141,165,130,0.2976
1/07/2001,6,Hawke's Bay Region,414,5982,396,160,159,200,135,0.2896
1/07/2001,8,Manawatu-Wanganui Region,693,9810,672,140,141,175,120,0.3423
1/07/2001,18,Marlborough Region,126,1542,138,160,146,180,124,0.3245
1/07/2001,-1,NA,666,10881,426,170,172,230,134,0.4504
1/07/2001,17,Nelson Region,177,2598,168,190,186,220,165,0.2707
1/07/2001,1,Northland Region,354,4725,354,160,153,180,130,0.2862
1/07/2001,14,Otago Region,483,9063,396,150,155,195,120,0.4949
1/07/2001,15,Southland Region,201,2682,183,110,106,130,85,0.3501
1/07/2001,7,Taranaki Region,282,3912,297,140,143,180,118,0.3687
1/07/2001,16,Tasman Region,78,945,63,170,172,210,150,0.2821
1/07/2001,3,Waikato Region,1389,17631,1290,165,163,200,130,0.3338
1/07/2001,9,Wellington Region,1659,24465,1533,220,223,290,170,0.3848
1/07/2001,12,West Coast Region,51,696,42,120,109,140,83,0.4264
1/03/2018,-99,ALL,14685,373266,13329,420,412,550,320,0.4327
1/06/2001,2,Auckland Region,4476,69549,3801,250,258,315,210,0.3423
1/06/2001,4,Bay of Plenty Region,921,12378,789,175,170,200,150,0.2871
1/03/2018,13,Canterbury Region,1917,43335,1824,375,352,440,300,0.3497
1/06/2001,5,Gisborne Region,117,1704,90,150,138,160,120,0.2298
1/06/2001,6,Hawke's Bay Region,414,5964,399,165,162,195,140,0.2861
1/06/2001,8,Manawatu-Wanganui Region,675,9789,567,145,145,180,120,0.3281
1/06/2001,18,Marlborough Region,114,1554,99,170,158,180,140,0.2757
1/06/2001,-1,NA,507,10644,369,165,165,220,128,0.418
1/06/2001,17,Nelson Region,171,2589,171,185,185,210,160,0.272
1/06/2001,1,Northland Region,378,4728,300,160,159,185,140,0.295
1/06/2001,14,Otago Region,501,8976,417,150,156,200,125,0.4104
1/06/2001,15,Southland Region,186,2664,138,110,107,134,90,0.3144
1/06/2001,7,Taranaki Region,318,3924,255,140,141,170,120,0.3205
1/06/2001,16,Tasman Region,72,930,63,170,176,210,150,0.2549
1/06/2001,3,Waikato Region,1296,17532,1101,160,159,200,130,0.3402
1/06/2001,9,Wellington Region,1656,24339,1413,220,219,280,165,0.3838
1/06/2001,12,West Coast Region,42,687,33,115,110,135,91,0.3124
1/04/2018,-99,ALL,12681,373653,12291,425,415,550,330,0.4225
1/05/2001,2,Auckland Region,4215,68874,4035,250,255,300,210,0.3457
1/05/2001,4,Bay of Plenty Region,906,12246,873,175,173,200,150,0.269
1/04/2018,13,Canterbury Region,1608,43338,1608,378,357,450,300,0.3483
1/05/2001,5,Gisborne Region,108,1677,102,150,146,160,130,0.2331
1/05/2001,6,Hawke's Bay Region,387,5949,432,160,157,190,135,0.2684
1/05/2001,8,Manawatu-Wanganui Region,618,9681,630,140,140,175,115,0.3393
1/05/2001,18,Marlborough Region,105,1539,96,170,155,180,130,0.2539
1/05/2001,-1,NA,435,10506,420,175,174,240,130,0.4337
1/05/2001,17,Nelson Region,186,2592,177,180,176,200,150,0.2457
1/05/2001,1,Northland Region,333,4650,336,155,155,180,135,0.265
1/05/2001,14,Otago Region,465,8895,468,160,159,200,124,0.3864
1/05/2001,15,Southland Region,183,2616,141,113,107,130,90,0.2955
1/05/2001,7,Taranaki Region,300,3864,312,150,139,175,110,0.3287
1/05/2001,16,Tasman Region,63,918,78,165,165,200,143,0.2191
1/05/2001,3,Waikato Region,1143,17337,1164,160,163,200,130,0.3164
1/05/2001,9,Wellington Region,1536,24099,1548,220,218,285,160,0.4132
1/05/2001,12,West Coast Region,45,678,60,120,124,150,100,0.4392
1/05/2018,-99,ALL,12450,374010,12093,425,413,540,330,0.4172
1/04/2001,2,Auckland Region,4257,68691,3867,255,259,310,210,0.3479
1/04/2001,4,Bay of Plenty Region,900,12213,777,180,173,200,150,0.2834
1/05/2018,13,Canterbury Region,1593,43464,1467,375,349,430,300,0.3555
1/04/2001,5,Gisborne Region,102,1671,102,150,142,165,120,0.2859
1/04/2001,6,Hawke's Bay Region,381,5994,354,160,164,200,140,0.2612
1/04/2001,8,Manawatu-Wanganui Region,573,9693,558,145,147,180,120,0.3356
1/04/2001,18,Marlborough Region,117,1527,96,150,150,175,130,0.2334
1/04/2001,-1,NA,429,10494,408,175,169,223,130,0.4444
1/04/2001,17,Nelson Region,192,2583,162,185,185,220,153,0.2697
1/04/2001,1,Northland Region,318,4653,276,165,157,180,140,0.2624
1/04/2001,14,Otago Region,447,8898,432,150,151,195,120,0.3831
1/04/2001,15,Southland Region,165,2574,153,112,109,135,90,0.3218
1/04/2001,7,Taranaki Region,276,3876,258,140,140,175,110,0.3689
1/04/2001,16,Tasman Region,66,933,54,180,175,210,150,0.2891
1/04/2001,3,Waikato Region,1236,17358,1035,165,164,200,135,0.3197
1/04/2001,9,Wellington Region,1599,24108,1380,220,223,280,170,0.3939
1/04/2001,12,West Coast Region,42,693,48,120,115,140,100,0.2596
1/06/2018,-99,ALL,13197,375597,11610,430,412,540,330,0.4251
1/03/2001,2,Auckland Region,5067,68301,4503,250,255,300,200,0.3466
1/03/2001,4,Bay of Plenty Region,954,12093,909,175,169,200,150,0.2958
1/06/2018,13,Canterbury Region,1578,43689,1353,370,349,430,300,0.3558
1/03/2001,5,Gisborne Region,132,1668,114,148,144,160,130,0.2293
1/03/2001,6,Hawke's Bay Region,417,5970,351,165,163,190,140,0.2559
1/03/2001,8,Manawatu-Wanganui Region,768,9681,594,140,141,180,115,0.3431
1/03/2001,18,Marlborough Region,108,1506,105,153,147,175,130,0.3335
1/03/2001,-1,NA,510,10473,459,175,169,230,125,0.4593
1/03/2001,17,Nelson Region,195,2553,180,180,179,203,160,0.2496
1/03/2001,1,Northland Region,363,4608,363,160,154,180,130,0.287
1/03/2001,14,Otago Region,591,8883,543,150,153,200,115,0.4475
1/03/2001,15,Southland Region,183,2562,159,110,105,130,80,0.4142
1/03/2001,7,Taranaki Region,318,3855,285,140,137,170,115,0.3535
1/03/2001,16,Tasman Region,75,924,63,180,175,220,150,0.3013
1/03/2001,3,Waikato Region,1461,17157,1224,165,163,200,130,0.3254
1/03/2001,9,Wellington Region,1923,23889,1653,220,222,290,165,0.411
1/03/2001,12,West Coast Region,39,696,39,110,107,133,90,0.2865
1/07/2018,-99,ALL,12969,376614,11952,425,409,540,320,0.4313
1/02/2001,2,Auckland Region,5034,67737,4371,250,254,300,200,0.3456
1/02/2001,4,Bay of Plenty Region,921,12045,780,175,168,200,145,0.2828
1/07/2018,13,Canterbury Region,1473,43746,1416,370,345,440,290,0.3861
1/02/2001,5,Gisborne Region,123,1650,120,150,145,160,130,0.2806
1/02/2001,6,Hawke's Bay Region,402,5904,387,160,156,185,140,0.2481
1/02/2001,8,Manawatu-Wanganui Region,1008,9507,756,150,149,200,120,0.4095
1/02/2001,18,Marlborough Region,123,1503,102,150,140,178,130,0.4284
1/02/2001,-1,NA,597,10422,420,165,166,220,130,0.4477
1/02/2001,17,Nelson Region,189,2538,174,177,173,200,150,0.2471
1/02/2001,1,Northland Region,363,4611,321,160,153,180,133,0.2709
1/02/2001,14,Otago Region,1023,8835,714,158,155,225,110,0.5484
1/02/2001,15,Southland Region,201,2535,141,110,102,130,85,0.3427
1/02/2001,7,Taranaki Region,327,3822,309,135,135,165,110,0.3314
1/02/2001,16,Tasman Region,72,912,63,180,175,220,159,0.3065
1/02/2001,3,Waikato Region,1605,16920,1284,165,166,210,130,0.3522
1/02/2001,9,Wellington Region,2235,23619,1824,230,222,300,160,0.4503
1/02/2001,12,West Coast Region,45,696,45,118,110,135,96,0.3152
1/08/2018,-99,ALL,13056,377853,11817,430,414,549,330,0.423
1/01/2001,2,Auckland Region,4710,67074,3999,250,256,300,205,0.3458
1/01/2001,4,Bay of Plenty Region,891,11907,768,175,171,200,150,0.2881
1/08/2018,13,Canterbury Region,1551,43893,1404,370,340,425,295,0.3843
1/01/2001,5,Gisborne Region,129,1650,105,143,127,160,115,0.5146
1/01/2001,6,Hawke's Bay Region,417,5889,339,160,158,190,135,0.2677
1/01/2001,8,Manawatu-Wanganui Region,798,9255,723,150,146,188,120,0.3788
1/01/2001,18,Marlborough Region,90,1485,87,155,149,175,135,0.2266
1/01/2001,-1,NA,489,10245,402,175,170,230,130,0.4987
1/01/2001,17,Nelson Region,162,2523,153,180,179,200,150,0.2371
1/01/2001,1,Northland Region,366,4569,306,160,154,180,130,0.3178
1/01/2001,14,Otago Region,1848,8526,924,190,184,300,120,0.6142
1/01/2001,15,Southland Region,207,2478,147,110,107,130,90,0.3156
1/01/2001,7,Taranaki Region,300,3804,240,135,133,165,100,0.3845
1/01/2001,16,Tasman Region,57,903,60,175,167,200,150,0.245
1/01/2001,3,Waikato Region,1527,16599,1269,170,166,210,135,0.3533
1/01/2001,9,Wellington Region,1833,23211,1626,230,228,300,170,0.4038
1/01/2001,12,West Coast Region,54,696,45,120,110,150,95,0.4153
1/09/2018,-99,ALL,12051,378396,11508,440,422,550,340,0.4163
1/12/2000,2,Auckland Region,4101,66363,4113,250,252,300,200,0.3409
1/12/2000,4,Bay of Plenty Region,750,11784,810,176,173,200,150,0.2736
1/09/2018,13,Canterbury Region,1509,43881,1521,370,353,436,300,0.3432
1/12/2000,5,Gisborne Region,96,1626,84,150,143,165,125,0.2341
1/12/2000,6,Hawke's Bay Region,372,5811,363,170,163,200,140,0.2678
1/12/2000,8,Manawatu-Wanganui Region,621,9180,777,145,144,185,115,0.3874
1/12/2000,18,Marlborough Region,123,1482,108,160,149,175,130,0.2526
1/12/2000,-1,NA,381,10161,387,165,165,220,130,0.4493
1/12/2000,17,Nelson Region,168,2514,168,178,175,210,150,0.2737
1/12/2000,1,Northland Region,333,4512,309,150,151,180,130,0.2641
1/12/2000,14,Otago Region,507,7602,1296,150,151,185,120,0.3876
1/12/2000,15,Southland Region,159,2415,177,110,108,130,90,0.2924
1/12/2000,7,Taranaki Region,264,3744,297,140,135,170,110,0.3539
1/12/2000,16,Tasman Region,57,903,57,168,165,200,150,0.3128
1/12/2000,3,Waikato Region,1128,16341,1311,170,166,200,135,0.3161
1/12/2000,9,Wellington Region,1401,23001,1560,220,221,290,170,0.3966
1/12/2000,12,West Coast Region,42,687,39,120,114,135,100,0.2329
1/10/2018,-99,ALL,12081,378606,11874,440,423,550,340,0.4201
1/11/2000,2,Auckland Region,4119,66375,4131,250,249,300,200,0.3438
1/11/2000,4,Bay of Plenty Region,819,11844,780,175,170,200,150,0.3085
1/10/2018,13,Canterbury Region,1506,43833,1557,375,354,440,300,0.3418
1/11/2000,5,Gisborne Region,99,1614,90,150,145,165,130,0.1766
1/11/2000,6,Hawke's Bay Region,387,5802,363,160,158,190,130,0.267
1/11/2000,8,Manawatu-Wanganui Region,795,9336,942,155,157,200,120,0.3856
1/11/2000,18,Marlborough Region,111,1467,111,153,145,175,130,0.3721
1/11/2000,-1,NA,387,10164,429,170,167,218,125,0.4395
1/11/2000,17,Nelson Region,189,2514,189,180,176,206,150,0.2521
1/11/2000,1,Northland Region,324,4485,354,160,151,180,130,0.2794
1/11/2000,14,Otago Region,468,8391,591,150,153,200,115,0.3805
1/11/2000,15,Southland Region,165,2433,144,100,101,128,85,0.3006
1/11/2000,7,Taranaki Region,279,3777,267,140,134,160,110,0.3234
1/11/2000,16,Tasman Region,54,906,48,180,180,220,153,0.2473
1/11/2000,3,Waikato Region,1149,16524,1338,160,162,200,130,0.3179
1/11/2000,9,Wellington Region,1458,23163,1515,220,220,280,170,0.3961
1/11/2000,12,West Coast Region,39,687,51,103,106,120,94,0.2695
1/11/2018,-99,ALL,12585,378297,12894,440,424,550,340,0.4337
1/10/2000,2,Auckland Region,4125,66387,3954,250,250,300,200,0.3244
1/10/2000,4,Bay of Plenty Region,873,11805,861,175,169,200,150,0.2788
1/11/2018,13,Canterbury Region,1575,43800,1608,380,358,450,300,0.3744
1/10/2000,5,Gisborne Region,96,1608,93,150,147,160,130,0.2704
1/10/2000,6,Hawke's Bay Region,369,5778,342,160,159,190,135,0.2563
1/10/2000,8,Manawatu-Wanganui Region,564,9483,564,140,142,180,120,0.3188
1/10/2000,18,Marlborough Region,99,1467,99,150,147,180,128,0.3098
1/10/2000,-1,NA,387,10206,429,170,164,210,130,0.4227
1/10/2000,17,Nelson Region,162,2517,165,170,174,200,152,0.2401
1/10/2000,1,Northland Region,327,4515,276,150,150,180,130,0.2758
1/10/2000,14,Otago Region,432,8514,492,160,156,200,120,0.3578
1/10/2000,15,Southland Region,144,2412,147,110,105,130,90,0.2973
1/10/2000,7,Taranaki Region,264,3768,264,145,137,170,120,0.3447
1/10/2000,16,Tasman Region,60,900,57,170,169,200,150,0.252
1/10/2000,3,Waikato Region,1110,16713,1158,165,162,200,130,0.3163
1/10/2000,9,Wellington Region,1515,23220,1416,220,218,280,170,0.3757
1/10/2000,12,West Coast Region,42,696,45,100,95,125,73,0.4517
1/12/2018,-99,ALL,11835,375531,14601,450,430,554,350,0.4141
1/09/2000,2,Auckland Region,4578,66216,3900,250,250,300,200,0.3279
1/09/2000,4,Bay of Plenty Region,873,11793,795,175,170,200,150,0.2914
1/12/2018,13,Canterbury Region,1536,43830,1506,390,371,450,310,0.3708
1/09/2000,5,Gisborne Region,114,1605,102,150,137,160,119,0.2871
1/09/2000,6,Hawke's Bay Region,417,5751,384,160,159,190,135,0.246
1/09/2000,8,Manawatu-Wanganui Region,612,9480,579,140,140,170,120,0.3212
1/09/2000,18,Marlborough Region,117,1470,99,150,148,175,133,0.2389
1/09/2000,-1,NA,462,10251,441,165,163,215,120,0.4287
1/09/2000,17,Nelson Region,186,2520,165,175,173,200,150,0.2437
1/09/2000,1,Northland Region,351,4464,291,160,154,180,135,0.258
1/09/2000,14,Otago Region,417,8577,372,143,145,180,115,0.36
1/09/2000,15,Southland Region,186,2412,165,100,100,120,85,0.281
1/09/2000,7,Taranaki Region,285,3765,273,140,137,170,120,0.2973
1/09/2000,16,Tasman Region,66,897,66,170,162,200,140,0.2863
1/09/2000,3,Waikato Region,1203,16761,1092,170,165,200,135,0.3045
1/09/2000,9,Wellington Region,1596,23118,1404,220,219,280,170,0.3825
1/09/2000,12,West Coast Region,48,699,36,120,119,140,105,0.2781
1/01/2019,-99,ALL,15423,377250,13707,450,439,600,340,0.4663
1/08/2000,2,Auckland Region,4383,65541,4221,250,251,300,200,0.3306
1/08/2000,4,Bay of Plenty Region,855,11715,810,175,167,200,145,0.2719
1/01/2019,13,Canterbury Region,1980,43812,1998,399,379,480,310,0.4254
1/08/2000,5,Gisborne Region,111,1596,111,150,147,165,135,0.1809
1/08/2000,6,Hawke's Bay Region,435,5721,450,160,159,190,135,0.2461
1/08/2000,8,Manawatu-Wanganui Region,639,9447,633,140,140,175,120,0.321
1/08/2000,18,Marlborough Region,114,1452,114,150,148,170,135,0.2182
1/08/2000,-1,NA,411,10230,435,160,162,200,130,0.3976
1/08/2000,17,Nelson Region,156,2502,159,175,167,195,145,0.2529
1/08/2000,1,Northland Region,336,4407,318,150,149,180,130,0.3192
1/08/2000,14,Otago Region,369,8535,423,140,138,165,120,0.3453
1/08/2000,15,Southland Region,174,2391,165,100,100,130,80,0.3201
1/08/2000,7,Taranaki Region,270,3753,273,140,136,170,110,0.3146
1/08/2000,16,Tasman Region,75,894,60,170,166,200,150,0.294
1/08/2000,3,Waikato Region,1149,16650,1218,160,159,195,130,0.2941
1/08/2000,9,Wellington Region,1533,22926,1572,220,219,276,175,0.3873
1/08/2000,12,West Coast Region,45,687,45,113,107,125,90,0.3069
1/02/2019,-99,ALL,15717,378795,14172,460,445,595,350,0.4593
1/07/2000,2,Auckland Region,4884,65379,4197,250,253,300,200,0.3374
1/07/2000,4,Bay of Plenty Region,921,11670,804,180,172,200,150,0.2678
1/02/2019,13,Canterbury Region,2358,44076,2094,400,389,500,320,0.4357
1/07/2000,5,Gisborne Region,108,1596,102,150,145,163,125,0.2991
1/07/2000,6,Hawke's Bay Region,456,5736,435,160,161,190,136,0.2523
1/07/2000,8,Manawatu-Wanganui Region,723,9441,663,145,143,180,120,0.3329
1/07/2000,18,Marlborough Region,111,1452,102,150,146,180,130,0.2999
1/07/2000,-1,NA,492,10251,459,165,164,210,125,0.4216
1/07/2000,17,Nelson Region,204,2505,183,175,168,200,147,0.2644
1/07/2000,1,Northland Region,360,4389,345,160,152,180,130,0.3035
1/07/2000,14,Otago Region,450,8589,414,150,148,185,120,0.4363
1/07/2000,15,Southland Region,171,2382,156,110,103,120,90,0.2914
1/07/2000,7,Taranaki Region,306,3756,252,140,139,170,110,0.3137
1/07/2000,16,Tasman Region,78,879,66,170,169,200,150,0.2323
1/07/2000,3,Waikato Region,1329,16719,1182,165,163,200,130,0.3261
1/07/2000,9,Wellington Region,1701,22968,1527,220,217,280,170,0.3871
1/07/2000,12,West Coast Region,57,684,57,110,104,135,85,0.3683
1/03/2019,-99,ALL,14061,379692,13161,450,438,570,350,0.425
1/06/2000,2,Auckland Region,4305,64695,4182,250,250,300,200,0.3332
1/06/2000,4,Bay of Plenty Region,822,11550,816,175,169,200,150,0.2649
1/03/2019,13,Canterbury Region,1821,44121,1776,390,365,450,310,0.3591
1/06/2000,5,Gisborne Region,120,1590,117,150,147,168,130,0.3485
1/06/2000,6,Hawke's Bay Region,423,5715,423,160,159,190,135,0.2548
1/06/2000,8,Manawatu-Wanganui Region,645,9381,603,140,141,170,120,0.3251
1/06/2000,18,Marlborough Region,117,1443,138,150,150,175,130,0.2097
1/06/2000,-1,NA,465,10221,447,160,163,210,125,0.4012
1/06/2000,17,Nelson Region,180,2484,180,175,174,200,150,0.2423
1/06/2000,1,Northland Region,351,4374,294,150,150,180,130,0.2693
1/06/2000,14,Otago Region,486,8553,405,150,151,200,120,0.4259
1/06/2000,15,Southland Region,180,2367,165,110,105,130,90,0.2881
1/06/2000,7,Taranaki Region,258,3702,300,135,136,160,120,0.297
1/06/2000,16,Tasman Region,69,870,63,170,164,200,145,0.348
1/06/2000,3,Waikato Region,1230,16572,1122,165,162,200,130,0.3091
1/06/2000,9,Wellington Region,1470,22794,1413,220,221,280,170,0.3841
1/06/2000,12,West Coast Region,54,684,45,120,121,145,110,0.2919
1/04/2019,-99,ALL,12054,380232,11514,450,439,570,350,0.4145
1/05/2000,2,Auckland Region,4092,64572,4128,250,252,300,200,0.3357
1/05/2000,4,Bay of Plenty Region,858,11547,825,175,172,200,150,0.2503
1/04/2019,13,Canterbury Region,1479,44172,1428,380,360,450,310,0.3557
1/05/2000,5,Gisborne Region,111,1584,114,150,136,160,120,0.32
1/05/2000,6,Hawke's Bay Region,366,5715,399,160,159,190,130,0.2506
1/05/2000,8,Manawatu-Wanganui Region,630,9339,639,140,140,175,115,0.3356
1/05/2000,18,Marlborough Region,126,1467,108,150,148,170,120,0.2556
1/05/2000,-1,NA,426,10203,453,170,162,210,125,0.4065
1/05/2000,17,Nelson Region,183,2481,189,180,172,200,150,0.2884
1/05/2000,1,Northland Region,354,4317,342,150,151,175,130,0.2359
1/05/2000,14,Otago Region,534,8472,507,150,151,190,120,0.42
1/05/2000,15,Southland Region,165,2352,150,110,101,120,85,0.2882
1/05/2000,7,Taranaki Region,285,3744,282,138,136,170,110,0.356
1/05/2000,16,Tasman Region,66,861,54,170,163,214,136,0.3766
1/05/2000,3,Waikato Region,1182,16464,1167,165,162,200,134,0.3103
1/05/2000,9,Wellington Region,1527,22737,1557,215,216,276,169,0.4006
1/05/2000,12,West Coast Region,63,675,54,120,113,135,96,0.2594
1/05/2019,-99,ALL,12714,380898,12048,450,433,560,350,0.4117
1/04/2000,2,Auckland Region,4161,64608,3444,250,255,300,205,0.3394
1/04/2000,4,Bay of Plenty Region,879,11511,732,180,173,200,150,0.2466
1/05/2019,13,Canterbury Region,1641,44292,1518,380,359,450,300,0.369
1/04/2000,5,Gisborne Region,96,1587,87,150,146,161,130,0.247
1/04/2000,6,Hawke's Bay Region,399,5745,360,160,161,190,136,0.2446
1/04/2000,8,Manawatu-Wanganui Region,609,9348,504,140,142,175,120,0.3309
1/04/2000,18,Marlborough Region,108,1452,81,158,148,176,129,0.2351
1/04/2000,-1,NA,453,10230,402,170,162,214,125,0.4334
1/04/2000,17,Nelson Region,180,2487,132,180,178,205,160,0.2299
1/04/2000,1,Northland Region,336,4305,297,160,154,180,130,0.2688
1/04/2000,14,Otago Region,453,8445,414,150,141,180,110,0.4135
1/04/2000,15,Southland Region,165,2337,144,115,109,130,90,0.3162
1/04/2000,7,Taranaki Region,285,3741,246,140,134,170,110,0.3542
1/04/2000,16,Tasman Region,72,849,57,180,177,214,150,0.2437
1/04/2000,3,Waikato Region,1191,16446,987,165,164,200,133,0.3033
1/04/2000,9,Wellington Region,1701,22770,1335,210,210,280,155,0.4111
1/04/2000,12,West Coast Region,39,666,36,103,104,129,90,0.2916
1/06/2019,-99,ALL,12348,382494,10752,450,437,570,350,0.4256
1/03/2000,2,Auckland Region,4365,63891,4398,250,249,300,200,0.3377
1/03/2000,4,Bay of Plenty Region,942,11364,915,175,169,200,145,0.2786
1/06/2019,13,Canterbury Region,1464,44502,1254,385,356,450,300,0.374
1/03/2000,5,Gisborne Region,111,1581,114,150,152,170,135,0.307
1/03/2000,6,Hawke's Bay Region,432,5706,369,160,159,185,140,0.2542
1/03/2000,8,Manawatu-Wanganui Region,654,9243,657,140,137,175,115,0.3563
1/03/2000,18,Marlborough Region,135,1425,132,158,151,180,125,0.2478
1/03/2000,-1,NA,504,10179,540,160,160,210,125,0.4121
1/03/2000,17,Nelson Region,204,2442,207,175,173,200,150,0.2298
1/03/2000,1,Northland Region,348,4266,318,160,152,180,135,0.2576
1/03/2000,14,Otago Region,558,8406,588,150,145,185,110,0.423
1/03/2000,15,Southland Region,165,2319,150,110,100,125,80,0.3454
1/03/2000,7,Taranaki Region,276,3702,294,140,137,165,110,0.3091
1/03/2000,16,Tasman Region,66,837,63,180,171,200,155,0.2355
1/03/2000,3,Waikato Region,1338,16242,1191,160,157,200,130,0.3344
1/03/2000,9,Wellington Region,1566,22404,1476,220,218,280,170,0.3977
1/03/2000,12,West Coast Region,54,663,39,115,110,150,95,0.3789
1/07/2019,-99,ALL,13146,384264,11376,450,432,560,350,0.4275
1/02/2000,2,Auckland Region,4815,63924,4176,250,250,300,200,0.3442
1/02/2000,4,Bay of Plenty Region,945,11337,867,175,167,200,150,0.2702
1/07/2019,13,Canterbury Region,1509,44670,1341,380,351,450,300,0.399
1/02/2000,5,Gisborne Region,126,1584,114,150,143,165,130,0.2877
1/02/2000,6,Hawke's Bay Region,453,5646,402,155,154,185,130,0.2581
1/02/2000,8,Manawatu-Wanganui Region,1140,9246,765,150,147,190,120,0.3887
1/02/2000,18,Marlborough Region,123,1422,99,145,147,175,130,0.2302
1/02/2000,-1,NA,597,10212,468,155,154,200,120,0.4573
1/02/2000,17,Nelson Region,189,2445,153,175,173,200,150,0.2458
1/02/2000,1,Northland Region,381,4236,333,160,156,180,135,0.2775
1/02/2000,14,Otago Region,1065,8436,861,160,159,240,110,0.5565
1/02/2000,15,Southland Region,174,2304,153,100,98,120,85,0.304
1/02/2000,7,Taranaki Region,288,3720,258,140,137,170,110,0.3284
1/02/2000,16,Tasman Region,57,831,51,165,167,190,150,0.2059
1/02/2000,3,Waikato Region,1572,16095,1353,170,166,210,130,0.3471
1/02/2000,9,Wellington Region,2007,22314,1671,230,228,300,175,0.4173
1/02/2000,12,West Coast Region,45,648,48,105,108,130,91,0.2951
1/08/2019,-99,ALL,12786,386388,10665,450,438,570,350,0.4146
1/01/2000,2,Auckland Region,4350,63285,3657,250,251,300,200,0.3208
1/01/2000,4,Bay of Plenty Region,900,11262,732,175,169,200,150,0.2747
1/08/2019,13,Canterbury Region,1494,44868,1296,380,360,450,315,0.3678
1/01/2000,5,Gisborne Region,99,1569,99,150,141,160,128,0.2667
1/01/2000,6,Hawke's Bay Region,465,5592,366,160,157,190,135,0.2747
1/01/2000,8,Manawatu-Wanganui Region,762,8874,678,140,144,180,120,0.3755
1/01/2000,18,Marlborough Region,120,1395,108,150,147,175,130,0.2462
1/01/2000,-1,NA,468,10083,429,168,161,219,121,0.5071
1/01/2000,17,Nelson Region,207,2412,171,170,172,200,150,0.2516
1/01/2000,1,Northland Region,333,4185,294,158,150,180,130,0.3121
1/01/2000,14,Otago Region,1743,8232,867,195,184,315,120,0.618
1/01/2000,15,Southland Region,192,2283,156,105,99,120,85,0.3468
1/01/2000,7,Taranaki Region,300,3690,267,140,140,172,115,0.3624
1/01/2000,16,Tasman Region,63,825,60,160,154,200,135,0.3598
1/01/2000,3,Waikato Region,1506,15876,1233,175,169,210,140,0.3409
1/01/2000,9,Wellington Region,1857,21975,1377,225,227,300,170,0.4229
1/01/2000,12,West Coast Region,63,651,54,123,118,150,100,0.295
1/09/2019,-99,ALL,11784,387363,10809,450,437,560,350,0.4177
1/12/1999,2,Auckland Region,3771,62592,4056,250,250,300,200,0.3534
1/12/1999,4,Bay of Plenty Region,750,11094,819,180,174,200,150,0.2612
1/09/2019,13,Canterbury Region,1464,44934,1398,385,365,450,320,0.3666
1/12/1999,5,Gisborne Region,84,1569,87,150,144,165,130,0.1932
1/12/1999,6,Hawke's Bay Region,393,5496,375,160,160,190,135,0.2555
1/12/1999,8,Manawatu-Wanganui Region,636,8790,789,140,140,180,111,0.3861
1/12/1999,18,Marlborough Region,105,1383,108,160,151,175,135,0.2189
1/12/1999,-1,NA,372,10044,456,170,168,220,130,0.4506
1/12/1999,17,Nelson Region,168,2376,189,175,173,201,150,0.2685
1/12/1999,1,Northland Region,291,4149,312,160,154,181,130,0.3405
1/12/1999,14,Otago Region,525,7353,1368,150,150,188,115,0.4083
1/12/1999,15,Southland Region,156,2244,177,110,107,130,90,0.3038
1/12/1999,7,Taranaki Region,252,3657,243,130,132,170,108,0.3216
1/12/1999,16,Tasman Region,63,822,60,180,177,220,150,0.3167
1/12/1999,3,Waikato Region,1074,15603,1308,170,166,200,135,0.3286
1/12/1999,9,Wellington Region,1347,21495,1548,220,216,270,165,0.3935
1/12/1999,12,West Coast Region,48,642,48,110,112,136,93,0.3406
1/10/2019,-99,ALL,11538,387888,11013,455,442,575,350,0.4265
1/11/1999,2,Auckland Region,4137,62877,3960,250,249,300,200,0.3301
1/11/1999,4,Bay of Plenty Region,726,11163,813,175,169,200,150,0.2451
1/10/2019,13,Canterbury Region,1476,44931,1479,385,357,450,306,0.3749
1/11/1999,5,Gisborne Region,117,1569,105,140,140,160,125,0.2887
1/11/1999,6,Hawke's Bay Region,372,5478,393,160,155,185,135,0.2506
1/11/1999,8,Manawatu-Wanganui Region,780,8943,957,155,158,200,120,0.396
1/11/1999,18,Marlborough Region,114,1386,99,150,144,171,125,0.2097
1/11/1999,-1,NA,453,10128,477,165,161,210,120,0.4756
1/11/1999,17,Nelson Region,183,2394,171,175,165,200,145,0.2401
1/11/1999,1,Northland Region,288,4170,315,160,152,180,130,0.2854
1/11/1999,14,Otago Region,447,8199,594,150,145,180,120,0.3625
1/11/1999,15,Southland Region,177,2268,171,110,101,124,85,0.3609
1/11/1999,7,Taranaki Region,249,3648,270,130,134,160,110,0.3386
1/11/1999,16,Tasman Region,57,822,63,170,164,200,141,0.3064
1/11/1999,3,Waikato Region,1197,15837,1332,170,166,200,135,0.3131
1/11/1999,9,Wellington Region,1494,21696,1554,220,219,280,170,0.4451
1/11/1999,12,West Coast Region,42,639,39,110,111,135,100,0.3172
1/11/2019,-99,ALL,12981,388560,12306,460,448,580,360,0.4268
1/10/1999,2,Auckland Region,4395,62703,3735,250,246,295,200,0.3419
1/10/1999,4,Bay of Plenty Region,828,11253,759,175,168,200,150,0.2813
1/11/2019,13,Canterbury Region,1569,44940,1560,390,363,455,310,0.3931
1/10/1999,5,Gisborne Region,90,1560,90,150,142,165,128,0.2272
1/10/1999,6,Hawke's Bay Region,393,5496,345,155,156,185,135,0.2388
1/10/1999,8,Manawatu-Wanganui Region,582,9123,588,140,139,170,120,0.3146
1/10/1999,18,Marlborough Region,120,1368,99,150,145,170,130,0.2241
1/10/1999,-1,NA,459,10152,459,165,163,210,125,0.472
1/10/1999,17,Nelson Region,210,2382,168,170,170,200,149,0.2406
1/10/1999,1,Northland Region,321,4197,273,160,152,180,130,0.333
1/10/1999,14,Otago Region,426,8346,498,150,146,180,120,0.3633
1/10/1999,15,Southland Region,156,2262,156,110,102,120,89,0.2853
1/10/1999,7,Taranaki Region,279,3666,267,140,135,165,111,0.3032
1/10/1999,16,Tasman Region,72,825,69,170,167,200,150,0.2978
1/10/1999,3,Waikato Region,1230,15972,1113,165,164,200,135,0.3119
1/10/1999,9,Wellington Region,1539,21756,1350,210,215,275,165,0.4003
1/10/1999,12,West Coast Region,39,636,48,120,115,139,96,0.2748
1/12/2019,-99,ALL,12111,386616,14058,470,454,585,365,0.4284
1/09/1999,2,Auckland Region,4227,62040,3879,250,248,300,200,0.342
1/09/1999,4,Bay of Plenty Region,891,11184,831,170,166,195,145,0.2706
1/12/2019,13,Canterbury Region,1464,44958,1446,399,371,475,315,0.4415
1/09/1999,5,Gisborne Region,120,1560,99,150,141,165,125,0.2665
1/09/1999,6,Hawke's Bay Region,435,5451,405,160,160,190,140,0.2699
1/09/1999,8,Manawatu-Wanganui Region,621,9129,600,140,141,175,120,0.3279
1/09/1999,18,Marlborough Region,72,1350,90,155,151,170,140,0.2273
1/09/1999,-1,NA,453,10155,399,160,161,210,120,0.4606
1/09/1999,17,Nelson Region,183,2340,186,180,174,200,148,0.2322
1/09/1999,1,Northland Region,348,4149,318,160,150,180,130,0.2486
1/09/1999,14,Otago Region,390,8418,420,140,144,180,110,0.4745
1/09/1999,15,Southland Region,162,2262,159,100,103,130,85,0.4013
1/09/1999,7,Taranaki Region,261,3654,258,140,137,165,110,0.3274
1/09/1999,16,Tasman Region,66,822,57,180,172,200,160,0.2294
1/09/1999,3,Waikato Region,1152,15855,1167,165,162,200,130,0.3396
1/09/1999,9,Wellington Region,1458,21564,1407,210,215,270,165,0.4008
1/09/1999,12,West Coast Region,39,645,33,120,112,140,90,0.3111
1/01/2020,-99,ALL,16236,389553,13299,480,464,620,360,0.459
1/08/1999,2,Auckland Region,4314,61692,4056,250,248,300,200,0.3466
1/08/1999,4,Bay of Plenty Region,861,11124,834,175,169,200,150,0.2606
1/01/2020,13,Canterbury Region,2178,45087,2049,420,393,510,325,0.4512
1/08/1999,5,Gisborne Region,111,1539,120,145,139,160,120,0.3428
1/08/1999,6,Hawke's Bay Region,399,5421,402,160,153,181,130,0.2674
1/08/1999,8,Manawatu-Wanganui Region,642,9111,588,140,140,170,120,0.3093
1/08/1999,18,Marlborough Region,120,1365,111,145,145,170,125,0.2739
1/08/1999,-1,NA,459,10104,459,160,154,200,120,0.448
1/08/1999,17,Nelson Region,171,2343,180,175,170,200,150,0.2917
1/08/1999,1,Northland Region,339,4122,330,155,153,180,135,0.2512
1/08/1999,14,Otago Region,384,8448,360,150,149,180,113,0.4747
1/08/1999,15,Southland Region,162,2259,162,105,104,125,85,0.292
1/08/1999,7,Taranaki Region,270,3651,261,140,139,165,120,0.3318
1/08/1999,16,Tasman Region,57,813,66,165,158,190,130,0.287
1/08/1999,3,Waikato Region,1176,15867,1218,165,162,200,130,0.3319
1/08/1999,9,Wellington Region,1467,21513,1335,218,217,280,165,0.3952
1/08/1999,12,West Coast Region,48,639,48,120,120,150,100,0.242
1/02/2020,-99,ALL,16563,392040,14076,485,469,610,375,0.4382
1/07/1999,2,Auckland Region,4728,61434,4020,250,250,300,200,0.332
1/07/1999,4,Bay of Plenty Region,963,11097,801,175,171,200,150,0.2499
1/02/2020,13,Canterbury Region,2346,45459,1977,415,393,500,325,0.4393
1/07/1999,5,Gisborne Region,120,1548,105,150,143,165,130,0.2147
1/07/1999,6,Hawke's Bay Region,426,5424,387,160,159,186,138,0.243
1/07/1999,8,Manawatu-Wanganui Region,681,9057,630,140,137,170,120,0.3349
1/07/1999,18,Marlborough Region,114,1356,111,155,148,175,135,0.229
1/07/1999,-1,NA,513,10104,492,155,157,200,120,0.4555
1/07/1999,17,Nelson Region,189,2352,162,170,169,200,150,0.2229
1/07/1999,1,Northland Region,369,4113,315,160,155,180,135,0.2706
1/07/1999,14,Otago Region,513,8421,429,140,148,180,115,0.5666
1/07/1999,15,Southland Region,186,2259,150,100,100,125,80,0.334
1/07/1999,7,Taranaki Region,321,3639,315,140,135,166,112,0.3596
1/07/1999,16,Tasman Region,69,822,63,165,162,180,145,0.2144
1/07/1999,3,Waikato Region,1329,15909,1218,170,164,200,135,0.331
1/07/1999,9,Wellington Region,1689,21381,1449,220,220,280,170,0.3841
1/07/1999,12,West Coast Region,54,639,36,120,115,145,100,0.2758
1/03/2020,-99,ALL,12543,392067,12516,475,462,590,380,0.415
1/06/1999,2,Auckland Region,3867,60726,3741,250,248,300,200,0.3448
1/06/1999,4,Bay of Plenty Region,783,10935,777,175,168,200,150,0.2556
1/03/2020,13,Canterbury Region,1620,45378,1701,395,368,460,320,0.411
1/06/1999,5,Gisborne Region,105,1536,114,145,139,160,130,0.2387
1/06/1999,6,Hawke's Bay Region,402,5385,381,150,154,185,135,0.2718
1/06/1999,8,Manawatu-Wanganui Region,582,9006,564,140,138,170,120,0.2987
1/06/1999,18,Marlborough Region,123,1353,120,150,143,170,125,0.2333
1/06/1999,-1,NA,459,10083,477,160,163,210,120,0.4359
1/06/1999,17,Nelson Region,174,2328,168,170,170,195,150,0.2193
1/06/1999,1,Northland Region,306,4059,306,160,157,185,138,0.256
1/06/1999,14,Otago Region,534,8337,426,150,159,200,120,0.4639
1/06/1999,15,Southland Region,159,2223,150,100,100,125,85,0.3086
1/06/1999,7,Taranaki Region,288,3633,279,140,131,169,101,0.3387
1/06/1999,16,Tasman Region,66,813,63,165,167,200,140,0.2104
1/06/1999,3,Waikato Region,1134,15798,1098,165,165,200,135,0.317
1/06/1999,9,Wellington Region,1392,21138,1332,220,215,275,160,0.3885
1/06/1999,12,West Coast Region,54,621,51,120,111,144,100,0.3567
1/04/2020,-99,ALL,4608,391842,4833,480,469,595,380,0.4127
1/05/1999,2,Auckland Region,4419,60600,3867,250,249,300,200,0.3168
1/05/1999,4,Bay of Plenty Region,894,10929,765,180,171,200,150,0.269
1/04/2020,13,Canterbury Region,582,45330,630,410,386,470,340,0.3443
1/05/1999,5,Gisborne Region,114,1542,102,150,141,160,129,0.3128
1/05/1999,6,Hawke's Bay Region,426,5364,399,160,158,190,135,0.2505
1/05/1999,8,Manawatu-Wanganui Region,603,8988,555,140,140,175,120,0.3558
1/05/1999,18,Marlborough Region,123,1353,102,150,149,170,130,0.2444
1/05/1999,-1,NA,480,10101,441,165,160,210,120,0.4263
1/05/1999,17,Nelson Region,204,2325,171,180,174,200,148,0.2353
1/05/1999,1,Northland Region,330,4059,267,160,157,180,140,0.2485
1/05/1999,14,Otago Region,546,8229,420,143,145,180,120,0.3874
1/05/1999,15,Southland Region,141,2214,171,110,107,125,90,0.3306
1/05/1999,7,Taranaki Region,294,3627,261,140,137,170,110,0.3106
1/05/1999,16,Tasman Region,72,813,60,165,156,200,130,0.365
1/05/1999,3,Waikato Region,1230,15762,1056,160,162,200,135,0.3243
1/05/1999,9,Wellington Region,1575,21078,1257,220,217,280,170,0.3965
1/05/1999,12,West Coast Region,54,618,57,120,116,135,100,0.2187
1/05/2020,-99,ALL,11682,394038,9486,460,452,580,370,0.4015
1/04/1999,2,Auckland Region,4035,60051,3774,250,249,300,200,0.3232
1/04/1999,4,Bay of Plenty Region,927,10800,786,180,174,200,150,0.2473
1/05/2020,13,Canterbury Region,1497,45621,1206,395,374,450,330,0.3683
1/04/1999,5,Gisborne Region,102,1530,93,145,137,160,115,0.2262
1/04/1999,6,Hawke's Bay Region,390,5337,363,168,162,190,140,0.2632
1/04/1999,8,Manawatu-Wanganui Region,618,8937,513,145,140,175,120,0.3436
1/04/1999,18,Marlborough Region,102,1332,93,158,149,175,130,0.2209
1/04/1999,-1,NA,483,10062,441,160,155,200,120,0.4939
1/04/1999,17,Nelson Region,186,2292,177,175,172,200,140,0.2558
1/04/1999,1,Northland Region,342,3996,279,155,149,180,130,0.2998
1/04/1999,14,Otago Region,489,8103,450,145,139,170,115,0.3631
1/04/1999,15,Southland Region,171,2244,156,110,104,130,85,0.3406
1/04/1999,7,Taranaki Region,264,3594,276,140,135,169,115,0.3617
1/04/1999,16,Tasman Region,72,801,63,165,166,191,150,0.2624
1/04/1999,3,Waikato Region,1158,15588,1029,170,166,210,135,0.3194
1/04/1999,9,Wellington Region,1464,20760,1242,210,212,270,165,0.428
1/04/1999,12,West Coast Region,39,621,39,130,118,150,100,0.2951
1/06/2020,-99,ALL,12255,396366,9930,470,450,585,360,0.4238
1/03/1999,2,Auckland Region,4335,59790,4185,250,248,300,200,0.3281
1/03/1999,4,Bay of Plenty Region,933,10659,906,175,169,200,145,0.2648
1/06/2020,13,Canterbury Region,1449,45906,1164,390,360,460,300,0.3984
1/03/1999,5,Gisborne Region,102,1524,99,145,141,160,125,0.3073
1/03/1999,6,Hawke's Bay Region,414,5313,399,160,160,190,140,0.2304
1/03/1999,8,Manawatu-Wanganui Region,684,8832,624,140,140,170,120,0.3367
1/03/1999,18,Marlborough Region,117,1323,102,153,151,176,130,0.2811
1/03/1999,-1,NA,489,10023,531,160,156,205,120,0.46
1/03/1999,17,Nelson Region,186,2283,177,175,167,200,145,0.2481
1/03/1999,1,Northland Region,321,3933,300,160,152,180,130,0.2537
1/03/1999,14,Otago Region,600,8064,573,140,135,170,105,0.4159
1/03/1999,15,Southland Region,147,2229,141,110,105,130,90,0.2862
1/03/1999,7,Taranaki Region,315,3606,288,130,131,165,100,0.3469
1/03/1999,16,Tasman Region,60,792,60,173,164,199,150,0.297
1/03/1999,3,Waikato Region,1284,15462,1200,165,164,205,130,0.3294
1/03/1999,9,Wellington Region,1539,20538,1419,210,216,275,165,0.4071
1/03/1999,12,West Coast Region,42,621,51,125,120,135,100,0.2759
1/07/2020,-99,ALL,13104,398802,10668,470,449,580,360,0.4234
1/02/1999,2,Auckland Region,4686,59640,3960,250,245,300,200,0.3341
1/02/1999,4,Bay of Plenty Region,861,10632,786,175,170,200,150,0.269
1/07/2020,13,Canterbury Region,1506,46149,1263,395,365,460,320,0.4024
1/02/1999,5,Gisborne Region,147,1521,138,150,142,165,130,0.2745
1/02/1999,6,Hawke's Bay Region,453,5298,357,150,153,185,131,0.2665
1/02/1999,8,Manawatu-Wanganui Region,975,8772,705,140,143,190,115,0.4111
1/02/1999,18,Marlborough Region,105,1308,84,150,144,170,130,0.2697
1/02/1999,-1,NA,552,10065,447,170,165,220,125,0.4414
1/02/1999,17,Nelson Region,189,2277,174,173,171,200,149,0.2317
1/02/1999,1,Northland Region,351,3912,315,160,154,180,135,0.2792
1/02/1999,14,Otago Region,1062,8037,801,150,146,200,110,0.5196
1/02/1999,15,Southland Region,168,2223,156,108,102,130,85,0.3349
1/02/1999,7,Taranaki Region,285,3579,270,140,136,168,110,0.3132
1/02/1999,16,Tasman Region,54,792,39,165,158,200,135,0.288
1/02/1999,3,Waikato Region,1542,15378,1179,170,167,210,135,0.3531
1/02/1999,9,Wellington Region,1758,20415,1383,220,219,285,165,0.426
1/02/1999,12,West Coast Region,45,630,39,115,116,140,100,0.2549
1/08/2020,-99,ALL,12567,400260,11109,470,454,585,370,0.4195
1/01/1999,2,Auckland Region,4437,58914,3747,250,252,300,200,0.334
1/01/1999,4,Bay of Plenty Region,831,10557,783,180,170,200,150,0.2773
1/08/2020,13,Canterbury Region,1467,46272,1341,395,371,460,320,0.3728
1/01/1999,5,Gisborne Region,129,1515,96,150,149,170,125,0.2498
1/01/1999,6,Hawke's Bay Region,408,5205,366,160,155,185,135,0.3002
1/01/1999,8,Manawatu-Wanganui Region,861,8502,702,150,150,190,120,0.3847
1/01/1999,18,Marlborough Region,90,1287,78,140,134,160,120,0.2618
1/01/1999,-1,NA,507,9957,426,160,151,200,120,0.4649
1/01/1999,17,Nelson Region,198,2259,168,165,166,200,140,0.2498
1/01/1999,1,Northland Region,327,3876,291,160,152,180,130,0.316
1/01/1999,14,Otago Region,1674,7776,864,180,177,280,120,0.592
1/01/1999,15,Southland Region,174,2211,144,110,104,130,85,0.3324
1/01/1999,7,Taranaki Region,294,3564,237,140,137,170,110,0.3444
1/01/1999,16,Tasman Region,78,777,69,170,163,190,145,0.2706
1/01/1999,3,Waikato Region,1440,15012,1185,170,167,210,135,0.3601
1/01/1999,9,Wellington Region,1725,20040,1323,220,220,280,170,0.4023
1/01/1999,12,West Coast Region,60,624,57,120,107,135,91,0.3794
1/09/2020,-99,ALL,11934,401073,11121,470,456,590,370,0.4117
1/12/1998,2,Auckland Region,3612,58227,3960,250,247,290,200,0.317
1/12/1998,4,Bay of Plenty Region,741,10509,783,175,169,200,145,0.2541
1/09/2020,13,Canterbury Region,1500,46317,1458,400,377,470,326,0.3601
1/12/1998,5,Gisborne Region,87,1482,96,148,142,160,129,0.2132
1/12/1998,6,Hawke's Bay Region,330,5163,357,160,160,190,135,0.2259
1/12/1998,8,Manawatu-Wanganui Region,621,8343,828,140,143,180,120,0.3411
1/12/1998,18,Marlborough Region,96,1275,84,150,146,170,130,0.2326
1/12/1998,-1,NA,399,9876,468,155,159,203,120,0.4767
1/12/1998,17,Nelson Region,171,2232,177,175,176,200,150,0.2462
1/12/1998,1,Northland Region,297,3843,300,160,154,180,130,0.2751
1/12/1998,14,Otago Region,477,6963,1179,140,138,170,115,0.3987
1/12/1998,15,Southland Region,138,2178,156,110,104,130,90,0.3317
1/12/1998,7,Taranaki Region,285,3507,303,140,136,161,114,0.3178
1/12/1998,16,Tasman Region,66,768,57,165,162,199,150,0.3192
1/12/1998,3,Waikato Region,1032,14757,1269,170,168,210,135,0.3125
1/12/1998,9,Wellington Region,1245,19638,1422,210,213,260,169,0.3703
1/12/1998,12,West Coast Region,39,621,54,120,113,140,100,0.3554
1/10/2020,-99,ALL,12882,402036,11922,480,466,600,380,0.4137
1/11/1998,2,Auckland Region,4056,58572,3846,245,247,295,200,0.3217
1/11/1998,4,Bay of Plenty Region,795,10554,780,175,170,200,150,0.2512
1/10/2020,13,Canterbury Region,1560,46395,1482,400,378,470,340,0.357
1/11/1998,5,Gisborne Region,90,1488,81,140,136,160,120,0.2383
1/11/1998,6,Hawke's Bay Region,381,5187,366,160,157,190,135,0.2521
1/11/1998,8,Manawatu-Wanganui Region,774,8547,903,150,154,200,120,0.4139
1/11/1998,18,Marlborough Region,105,1266,87,150,140,170,115,0.2461
1/11/1998,-1,NA,435,9945,480,165,159,210,120,0.4606
1/11/1998,17,Nelson Region,165,2235,168,170,169,200,145,0.23
1/11/1998,1,Northland Region,264,3843,258,160,157,180,138,0.2268
1/11/1998,14,Otago Region,435,7665,519,140,136,165,114,0.3346
1/11/1998,15,Southland Region,171,2196,165,110,107,130,90,0.2653
1/11/1998,7,Taranaki Region,282,3525,288,135,132,160,110,0.3176
1/11/1998,16,Tasman Region,60,759,54,170,167,200,150,0.2574
1/11/1998,3,Waikato Region,1173,14994,1239,170,169,210,139,0.3291
1/11/1998,9,Wellington Region,1392,19815,1299,210,211,260,165,0.3809
1/11/1998,12,West Coast Region,39,636,39,125,127,150,110,0.2112
1/11/2020,-99,ALL,12816,402045,12807,490,468,600,380,0.4347
1/10/1998,2,Auckland Region,4467,58362,3897,250,252,300,210,0.3223
1/10/1998,4,Bay of Plenty Region,825,10536,813,175,171,200,150,0.2433
1/11/2020,13,Canterbury Region,1515,46272,1635,410,386,485,340,0.387
1/10/1998,5,Gisborne Region,111,1479,108,150,139,160,120,0.2184
1/10/1998,6,Hawke's Bay Region,435,5172,387,160,156,185,135,0.2327
1/10/1998,8,Manawatu-Wanganui Region,555,8676,528,140,135,165,120,0.315
1/10/1998,18,Marlborough Region,120,1248,99,155,145,170,130,0.3007
1/10/1998,-1,NA,504,9990,447,160,153,200,120,0.4495
1/10/1998,17,Nelson Region,174,2241,147,180,166,195,145,0.2739
1/10/1998,1,Northland Region,309,3837,285,160,157,180,140,0.2622
1/10/1998,14,Otago Region,450,7749,498,140,134,170,105,0.3558
1/10/1998,15,Southland Region,183,2193,165,105,103,130,85,0.3012
1/10/1998,7,Taranaki Region,285,3528,270,140,138,170,110,0.3118
1/10/1998,16,Tasman Region,60,753,48,165,164,200,140,0.2836
1/10/1998,3,Waikato Region,1086,15057,1104,165,162,200,130,0.3248
1/10/1998,9,Wellington Region,1452,19722,1266,210,214,270,165,0.3944
1/10/1998,12,West Coast Region,60,636,54,120,120,140,103,0.2365
1/12/2020,-99,ALL,12951,400638,14358,490,472,600,385,0.4198
1/09/1998,2,Auckland Region,4158,57795,3804,250,252,300,210,0.317
1/09/1998,4,Bay of Plenty Region,825,10524,777,175,171,200,150,0.249
1/12/2020,13,Canterbury Region,1497,46332,1437,400,388,480,335,0.3852
1/09/1998,5,Gisborne Region,105,1476,120,140,135,160,120,0.2458
1/09/1998,6,Hawke's Bay Region,387,5124,411,160,156,190,130,0.2377
1/09/1998,8,Manawatu-Wanganui Region,591,8652,591,140,137,165,120,0.3136
1/09/1998,18,Marlborough Region,108,1224,102,150,144,170,128,0.2522
1/09/1998,-1,NA,504,9933,459,160,155,210,120,0.5033
1/09/1998,17,Nelson Region,168,2214,171,175,171,200,150,0.242
1/09/1998,1,Northland Region,273,3813,276,160,152,180,130,0.2983
1/09/1998,14,Otago Region,345,7797,453,135,133,170,110,0.3885
1/09/1998,15,Southland Region,195,2175,171,110,106,130,91,0.3301
1/09/1998,7,Taranaki Region,282,3516,282,140,139,175,115,0.3372
1/09/1998,16,Tasman Region,69,741,60,170,167,200,140,0.2194
1/09/1998,3,Waikato Region,1044,15075,1029,165,163,200,135,0.3211
1/09/1998,9,Wellington Region,1251,19536,1206,205,211,260,165,0.3895
1/09/1998,12,West Coast Region,45,633,36,120,115,130,100,0.2837
1/01/2021,-99,ALL,16422,402999,14061,500,490,650,390,0.441
1/08/1998,2,Auckland Region,4491,57441,3789,250,252,300,210,0.3307
1/08/1998,4,Bay of Plenty Region,897,10476,822,180,171,200,150,0.2635
1/01/2021,13,Canterbury Region,2046,46281,2094,440,422,535,360,0.4194
1/08/1998,5,Gisborne Region,126,1494,93,150,147,165,131,0.1861
1/08/1998,6,Hawke's Bay Region,411,5148,402,160,159,185,135,0.2452
1/08/1998,8,Manawatu-Wanganui Region,630,8649,600,135,134,165,116,0.3148
1/08/1998,18,Marlborough Region,114,1221,108,150,145,170,130,0.2135
1/08/1998,-1,NA,549,9888,435,160,162,210,120,0.4438
1/08/1998,17,Nelson Region,174,2220,153,175,163,195,140,0.2477
1/08/1998,1,Northland Region,297,3816,282,160,151,180,130,0.2718
1/08/1998,14,Otago Region,393,7908,375,140,132,160,110,0.3564
1/08/1998,15,Southland Region,168,2151,174,120,108,135,90,0.2971
1/08/1998,7,Taranaki Region,282,3516,279,140,138,165,110,0.2779
1/08/1998,16,Tasman Region,66,732,81,170,158,208,130,0.3567
1/08/1998,3,Waikato Region,1230,15060,1083,165,164,200,135,0.3036
1/08/1998,9,Wellington Region,1515,19491,1227,210,209,270,160,0.4103
1/08/1998,12,West Coast Region,57,624,51,120,119,140,100,0.2088
1/02/2021,-99,ALL,16191,404538,14652,500,488,640,390,0.4405
1/07/1998,2,Auckland Region,4476,56736,4224,250,254,300,210,0.3073
1/07/1998,4,Bay of Plenty Region,849,10401,894,175,169,200,150,0.2655
1/02/2021,13,Canterbury Region,2355,46554,2082,439,415,530,350,0.4461
1/07/1998,5,Gisborne Region,132,1461,138,140,139,160,125,0.1793
1/07/1998,6,Hawke's Bay Region,414,5142,405,165,160,190,140,0.2532
1/07/1998,8,Manawatu-Wanganui Region,666,8622,627,140,136,170,110,0.3415
1/07/1998,18,Marlborough Region,108,1215,81,150,149,170,130,0.264
1/07/1998,-1,NA,528,9774,558,160,155,200,120,0.4532
1/07/1998,17,Nelson Region,195,2199,207,180,177,200,150,0.233
1/07/1998,1,Northland Region,315,3801,276,160,155,185,140,0.2649
1/07/1998,14,Otago Region,462,7887,426,140,135,166,110,0.4003
1/07/1998,15,Southland Region,159,2160,189,115,104,130,89,0.3653
1/07/1998,7,Taranaki Region,309,3513,300,140,141,170,120,0.3198
1/07/1998,16,Tasman Region,84,744,63,170,165,193,145,0.2449
1/07/1998,3,Waikato Region,1248,14913,1122,160,160,200,130,0.3288
1/07/1998,9,Wellington Region,1440,19203,1326,220,217,280,167,0.4348
1/07/1998,12,West Coast Region,45,615,69,123,117,140,100,0.2579
1/03/2021,-99,ALL,13698,405501,12735,500,477,610,385,0.4229
1/06/1998,2,Auckland Region,3936,56484,3546,250,255,300,210,0.3397
1/06/1998,4,Bay of Plenty Region,801,10446,756,180,174,200,150,0.2516
1/03/2021,13,Canterbury Region,1758,46635,1677,420,388,490,350,0.3905
1/06/1998,5,Gisborne Region,117,1467,96,150,143,161,125,0.2507
1/06/1998,6,Hawke's Bay Region,393,5133,384,165,159,190,140,0.2745
1/06/1998,8,Manawatu-Wanganui Region,561,8583,552,140,140,170,120,0.3334
1/06/1998,18,Marlborough Region,96,1188,90,150,140,170,125,0.2284
1/06/1998,-1,NA,498,9801,477,150,151,200,120,0.398
1/06/1998,17,Nelson Region,192,2208,183,180,172,200,150,0.2959
1/06/1998,1,Northland Region,291,3762,252,160,159,185,140,0.2707
1/06/1998,14,Otago Region,522,7851,396,150,147,180,120,0.3501
1/06/1998,15,Southland Region,162,2187,174,120,110,135,90,0.3133
1/06/1998,7,Taranaki Region,291,3507,273,135,138,175,119,0.3334
1/06/1998,16,Tasman Region,69,723,54,165,167,200,150,0.2443
1/06/1998,3,Waikato Region,1074,14784,1017,165,164,200,135,0.3165
1/06/1998,9,Wellington Region,1320,19089,1173,220,215,270,167,0.3974
1/06/1998,12,West Coast Region,42,639,42,120,113,135,95,0.2384
1/04/2021,-99,ALL,12672,406926,11247,500,481,615,395,0.4071
1/05/1998,2,Auckland Region,4191,56094,3567,260,260,300,220,0.3119
1/05/1998,4,Bay of Plenty Region,873,10401,726,180,173,200,150,0.2655
1/04/2021,13,Canterbury Region,1560,46797,1398,420,396,495,350,0.3777
1/05/1998,5,Gisborne Region,108,1446,90,135,136,160,120,0.2725
1/05/1998,6,Hawke's Bay Region,426,5124,366,160,157,190,135,0.2419
1/05/1998,8,Manawatu-Wanganui Region,651,8577,552,140,137,170,115,0.3471
1/05/1998,18,Marlborough Region,93,1182,81,145,146,170,130,0.2131
1/05/1998,-1,NA,513,9780,513,150,156,200,120,0.4455
1/05/1998,17,Nelson Region,219,2199,168,180,175,200,150,0.253
1/05/1998,1,Northland Region,315,3723,252,165,157,180,140,0.3171
1/05/1998,14,Otago Region,462,7725,429,140,137,165,120,0.334
1/05/1998,15,Southland Region,180,2199,171,120,111,138,93,0.3265
1/05/1998,7,Taranaki Region,273,3486,276,145,139,170,115,0.322
1/05/1998,16,Tasman Region,90,708,69,170,164,200,150,0.3098
1/05/1998,3,Waikato Region,1155,14727,1005,165,161,200,135,0.3251
1/05/1998,9,Wellington Region,1356,18942,1131,210,214,280,160,0.4154
1/05/1998,12,West Coast Region,51,636,48,120,125,149,110,0.3267
1/05/2021,-99,ALL,13263,408321,11865,500,479,620,395,0.4322
1/04/1998,2,Auckland Region,3780,55467,3465,260,258,300,220,0.3136
1/04/1998,4,Bay of Plenty Region,894,10254,813,180,172,200,150,0.3209
1/05/2021,13,Canterbury Region,1533,46908,1425,420,390,495,340,0.3971
1/04/1998,5,Gisborne Region,108,1428,108,150,139,160,130,0.3465
1/04/1998,6,Hawke's Bay Region,345,5064,339,160,158,190,135,0.2363
1/04/1998,8,Manawatu-Wanganui Region,567,8478,516,140,140,170,120,0.3507
1/04/1998,18,Marlborough Region,78,1170,90,160,151,170,135,0.1741
1/04/1998,-1,NA,444,9780,453,160,155,220,120,0.5144
1/04/1998,17,Nelson Region,183,2148,174,180,176,200,159,0.2801
1/04/1998,1,Northland Region,276,3660,246,160,154,185,130,0.3317
1/04/1998,14,Otago Region,435,7695,447,140,135,165,115,0.3487
1/04/1998,15,Southland Region,153,2193,147,115,111,135,95,0.2811
1/04/1998,7,Taranaki Region,282,3489,246,150,141,178,120,0.3079
1/04/1998,16,Tasman Region,48,687,48,180,175,200,160,0.2557
1/04/1998,3,Waikato Region,1068,14577,951,170,164,205,135,0.3588
1/04/1998,9,Wellington Region,1245,18720,1143,210,212,270,160,0.4052
1/04/1998,12,West Coast Region,45,633,48,130,121,140,110,0.2657
1/06/2021,-99,ALL,11889,409725,10485,500,478,610,390,0.4077
1/03/1998,2,Auckland Region,3978,55152,3600,260,260,310,220,0.319
1/03/1998,4,Bay of Plenty Region,822,10176,768,180,175,203,150,0.2627
1/06/2021,13,Canterbury Region,1380,47094,1194,420,385,490,340,0.3919
1/03/1998,5,Gisborne Region,99,1428,87,150,147,165,130,0.2102
1/03/1998,6,Hawke's Bay Region,378,5055,321,155,152,185,130,0.2736
1/03/1998,8,Manawatu-Wanganui Region,654,8424,570,135,137,165,120,0.3778
1/03/1998,18,Marlborough Region,105,1182,99,150,148,170,134,0.2125
1/03/1998,-1,NA,519,9786,489,165,165,220,130,0.4832
1/03/1998,17,Nelson Region,183,2139,165,180,170,195,150,0.2411
1/03/1998,1,Northland Region,279,3630,231,155,153,180,130,0.2744
1/03/1998,14,Otago Region,603,7707,573,140,138,178,110,0.4193
1/03/1998,15,Southland Region,162,2187,147,110,106,130,90,0.3173
1/03/1998,7,Taranaki Region,282,3456,300,150,142,170,120,0.3339
1/03/1998,16,Tasman Region,66,690,54,170,172,200,150,0.2582
1/03/1998,3,Waikato Region,1155,14460,1056,165,163,200,130,0.3225
1/03/1998,9,Wellington Region,1413,18618,1218,220,220,280,170,0.4242
1/03/1998,12,West Coast Region,54,639,48,125,119,140,110,0.2843
1/07/2021,-99,ALL,12384,411042,11067,500,482,620,400,0.4232
1/02/1998,2,Auckland Region,4086,54774,3399,260,261,310,220,0.3258
1/02/1998,4,Bay of Plenty Region,816,10122,714,175,169,200,145,0.278
1/07/2021,13,Canterbury Region,1461,47310,1248,425,389,500,340,0.4172
1/02/1998,5,Gisborne Region,111,1416,99,150,144,165,130,0.2265
1/02/1998,6,Hawke's Bay Region,372,4998,279,160,153,185,135,0.2638
1/02/1998,8,Manawatu-Wanganui Region,981,8340,705,140,141,190,111,0.4311
1/02/1998,18,Marlborough Region,108,1176,87,160,147,170,131,0.2434
1/02/1998,-1,NA,570,9756,480,160,157,220,120,0.5079
1/02/1998,17,Nelson Region,201,2121,177,170,171,200,150,0.2458
1/02/1998,1,Northland Region,291,3582,243,160,152,180,130,0.2972
1/02/1998,14,Otago Region,1038,7677,783,145,139,195,100,0.5385
1/02/1998,15,Southland Region,180,2172,168,115,108,135,95,0.3333
1/02/1998,7,Taranaki Region,291,3474,267,140,140,170,113,0.2775
1/02/1998,16,Tasman Region,69,678,45,175,167,203,149,0.3128
1/02/1998,3,Waikato Region,1374,14361,1092,160,163,210,130,0.3916
1/02/1998,9,Wellington Region,1446,18423,1167,210,210,275,160,0.4203
1/02/1998,12,West Coast Region,57,633,48,125,116,140,96,0.3593
1/08/2021,-99,ALL,9222,411717,8547,510,494,630,400,0.3949
1/01/1998,2,Auckland Region,4029,54087,3471,260,262,310,220,0.3237
1/01/1998,4,Bay of Plenty Region,810,10017,681,180,172,200,150,0.2672
1/08/2021,13,Canterbury Region,1080,47364,1023,435,408,500,350,0.3614
1/01/1998,5,Gisborne Region,126,1404,102,140,133,160,120,0.2951
1/01/1998,6,Hawke's Bay Region,411,4905,348,160,158,190,135,0.2697
1/01/1998,8,Manawatu-Wanganui Region,846,8064,648,145,148,190,120,0.3797
1/01/1998,18,Marlborough Region,105,1158,78,150,151,170,135,0.2194
1/01/1998,-1,NA,519,9669,489,160,156,210,125,0.478
1/01/1998,17,Nelson Region,204,2094,192,180,172,200,149,0.2843
1/01/1998,1,Northland Region,282,3534,252,160,145,180,125,0.3525
1/01/1998,14,Otago Region,1515,7422,810,170,168,275,110,0.6176
1/01/1998,15,Southland Region,171,2163,153,110,105,135,90,0.3558
1/01/1998,7,Taranaki Region,318,3450,258,140,138,170,115,0.3331
1/01/1998,16,Tasman Region,57,654,48,170,167,200,150,0.3071
1/01/1998,3,Waikato Region,1317,14082,1113,170,168,210,135,0.3675
1/01/1998,9,Wellington Region,1542,18144,1212,220,218,280,165,0.4152
1/01/1998,12,West Coast Region,69,624,66,120,115,150,100,0.4023
1/09/2021,-99,ALL,7872,411312,8274,495,473,600,380,0.4086
1/12/1997,2,Auckland Region,3285,53529,3339,260,257,300,220,0.3158
1/12/1997,4,Bay of Plenty Region,681,9888,660,180,174,210,150,0.2487
1/09/2021,13,Canterbury Region,1206,47220,1350,425,401,500,350,0.3722
1/12/1997,5,Gisborne Region,93,1383,93,145,143,165,128,0.1966
1/12/1997,6,Hawke's Bay Region,324,4842,339,160,158,185,138,0.2314
1/12/1997,8,Manawatu-Wanganui Region,576,7866,678,140,141,180,115,0.3854
1/12/1997,18,Marlborough Region,84,1128,99,155,148,175,140,0.2542
1/12/1997,-1,NA,405,9639,438,170,160,218,120,0.4371
1/12/1997,17,Nelson Region,153,2082,171,175,169,200,145,0.2561
1/12/1997,1,Northland Region,228,3507,222,160,154,180,130,0.3063
1/12/1997,14,Otago Region,501,6717,1125,150,154,185,120,0.4347
1/12/1997,15,Southland Region,138,2142,174,110,109,135,95,0.3646
1/12/1997,7,Taranaki Region,234,3390,264,140,141,170,120,0.3021
1/12/1997,16,Tasman Region,48,648,54,173,166,191,160,0.3039
1/12/1997,3,Waikato Region,978,13881,1128,173,168,210,140,0.338
1/12/1997,9,Wellington Region,1122,17814,1194,210,208,260,160,0.4165
1/12/1997,12,West Coast Region,45,621,51,130,124,150,100,0.2601
1/10/2021,-99,ALL,11997,412047,11265,520,495,640,400,0.4079
1/11/1997,2,Auckland Region,3699,53583,3321,260,262,310,220,0.3192
1/11/1997,4,Bay of Plenty Region,735,9867,660,180,172,200,150,0.2568
1/10/2021,13,Canterbury Region,1437,47211,1446,430,402,500,350,0.386
1/11/1997,5,Gisborne Region,117,1383,96,145,140,163,123,0.223
1/11/1997,6,Hawke's Bay Region,345,4857,336,155,155,190,135,0.2717
1/11/1997,8,Manawatu-Wanganui Region,690,7965,867,150,150,195,120,0.3977
1/11/1997,18,Marlborough Region,96,1143,72,145,140,160,130,0.2305
1/11/1997,-1,NA,468,9672,423,160,160,220,120,0.4589
1/11/1997,17,Nelson Region,168,2100,168,170,164,195,145,0.2597
1/11/1997,1,Northland Region,282,3498,258,150,153,185,130,0.292
1/11/1997,14,Otago Region,429,7341,612,145,143,170,120,0.3462
1/11/1997,15,Southland Region,159,2178,150,120,113,140,95,0.3214
1/11/1997,7,Taranaki Region,288,3417,291,145,141,165,120,0.3287
1/11/1997,16,Tasman Region,63,654,54,165,162,200,150,0.301
1/11/1997,3,Waikato Region,1149,14028,1149,170,166,210,135,0.3536
1/11/1997,9,Wellington Region,1386,17886,1212,210,214,275,160,0.4043
1/11/1997,12,West Coast Region,42,627,39,130,124,144,105,0.2266
1/11/2021,-99,ALL,12087,411984,12150,525,505,650,410,0.4238
1/10/1997,2,Auckland Region,3747,53205,3411,260,260,300,220,0.3159
1/10/1997,4,Bay of Plenty Region,774,9792,714,180,176,200,150,0.2535
1/11/2021,13,Canterbury Region,1575,47133,1653,450,416,530,360,0.4085
1/10/1997,5,Gisborne Region,105,1362,87,150,140,160,130,0.2658
1/10/1997,6,Hawke's Bay Region,351,4845,333,160,155,180,135,0.2818
1/10/1997,8,Manawatu-Wanganui Region,558,8142,555,135,134,164,115,0.3067
1/10/1997,18,Marlborough Region,84,1119,87,145,148,170,135,0.2013
1/10/1997,-1,NA,474,9627,471,160,158,200,120,0.4391
1/10/1997,17,Nelson Region,168,2100,153,175,171,200,150,0.2433
1/10/1997,1,Northland Region,264,3474,243,160,158,185,140,0.2411
1/10/1997,14,Otago Region,393,7524,507,150,144,180,120,0.3276
1/10/1997,15,Southland Region,192,2166,192,115,111,130,95,0.324
1/10/1997,7,Taranaki Region,270,3423,261,150,144,170,119,0.3625
1/10/1997,16,Tasman Region,63,645,63,170,163,190,135,0.2983
1/10/1997,3,Waikato Region,1047,14031,987,165,164,210,130,0.3194
1/10/1997,9,Wellington Region,1200,17709,1086,200,205,260,160,0.4081
1/10/1997,12,West Coast Region,39,624,33,120,112,135,105,0.3493
1/12/2021,-99,ALL,12672,410439,14217,540,515,650,420,0.3977
1/09/1997,2,Auckland Region,3639,52869,3276,260,260,300,220,0.3205
1/09/1997,4,Bay of Plenty Region,774,9732,660,180,177,210,155,0.2414
1/12/2021,13,Canterbury Region,1734,47274,1596,470,458,570,386,0.4087
1/09/1997,5,Gisborne Region,129,1341,96,150,145,160,130,0.2101
1/09/1997,6,Hawke's Bay Region,360,4827,336,158,154,185,135,0.2718
1/09/1997,8,Manawatu-Wanganui Region,561,8139,564,140,138,165,120,0.2925
1/09/1997,18,Marlborough Region,96,1122,99,150,146,170,130,0.2201
1/09/1997,-1,NA,480,9621,471,150,153,200,119,0.4507
1/09/1997,17,Nelson Region,183,2088,153,173,169,200,144,0.3066
1/09/1997,1,Northland Region,270,3453,222,160,154,185,130,0.3232
1/09/1997,14,Otago Region,363,7635,456,140,133,165,113,0.3488
1/09/1997,15,Southland Region,159,2166,165,120,116,140,98,0.287
1/09/1997,7,Taranaki Region,279,3411,300,150,138,170,120,0.3058
1/09/1997,16,Tasman Region,51,645,33,170,155,193,140,0.3663
1/09/1997,3,Waikato Region,1074,13971,972,160,159,200,130,0.3095
1/09/1997,9,Wellington Region,1155,17595,1038,200,206,260,160,0.4064
1/09/1997,12,West Coast Region,42,618,42,130,127,150,120,0.2237
1/01/2022,-99,ALL,14307,411969,12777,550,526,690,420,0.433
1/08/1997,2,Auckland Region,4071,52506,3420,260,264,310,220,0.3155
1/08/1997,4,Bay of Plenty Region,807,9618,696,180,174,200,150,0.2445
1/01/2022,13,Canterbury Region,1608,47115,1770,475,452,575,385,0.4181
1/08/1997,5,Gisborne Region,120,1311,84,150,145,168,128,0.2946
1/08/1997,6,Hawke's Bay Region,396,4803,366,160,155,185,135,0.2624
1/08/1997,8,Manawatu-Wanganui Region,603,8142,543,140,138,170,120,0.3515
1/08/1997,18,Marlborough Region,87,1128,72,150,139,160,130,0.2687
1/08/1997,-1,NA,501,9612,450,160,156,208,120,0.4608
1/08/1997,17,Nelson Region,183,2058,159,175,168,200,145,0.2685
1/08/1997,1,Northland Region,279,3405,228,160,153,185,130,0.3271
1/08/1997,14,Otago Region,438,7728,435,145,137,165,120,0.3534
1/08/1997,15,Southland Region,186,2172,159,120,116,140,100,0.3185
1/08/1997,7,Taranaki Region,318,3432,264,150,146,180,120,0.329
1/08/1997,16,Tasman Region,51,627,45,170,161,204,146,0.3705
1/08/1997,3,Waikato Region,1122,13869,972,168,164,210,130,0.3246
1/08/1997,9,Wellington Region,1389,17478,1131,200,204,260,155,0.4305
1/08/1997,12,West Coast Region,63,618,51,130,125,146,110,0.2359
1/02/2022,-99,ALL,14487,413166,13293,550,522,675,420,0.4263
1/07/1997,2,Auckland Region,3924,51852,3573,260,263,310,220,0.3191
1/07/1997,4,Bay of Plenty Region,771,9507,687,180,173,200,150,0.2835
1/02/2022,13,Canterbury Region,2016,47244,1887,470,442,575,380,0.4463
1/07/1997,5,Gisborne Region,114,1275,102,145,134,160,120,0.3664
1/07/1997,6,Hawke's Bay Region,357,4773,387,160,158,190,135,0.2424
1/07/1997,8,Manawatu-Wanganui Region,654,8082,612,140,139,170,120,0.3438
1/07/1997,18,Marlborough Region,99,1113,99,150,144,170,130,0.2394
1/07/1997,-1,NA,570,9564,501,160,157,208,120,0.4906
1/07/1997,17,Nelson Region,177,2034,174,175,169,200,145,0.2889
1/07/1997,1,Northland Region,291,3354,234,160,156,185,140,0.2642
1/07/1997,14,Otago Region,483,7725,453,140,140,171,114,0.4193
1/07/1997,15,Southland Region,183,2145,216,120,115,140,100,0.3134
1/07/1997,7,Taranaki Region,315,3381,270,140,140,170,120,0.2984
1/07/1997,16,Tasman Region,57,621,48,170,168,200,150,0.2258
1/07/1997,3,Waikato Region,1149,13716,1089,160,160,200,130,0.3482
1/07/1997,9,Wellington Region,1260,17220,1137,200,205,260,160,0.409
1/07/1997,12,West Coast Region,48,603,48,130,128,150,118,0.1702
1/03/2022,-99,ALL,12777,414174,11769,540,509,650,420,0.4272
1/06/1997,2,Auckland Region,3690,51501,3075,265,265,313,220,0.3207
1/06/1997,4,Bay of Plenty Region,762,9423,624,180,171,200,150,0.2641
1/03/2022,13,Canterbury Region,1410,47178,1476,450,415,550,360,0.4537
1/06/1997,5,Gisborne Region,90,1263,87,145,143,160,120,0.2472
1/06/1997,6,Hawke's Bay Region,393,4803,339,160,158,190,131,0.2874
1/06/1997,8,Manawatu-Wanganui Region,564,8043,519,135,140,170,120,0.3393
1/06/1997,18,Marlborough Region,84,1113,78,155,148,170,135,0.2204
1/06/1997,-1,NA,537,9492,492,150,154,200,120,0.4633
1/06/1997,17,Nelson Region,198,2034,162,170,164,195,140,0.2706
1/06/1997,1,Northland Region,246,3294,213,160,154,180,130,0.3318
1/06/1997,14,Otago Region,588,7695,459,150,143,170,120,0.3623
1/06/1997,15,Southland Region,186,2178,156,125,121,146,100,0.3333
1/06/1997,7,Taranaki Region,285,3336,237,145,141,170,111,0.3355
1/06/1997,16,Tasman Region,48,612,39,170,164,203,150,0.3463
1/06/1997,3,Waikato Region,1068,13659,921,165,165,200,135,0.3315
1/06/1997,9,Wellington Region,1137,17094,954,200,205,260,155,0.4336
1/06/1997,12,West Coast Region,54,603,36,128,119,150,100,0.2639
1/04/2022,-99,ALL,12204,416364,10014,550,517,650,430,0.4058
1/05/1997,2,Auckland Region,3861,50886,3234,270,268,320,225,0.3219
1/05/1997,4,Bay of Plenty Region,849,9285,735,180,173,210,150,0.2593
1/04/2022,13,Canterbury Region,1380,47415,1143,460,430,550,380,0.4037
1/05/1997,5,Gisborne Region,117,1257,84,150,146,170,125,0.2535
1/05/1997,6,Hawke's Bay Region,438,4752,432,160,155,185,130,0.273
1/05/1997,8,Manawatu-Wanganui Region,588,7998,537,140,137,170,115,0.3258
1/05/1997,18,Marlborough Region,96,1107,84,150,144,170,130,0.2435
1/05/1997,-1,NA,561,9447,540,150,155,200,120,0.4498
1/05/1997,17,Nelson Region,171,1998,159,170,166,200,145,0.2774
1/05/1997,1,Northland Region,297,3261,222,165,154,184,135,0.2493
1/05/1997,14,Otago Region,573,7566,513,140,137,170,115,0.4142
1/05/1997,15,Southland Region,228,2148,189,125,117,140,100,0.3352
1/05/1997,7,Taranaki Region,315,3288,267,140,138,170,115,0.3117
1/05/1997,16,Tasman Region,75,603,45,170,159,186,140,0.3406
1/05/1997,3,Waikato Region,1224,13509,975,163,161,200,130,0.3121
1/05/1997,9,Wellington Region,1320,16914,1155,205,209,270,160,0.4112
1/05/1997,12,West Coast Region,63,585,57,128,120,140,100,0.2525
1/05/2022,-99,ALL,11673,417669,10368,540,508,650,420,0.4227
1/04/1997,2,Auckland Region,3549,50262,3165,270,267,320,225,0.3468
1/04/1997,4,Bay of Plenty Region,786,9171,606,180,170,200,150,0.2614
1/05/2022,13,Canterbury Region,1323,47511,1227,460,430,550,380,0.4018
1/04/1997,5,Gisborne Region,99,1227,96,150,141,165,120,0.2295
1/04/1997,6,Hawke's Bay Region,366,4746,327,160,154,190,130,0.2952
1/04/1997,8,Manawatu-Wanganui Region,582,7947,573,140,137,170,115,0.3338
1/04/1997,18,Marlborough Region,84,1095,87,155,146,170,134,0.2504
1/04/1997,-1,NA,519,9426,474,160,155,210,120,0.492
1/04/1997,17,Nelson Region,171,1983,150,180,172,200,150,0.2601
1/04/1997,1,Northland Region,243,3189,219,158,148,180,130,0.3086
1/04/1997,14,Otago Region,555,7506,531,150,143,180,120,0.3848
1/04/1997,15,Southland Region,189,2109,156,125,118,140,100,0.3519
1/04/1997,7,Taranaki Region,288,3240,270,140,135,165,115,0.3183
1/04/1997,16,Tasman Region,54,573,51,163,162,190,141,0.2387
1/04/1997,3,Waikato Region,1080,13260,972,160,158,200,130,0.3594
1/04/1997,9,Wellington Region,1197,16749,1083,200,208,270,160,0.4259
1/04/1997,12,West Coast Region,63,579,45,130,123,140,120,0.2825
1/06/2022,-99,ALL,11661,419592,9741,530,507,650,420,0.4053
1/03/1997,2,Auckland Region,3852,49878,2967,270,270,320,225,0.327
1/03/1997,4,Bay of Plenty Region,828,8991,606,175,172,200,150,0.2593
1/06/2022,13,Canterbury Region,1347,47721,1140,450,425,550,370,0.4102
1/03/1997,5,Gisborne Region,102,1227,81,150,139,165,130,0.3544
1/03/1997,6,Hawke's Bay Region,375,4704,288,155,154,180,130,0.246
1/03/1997,8,Manawatu-Wanganui Region,651,7941,492,140,142,180,120,0.3773
1/03/1997,18,Marlborough Region,102,1098,78,150,147,165,135,0.201
1/03/1997,-1,NA,504,9381,435,160,153,200,120,0.4829
1/03/1997,17,Nelson Region,171,1962,147,175,167,200,150,0.317
1/03/1997,1,Northland Region,273,3165,186,160,156,180,133,0.2872
1/03/1997,14,Otago Region,573,7479,531,140,134,170,105,0.4587
1/03/1997,15,Southland Region,147,2076,141,125,116,140,100,0.2846
1/03/1997,7,Taranaki Region,309,3222,258,140,136,170,110,0.3434
1/03/1997,16,Tasman Region,48,570,36,160,158,193,138,0.2399
1/03/1997,3,Waikato Region,1089,13152,825,160,160,200,130,0.3753
1/03/1997,9,Wellington Region,1287,16638,1011,200,203,260,155,0.4268
1/03/1997,12,West Coast Region,39,564,36,130,124,150,110,0.2546
1/07/2022,-99,ALL,13476,422418,10650,540,513,650,425,0.4007
1/02/1997,2,Auckland Region,3681,48990,2955,265,266,320,220,0.3381
1/02/1997,4,Bay of Plenty Region,780,8769,588,175,168,200,145,0.2812
1/07/2022,13,Canterbury Region,1470,47991,1197,460,434,550,380,0.3863
1/02/1997,5,Gisborne Region,108,1206,102,145,135,160,123,0.3115
1/02/1997,6,Hawke's Bay Region,423,4617,336,150,151,180,130,0.266
1/02/1997,8,Manawatu-Wanganui Region,942,7782,669,140,146,195,120,0.4289
1/02/1997,18,Marlborough Region,93,1077,87,150,142,170,130,0.2697
1/02/1997,-1,NA,564,9312,462,150,152,200,120,0.4616
1/02/1997,17,Nelson Region,177,1938,147,173,168,200,145,0.267
1/02/1997,1,Northland Region,264,3078,207,150,149,180,125,0.3425
1/02/1997,14,Otago Region,957,7440,738,150,145,200,110,0.4892
1/02/1997,15,Southland Region,165,2070,171,120,115,140,95,0.3282
1/02/1997,7,Taranaki Region,303,3171,246,140,137,165,110,0.2904
1/02/1997,16,Tasman Region,60,558,45,164,164,189,150,0.2605
1/02/1997,3,Waikato Region,1212,12891,951,160,160,210,130,0.3599
1/02/1997,9,Wellington Region,1296,16365,1005,200,206,270,156,0.4288
1/02/1997,12,West Coast Region,54,561,39,120,117,140,104,0.2967
1/08/2022,-99,ALL,12306,424590,10137,540,511,650,420,0.4006
1/01/1997,2,Auckland Region,3447,48261,2949,270,268,320,225,0.3265
1/01/1997,4,Bay of Plenty Region,687,8580,591,170,164,200,140,0.3003
1/08/2022,13,Canterbury Region,1272,48060,1203,465,432,550,380,0.3846
1/01/1997,5,Gisborne Region,99,1200,81,150,139,165,130,0.3519
1/01/1997,6,Hawke's Bay Region,390,4530,336,155,154,185,130,0.3068
1/01/1997,8,Manawatu-Wanganui Region,747,7509,609,140,144,180,120,0.3788
1/01/1997,18,Marlborough Region,78,1068,75,145,142,169,131,0.2395
1/01/1997,-1,NA,540,9210,474,150,150,210,110,0.535
1/01/1997,17,Nelson Region,174,1908,159,175,169,195,140,0.3211
1/01/1997,1,Northland Region,264,3018,192,150,143,180,121,0.3178
1/01/1997,14,Otago Region,1638,7218,777,170,163,270,100,0.6207
1/01/1997,15,Southland Region,195,2076,150,110,107,140,90,0.4872
1/01/1997,7,Taranaki Region,315,3114,279,135,131,160,110,0.3529
1/01/1997,16,Tasman Region,36,543,45,165,145,195,123,0.5016
1/01/1997,3,Waikato Region,1248,12630,1041,160,160,210,125,0.4427
1/01/1997,9,Wellington Region,1308,16074,1095,200,209,275,155,0.4267
1/01/1997,12,West Coast Region,69,546,51,130,116,140,100,0.3599
1/09/2022,-99,ALL,12474,426981,10083,540,507,650,420,0.4129
1/12/1996,2,Auckland Region,2958,47763,2892,260,262,310,220,0.3186
1/12/1996,4,Bay of Plenty Region,624,8481,609,175,171,200,145,0.2837
1/09/2022,13,Canterbury Region,1455,48249,1266,465,430,550,380,0.4094
1/12/1996,5,Gisborne Region,90,1185,84,150,144,165,125,0.2474
1/12/1996,6,Hawke's Bay Region,348,4473,357,150,154,185,130,0.2977
1/12/1996,8,Manawatu-Wanganui Region,573,7368,711,145,144,180,120,0.3622
1/12/1996,18,Marlborough Region,75,1065,69,150,156,170,135,0.3338
1/12/1996,-1,NA,495,9144,474,150,153,200,120,0.4501
1/12/1996,17,Nelson Region,144,1893,153,170,161,200,140,0.3012
1/12/1996,1,Northland Region,228,2946,237,150,145,180,125,0.3962
1/12/1996,14,Otago Region,528,6357,1167,150,155,200,120,0.4505
1/12/1996,15,Southland Region,138,2031,168,125,120,143,100,0.2877
1/12/1996,7,Taranaki Region,225,3078,282,140,137,165,115,0.3345
1/12/1996,16,Tasman Region,42,552,39,180,163,200,140,0.3661
1/12/1996,3,Waikato Region,933,12423,1077,165,163,200,130,0.3239
1/12/1996,9,Wellington Region,1053,15861,1095,200,204,260,155,0.4074
1/12/1996,12,West Coast Region,45,528,48,120,114,150,100,0.2724
1/10/2022,-99,ALL,12297,428703,10575,550,520,650,430,0.399
1/11/1996,2,Auckland Region,3420,47700,2871,260,259,310,220,0.3186
1/11/1996,4,Bay of Plenty Region,621,8466,519,170,168,200,145,0.2752
1/10/2022,13,Canterbury Region,1368,48291,1326,480,443,550,380,0.3932
1/11/1996,5,Gisborne Region,99,1179,75,148,145,164,126,0.3315
1/11/1996,6,Hawke's Bay Region,381,4482,348,150,152,180,130,0.2642
1/11/1996,8,Manawatu-Wanganui Region,849,7506,861,150,157,200,125,0.3918
1/11/1996,18,Marlborough Region,96,1056,69,145,143,170,125,0.2148
1/11/1996,-1,NA,513,9123,489,155,159,203,120,0.4883
1/11/1996,17,Nelson Region,162,1899,165,160,156,190,140,0.296
1/11/1996,1,Northland Region,207,2955,195,150,149,180,125,0.2905
1/11/1996,14,Otago Region,465,6996,540,150,144,180,120,0.3816
1/11/1996,15,Southland Region,141,2061,141,115,114,140,100,0.3284
1/11/1996,7,Taranaki Region,267,3135,285,140,138,170,115,0.325
1/11/1996,16,Tasman Region,42,549,42,165,165,185,150,0.2236
1/11/1996,3,Waikato Region,1161,12567,1134,160,162,200,130,0.3501
1/11/1996,9,Wellington Region,1203,15903,984,200,205,260,155,0.4148
1/11/1996,12,West Coast Region,42,531,54,120,118,140,100,0.2703
1/11/2022,-99,ALL,12840,429780,11763,550,518,655,420,0.4174
1/10/1996,2,Auckland Region,3075,47151,2820,260,264,310,220,0.3284
1/10/1996,4,Bay of Plenty Region,675,8364,591,170,163,190,140,0.3038
1/11/2022,13,Canterbury Region,1590,48258,1623,495,469,600,400,0.4189
1/10/1996,5,Gisborne Region,72,1155,81,150,140,160,123,0.218
1/10/1996,6,Hawke's Bay Region,366,4449,339,160,154,180,130,0.2421
1/10/1996,8,Manawatu-Wanganui Region,528,7521,522,140,136,160,120,0.3225
1/10/1996,18,Marlborough Region,78,1029,81,150,143,165,130,0.2143
1/10/1996,-1,NA,480,9102,441,158,158,226,120,0.5063
1/10/1996,17,Nelson Region,168,1905,165,165,162,190,140,0.2707
1/10/1996,1,Northland Region,225,2943,186,150,146,180,125,0.2834
1/10/1996,14,Otago Region,417,7071,501,150,145,180,120,0.3749
1/10/1996,15,Southland Region,165,2058,159,120,115,140,95,0.2906
1/10/1996,7,Taranaki Region,282,3150,285,150,142,170,120,0.2876
1/10/1996,16,Tasman Region,57,549,42,155,155,190,135,0.2664
1/10/1996,3,Waikato Region,936,12540,897,150,154,196,127,0.3287
1/10/1996,9,Wellington Region,993,15687,921,200,203,250,150,0.4363
1/10/1996,12,West Coast Region,48,543,39,125,119,145,100,0.2391
1/12/2022,-99,ALL,12945,429984,12744,550,527,670,440,0.4136
1/09/1996,2,Auckland Region,3261,46896,2769,260,261,310,220,0.3406
1/09/1996,4,Bay of Plenty Region,675,8280,600,170,164,195,140,0.2749
1/12/2022,13,Canterbury Region,1689,48486,1461,500,494,629,420,0.4445
1/09/1996,5,Gisborne Region,87,1164,84,150,147,165,130,0.2852
1/09/1996,6,Hawke's Bay Region,402,4422,315,155,152,180,130,0.2913
1/09/1996,8,Manawatu-Wanganui Region,546,7515,507,135,135,160,115,0.3061
1/09/1996,18,Marlborough Region,81,1035,63,150,147,161,135,0.2265
1/09/1996,-1,NA,519,9063,471,150,150,200,120,0.4879
1/09/1996,17,Nelson Region,168,1899,147,170,162,190,140,0.2857
1/09/1996,1,Northland Region,225,2907,195,150,142,170,125,0.2846
1/09/1996,14,Otago Region,438,7155,435,140,138,170,115,0.3649
1/09/1996,15,Southland Region,153,2052,174,120,113,135,95,0.3015
1/09/1996,7,Taranaki Region,303,3153,270,143,140,170,120,0.3608
1/09/1996,16,Tasman Region,54,534,48,165,152,190,140,0.3199
1/09/1996,3,Waikato Region,948,12501,873,150,155,200,125,0.346
1/09/1996,9,Wellington Region,1125,15615,969,190,194,250,150,0.4208
1/09/1996,12,West Coast Region,48,534,36,120,118,133,100,0.298
1/01/2023,-99,ALL,15216,433383,11814,575,545,700,450,0.4537
1/08/1996,2,Auckland Region,3453,46404,2859,260,261,310,210,0.3283
1/08/1996,4,Bay of Plenty Region,711,8205,588,170,164,195,140,0.2698
1/01/2023,13,Canterbury Region,1707,48609,1584,500,472,600,400,0.4402
1/08/1996,5,Gisborne Region,84,1161,78,150,150,170,130,0.1903
1/08/1996,6,Hawke's Bay Region,357,4335,345,150,147,180,129,0.3061
1/08/1996,8,Manawatu-Wanganui Region,588,7476,573,140,136,160,120,0.3204
1/08/1996,18,Marlborough Region,87,1014,60,150,143,160,130,0.2253
1/08/1996,-1,NA,543,9018,438,150,152,200,115,0.4417
1/08/1996,17,Nelson Region,165,1878,156,170,164,190,140,0.2474
1/08/1996,1,Northland Region,219,2874,174,150,145,175,120,0.2882
1/08/1996,14,Otago Region,402,7149,435,145,138,170,118,0.3734
1/08/1996,15,Southland Region,198,2073,183,120,116,140,95,0.3567
1/08/1996,7,Taranaki Region,288,3123,240,140,138,175,115,0.344
1/08/1996,16,Tasman Region,63,528,48,153,140,179,121,0.3259
1/08/1996,3,Waikato Region,1095,12426,954,150,152,190,125,0.3282
1/08/1996,9,Wellington Region,1176,15456,1017,190,198,253,150,0.4149
1/08/1996,12,West Coast Region,45,522,42,130,120,145,110,0.4285
1/02/2023,-99,ALL,15621,436866,12138,560,537,695,440,0.4399
1/07/1996,2,Auckland Region,3399,45810,2994,260,258,310,215,0.3449
1/07/1996,4,Bay of Plenty Region,774,8079,660,165,161,190,135,0.2926
1/02/2023,13,Canterbury Region,1920,49005,1524,500,469,600,400,0.4791
1/07/1996,5,Gisborne Region,90,1155,90,150,142,160,125,0.2087
1/07/1996,6,Hawke's Bay Region,414,4323,360,150,149,180,130,0.2593
1/07/1996,8,Manawatu-Wanganui Region,606,7461,567,135,134,160,115,0.3408
1/07/1996,18,Marlborough Region,93,987,84,145,137,165,128,0.327
1/07/1996,-1,NA,549,8913,486,150,148,195,116,0.4511
1/07/1996,17,Nelson Region,186,1869,144,170,162,190,140,0.3119
1/07/1996,1,Northland Region,252,2829,213,150,140,170,120,0.3366
1/07/1996,14,Otago Region,492,7182,426,140,137,170,115,0.4253
1/07/1996,15,Southland Region,183,2058,162,125,117,140,100,0.3087
1/07/1996,7,Taranaki Region,288,3072,276,140,141,170,120,0.3295
1/07/1996,16,Tasman Region,51,513,57,160,157,180,135,0.269
1/07/1996,3,Waikato Region,1047,12285,936,150,152,190,125,0.3385
1/07/1996,9,Wellington Region,1170,15297,1065,190,194,250,150,0.4163
1/07/1996,12,West Coast Region,42,516,45,120,117,141,100,0.2381
1/03/2023,-99,ALL,14232,439833,11265,560,533,680,450,0.4146
1/06/1996,2,Auckland Region,3426,45405,2757,260,258,310,220,0.3305
1/06/1996,4,Bay of Plenty Region,717,7965,570,170,162,190,140,0.2662
1/03/2023,13,Canterbury Region,1557,49203,1359,500,463,580,403,0.4071
1/06/1996,5,Gisborne Region,84,1155,63,148,144,160,130,0.3156
1/06/1996,6,Hawke's Bay Region,384,4269,375,155,153,180,135,0.2419
1/06/1996,8,Manawatu-Wanganui Region,603,7422,486,140,142,175,120,0.3278
1/06/1996,18,Marlborough Region,93,975,96,150,146,170,130,0.2584
1/06/1996,-1,NA,585,8853,435,150,153,200,120,0.4186
1/06/1996,17,Nelson Region,192,1827,156,170,163,198,145,0.2839
1/06/1996,1,Northland Region,222,2790,195,140,134,165,118,0.3218
1/06/1996,14,Otago Region,528,7116,444,150,150,190,120,0.4076
1/06/1996,15,Southland Region,207,2037,174,125,118,140,100,0.2669
1/06/1996,7,Taranaki Region,276,3063,246,140,135,165,110,0.3003
1/06/1996,16,Tasman Region,48,519,36,160,165,185,143,0.3043
1/06/1996,3,Waikato Region,1056,12177,891,150,155,200,130,0.3199
1/06/1996,9,Wellington Region,1116,15192,933,190,196,250,150,0.3916
1/06/1996,12,West Coast Region,36,522,27,120,114,140,100,0.2707
1/04/2023,-99,ALL,11985,441972,9849,575,549,690,450,0.3982
1/05/1996,2,Auckland Region,3363,44736,3096,260,258,310,215,0.3389
1/05/1996,4,Bay of Plenty Region,753,7815,654,165,159,185,140,0.2714
1/04/2023,13,Canterbury Region,1347,49317,1233,500,480,600,425,0.4001
1/05/1996,5,Gisborne Region,81,1134,96,160,148,170,130,0.212
1/05/1996,6,Hawke's Bay Region,399,4260,396,150,152,180,130,0.3101
1/05/1996,8,Manawatu-Wanganui Region,570,7305,564,135,138,165,120,0.308
1/05/1996,18,Marlborough Region,81,978,90,150,147,165,135,0.2268
1/05/1996,-1,NA,579,8700,531,150,152,200,120,0.4615
1/05/1996,17,Nelson Region,192,1788,204,170,162,190,140,0.2985
1/05/1996,1,Northland Region,252,2766,225,150,144,170,125,0.3186
1/05/1996,14,Otago Region,549,7032,528,150,147,180,120,0.3899
1/05/1996,15,Southland Region,186,2004,168,120,111,140,95,0.3019
1/05/1996,7,Taranaki Region,282,3033,279,140,141,175,115,0.3137
1/05/1996,16,Tasman Region,36,510,42,163,147,180,130,0.4232
1/05/1996,3,Waikato Region,993,12012,900,150,154,200,125,0.3583
1/05/1996,9,Wellington Region,1143,15006,1050,190,195,250,150,0.4169
1/05/1996,12,West Coast Region,48,513,39,130,119,140,120,0.4195
1/05/2023,-99,ALL,12345,444000,10317,570,541,680,450,0.3964
1/04/1996,2,Auckland Region,3201,44469,2595,260,259,310,220,0.3404
1/04/1996,4,Bay of Plenty Region,729,7713,558,165,161,190,140,0.268
1/05/2023,13,Canterbury Region,1395,49464,1248,500,464,590,401,0.3868
1/04/1996,5,Gisborne Region,99,1149,81,140,138,160,120,0.2732
1/04/1996,6,Hawke's Bay Region,333,4254,285,160,153,180,130,0.2384
1/04/1996,8,Manawatu-Wanganui Region,564,7302,510,135,138,175,120,0.3385
1/04/1996,18,Marlborough Region,96,990,84,150,153,170,135,0.2099
1/04/1996,-1,NA,498,8652,396,150,153,200,120,0.4621
1/04/1996,17,Nelson Region,171,1800,177,165,159,185,140,0.2813
1/04/1996,1,Northland Region,228,2739,171,150,146,175,125,0.2731
1/04/1996,14,Otago Region,468,7011,432,150,143,180,120,0.4141
1/04/1996,15,Southland Region,186,1989,138,120,111,135,95,0.2999
1/04/1996,7,Taranaki Region,270,3030,213,140,136,170,115,0.3072
1/04/1996,16,Tasman Region,51,516,39,165,158,188,150,0.3877
1/04/1996,3,Waikato Region,942,11922,822,150,153,200,125,0.3674
1/04/1996,9,Wellington Region,1074,14913,936,200,204,260,150,0.4189
1/04/1996,12,West Coast Region,48,504,30,130,110,150,90,0.4933
1/06/2023,-99,ALL,12603,446235,10368,570,541,685,450,0.4043
1/03/1996,2,Auckland Region,3612,43863,2880,260,257,310,215,0.3422
1/03/1996,4,Bay of Plenty Region,723,7542,621,165,160,190,135,0.2909
1/06/2023,13,Canterbury Region,1569,49758,1275,500,467,600,409,0.3999
1/03/1996,5,Gisborne Region,78,1131,84,150,151,165,130,0.2985
1/03/1996,6,Hawke's Bay Region,378,4206,336,155,151,180,130,0.2925
1/03/1996,8,Manawatu-Wanganui Region,642,7248,585,140,140,175,120,0.3401
1/03/1996,18,Marlborough Region,99,978,87,145,139,160,130,0.4731
1/03/1996,-1,NA,567,8550,456,150,152,200,120,0.4451
1/03/1996,17,Nelson Region,174,1806,165,160,161,190,140,0.2842
1/03/1996,1,Northland Region,234,2682,186,140,136,165,115,0.2926
1/03/1996,14,Otago Region,636,6975,555,150,147,190,120,0.4797
1/03/1996,15,Southland Region,168,1941,138,120,116,140,100,0.3324
1/03/1996,7,Taranaki Region,240,2973,213,140,139,170,120,0.317
1/03/1996,16,Tasman Region,51,504,45,160,152,185,139,0.3336
1/03/1996,3,Waikato Region,1068,11799,900,150,153,195,120,0.3621
1/03/1996,9,Wellington Region,1170,14775,981,185,190,250,145,0.4074
1/03/1996,12,West Coast Region,48,489,39,130,121,150,110,0.3505
1/07/2023,-99,ALL,12828,448482,10581,575,548,695,460,0.3912
1/02/1996,2,Auckland Region,3057,43131,2526,250,251,301,200,0.3671
1/02/1996,4,Bay of Plenty Region,681,7440,606,160,155,180,130,0.2783
1/07/2023,13,Canterbury Region,1374,49830,1302,520,485,600,425,0.362
1/02/1996,5,Gisborne Region,99,1137,69,150,149,170,134,0.2056
1/02/1996,6,Hawke's Bay Region,381,4164,288,150,152,180,130,0.319
1/02/1996,8,Manawatu-Wanganui Region,894,7191,687,145,148,200,120,0.4281
1/02/1996,18,Marlborough Region,72,969,51,140,138,160,120,0.1995
1/02/1996,-1,NA,558,8436,453,145,143,193,110,0.4989
1/02/1996,17,Nelson Region,186,1800,171,178,165,190,140,0.2168
1/02/1996,1,Northland Region,222,2631,165,140,130,165,110,0.3443
1/02/1996,14,Otago Region,879,6894,678,150,145,190,115,0.485
1/02/1996,15,Southland Region,147,1911,117,120,117,140,90,0.3865
1/02/1996,7,Taranaki Region,276,2946,267,140,137,170,115,0.3479
1/02/1996,16,Tasman Region,51,498,39,160,145,180,130,0.3661
1/02/1996,3,Waikato Region,1173,11634,927,150,154,200,120,0.3738
1/02/1996,9,Wellington Region,1236,14583,960,190,194,250,150,0.3992
1/02/1996,12,West Coast Region,42,480,33,120,112,148,100,0.3911
1/08/2023,-99,ALL,11652,449994,10140,580,545,695,450,0.4051
1/01/1996,2,Auckland Region,3003,42600,2475,250,253,303,200,0.385
1/01/1996,4,Bay of Plenty Region,630,7365,474,165,157,185,135,0.3175
1/08/2023,13,Canterbury Region,1353,49908,1275,515,472,600,415,0.4031
1/01/1996,5,Gisborne Region,90,1107,81,145,140,165,125,0.2682
1/01/1996,6,Hawke's Bay Region,360,4074,324,150,150,180,130,0.2454
1/01/1996,8,Manawatu-Wanganui Region,720,6984,615,140,141,180,120,0.3913
1/01/1996,18,Marlborough Region,66,948,69,135,133,160,116,0.2309
1/01/1996,-1,NA,549,8334,420,150,149,200,120,0.5527
1/01/1996,17,Nelson Region,186,1785,165,160,155,188,135,0.28
1/01/1996,1,Northland Region,207,2574,171,140,131,160,110,0.3861
1/01/1996,14,Otago Region,1467,6690,696,192,179,280,125,0.593
1/01/1996,15,Southland Region,144,1881,111,110,105,130,90,0.3794
1/01/1996,7,Taranaki Region,291,2940,243,140,137,170,120,0.3595
1/01/1996,16,Tasman Region,45,486,33,160,133,180,120,0.5205
1/01/1996,3,Waikato Region,1110,11388,909,140,148,195,120,0.3978
1/01/1996,9,Wellington Region,1134,14310,969,180,192,250,150,0.4155
1/01/1996,12,West Coast Region,57,468,39,120,115,143,100,0.3682
1/09/2023,-99,ALL,12147,452319,9822,580,553,699,460,0.3955
1/12/1995,2,Auckland Region,2775,42072,2454,250,247,300,200,0.3462
1/12/1995,4,Bay of Plenty Region,528,7206,471,160,158,185,140,0.2573
1/09/2023,13,Canterbury Region,1374,50088,1191,510,474,595,415,0.3871
1/12/1995,5,Gisborne Region,84,1101,66,145,142,165,129,0.2217
1/12/1995,6,Hawke's Bay Region,315,4035,282,150,150,180,130,0.2385
1/12/1995,8,Manawatu-Wanganui Region,477,6879,558,140,141,180,120,0.3677
1/12/1995,18,Marlborough Region,72,954,66,150,147,160,131,0.277
1/12/1995,-1,NA,411,8205,366,150,153,200,115,0.4781
1/12/1995,17,Nelson Region,150,1761,138,165,157,185,140,0.255
1/12/1995,1,Northland Region,186,2538,186,140,137,165,120,0.2709
1/12/1995,14,Otago Region,516,5922,975,150,155,218,120,0.5342
1/12/1995,15,Southland Region,111,1848,111,120,121,148,100,0.3182
1/12/1995,7,Taranaki Region,219,2892,234,140,140,170,115,0.3
1/12/1995,16,Tasman Region,39,474,33,150,141,165,125,0.303
1/12/1995,3,Waikato Region,891,11187,861,155,155,190,125,0.3176
1/12/1995,9,Wellington Region,945,14145,921,190,193,240,150,0.3805
1/12/1995,12,West Coast Region,24,453,27,120,113,133,90,0.2782
1/10/2023,-99,ALL,11760,453297,10779,580,551,700,460,0.4127
1/11/1995,2,Auckland Region,2814,41754,2598,250,244,300,195,0.3773
1/11/1995,4,Bay of Plenty Region,552,7152,552,155,150,180,130,0.298
1/10/2023,13,Canterbury Region,1359,50151,1299,515,468,595,420,0.4318
1/11/1995,5,Gisborne Region,66,1086,75,150,144,160,130,0.1921
1/11/1995,6,Hawke's Bay Region,312,4002,315,150,145,175,125,0.2357
1/11/1995,8,Manawatu-Wanganui Region,699,6960,834,140,147,185,120,0.3903
1/11/1995,18,Marlborough Region,72,948,63,140,136,150,125,0.1721
1/11/1995,-1,NA,432,8163,441,150,147,200,110,0.4608
1/11/1995,17,Nelson Region,195,1752,186,160,152,190,130,0.3702
1/11/1995,1,Northland Region,177,2538,192,140,136,160,119,0.2495
1/11/1995,14,Otago Region,417,6381,597,150,149,180,120,0.3736
1/11/1995,15,Southland Region,156,1845,156,115,113,135,95,0.349
1/11/1995,7,Taranaki Region,213,2907,204,140,138,170,111,0.2813
1/11/1995,16,Tasman Region,60,471,39,160,143,179,120,0.3284
1/11/1995,3,Waikato Region,1029,11160,1116,150,152,195,120,0.367
1/11/1995,9,Wellington Region,948,14118,1026,180,188,240,145,0.4036
1/11/1995,12,West Coast Region,30,456,42,125,124,146,110,0.2413
1/11/2023,-99,ALL,12288,453615,11970,585,557,700,470,0.4159
1/10/1995,2,Auckland Region,2796,41538,2448,240,240,290,200,0.3329
1/10/1995,4,Bay of Plenty Region,585,7155,501,160,155,180,130,0.2924
1/11/2023,13,Canterbury Region,1605,50082,1674,540,506,650,450,0.4412
1/10/1995,5,Gisborne Region,93,1092,87,150,140,160,130,0.2191
1/10/1995,6,Hawke's Bay Region,315,4008,312,150,148,175,130,0.2275
1/10/1995,8,Manawatu-Wanganui Region,519,7095,453,135,135,165,120,0.3412
1/10/1995,18,Marlborough Region,57,942,51,140,138,160,121,0.1724
1/10/1995,-1,NA,453,8172,381,140,147,185,120,0.4039
1/10/1995,17,Nelson Region,159,1743,147,160,153,180,134,0.2459
1/10/1995,1,Northland Region,204,2553,168,130,127,160,110,0.3381
1/10/1995,14,Otago Region,420,6561,384,148,149,180,120,0.3819
1/10/1995,15,Southland Region,153,1845,120,120,118,139,100,0.2678
1/10/1995,7,Taranaki Region,249,2898,222,135,134,165,110,0.3137
1/10/1995,16,Tasman Region,42,453,39,160,153,175,148,0.2293
1/10/1995,3,Waikato Region,882,11247,825,145,147,185,120,0.3312
1/10/1995,9,Wellington Region,924,14196,825,180,188,240,145,0.4054
1/10/1995,12,West Coast Region,30,468,24,128,126,149,120,0.2103
1/12/2023,-99,ALL,12873,453393,13092,600,571,720,480,0.4068
1/09/1995,2,Auckland Region,2949,41190,2361,240,240,300,190,0.3514
1/09/1995,4,Bay of Plenty Region,642,7071,597,160,156,180,130,0.2598
1/12/2023,13,Canterbury Region,1623,50214,1488,550,540,670,455,0.4471
1/09/1995,5,Gisborne Region,84,1086,63,140,141,160,125,0.1903
1/09/1995,6,Hawke's Bay Region,381,4005,306,150,150,178,130,0.2404
1/09/1995,8,Manawatu-Wanganui Region,507,7026,456,135,137,170,115,0.3075
1/09/1995,18,Marlborough Region,78,933,66,150,147,160,135,0.1579
1/09/1995,-1,NA,459,8100,384,140,141,180,110,0.4669
1/09/1995,17,Nelson Region,162,1731,153,160,158,185,136,0.2745
1/09/1995,1,Northland Region,219,2517,198,130,128,150,110,0.2535
1/09/1995,14,Otago Region,462,6528,402,145,140,170,120,0.3974
1/09/1995,15,Southland Region,153,1812,153,115,109,130,95,0.3208
1/09/1995,7,Taranaki Region,243,2874,222,140,140,170,115,0.342
1/09/1995,16,Tasman Region,45,447,39,160,147,175,125,0.2925
1/09/1995,3,Waikato Region,918,11190,822,150,146,180,120,0.3461
1/09/1995,9,Wellington Region,1002,14097,861,180,185,237,145,0.3614
1/09/1995,12,West Coast Region,45,459,36,120,110,140,100,0.4423
1/01/2024,-99,ALL,14205,455907,11691,600,581,750,480,0.4499
1/08/1995,2,Auckland Region,2757,40605,2469,240,238,300,190,0.3555
1/08/1995,4,Bay of Plenty Region,582,7026,543,160,152,180,130,0.2769
1/01/2024,13,Canterbury Region,1449,50199,1467,550,527,660,450,0.4254
1/08/1995,5,Gisborne Region,84,1068,87,145,136,160,110,0.2245
1/08/1995,6,Hawke's Bay Region,315,3933,306,150,146,180,129,0.2831
1/08/1995,8,Manawatu-Wanganui Region,525,6975,504,135,134,160,120,0.3034
1/08/1995,18,Marlborough Region,78,921,75,140,135,160,120,0.2069
1/08/1995,-1,NA,465,8025,444,150,146,180,120,0.4688
1/08/1995,17,Nelson Region,180,1722,159,160,162,180,140,0.3209
1/08/1995,1,Northland Region,198,2496,159,140,139,161,120,0.25
1/08/1995,14,Otago Region,399,6465,396,140,143,170,120,0.3804
1/08/1995,15,Southland Region,147,1812,138,120,115,140,100,0.3123
1/08/1995,7,Taranaki Region,237,2853,252,140,137,165,113,0.296
1/08/1995,16,Tasman Region,54,441,48,160,151,180,130,0.2467
1/08/1995,3,Waikato Region,897,11091,876,145,145,180,120,0.3269
1/08/1995,9,Wellington Region,963,13956,924,180,186,230,150,0.3918
1/08/1995,12,West Coast Region,45,453,42,120,111,140,100,0.3752
1/02/2024,-99,ALL,14700,458265,12342,600,563,740,455,0.4414
1/07/1995,2,Auckland Region,3150,40317,2454,230,231,280,185,0.3562
1/07/1995,4,Bay of Plenty Region,648,6987,537,160,153,180,130,0.2694
1/02/2024,13,Canterbury Region,1680,50310,1569,550,498,660,420,0.4923
1/07/1995,5,Gisborne Region,96,1071,81,145,140,160,123,0.2071
1/07/1995,6,Hawke's Bay Region,375,3924,333,150,151,180,130,0.2349
1/07/1995,8,Manawatu-Wanganui Region,579,6957,477,135,136,170,115,0.3248
1/07/1995,18,Marlborough Region,72,918,66,140,140,160,125,0.1676
1/07/1995,-1,NA,528,8004,429,145,140,180,110,0.4646
1/07/1995,17,Nelson Region,177,1701,144,160,158,183,135,0.3125
1/07/1995,1,Northland Region,228,2457,192,135,130,160,110,0.2725
1/07/1995,14,Otago Region,438,6462,372,150,144,175,120,0.3587
1/07/1995,15,Southland Region,165,1806,135,110,107,130,90,0.329
1/07/1995,7,Taranaki Region,270,2871,222,140,133,160,110,0.358
1/07/1995,16,Tasman Region,42,432,39,153,140,165,140,0.3918
1/07/1995,3,Waikato Region,933,11070,831,140,143,180,120,0.3148
1/07/1995,9,Wellington Region,1038,13920,885,180,183,230,140,0.3883
1/07/1995,12,West Coast Region,42,447,42,120,117,140,100,0.3101
1/03/2024,-99,ALL,13167,459750,11679,600,565,720,480,0.4248
1/06/1995,2,Auckland Region,2562,39624,2358,230,234,290,185,0.3571
1/06/1995,4,Bay of Plenty Region,606,6876,525,160,152,180,130,0.2903
1/03/2024,13,Canterbury Region,1356,50247,1419,540,492,630,440,0.4335
1/06/1995,5,Gisborne Region,84,1056,63,137,136,150,120,0.1812
1/06/1995,6,Hawke's Bay Region,324,3882,294,150,146,175,130,0.2594
1/06/1995,8,Manawatu-Wanganui Region,492,6855,450,135,136,165,115,0.3227
1/06/1995,18,Marlborough Region,84,912,66,140,136,160,130,0.2078
1/06/1995,-1,NA,486,7905,417,140,142,180,110,0.4289
1/06/1995,17,Nelson Region,159,1668,132,165,164,190,140,0.2538
1/06/1995,1,Northland Region,180,2421,165,130,130,160,110,0.2614
1/06/1995,14,Otago Region,435,6396,378,150,146,180,120,0.3565
1/06/1995,15,Southland Region,147,1776,117,120,116,140,95,0.3131
1/06/1995,7,Taranaki Region,282,2823,273,135,136,170,110,0.3015
1/06/1995,16,Tasman Region,39,432,33,150,144,170,128,0.2644
1/06/1995,3,Waikato Region,855,10968,735,145,143,180,120,0.3519
1/06/1995,9,Wellington Region,933,13770,828,180,182,230,140,0.3761
1/06/1995,12,West Coast Region,42,447,42,110,109,140,90,0.2988
1/04/2024,-99,ALL,12297,460710,11337,600,566,720,480,0.4209
1/05/1995,2,Auckland Region,2811,39420,2442,230,231,280,180,0.3591
1/05/1995,4,Bay of Plenty Region,606,6795,567,150,148,180,125,0.2782
1/04/2024,13,Canterbury Region,1347,50211,1386,535,495,625,440,0.4185
1/05/1995,5,Gisborne Region,69,1032,72,140,138,165,120,0.2393
1/05/1995,6,Hawke's Bay Region,342,3849,312,150,148,175,127,0.2744
1/05/1995,8,Manawatu-Wanganui Region,513,6813,471,140,138,170,120,0.3278
1/05/1995,18,Marlborough Region,72,894,60,143,135,160,125,0.2765
1/05/1995,-1,NA,453,7836,423,145,138,180,100,0.4712
1/05/1995,17,Nelson Region,174,1641,150,155,155,185,135,0.3113
1/05/1995,1,Northland Region,201,2409,180,135,130,160,110,0.3227
1/05/1995,14,Otago Region,468,6342,372,150,151,180,125,0.3866
1/05/1995,15,Southland Region,156,1746,132,110,110,135,91,0.34
1/05/1995,7,Taranaki Region,255,2811,234,130,133,165,110,0.3143
1/05/1995,16,Tasman Region,45,426,39,155,145,170,130,0.2238
1/05/1995,3,Waikato Region,777,10848,723,140,141,175,120,0.334
1/05/1995,9,Wellington Region,987,13665,873,175,180,220,140,0.4145
1/05/1995,12,West Coast Region,39,447,27,120,112,130,90,0.2902
1/05/2024,-99,ALL,13080,462198,11592,600,572,720,480,0.4025
1/04/1995,2,Auckland Region,2658,39051,2034,230,230,280,180,0.3633
1/04/1995,4,Bay of Plenty Region,606,6756,459,155,150,180,130,0.2534
1/05/2024,13,Canterbury Region,1341,50124,1425,540,498,630,450,0.4228
1/04/1995,5,Gisborne Region,66,1035,60,145,135,150,130,0.233
1/04/1995,6,Hawke's Bay Region,294,3819,243,146,147,170,129,0.2424
1/04/1995,8,Manawatu-Wanganui Region,468,6771,414,130,135,160,115,0.32
1/04/1995,18,Marlborough Region,57,882,45,140,141,160,129,0.1926
1/04/1995,-1,NA,435,7806,318,150,141,183,110,0.4669
1/04/1995,17,Nelson Region,135,1620,126,170,163,190,140,0.2321
1/04/1995,1,Northland Region,180,2388,159,135,132,160,110,0.283
1/04/1995,14,Otago Region,402,6246,378,145,142,170,120,0.3659
1/04/1995,15,Southland Region,126,1722,84,110,109,140,92,0.2831
1/04/1995,7,Taranaki Region,225,2790,177,140,135,170,110,0.2961
1/04/1995,16,Tasman Region,39,417,27,150,141,175,125,0.3875
1/04/1995,3,Waikato Region,774,10797,663,145,142,180,120,0.3251
1/04/1995,9,Wellington Region,939,13551,738,180,181,230,140,0.3916
1/04/1995,12,West Coast Region,36,435,33,120,114,140,100,0.3093
1/06/2024,-99,ALL,12477,464199,10479,600,567,715,480,0.402
1/03/1995,2,Auckland Region,2730,38427,2424,220,224,275,180,0.3642
1/03/1995,4,Bay of Plenty Region,660,6606,591,150,151,175,130,0.2557
1/06/2024,13,Canterbury Region,1284,50115,1296,540,491,620,450,0.405
1/03/1995,5,Gisborne Region,102,1029,87,140,134,150,120,0.2062
1/03/1995,6,Hawke's Bay Region,327,3771,276,150,145,173,125,0.2486
1/03/1995,8,Manawatu-Wanganui Region,576,6717,507,130,136,170,110,0.381
1/03/1995,18,Marlborough Region,66,873,72,140,141,150,130,0.1947
1/03/1995,-1,NA,465,7689,390,135,136,175,100,0.4541
1/03/1995,17,Nelson Region,153,1611,138,155,152,180,135,0.2508
1/03/1995,1,Northland Region,189,2367,174,130,129,155,110,0.2938
1/03/1995,14,Otago Region,504,6222,486,150,152,184,120,0.4148
1/03/1995,15,Southland Region,174,1680,159,115,109,140,92,0.3166
1/03/1995,7,Taranaki Region,249,2742,243,135,133,160,110,0.2806
1/03/1995,16,Tasman Region,36,408,33,135,139,175,120,0.2561
1/03/1995,3,Waikato Region,891,10686,762,140,142,180,115,0.3447
1/03/1995,9,Wellington Region,1014,13350,957,180,181,220,140,0.3992
1/03/1995,12,West Coast Region,30,432,30,120,121,140,110,0.2837
1/07/2024,-99,ALL,13725,466119,11802,600,562,700,475,0.4115
1/02/1995,2,Auckland Region,2577,38118,2130,220,220,270,170,0.3744
1/02/1995,4,Bay of Plenty Region,573,6540,441,150,144,170,125,0.2876
1/07/2024,13,Canterbury Region,1395,50130,1380,530,472,620,425,0.4664
1/02/1995,5,Gisborne Region,69,1014,69,130,134,158,115,0.2491
1/02/1995,6,Hawke's Bay Region,333,3720,282,150,146,175,125,0.2518
1/02/1995,8,Manawatu-Wanganui Region,882,6648,579,150,153,220,120,0.4806
1/02/1995,18,Marlborough Region,60,879,45,140,139,160,129,0.1643
1/02/1995,-1,NA,471,7617,396,140,140,185,100,0.5031
1/02/1995,17,Nelson Region,132,1596,117,150,152,180,135,0.2393
1/02/1995,1,Northland Region,225,2352,168,130,125,153,110,0.3102
1/02/1995,14,Otago Region,831,6201,597,150,147,200,120,0.4825
1/02/1995,15,Southland Region,129,1665,105,115,111,131,90,0.3944
1/02/1995,7,Taranaki Region,243,2736,204,130,127,160,110,0.3555
1/02/1995,16,Tasman Region,45,402,39,165,154,180,140,0.2627
1/02/1995,3,Waikato Region,915,10554,735,135,136,175,110,0.3606
1/02/1995,9,Wellington Region,1098,13293,960,180,180,230,140,0.4006
1/02/1995,12,West Coast Region,33,435,24,110,104,130,90,0.4021
1/08/2024,-99,ALL,14073,468330,11862,600,570,700,490,0.3803
1/01/1995,2,Auckland Region,2622,37671,2190,220,221,275,175,0.3705
1/01/1995,4,Bay of Plenty Region,501,6408,408,155,149,175,130,0.2518
1/08/2024,13,Canterbury Region,1404,50046,1488,535,500,620,450,0.3654
1/01/1995,5,Gisborne Region,96,1014,81,140,135,155,119,0.2583
1/01/1995,6,Hawke's Bay Region,318,3669,276,150,143,175,125,0.3034
1/01/1995,8,Manawatu-Wanganui Region,699,6345,573,140,137,180,110,0.388
1/01/1995,18,Marlborough Region,72,864,63,140,138,158,125,0.1714
1/01/1995,-1,NA,489,7539,360,140,134,180,100,0.4928
1/01/1995,17,Nelson Region,168,1584,129,160,155,181,135,0.2432
1/01/1995,1,Northland Region,243,2295,168,130,125,160,110,0.3873
1/01/1995,14,Otago Region,1209,5967,591,180,176,270,130,0.573
1/01/1995,15,Southland Region,153,1641,111,110,105,140,90,0.342
1/01/1995,7,Taranaki Region,246,2697,207,135,133,160,111,0.3511
1/01/1995,16,Tasman Region,39,396,39,150,126,168,128,0.5479
1/01/1995,3,Waikato Region,1008,10374,768,140,139,180,112,0.365
1/01/1995,9,Wellington Region,1020,13152,846,180,180,230,140,0.408
1/01/1995,12,West Coast Region,45,426,42,120,101,130,75,0.3307
1/09/2024,-99,ALL,12384,469767,10950,600,565,700,480,0.3982
1/12/1994,2,Auckland Region,2514,37242,2319,215,217,260,175,0.3472
1/12/1994,4,Bay of Plenty Region,507,6318,477,150,149,175,130,0.2694
1/09/2024,13,Canterbury Region,1251,49941,1356,530,491,620,440,0.3915
1/12/1994,5,Gisborne Region,72,999,57,145,139,160,125,0.208
1/12/1994,6,Hawke's Bay Region,279,3630,261,150,144,175,125,0.2428
1/12/1994,8,Manawatu-Wanganui Region,477,6216,561,135,138,170,115,0.3147
1/12/1994,18,Marlborough Region,60,855,60,140,136,160,128,0.2336
1/12/1994,-1,NA,378,7410,366,135,134,180,100,0.4199
1/12/1994,17,Nelson Region,126,1545,144,150,146,180,130,0.2508
1/12/1994,1,Northland Region,159,2220,171,130,130,160,110,0.2517
1/12/1994,14,Otago Region,528,5349,867,140,149,195,120,0.4593
1/12/1994,15,Southland Region,105,1599,123,120,108,140,90,0.3471
1/12/1994,7,Taranaki Region,213,2658,210,130,131,160,105,0.3279
1/12/1994,16,Tasman Region,39,399,33,150,144,170,130,0.2505
1/12/1994,3,Waikato Region,834,10134,867,140,139,175,115,0.3195
1/12/1994,9,Wellington Region,900,12978,987,180,178,220,140,0.3707
1/12/1994,12,West Coast Region,33,423,30,120,112,143,105,0.3694
1/10/2024,-99,ALL,12867,471024,11610,599,568,700,485,0.3865
1/11/1994,2,Auckland Region,2493,37047,2301,210,217,260,170,0.3683
1/11/1994,4,Bay of Plenty Region,480,6288,501,150,148,170,130,0.2357
1/10/2024,13,Canterbury Region,1266,49839,1368,535,497,610,450,0.3911
1/11/1994,5,Gisborne Region,75,984,60,143,134,150,125,0.2184
1/11/1994,6,Hawke's Bay Region,300,3612,294,145,143,170,125,0.224
1/11/1994,8,Manawatu-Wanganui Region,624,6300,801,135,139,183,110,0.3995
1/11/1994,18,Marlborough Region,66,855,57,140,135,160,125,0.2216
1/11/1994,-1,NA,363,7398,387,140,144,180,110,0.4174
1/11/1994,17,Nelson Region,138,1563,135,150,149,180,130,0.27
1/11/1994,1,Northland Region,192,2232,171,130,131,160,115,0.2812
1/11/1994,14,Otago Region,390,5685,516,140,142,170,115,0.376
1/11/1994,15,Southland Region,141,1620,126,112,108,135,90,0.3292
1/11/1994,7,Taranaki Region,213,2655,225,130,131,160,100,0.3534
1/11/1994,16,Tasman Region,45,393,48,145,147,165,130,0.2242
1/11/1994,3,Waikato Region,909,10164,972,140,143,180,115,0.3333
1/11/1994,9,Wellington Region,909,13068,927,180,181,226,140,0.3863
1/11/1994,12,West Coast Region,24,423,30,123,115,135,90,0.2653
1/11/2024,-99,ALL,14409,473433,12000,600,573,720,490,0.4076
1/10/1994,2,Auckland Region,2715,36855,2214,210,211,250,170,0.3453
1/10/1994,4,Bay of Plenty Region,600,6309,513,150,146,170,130,0.2596
1/11/2024,13,Canterbury Region,1767,49923,1683,550,531,670,460,0.464
1/10/1994,5,Gisborne Region,69,972,57,150,137,160,123,0.2455
1/10/1994,6,Hawke's Bay Region,309,3606,273,145,140,165,120,0.2821
1/10/1994,8,Manawatu-Wanganui Region,435,6474,426,130,133,160,115,0.3025
1/10/1994,18,Marlborough Region,75,849,66,140,134,160,120,0.2067
1/10/1994,-1,NA,432,7422,387,140,134,170,100,0.3984
1/10/1994,17,Nelson Region,132,1560,117,155,153,180,140,0.2907
1/10/1994,1,Northland Region,195,2208,168,130,127,150,110,0.3385
1/10/1994,14,Otago Region,342,5814,366,150,144,180,120,0.3806
1/10/1994,15,Southland Region,135,1605,120,120,110,135,90,0.3093
1/10/1994,7,Taranaki Region,225,2667,201,130,128,160,105,0.3139
1/10/1994,16,Tasman Region,39,396,33,160,147,169,140,0.2411
1/10/1994,3,Waikato Region,783,10227,753,135,134,170,110,0.3208
1/10/1994,9,Wellington Region,882,13086,798,165,173,220,130,0.403
1/10/1994,12,West Coast Region,36,429,27,120,119,134,103,0.2293
1/12/2024,-99,ALL,13917,474120,13230,600,576,720,495,0.4235
1/09/1994,2,Auckland Region,2544,36354,2298,200,207,250,165,0.3721
1/09/1994,4,Bay of Plenty Region,561,6222,495,150,147,170,130,0.2608
1/12/2024,13,Canterbury Region,1980,50346,1557,570,552,690,475,0.4865
1/09/1994,5,Gisborne Region,78,957,81,130,130,150,116,0.2143
1/09/1994,6,Hawke's Bay Region,291,3570,267,145,145,170,130,0.2077
1/09/1994,8,Manawatu-Wanganui Region,480,6465,447,130,132,160,115,0.3228
1/09/1994,18,Marlborough Region,72,840,63,130,129,150,116,0.2456
1/09/1994,-1,NA,435,7377,402,135,129,165,100,0.4135
1/09/1994,17,Nelson Region,168,1545,150,160,155,180,135,0.2384
1/09/1994,1,Northland Region,186,2181,189,125,126,150,105,0.3109
1/09/1994,14,Otago Region,351,5838,330,135,133,160,110,0.3718
1/09/1994,15,Southland Region,132,1590,114,110,108,130,95,0.2884
1/09/1994,7,Taranaki Region,237,2643,255,135,132,160,110,0.3093
1/09/1994,16,Tasman Region,33,390,36,150,146,173,130,0.2352
1/09/1994,3,Waikato Region,756,10194,747,130,132,165,110,0.3292
1/09/1994,9,Wellington Region,888,13005,858,175,176,220,140,0.3695
1/09/1994,12,West Coast Region,24,420,33,120,119,150,110,0.2192
1/01/2025,-99,ALL,16992,478893,12222,615,590,750,490,0.4423
1/08/1994,2,Auckland Region,2679,36108,2289,200,206,250,163,0.3571
1/08/1994,4,Bay of Plenty Region,474,6159,465,150,141,170,120,0.2575
1/01/2025,13,Canterbury Region,2163,50868,1641,560,534,660,470,0.4169
1/08/1994,5,Gisborne Region,60,960,63,140,133,150,120,0.2612
1/08/1994,6,Hawke's Bay Region,315,3546,276,150,142,170,125,0.268
1/08/1994,8,Manawatu-Wanganui Region,447,6429,465,130,129,155,115,0.3162
1/08/1994,18,Marlborough Region,66,828,66,130,130,150,115,0.2491
1/08/1994,-1,NA,459,7344,384,135,132,165,105,0.4123
1/08/1994,17,Nelson Region,150,1527,147,155,154,180,138,0.2149
1/08/1994,1,Northland Region,192,2187,165,130,128,150,110,0.2588
1/08/1994,14,Otago Region,318,5817,312,140,140,170,120,0.368
1/08/1994,15,Southland Region,129,1569,138,110,104,129,90,0.3379
1/08/1994,7,Taranaki Region,204,2661,207,135,134,160,115,0.3025
1/08/1994,16,Tasman Region,36,396,27,150,150,170,135,0.1743
1/08/1994,3,Waikato Region,837,10188,759,135,135,170,110,0.3106
1/08/1994,9,Wellington Region,888,12975,825,170,174,210,135,0.397
1/08/1994,12,West Coast Region,33,429,30,120,111,130,100,0.2915
1/02/2025,-99,ALL,16974,481704,14160,600,565,725,480,0.4779
1/07/1994,2,Auckland Region,2793,35715,2289,200,207,250,170,0.3448
1/07/1994,4,Bay of Plenty Region,639,6150,468,150,144,168,125,0.2672
1/02/2025,13,Canterbury Region,2106,51213,1758,550,505,650,440,0.4663
1/07/1994,5,Gisborne Region,81,963,72,130,131,150,110,0.2455
1/07/1994,6,Hawke's Bay Region,303,3507,264,145,142,170,125,0.2287
1/07/1994,8,Manawatu-Wanganui Region,474,6447,429,135,130,160,110,0.3669
1/07/1994,18,Marlborough Region,72,831,60,138,132,150,124,0.2251
1/07/1994,-1,NA,432,7269,360,130,134,170,100,0.3872
1/07/1994,17,Nelson Region,150,1524,135,150,151,180,135,0.2196
1/07/1994,1,Northland Region,189,2160,162,130,126,150,110,0.2668
1/07/1994,14,Otago Region,360,5808,309,140,136,170,110,0.3461
1/07/1994,15,Southland Region,153,1578,102,115,110,135,85,0.3596
1/07/1994,7,Taranaki Region,264,2664,264,130,132,160,110,0.3243
1/07/1994,16,Tasman Region,36,387,33,150,133,163,125,0.4615
1/07/1994,3,Waikato Region,804,10107,714,130,134,165,110,0.3155
1/07/1994,9,Wellington Region,981,12912,816,173,173,220,135,0.4159
1/07/1994,12,West Coast Region,30,423,27,120,111,130,100,0.2072
1/03/2025,-99,ALL,15162,483768,13080,600,564,700,485,0.5065
1/06/1994,2,Auckland Region,2379,35214,2016,200,203,250,160,0.3567
1/06/1994,4,Bay of Plenty Region,522,5979,468,150,146,170,127,0.2539
1/03/2025,13,Canterbury Region,1806,51402,1611,550,499,630,450,0.5009
1/06/1994,5,Gisborne Region,66,954,60,140,135,150,120,0.2537
1/06/1994,6,Hawke's Bay Region,270,3471,219,150,139,165,120,0.2821
1/06/1994,8,Manawatu-Wanganui Region,420,6405,357,130,134,170,110,0.3442
1/06/1994,18,Marlborough Region,66,819,60,140,140,160,125,0.1832
1/06/1994,-1,NA,468,7194,372,130,129,165,100,0.4177
1/06/1994,17,Nelson Region,153,1509,153,150,154,180,135,0.2718
1/06/1994,1,Northland Region,168,2136,141,130,126,150,110,0.249
1/06/1994,14,Otago Region,411,5757,354,140,138,168,120,0.3749
1/06/1994,15,Southland Region,132,1527,114,110,106,130,90,0.337
1/06/1994,7,Taranaki Region,225,2661,201,133,133,160,110,0.3233
1/06/1994,16,Tasman Region,39,384,27,145,138,165,125,0.2401
1/06/1994,3,Waikato Region,735,10020,660,130,132,165,110,0.3056
1/06/1994,9,Wellington Region,900,12747,819,170,172,215,135,0.4076
1/06/1994,12,West Coast Region,30,420,27,120,116,134,110,0.2198
1/04/2025,-99,ALL,13650,486195,11199,600,569,700,497,0.4096
1/05/1994,2,Auckland Region,2742,34851,2271,200,205,250,160,0.3454
1/05/1994,4,Bay of Plenty Region,558,5925,480,150,143,170,125,0.2705
1/04/2025,13,Canterbury Region,1722,51750,1371,550,507,640,460,0.4167
1/05/1994,5,Gisborne Region,75,948,60,140,132,150,120,0.2116
1/05/1994,6,Hawke's Bay Region,321,3420,276,150,143,170,129,0.2564
1/05/1994,8,Manawatu-Wanganui Region,435,6342,414,130,132,160,110,0.3118
1/05/1994,18,Marlborough Region,78,813,57,135,128,150,115,0.2251
1/05/1994,-1,NA,426,7098,423,140,137,180,110,0.427
1/05/1994,17,Nelson Region,135,1509,120,160,149,180,130,0.2525
1/05/1994,1,Northland Region,195,2109,165,130,128,150,110,0.26
1/05/1994,14,Otago Region,402,5700,327,140,141,165,120,0.384
1/05/1994,15,Southland Region,111,1509,105,110,105,130,89,0.2773
1/05/1994,7,Taranaki Region,261,2637,198,130,131,160,110,0.3182
1/05/1994,16,Tasman Region,42,372,33,145,130,165,113,0.3928
1/05/1994,3,Waikato Region,795,9945,681,135,133,165,110,0.3172
1/05/1994,9,Wellington Region,921,12666,801,170,170,220,135,0.3777
1/05/1994,12,West Coast Region,30,417,30,120,109,130,90,0.2261
1/05/2025,-99,ALL,14478,487575,13026,595,561,700,490,0.5025
1/04/1994,2,Auckland Region,2664,34380,1986,200,203,250,160,0.342
1/04/1994,4,Bay of Plenty Region,549,5847,447,150,145,170,130,0.247
1/05/2025,13,Canterbury Region,1881,51978,1647,550,504,630,456,0.4276
1/04/1994,5,Gisborne Region,72,933,54,140,132,150,115,0.2286
1/04/1994,6,Hawke's Bay Region,264,3375,225,150,142,165,122,0.2545
1/04/1994,8,Manawatu-Wanganui Region,465,6324,348,135,133,160,110,0.3213
1/04/1994,18,Marlborough Region,75,792,63,135,132,150,125,0.1918
1/04/1994,-1,NA,393,7095,315,140,135,170,105,0.4236
1/04/1994,17,Nelson Region,123,1494,99,150,149,180,135,0.251
1/04/1994,1,Northland Region,189,2079,147,130,125,150,110,0.3066
1/04/1994,14,Otago Region,366,5625,300,135,138,165,110,0.3766
1/04/1994,15,Southland Region,120,1503,102,110,105,130,90,0.3061
1/04/1994,7,Taranaki Region,243,2574,198,130,126,150,110,0.2788
1/04/1994,16,Tasman Region,24,363,15,160,146,178,140,0.3533
1/04/1994,3,Waikato Region,828,9831,642,133,133,165,110,0.306
1/04/1994,9,Wellington Region,948,12546,789,170,173,220,135,0.3804
1/04/1994,12,West Coast Region,33,417,21,93,91,130,75,0.4617
1/06/2025,-99,ALL,13857,490701,10734,595,562,700,480,0.4183
1/03/1994,2,Auckland Region,2604,33705,2241,190,197,240,160,0.3662
1/03/1994,4,Bay of Plenty Region,642,5745,513,145,140,165,120,0.2783
1/06/2025,13,Canterbury Region,1749,52353,1374,535,502,620,450,0.3717
1/03/1994,5,Gisborne Region,72,918,72,140,132,150,120,0.2328
1/03/1994,6,Hawke's Bay Region,276,3333,252,148,142,170,130,0.2319
1/03/1994,8,Manawatu-Wanganui Region,510,6207,465,130,132,160,110,0.3483
1/03/1994,18,Marlborough Region,75,777,54,140,133,150,120,0.1814
1/03/1994,-1,NA,420,7017,408,135,131,170,100,0.4485
1/03/1994,17,Nelson Region,153,1467,120,155,152,180,135,0.2483
1/03/1994,1,Northland Region,201,2037,165,125,124,150,110,0.27
1/03/1994,14,Otago Region,495,5559,414,140,130,170,100,0.4893
1/03/1994,15,Southland Region,141,1485,129,115,106,130,92,0.2994
1/03/1994,7,Taranaki Region,225,2529,204,130,130,160,100,0.3228
1/03/1994,16,Tasman Region,33,357,33,145,144,166,130,0.1953
1/03/1994,3,Waikato Region,858,9645,672,130,130,160,110,0.3323
1/03/1994,9,Wellington Region,984,12387,861,170,172,220,135,0.3824
1/03/1994,12,West Coast Region,30,405,30,120,111,150,90,0.3363
1/07/2025,-99,ALL,14388,494028,11001,590,554,695,475,0.4343
1/02/1994,2,Auckland Region,2601,33339,2028,190,196,240,155,0.3679
1/02/1994,4,Bay of Plenty Region,501,5613,450,140,138,165,120,0.2862
1/07/2025,13,Canterbury Region,1734,52755,1323,530,489,625,450,0.454
1/02/1994,5,Gisborne Region,84,915,69,125,126,145,110,0.2147
1/02/1994,6,Hawke's Bay Region,246,3309,210,140,140,165,125,0.2407
1/02/1994,8,Manawatu-Wanganui Region,948,6159,582,145,148,200,120,0.455
1/02/1994,18,Marlborough Region,66,759,57,135,133,150,126,0.1752
1/02/1994,-1,NA,456,7005,369,135,132,170,100,0.4701
1/02/1994,17,Nelson Region,156,1434,126,155,152,180,135,0.2484
1/02/1994,1,Northland Region,180,2004,153,130,121,150,100,0.3056
1/02/1994,14,Otago Region,840,5475,543,150,144,210,110,0.5416
1/02/1994,15,Southland Region,144,1473,111,105,102,130,90,0.3415
1/02/1994,7,Taranaki Region,228,2511,177,125,122,150,100,0.2925
1/02/1994,16,Tasman Region,45,357,33,153,145,180,120,0.3387
1/02/1994,3,Waikato Region,948,9459,705,125,129,160,105,0.3268
1/02/1994,9,Wellington Region,1110,12264,909,170,174,220,135,0.3973
1/02/1994,12,West Coast Region,33,405,33,123,111,140,93,0.3535
1/08/2025,-99,ALL,14718,497025,11595,590,560,695,485,0.4205
1/01/1994,2,Auckland Region,2571,32766,2214,190,193,235,150,0.3626
1/01/1994,4,Bay of Plenty Region,474,5562,414,150,143,170,120,0.3193
1/08/2025,13,Canterbury Region,1794,53091,1449,540,503,615,460,0.4475
1/01/1994,5,Gisborne Region,75,897,57,130,129,150,119,0.232
1/01/1994,6,Hawke's Bay Region,249,3273,204,145,139,170,120,0.2673
1/01/1994,8,Manawatu-Wanganui Region,687,5793,543,145,146,190,120,0.3924
1/01/1994,18,Marlborough Region,60,750,57,133,131,150,120,0.2205
1/01/1994,-1,NA,435,6918,378,130,126,165,100,0.4544
1/01/1994,17,Nelson Region,150,1407,123,155,151,175,135,0.2753
1/01/1994,1,Northland Region,171,1974,168,130,120,150,100,0.3287
1/01/1994,14,Otago Region,1062,5181,591,180,174,250,130,0.5239
1/01/1994,15,Southland Region,120,1440,117,100,99,120,85,0.3483
1/01/1994,7,Taranaki Region,267,2460,243,130,127,160,100,0.3756
1/01/1994,16,Tasman Region,42,345,30,145,138,180,123,0.3824
1/01/1994,3,Waikato Region,990,9216,762,130,134,170,110,0.3368
1/01/1994,9,Wellington Region,1080,12066,900,175,175,220,140,0.4042
1/01/1994,12,West Coast Region,51,405,39,80,82,131,59,0.5627
1/09/2025,-99,ALL,13587,498546,12066,590,556,695,480,0.4286
1/12/1993,2,Auckland Region,2214,32409,2085,190,197,240,160,0.3503
1/12/1993,4,Bay of Plenty Region,402,5505,405,150,138,165,120,0.3018
1/09/2025,13,Canterbury Region,1659,53280,1467,545,505,630,450,0.3916
1/12/1993,5,Gisborne Region,72,879,72,130,132,150,120,0.1917
1/12/1993,6,Hawke's Bay Region,231,3228,222,140,140,160,125,0.2477
1/12/1993,8,Manawatu-Wanganui Region,426,5649,507,130,133,165,110,0.3308
1/12/1993,18,Marlborough Region,60,747,57,140,137,160,130,0.2556
1/12/1993,-1,NA,345,6861,348,135,132,170,100,0.4624
1/12/1993,17,Nelson Region,129,1380,132,160,155,180,139,0.2246
1/12/1993,1,Northland Region,168,1974,153,130,124,150,110,0.2994
1/12/1993,14,Otago Region,393,4710,759,150,155,220,120,0.4729
1/12/1993,15,Southland Region,96,1437,114,110,106,130,95,0.3401
1/12/1993,7,Taranaki Region,183,2439,210,130,128,160,110,0.3119
1/12/1993,16,Tasman Region,27,333,27,150,125,164,101,0.3983
1/12/1993,3,Waikato Region,738,8988,801,140,136,170,110,0.3337
1/12/1993,9,Wellington Region,747,11883,822,170,173,210,135,0.3695
1/12/1993,12,West Coast Region,21,393,27,123,110,135,103,0.3729
1/10/2025,-99,ALL,14205,501423,11226,590,556,690,480,0.4124
1/11/1993,2,Auckland Region,2409,32280,2100,190,193,230,160,0.339
1/11/1993,4,Bay of Plenty Region,507,5505,459,145,138,165,120,0.2545
1/10/2025,13,Canterbury Region,1761,53562,1470,540,502,620,460,0.3952
1/11/1993,5,Gisborne Region,63,879,57,140,130,150,125,0.2321
1/11/1993,6,Hawke's Bay Region,276,3216,258,140,137,165,120,0.2357
1/11/1993,8,Manawatu-Wanganui Region,579,5733,675,140,145,190,115,0.4016
1/11/1993,18,Marlborough Region,51,744,48,130,132,150,119,0.1861
1/11/1993,-1,NA,360,6864,378,130,130,168,100,0.4014
1/11/1993,17,Nelson Region,138,1383,147,145,140,178,120,0.269
1/11/1993,1,Northland Region,159,1959,156,130,125,150,110,0.2495
1/11/1993,14,Otago Region,372,5076,513,140,135,160,115,0.3747
1/11/1993,15,Southland Region,102,1455,108,100,101,120,85,0.2691
1/11/1993,7,Taranaki Region,201,2463,171,130,128,160,110,0.2888
1/11/1993,16,Tasman Region,33,333,33,150,147,165,130,0.1901
1/11/1993,3,Waikato Region,783,9051,828,135,135,170,110,0.3463
1/11/1993,9,Wellington Region,888,11961,837,170,173,220,135,0.3802
1/11/1993,12,West Coast Region,30,396,21,120,107,135,90,0.3359
1/11/2025,-99,ALL,14313,510498,5106,595,566,700,490,0.4306
1/10/1993,2,Auckland Region,2511,31971,1989,190,191,230,155,0.3386
1/10/1993,4,Bay of Plenty Region,516,5460,402,140,139,160,120,0.2598
1/11/2025,13,Canterbury Region,1929,54846,630,569,545,660,480,0.4685
1/10/1993,5,Gisborne Region,60,876,54,130,119,140,105,0.2814
1/10/1993,6,Hawke's Bay Region,276,3198,225,150,139,165,125,0.2751
1/10/1993,8,Manawatu-Wanganui Region,420,5829,429,130,133,160,110,0.2995
1/10/1993,18,Marlborough Region,57,741,42,130,131,150,115,0.1952
1/10/1993,-1,NA,387,6882,339,130,130,160,100,0.4088
1/10/1993,17,Nelson Region,162,1392,126,150,153,180,135,0.2016
1/10/1993,1,Northland Region,159,1953,123,125,121,145,106,0.3184
1/10/1993,14,Otago Region,336,5217,321,140,137,160,120,0.3334
1/10/1993,15,Southland Region,111,1458,96,103,99,124,88,0.3488
1/10/1993,7,Taranaki Region,216,2433,207,130,126,150,100,0.281
1/10/1993,16,Tasman Region,39,333,30,150,139,165,129,0.2718
1/10/1993,3,Waikato Region,696,9096,618,130,129,160,110,0.3171
1/10/1993,9,Wellington Region,873,11910,744,170,168,200,130,0.3731
1/10/1993,12,West Coast Region,21,387,33,110,106,130,90,0.2579
1/12/2025,-99,ALL,14013,517845,6666,599,569,700,490,0.4188
1/09/1993,2,Auckland Region,2259,31449,1953,180,189,230,150,0.3597
1/09/1993,4,Bay of Plenty Region,507,5346,435,145,137,160,120,0.3056
1/12/2025,13,Canterbury Region,1893,56022,717,580,581,700,495,0.451
1/09/1993,5,Gisborne Region,63,867,60,140,131,150,120,0.2182
1/09/1993,6,Hawke's Bay Region,267,3147,231,145,143,168,130,0.227
1/09/1993,8,Manawatu-Wanganui Region,396,5835,387,130,129,160,110,0.3242
1/09/1993,18,Marlborough Region,69,729,60,140,132,150,130,0.2325
1/09/1993,-1,NA,399,6837,351,130,129,165,100,0.4077
1/09/1993,17,Nelson Region,144,1356,114,150,153,180,135,0.1885
1/09/1993,1,Northland Region,138,1917,132,120,122,140,105,0.2593
1/09/1993,14,Otago Region,312,5199,303,135,132,160,110,0.3948
1/09/1993,15,Southland Region,123,1443,102,103,101,120,90,0.2933
1/09/1993,7,Taranaki Region,198,2421,177,125,123,150,100,0.3286
1/09/1993,16,Tasman Region,36,324,33,150,146,170,130,0.2549
1/09/1993,3,Waikato Region,696,9015,636,130,129,160,110,0.3035
1/09/1993,9,Wellington Region,837,11781,807,165,167,210,130,0.3736
1/09/1993,12,West Coast Region,30,399,27,110,102,133,88,0.4067
1/01/2026,-99,ALL,17829,519207,16305,600,592,750,490,0.426
1/08/1993,2,Auckland Region,2328,31143,2019,185,190,230,155,0.3333
1/08/1993,4,Bay of Plenty Region,525,5274,432,145,139,165,120,0.2513
1/01/2026,13,Canterbury Region,2079,56238,1848,575,553,670,490,0.4003
1/08/1993,5,Gisborne Region,72,864,48,128,125,150,110,0.2223
1/08/1993,6,Hawke's Bay Region,285,3111,240,145,141,165,130,0.2229
1/08/1993,8,Manawatu-Wanganui Region,438,5826,402,130,127,150,110,0.3028
1/08/1993,18,Marlborough Region,87,720,63,130,128,150,110,0.2234
1/08/1993,-1,NA,393,6789,354,130,126,165,100,0.4468
1/08/1993,17,Nelson Region,144,1326,141,150,149,173,135,0.2169
1/08/1993,1,Northland Region,159,1911,138,120,120,140,100,0.2531
1/08/1993,14,Otago Region,309,5190,297,130,127,155,100,0.3627
1/08/1993,15,Southland Region,120,1425,114,100,100,120,83,0.2946
1/08/1993,7,Taranaki Region,231,2403,225,130,130,160,110,0.3223
1/08/1993,16,Tasman Region,33,321,21,150,145,172,135,0.2579
1/08/1993,3,Waikato Region,741,8955,654,130,130,165,110,0.3119
1/08/1993,9,Wellington Region,849,11751,735,170,170,210,135,0.3683
1/08/1993,12,West Coast Region,24,396,27,98,94,130,75,0.3928
1/02/2026,-99,ALL,17658,518718,17856,585,555,700,465,0.4308
1/07/1993,2,Auckland Region,2520,30837,2025,190,193,235,150,0.3526
1/07/1993,4,Bay of Plenty Region,501,5181,447,140,136,160,120,0.2742
1/02/2026,13,Canterbury Region,1860,56070,1992,550,511,650,450,0.4513
1/07/1993,5,Gisborne Region,72,840,66,125,126,140,110,0.215
1/07/1993,6,Hawke's Bay Region,270,3066,246,140,135,160,120,0.2577
1/07/1993,8,Manawatu-Wanganui Region,465,5790,393,130,130,160,110,0.3257
1/07/1993,18,Marlborough Region,72,696,48,130,130,150,120,0.1874
1/07/1993,-1,NA,432,6750,363,130,128,160,100,0.43
1/07/1993,17,Nelson Region,132,1323,108,147,141,170,120,0.3217
1/07/1993,1,Northland Region,183,1890,141,120,120,140,105,0.2734
1/07/1993,14,Otago Region,369,5178,327,135,133,160,110,0.3564
1/07/1993,15,Southland Region,126,1419,105,110,99,120,90,0.3106
1/07/1993,7,Taranaki Region,237,2397,216,130,127,160,100,0.3304
1/07/1993,16,Tasman Region,27,309,36,148,139,166,120,0.2421
1/07/1993,3,Waikato Region,732,8865,642,130,129,160,100,0.2953
1/07/1993,9,Wellington Region,924,11637,744,165,167,210,130,0.3594
1/07/1993,12,West Coast Region,36,402,33,120,109,133,98,0.3191
1/03/2026,-99,ALL,14502,519300,13629,595,561,700,480,0.4112
1/06/1993,2,Auckland Region,2208,30342,1815,180,187,230,150,0.3575
1/06/1993,4,Bay of Plenty Region,459,5127,366,140,134,160,120,0.2874
1/03/2026,13,Canterbury Region,1614,56232,1428,550,515,640,470,0.3787
1/06/1993,5,Gisborne Region,84,834,60,120,120,145,107,0.2377
1/06/1993,6,Hawke's Bay Region,228,3042,234,140,136,160,120,0.2464
1/06/1993,8,Manawatu-Wanganui Region,384,5718,360,130,131,160,110,0.3411
1/06/1993,18,Marlborough Region,51,669,48,130,129,150,120,0.1803
1/06/1993,-1,NA,432,6678,369,125,124,160,100,0.3681
1/06/1993,17,Nelson Region,117,1299,108,160,149,180,125,0.2909
1/06/1993,1,Northland Region,153,1851,132,130,119,150,105,0.3639
1/06/1993,14,Otago Region,354,5139,306,135,129,155,110,0.3647
1/06/1993,15,Southland Region,117,1398,108,100,99,120,85,0.2541
1/06/1993,7,Taranaki Region,216,2376,174,130,122,150,100,0.3099
1/06/1993,16,Tasman Region,27,315,24,138,135,173,111,0.3109
1/06/1993,3,Waikato Region,651,8775,588,130,129,160,110,0.3135
1/06/1993,9,Wellington Region,792,11460,744,170,170,210,130,0.3823
1/06/1993,12,West Coast Region,36,396,33,115,105,130,89,0.2838
1/04/2026,-99,ALL,13377,521847,10311,600,568,700,495,0.403
1/05/1993,2,Auckland Region,2460,29952,1815,180,186,230,150,0.356
1/05/1993,4,Bay of Plenty Region,441,5031,351,140,137,160,120,0.2589
1/04/2026,13,Canterbury Region,1626,56628,1173,550,509,640,460,0.4139
1/05/1993,5,Gisborne Region,66,810,57,121,122,150,103,0.2322
1/05/1993,6,Hawke's Bay Region,264,3048,213,143,140,170,123,0.2622
1/05/1993,8,Manawatu-Wanganui Region,489,5694,345,130,130,155,110,0.3129
1/05/1993,18,Marlborough Region,72,666,51,130,127,150,115,0.3134
1/05/1993,-1,NA,405,6615,336,130,128,166,100,0.4057
1/05/1993,17,Nelson Region,144,1287,114,160,153,180,135,0.2419
1/05/1993,1,Northland Region,174,1827,114,125,120,150,100,0.2459
1/05/1993,14,Otago Region,390,5091,306,135,128,165,110,0.372
1/05/1993,15,Southland Region,123,1386,114,105,101,126,85,0.2928
1/05/1993,7,Taranaki Region,240,2334,186,130,126,150,100,0.2982
1/05/1993,16,Tasman Region,27,309,18,158,135,170,113,0.3159
1/05/1993,3,Waikato Region,720,8712,528,130,128,160,105,0.3257
1/05/1993,9,Wellington Region,840,11415,678,170,171,215,130,0.377
1/05/1993,12,West Coast Region,27,393,33,103,86,128,67,0.5262
1/05/2026,-99,ALL,14367,520635,15060,600,572,700,495,0.3949
1/04/1993,2,Auckland Region,2076,29307,1842,180,186,230,150,0.3568
1/04/1993,4,Bay of Plenty Region,453,4941,390,140,134,160,110,0.2943
1/05/2026,13,Canterbury Region,1665,56535,1704,550,506,630,470,0.4215
1/04/1993,5,Gisborne Region,78,804,51,130,124,145,110,0.2386
1/04/1993,6,Hawke's Bay Region,243,2997,222,140,138,160,120,0.2347
1/04/1993,8,Manawatu-Wanganui Region,390,5550,351,130,129,150,110,0.3385
1/04/1993,18,Marlborough Region,54,645,54,130,127,140,115,0.2118
1/04/1993,-1,NA,378,6546,327,128,124,160,100,0.4097
1/04/1993,17,Nelson Region,135,1257,111,150,145,180,125,0.273
1/04/1993,1,Northland Region,141,1767,132,125,119,145,100,0.2958
1/04/1993,14,Otago Region,351,5007,324,138,132,160,110,0.3748
1/04/1993,15,Southland Region,87,1377,75,95,95,110,80,0.2486
1/04/1993,7,Taranaki Region,195,2277,201,130,128,160,100,0.3463
1/04/1993,16,Tasman Region,30,300,30,150,146,164,130,0.2222
1/04/1993,3,Waikato Region,693,8520,600,130,129,160,110,0.2999
1/04/1993,9,Wellington Region,819,11250,753,165,168,210,130,0.3899
1/04/1993,12,West Coast Region,36,399,24,115,102,120,90,0.2959
1/06/2026,-99,ALL,13419,521481,12570,595,562,700,485,0.4089
1/03/1993,2,Auckland Region,2316,29073,1962,180,182,220,150,0.3458
1/03/1993,4,Bay of Plenty Region,510,4875,402,143,136,160,120,0.294
1/06/2026,13,Canterbury Region,1527,56691,1368,550,514,645,480,0.4062
1/03/1993,5,Gisborne Region,63,777,60,125,120,140,106,0.2649
1/03/1993,6,Hawke's Bay Region,249,2973,210,135,134,160,120,0.2297
1/03/1993,8,Manawatu-Wanganui Region,483,5511,393,130,127,160,105,0.3935
1/03/1993,18,Marlborough Region,54,645,39,135,128,150,120,0.2664
1/03/1993,-1,NA,384,6498,369,130,127,161,100,0.4364
1/03/1993,17,Nelson Region,144,1233,123,150,149,180,130,0.256
1/03/1993,1,Northland Region,198,1758,171,120,119,140,100,0.253
1/03/1993,14,Otago Region,441,4980,390,135,134,170,110,0.4376
1/03/1993,15,Southland Region,132,1365,114,100,98,120,85,0.2769
1/03/1993,7,Taranaki Region,162,2283,174,120,126,150,110,0.2906
1/03/1993,16,Tasman Region,27,300,30,135,133,150,125,0.2229
1/03/1993,3,Waikato Region,774,8427,582,125,126,160,100,0.3215
1/03/1993,9,Wellington Region,894,11184,837,170,168,210,135,0.3776
1/03/1993,12,West Coast Region,36,390,36,120,104,130,88,0.3555
1/07/2026,-99,ALL,15114,523449,12450,590,564,700,485,0.3833
1/02/1993,2,Auckland Region,2376,28719,1962,180,186,220,150,0.3567
1/02/1993,4,Bay of Plenty Region,432,4767,369,140,135,160,120,0.2992
1/07/2026,13,Canterbury Region,1590,56910,1293,550,513,646,470,0.3994
1/02/1993,5,Gisborne Region,87,774,63,120,120,140,109,0.2365
1/02/1993,6,Hawke's Bay Region,237,2934,225,140,133,155,120,0.2591
1/02/1993,8,Manawatu-Wanganui Region,807,5424,549,140,142,200,110,0.4748
1/02/1993,18,Marlborough Region,51,630,54,130,123,150,110,0.2032
1/02/1993,-1,NA,417,6483,345,130,129,165,100,0.4555
1/02/1993,17,Nelson Region,117,1212,117,150,145,180,129,0.2571
1/02/1993,1,Northland Region,174,1731,141,120,119,150,100,0.3027
1/02/1993,14,Otago Region,897,4932,570,150,149,220,120,0.5561
1/02/1993,15,Southland Region,150,1347,99,100,92,115,83,0.3222
1/02/1993,7,Taranaki Region,240,2295,180,130,128,158,108,0.3594
1/02/1993,16,Tasman Region,33,303,30,140,125,166,110,0.4292
1/02/1993,3,Waikato Region,903,8232,693,120,124,155,100,0.3399
1/02/1993,9,Wellington Region,975,11127,828,170,171,213,130,0.385
1/02/1993,12,West Coast Region,24,387,27,120,99,130,80,0.3679
