Year ended June,Grouping variable,Category,Measure,Unit,Value,Value Unit,Value Label,Null Reason,Metadata 1,Metadata 2
2024,Household size,One–person household,Median household net worth,Amount,334,nzd,NZD thousands,,The number of people in a household is defined as those who usually reside in that household. Two-or-more-person households may or may not include a family nucleus.
2024,Household size,One–person household,Median household net worth,Relative sampling error,21,percentage,% error,,The number of people in a household is defined as those who usually reside in that household. Two-or-more-person households may or may not include a family nucleus.
2024,Household size,One–person household,Median household net worth,Percentage change from previous survey,10.2,percentage,% change,,The number of people in a household is defined as those who usually reside in that household. Two-or-more-person households may or may not include a family nucleus.
2024,Household size,One–person household,Median household net worth,Sampling error for percentage change,30.1,percentage,% error,,The number of people in a household is defined as those who usually reside in that household. Two-or-more-person households may or may not include a family nucleus.
2024,Household size,One–person household,Mean household net worth,Amount,678,nzd,NZD thousands,,The number of people in a household is defined as those who usually reside in that household. Two-or-more-person households may or may not include a family nucleus.
2024,Household size,One–person household,Mean household net worth,Relative sampling error,11.8,percentage,% error,,The number of people in a household is defined as those who usually reside in that household. Two-or-more-person households may or may not include a family nucleus.
2024,Household size,One–person household,Mean household net worth,Percentage change from previous survey,23.6,percentage,% change,,The number of people in a household is defined as those who usually reside in that household. Two-or-more-person households may or may not include a family nucleus.
2024,Household size,One–person household,Mean household net worth,Sampling error for percentage change,22.8,percentage,% error,,The number of people in a household is defined as those who usually reside in that household. Two-or-more-person households may or may not include a family nucleus.
2024,Household size,One–person household,Total household net worth,Amount,316266754,nzd,NZD thousands,,The number of people in a household is defined as those who usually reside in that household. Two-or-more-person households may or may not include a family nucleus.
2024,Household size,One–person household,Total household net worth,Relative sampling error,12.5,percentage,% error,,The number of people in a household is defined as those who usually reside in that household. Two-or-more-person households may or may not include a family nucleus.
2024,Household size,One–person household,Total household net worth,Percentage change from previous survey,44.1,percentage,% change,,The number of people in a household is defined as those who usually reside in that household. Two-or-more-person households may or may not include a family nucleus.
2024,Household size,One–person household,Total household net worth,Sampling error for percentage change,27,percentage,% error,,The number of people in a household is defined as those who usually reside in that household. Two-or-more-person households may or may not include a family nucleus.
2024,Household size,One–person household,Households,Count,461,number,Number of households,,The number of people in a household is defined as those who usually reside in that household. Two-or-more-person households may or may not include a family nucleus.
2024,Household size,One–person household,Households,Relative sampling error,3.1,percentage,% error,,The number of people in a household is defined as those who usually reside in that household. Two-or-more-person households may or may not include a family nucleus.
2024,Household size,One–person household,Households,Percentage change from previous survey,15.7,percentage,% change,,The number of people in a household is defined as those who usually reside in that household. Two-or-more-person households may or may not include a family nucleus.
2024,Household size,One–person household,Households,Sampling error for percentage change,5.2,percentage,% error,,The number of people in a household is defined as those who usually reside in that household. Two-or-more-person households may or may not include a family nucleus.
2024,Household size,Two–person household,Median household net worth,Amount,741,nzd,NZD thousands,,The number of people in a household is defined as those who usually reside in that household. Two-or-more-person households may or may not include a family nucleus.
2024,Household size,Two–person household,Median household net worth,Relative sampling error,9.2,percentage,% error,,The number of people in a household is defined as those who usually reside in that household. Two-or-more-person households may or may not include a family nucleus.
2024,Household size,Two–person household,Median household net worth,Percentage change from previous survey,30.5,percentage,% change,,The number of people in a household is defined as those who usually reside in that household. Two-or-more-person households may or may not include a family nucleus.
2024,Household size,Two–person household,Median household net worth,Sampling error for percentage change,19.8,percentage,% error,,The number of people in a household is defined as those who usually reside in that household. Two-or-more-person households may or may not include a family nucleus.
2024,Household size,Two–person household,Mean household net worth,Amount,1398,nzd,NZD thousands,,The number of people in a household is defined as those who usually reside in that household. Two-or-more-person households may or may not include a family nucleus.
2024,Household size,Two–person household,Mean household net worth,Relative sampling error,8.9,percentage,% error,,The number of people in a household is defined as those who usually reside in that household. Two-or-more-person households may or may not include a family nucleus.
2024,Household size,Two–person household,Mean household net worth,Percentage change from previous survey,19.9,percentage,% change,,The number of people in a household is defined as those who usually reside in that household. Two-or-more-person households may or may not include a family nucleus.
2024,Household size,Two–person household,Mean household net worth,Sampling error for percentage change,18.3,percentage,% error,,The number of people in a household is defined as those who usually reside in that household. Two-or-more-person households may or may not include a family nucleus.
2024,Household size,Two–person household,Total household net worth,Amount,913486567,nzd,NZD thousands,,The number of people in a household is defined as those who usually reside in that household. Two-or-more-person households may or may not include a family nucleus.
2024,Household size,Two–person household,Total household net worth,Relative sampling error,9.2,percentage,% error,,The number of people in a household is defined as those who usually reside in that household. Two-or-more-person households may or may not include a family nucleus.
2024,Household size,Two–person household,Total household net worth,Percentage change from previous survey,26.7,percentage,% change,,The number of people in a household is defined as those who usually reside in that household. Two-or-more-person households may or may not include a family nucleus.
2024,Household size,Two–person household,Total household net worth,Sampling error for percentage change,19.5,percentage,% error,,The number of people in a household is defined as those who usually reside in that household. Two-or-more-person households may or may not include a family nucleus.
2024,Household size,Two–person household,Households,Count,652,number,Number of households,,The number of people in a household is defined as those who usually reside in that household. Two-or-more-person households may or may not include a family nucleus.
2024,Household size,Two–person household,Households,Relative sampling error,3.1,percentage,% error,,The number of people in a household is defined as those who usually reside in that household. Two-or-more-person households may or may not include a family nucleus.
2024,Household size,Two–person household,Households,Percentage change from previous survey,5.4,percentage,% change,,The number of people in a household is defined as those who usually reside in that household. Two-or-more-person households may or may not include a family nucleus.
2024,Household size,Two–person household,Households,Sampling error for percentage change,4.1,percentage,% error,,The number of people in a household is defined as those who usually reside in that household. Two-or-more-person households may or may not include a family nucleus.
2024,Household size,Three–person household,Median household net worth,Amount,558,nzd,NZD thousands,,The number of people in a household is defined as those who usually reside in that household. Two-or-more-person households may or may not include a family nucleus.
2024,Household size,Three–person household,Median household net worth,Relative sampling error,16,percentage,% error,,The number of people in a household is defined as those who usually reside in that household. Two-or-more-person households may or may not include a family nucleus.
2024,Household size,Three–person household,Median household net worth,Percentage change from previous survey,68.9,percentage,% change,,The number of people in a household is defined as those who usually reside in that household. Two-or-more-person households may or may not include a family nucleus.
2024,Household size,Three–person household,Median household net worth,Sampling error for percentage change,40,percentage,% error,,The number of people in a household is defined as those who usually reside in that household. Two-or-more-person households may or may not include a family nucleus.
2024,Household size,Three–person household,Mean household net worth,Amount,913,nzd,NZD thousands,,The number of people in a household is defined as those who usually reside in that household. Two-or-more-person households may or may not include a family nucleus.
2024,Household size,Three–person household,Mean household net worth,Relative sampling error,10.8,percentage,% error,,The number of people in a household is defined as those who usually reside in that household. Two-or-more-person households may or may not include a family nucleus.
2024,Household size,Three–person household,Mean household net worth,Percentage change from previous survey,27.2,percentage,% change,,The number of people in a household is defined as those who usually reside in that household. Two-or-more-person households may or may not include a family nucleus.
2024,Household size,Three–person household,Mean household net worth,Sampling error for percentage change,23.2,percentage,% error,,The number of people in a household is defined as those who usually reside in that household. Two-or-more-person households may or may not include a family nucleus.
2024,Household size,Three–person household,Total household net worth,Amount,331274142,nzd,NZD thousands,,The number of people in a household is defined as those who usually reside in that household. Two-or-more-person households may or may not include a family nucleus.
2024,Household size,Three–person household,Total household net worth,Relative sampling error,12.7,percentage,% error,,The number of people in a household is defined as those who usually reside in that household. Two-or-more-person households may or may not include a family nucleus.
2024,Household size,Three–person household,Total household net worth,Percentage change from previous survey,26.2,percentage,% change,,The number of people in a household is defined as those who usually reside in that household. Two-or-more-person households may or may not include a family nucleus.
2024,Household size,Three–person household,Total household net worth,Sampling error for percentage change,26.5,percentage,% error,,The number of people in a household is defined as those who usually reside in that household. Two-or-more-person households may or may not include a family nucleus.
2024,Household size,Three–person household,Households,Count,362,number,Number of households,,The number of people in a household is defined as those who usually reside in that household. Two-or-more-person households may or may not include a family nucleus.
2024,Household size,Three–person household,Households,Relative sampling error,8.5,percentage,% error,,The number of people in a household is defined as those who usually reside in that household. Two-or-more-person households may or may not include a family nucleus.
2024,Household size,Three–person household,Households,Percentage change from previous survey,-1,percentage,% change,,The number of people in a household is defined as those who usually reside in that household. Two-or-more-person households may or may not include a family nucleus.
2024,Household size,Three–person household,Households,Sampling error for percentage change,10.5,percentage,% error,,The number of people in a household is defined as those who usually reside in that household. Two-or-more-person households may or may not include a family nucleus.
2024,Household size,Four–person household,Median household net worth,Amount,587,nzd,NZD thousands,,The number of people in a household is defined as those who usually reside in that household. Two-or-more-person households may or may not include a family nucleus.
2024,Household size,Four–person household,Median household net worth,Relative sampling error,18.1,percentage,% error,,The number of people in a household is defined as those who usually reside in that household. Two-or-more-person households may or may not include a family nucleus.
2024,Household size,Four–person household,Median household net worth,Percentage change from previous survey,44.5,percentage,% change,,The number of people in a household is defined as those who usually reside in that household. Two-or-more-person households may or may not include a family nucleus.
2024,Household size,Four–person household,Median household net worth,Sampling error for percentage change,42.9,percentage,% error,,The number of people in a household is defined as those who usually reside in that household. Two-or-more-person households may or may not include a family nucleus.
2024,Household size,Four–person household,Mean household net worth,Amount,1108,nzd,NZD thousands,,The number of people in a household is defined as those who usually reside in that household. Two-or-more-person households may or may not include a family nucleus.
2024,Household size,Four–person household,Mean household net worth,Relative sampling error,14.1,percentage,% error,,The number of people in a household is defined as those who usually reside in that household. Two-or-more-person households may or may not include a family nucleus.
2024,Household size,Four–person household,Mean household net worth,Percentage change from previous survey,20.9,percentage,% change,,The number of people in a household is defined as those who usually reside in that household. Two-or-more-person households may or may not include a family nucleus.
2024,Household size,Four–person household,Mean household net worth,Sampling error for percentage change,27.9,percentage,% error,,The number of people in a household is defined as those who usually reside in that household. Two-or-more-person households may or may not include a family nucleus.
2024,Household size,Four–person household,Total household net worth,Amount,340877757,nzd,NZD thousands,,The number of people in a household is defined as those who usually reside in that household. Two-or-more-person households may or may not include a family nucleus.
2024,Household size,Four–person household,Total household net worth,Relative sampling error,16,percentage,% error,,The number of people in a household is defined as those who usually reside in that household. Two-or-more-person households may or may not include a family nucleus.
2024,Household size,Four–person household,Total household net worth,Percentage change from previous survey,32.3,percentage,% change,,The number of people in a household is defined as those who usually reside in that household. Two-or-more-person households may or may not include a family nucleus.
2024,Household size,Four–person household,Total household net worth,Sampling error for percentage change,32.4,percentage,% error,,The number of people in a household is defined as those who usually reside in that household. Two-or-more-person households may or may not include a family nucleus.
2024,Household size,Four–person household,Households,Count,308,number,Number of households,,The number of people in a household is defined as those who usually reside in that household. Two-or-more-person households may or may not include a family nucleus.
2024,Household size,Four–person household,Households,Relative sampling error,6.9,percentage,% error,,The number of people in a household is defined as those who usually reside in that household. Two-or-more-person households may or may not include a family nucleus.
2024,Household size,Four–person household,Households,Percentage change from previous survey,9.4,percentage,% change,,The number of people in a household is defined as those who usually reside in that household. Two-or-more-person households may or may not include a family nucleus.
2024,Household size,Four–person household,Households,Sampling error for percentage change,11.3,percentage,% error,,The number of people in a household is defined as those who usually reside in that household. Two-or-more-person households may or may not include a family nucleus.
2024,Household size,Five–or–more person household,Median household net worth,Amount,334,nzd,NZD thousands,,The number of people in a household is defined as those who usually reside in that household. Two-or-more-person households may or may not include a family nucleus.
2024,Household size,Five–or–more person household,Median household net worth,Relative sampling error,30.4,percentage,% error,,The number of people in a household is defined as those who usually reside in that household. Two-or-more-person households may or may not include a family nucleus.
2024,Household size,Five–or–more person household,Median household net worth,Percentage change from previous survey,11.6,percentage,% change,,The number of people in a household is defined as those who usually reside in that household. Two-or-more-person households may or may not include a family nucleus.
2024,Household size,Five–or–more person household,Median household net worth,Sampling error for percentage change,42.5,percentage,% error,,The number of people in a household is defined as those who usually reside in that household. Two-or-more-person households may or may not include a family nucleus.
2024,Household size,Five–or–more person household,Mean household net worth,Amount,815,nzd,NZD thousands,,The number of people in a household is defined as those who usually reside in that household. Two-or-more-person households may or may not include a family nucleus.
2024,Household size,Five–or–more person household,Mean household net worth,Relative sampling error,14.8,percentage,% error,,The number of people in a household is defined as those who usually reside in that household. Two-or-more-person households may or may not include a family nucleus.
2024,Household size,Five–or–more person household,Mean household net worth,Percentage change from previous survey,8.4,percentage,% change,,The number of people in a household is defined as those who usually reside in that household. Two-or-more-person households may or may not include a family nucleus.
2024,Household size,Five–or–more person household,Mean household net worth,Sampling error for percentage change,23.6,percentage,% error,,The number of people in a household is defined as those who usually reside in that household. Two-or-more-person households may or may not include a family nucleus.
2024,Household size,Five–or–more person household,Total household net worth,Amount,165592572,nzd,NZD thousands,,The number of people in a household is defined as those who usually reside in that household. Two-or-more-person households may or may not include a family nucleus.
2024,Household size,Five–or–more person household,Total household net worth,Relative sampling error,16,percentage,% error,,The number of people in a household is defined as those who usually reside in that household. Two-or-more-person households may or may not include a family nucleus.
2024,Household size,Five–or–more person household,Total household net worth,Percentage change from previous survey,7.2,percentage,% change,,The number of people in a household is defined as those who usually reside in that household. Two-or-more-person households may or may not include a family nucleus.
2024,Household size,Five–or–more person household,Total household net worth,Sampling error for percentage change,24.5,percentage,% error,,The number of people in a household is defined as those who usually reside in that household. Two-or-more-person households may or may not include a family nucleus.
2024,Household size,Five–or–more person household,Households,Count,202,number,Number of households,,The number of people in a household is defined as those who usually reside in that household. Two-or-more-person households may or may not include a family nucleus.
2024,Household size,Five–or–more person household,Households,Relative sampling error,7.5,percentage,% error,,The number of people in a household is defined as those who usually reside in that household. Two-or-more-person households may or may not include a family nucleus.
2024,Household size,Five–or–more person household,Households,Percentage change from previous survey,-1.5,percentage,% change,,The number of people in a household is defined as those who usually reside in that household. Two-or-more-person households may or may not include a family nucleus.
2024,Household size,Five–or–more person household,Households,Sampling error for percentage change,9.8,percentage,% error,,The number of people in a household is defined as those who usually reside in that household. Two-or-more-person households may or may not include a family nucleus.
2024,Household composition,Couple only,Median household net worth,Amount,932,nzd,NZD thousands,
2024,Household composition,Couple only,Median household net worth,Relative sampling error,6.4,percentage,% error,
2024,Household composition,Couple only,Median household net worth,Percentage change from previous survey,34.3,percentage,% change,
2024,Household composition,Couple only,Median household net worth,Sampling error for percentage change,15.4,percentage,% error,
2024,Household composition,Couple only,Mean household net worth,Amount,1601,nzd,NZD thousands,
2024,Household composition,Couple only,Mean household net worth,Relative sampling error,8.9,percentage,% error,
2024,Household composition,Couple only,Mean household net worth,Percentage change from previous survey,19.6,percentage,% change,
2024,Household composition,Couple only,Mean household net worth,Sampling error for percentage change,19,percentage,% error,
2024,Household composition,Couple only,Total household net worth,Amount,830977353,nzd,NZD thousands,
2024,Household composition,Couple only,Total household net worth,Relative sampling error,9.5,percentage,% error,
2024,Household composition,Couple only,Total household net worth,Percentage change from previous survey,24,percentage,% change,
2024,Household composition,Couple only,Total household net worth,Sampling error for percentage change,20.5,percentage,% error,
2024,Household composition,Couple only,Households,Count,518,number,Number of households,
2024,Household composition,Couple only,Households,Relative sampling error,4,percentage,% error,
2024,Household composition,Couple only,Households,Percentage change from previous survey,3.5,percentage,% change,
2024,Household composition,Couple only,Households,Sampling error for percentage change,5.3,percentage,% error,
2024,Household composition,Couple with one dependent child,Median household net worth,Amount,491,nzd,NZD thousands,
2024,Household composition,Couple with one dependent child,Median household net worth,Relative sampling error,26.1,percentage,% error,
2024,Household composition,Couple with one dependent child,Median household net worth,Percentage change from previous survey,72.1,percentage,% change,
2024,Household composition,Couple with one dependent child,Median household net worth,Sampling error for percentage change,65,percentage,% error,
2024,Household composition,Couple with one dependent child,Mean household net worth,Amount,723,nzd,NZD thousands,
2024,Household composition,Couple with one dependent child,Mean household net worth,Relative sampling error,13.9,percentage,% error,
2024,Household composition,Couple with one dependent child,Mean household net worth,Percentage change from previous survey,16.1,percentage,% change,
2024,Household composition,Couple with one dependent child,Mean household net worth,Sampling error for percentage change,32.9,percentage,% error,
2024,Household composition,Couple with one dependent child,Total household net worth,Amount,105292795,nzd,NZD thousands,
2024,Household composition,Couple with one dependent child,Total household net worth,Relative sampling error,18.6,percentage,% error,
2024,Household composition,Couple with one dependent child,Total household net worth,Percentage change from previous survey,23.6,percentage,% change,
2024,Household composition,Couple with one dependent child,Total household net worth,Sampling error for percentage change,41.1,percentage,% error,
2024,Household composition,Couple with one dependent child,Households,Count,146,number,Number of households,
2024,Household composition,Couple with one dependent child,Households,Relative sampling error,12.3,percentage,% error,
2024,Household composition,Couple with one dependent child,Households,Percentage change from previous survey,6.4,percentage,% change,
2024,Household composition,Couple with one dependent child,Households,Sampling error for percentage change,17.8,percentage,% error,
2024,Household composition,Couple with two or more dependent children,Median household net worth,Amount,636,nzd,NZD thousands,
2024,Household composition,Couple with two or more dependent children,Median household net worth,Relative sampling error,16.1,percentage,% error,
2024,Household composition,Couple with two or more dependent children,Median household net worth,Percentage change from previous survey,54.3,percentage,% change,
2024,Household composition,Couple with two or more dependent children,Median household net worth,Sampling error for percentage change,33.8,percentage,% error,
2024,Household composition,Couple with two or more dependent children,Mean household net worth,Amount,996,nzd,NZD thousands,
2024,Household composition,Couple with two or more dependent children,Mean household net worth,Relative sampling error,13.9,percentage,% error,
2024,Household composition,Couple with two or more dependent children,Mean household net worth,Percentage change from previous survey,6.3,percentage,% change,
2024,Household composition,Couple with two or more dependent children,Mean household net worth,Sampling error for percentage change,25.5,percentage,% error,
2024,Household composition,Couple with two or more dependent children,Total household net worth,Amount,231093436,nzd,NZD thousands,
2024,Household composition,Couple with two or more dependent children,Total household net worth,Relative sampling error,15.2,percentage,% error,
2024,Household composition,Couple with two or more dependent children,Total household net worth,Percentage change from previous survey,9,percentage,% change,
2024,Household composition,Couple with two or more dependent children,Total household net worth,Sampling error for percentage change,29,percentage,% error,
2024,Household composition,Couple with two or more dependent children,Households,Count,232,number,Number of households,
2024,Household composition,Couple with two or more dependent children,Households,Relative sampling error,5.8,percentage,% error,
2024,Household composition,Couple with two or more dependent children,Households,Percentage change from previous survey,2.4,percentage,% change,
2024,Household composition,Couple with two or more dependent children,Households,Sampling error for percentage change,8.6,percentage,% error,
2024,Household composition,All other 'couples with child(ren) only' households,Median household net worth,Amount,874,nzd,NZD thousands,,"Includes couple with adult children only, as well as couple with adult and dependent children."
2024,Household composition,All other 'couples with child(ren) only' households,Median household net worth,Relative sampling error,15.6,percentage,% error,,"Includes couple with adult children only, as well as couple with adult and dependent children."
2024,Household composition,All other 'couples with child(ren) only' households,Median household net worth,Percentage change from previous survey,30.2,percentage,% change,,"Includes couple with adult children only, as well as couple with adult and dependent children."
2024,Household composition,All other 'couples with child(ren) only' households,Median household net worth,Sampling error for percentage change,33.3,percentage,% error,,"Includes couple with adult children only, as well as couple with adult and dependent children."
2024,Household composition,All other 'couples with child(ren) only' households,Mean household net worth,Amount,1509,nzd,NZD thousands,,"Includes couple with adult children only, as well as couple with adult and dependent children."
2024,Household composition,All other 'couples with child(ren) only' households,Mean household net worth,Relative sampling error,14,percentage,% error,,"Includes couple with adult children only, as well as couple with adult and dependent children."
2024,Household composition,All other 'couples with child(ren) only' households,Mean household net worth,Percentage change from previous survey,22.3,percentage,% change,,"Includes couple with adult children only, as well as couple with adult and dependent children."
2024,Household composition,All other households,Households,Count,159,number,Number of households,,"This category is an aggregation of two-family household, three-or-more-family households, or any other multi-person households."
2024,Household composition,All other 'couples with child(ren) only' households,Mean household net worth,Sampling error for percentage change,27.6,percentage,% error,,"Includes couple with adult children only, as well as couple with adult and dependent children."
2024,Household composition,All other 'couples with child(ren) only' households,Total household net worth,Amount,296017109,nzd,NZD thousands,,"Includes couple with adult children only, as well as couple with adult and dependent children."
2024,Household composition,All other 'couples with child(ren) only' households,Total household net worth,Relative sampling error,16.7,percentage,% error,,"Includes couple with adult children only, as well as couple with adult and dependent children."
2024,Household composition,All other 'couples with child(ren) only' households,Total household net worth,Percentage change from previous survey,33.3,percentage,% change,,"Includes couple with adult children only, as well as couple with adult and dependent children."
2024,Household composition,All other 'couples with child(ren) only' households,Total household net worth,Sampling error for percentage change,35,percentage,% error,,"Includes couple with adult children only, as well as couple with adult and dependent children."
2024,Household composition,All other 'couples with child(ren) only' households,Households,Count,196,number,Number of households,,"Includes couple with adult children only, as well as couple with adult and dependent children."
2024,Household composition,All other 'couples with child(ren) only' households,Households,Relative sampling error,9.1,percentage,% error,,"Includes couple with adult children only, as well as couple with adult and dependent children."
2024,Household composition,All other 'couples with child(ren) only' households,Households,Percentage change from previous survey,9,percentage,% change,,"Includes couple with adult children only, as well as couple with adult and dependent children."
2024,Household composition,All other 'couples with child(ren) only' households,Households,Sampling error for percentage change,14.5,percentage,% error,,"Includes couple with adult children only, as well as couple with adult and dependent children."
2024,Household composition,One parent with dependent child(ren) only,Median household net worth,Amount,36,nzd,NZD thousands,
2024,Household composition,One parent with dependent child(ren) only,Median household net worth,Relative sampling error,46.4,percentage,% error,
2024,Household composition,One parent with dependent child(ren) only,Median household net worth,Percentage change from previous survey,-7.9,percentage,% change,
2024,Household composition,One parent with dependent child(ren) only,Median household net worth,Sampling error for percentage change,49,percentage,% error,
2024,Household composition,One parent with dependent child(ren) only,Mean household net worth,Amount,365,nzd,NZD thousands,
2024,Household composition,One parent with dependent child(ren) only,Mean household net worth,Relative sampling error,44,percentage,% error,
2024,Household composition,One parent with dependent child(ren) only,Mean household net worth,Percentage change from previous survey,54.9,percentage,% change,
2024,Household composition,One parent with dependent child(ren) only,Mean household net worth,Sampling error for percentage change,176.3,percentage,% error,
2024,Household composition,One parent with dependent child(ren) only,Total household net worth,Amount,27510586,nzd,NZD thousands,
2024,Household composition,One parent with dependent child(ren) only,Total household net worth,Relative sampling error,46,percentage,% error,
2024,Household composition,One parent with dependent child(ren) only,Total household net worth,Percentage change from previous survey,37.3,percentage,% change,
2024,Household composition,One parent with dependent child(ren) only,Total household net worth,Sampling error for percentage change,158.9,percentage,% error,
2024,Household composition,One parent with dependent child(ren) only,Households,Count,74,number,Number of households,
2024,Household composition,One parent with dependent child(ren) only,Households,Relative sampling error,15.2,percentage,% error,
2024,Household composition,One parent with dependent child(ren) only,Households,Percentage change from previous survey,-12.5,percentage,% change,
2024,Household composition,One parent with dependent child(ren) only,Households,Sampling error for percentage change,17.2,percentage,% error,
2024,Household composition,All other 'one parent with child(ren) only' households,Median household net worth,Amount,410,nzd,NZD thousands,,"Includes one parent with adult children only, as well as one parent with dependent and adult children."
2024,Household composition,All other 'one parent with child(ren) only' households,Median household net worth,Relative sampling error,40.7,percentage,% error,,"Includes one parent with adult children only, as well as one parent with dependent and adult children."
2024,Household composition,All other 'one parent with child(ren) only' households,Median household net worth,Percentage change from previous survey,17.4,percentage,% change,,"Includes one parent with adult children only, as well as one parent with dependent and adult children."
2024,Household composition,All other 'one parent with child(ren) only' households,Median household net worth,Sampling error for percentage change,65.6,percentage,% error,,"Includes one parent with adult children only, as well as one parent with dependent and adult children."
2024,Household composition,All other 'one parent with child(ren) only' households,Mean household net worth,Amount,925,nzd,NZD thousands,,"Includes one parent with adult children only, as well as one parent with dependent and adult children."
2024,Household composition,All other 'one parent with child(ren) only' households,Mean household net worth,Relative sampling error,39.7,percentage,% error,,"Includes one parent with adult children only, as well as one parent with dependent and adult children."
2024,Household composition,All other 'one parent with child(ren) only' households,Mean household net worth,Percentage change from previous survey,62.1,percentage,% change,,"Includes one parent with adult children only, as well as one parent with dependent and adult children."
2024,Household composition,All other 'one parent with child(ren) only' households,Mean household net worth,Sampling error for percentage change,62.2,percentage,% error,,"Includes one parent with adult children only, as well as one parent with dependent and adult children."
2024,Household composition,All other 'one parent with child(ren) only' households,Total household net worth,Amount,72008311,nzd,NZD thousands,,"Includes one parent with adult children only, as well as one parent with dependent and adult children."
2024,Household composition,All other 'one parent with child(ren) only' households,Total household net worth,Relative sampling error,42.6,percentage,% error,,"Includes one parent with adult children only, as well as one parent with dependent and adult children."
2024,Household composition,All other 'one parent with child(ren) only' households,Total household net worth,Percentage change from previous survey,102.8,percentage,% change,,"Includes one parent with adult children only, as well as one parent with dependent and adult children."
2024,Household composition,All other 'one parent with child(ren) only' households,Total household net worth,Sampling error for percentage change,92.2,percentage,% error,,"Includes one parent with adult children only, as well as one parent with dependent and adult children."
2024,Household composition,All other 'one parent with child(ren) only' households,Households,Count,77,number,Number of households,,"Includes one parent with adult children only, as well as one parent with dependent and adult children."
2024,Household composition,All other 'one parent with child(ren) only' households,Households,Relative sampling error,14.4,percentage,% error,,"Includes one parent with adult children only, as well as one parent with dependent and adult children."
2024,Household composition,All other 'one parent with child(ren) only' households,Households,Percentage change from previous survey,24.1,percentage,% change,,"Includes one parent with adult children only, as well as one parent with dependent and adult children."
2024,Household composition,All other 'one parent with child(ren) only' households,Households,Sampling error for percentage change,28.4,percentage,% error,,"Includes one parent with adult children only, as well as one parent with dependent and adult children."
2024,Household composition,Other one-family households,Median household net worth,Amount,276,nzd,NZD thousands,,"Contains all one-family households where 'other people' are present, who may be related or unrelated to the family nucleus."
2024,Household composition,Other one-family households,Median household net worth,Relative sampling error,41.6,percentage,% error,,"Contains all one-family households where 'other people' are present, who may be related or unrelated to the family nucleus."
2024,Household composition,Other one-family households,Median household net worth,Percentage change from previous survey,-4.3,percentage,% change,,"Contains all one-family households where 'other people' are present, who may be related or unrelated to the family nucleus."
2024,Household composition,Other one-family households,Median household net worth,Sampling error for percentage change,47.4,percentage,% error,,"Contains all one-family households where 'other people' are present, who may be related or unrelated to the family nucleus."
2024,Household composition,Other one-family households,Mean household net worth,Amount,703,nzd,NZD thousands,,"Contains all one-family households where 'other people' are present, who may be related or unrelated to the family nucleus."
2024,Household composition,Other one-family households,Mean household net worth,Relative sampling error,21.3,percentage,% error,,"Contains all one-family households where 'other people' are present, who may be related or unrelated to the family nucleus."
2024,Household composition,Other one-family households,Mean household net worth,Percentage change from previous survey,37.1,percentage,% change,,"Contains all one-family households where 'other people' are present, who may be related or unrelated to the family nucleus."
2024,Household composition,Other one-family households,Mean household net worth,Sampling error for percentage change,42,percentage,% error,,"Contains all one-family households where 'other people' are present, who may be related or unrelated to the family nucleus."
2024,Household composition,Other one-family households,Total household net worth,Amount,85592114,nzd,NZD thousands,,"Contains all one-family households where 'other people' are present, who may be related or unrelated to the family nucleus."
2024,Household composition,Other one-family households,Total household net worth,Relative sampling error,25.2,percentage,% error,,"Contains all one-family households where 'other people' are present, who may be related or unrelated to the family nucleus."
2024,Household composition,Other one-family households,Total household net worth,Percentage change from previous survey,31.6,percentage,% change,,"Contains all one-family households where 'other people' are present, who may be related or unrelated to the family nucleus."
2024,Household composition,Other one-family households,Total household net worth,Sampling error for percentage change,47.1,percentage,% error,,"Contains all one-family households where 'other people' are present, who may be related or unrelated to the family nucleus."
2024,Household composition,Other one-family households,Households,Count,122,number,Number of households,,"Contains all one-family households where 'other people' are present, who may be related or unrelated to the family nucleus."
2024,Household composition,Other one-family households,Households,Relative sampling error,12.9,percentage,% error,,"Contains all one-family households where 'other people' are present, who may be related or unrelated to the family nucleus."
2024,Household composition,Other one-family households,Households,Percentage change from previous survey,-3.9,percentage,% change,,"Contains all one-family households where 'other people' are present, who may be related or unrelated to the family nucleus."
2024,Household composition,Other one-family households,Households,Sampling error for percentage change,16.7,percentage,% error,,"Contains all one-family households where 'other people' are present, who may be related or unrelated to the family nucleus."
2024,Household composition,One-person household,Median household net worth,Amount,334,nzd,NZD thousands,
2024,Household composition,One-person household,Median household net worth,Relative sampling error,21,percentage,% error,
2024,Household composition,One-person household,Median household net worth,Percentage change from previous survey,10.2,percentage,% change,
2024,Household composition,One-person household,Median household net worth,Sampling error for percentage change,30.1,percentage,% error,
2024,Household composition,One-person household,Mean household net worth,Amount,678,nzd,NZD thousands,
2024,Household composition,One-person household,Mean household net worth,Relative sampling error,11.8,percentage,% error,
2024,Household composition,One-person household,Mean household net worth,Percentage change from previous survey,23.6,percentage,% change,
2024,Household composition,One-person household,Mean household net worth,Sampling error for percentage change,22.8,percentage,% error,
2024,Household composition,One-person household,Total household net worth,Amount,316266754,nzd,NZD thousands,
2024,Household composition,One-person household,Total household net worth,Relative sampling error,12.5,percentage,% error,
2024,Household composition,One-person household,Total household net worth,Percentage change from previous survey,44.1,percentage,% change,
2024,Household composition,One-person household,Total household net worth,Sampling error for percentage change,27,percentage,% error,
2024,Household composition,One-person household,Households,Count,461,number,Number of households,
2024,Household composition,One-person household,Households,Relative sampling error,3.1,percentage,% error,
2024,Household composition,One-person household,Households,Percentage change from previous survey,15.7,percentage,% change,
2024,Household composition,One-person household,Households,Sampling error for percentage change,5.2,percentage,% error,
2024,Household composition,All other households,Median household net worth,Amount,172,nzd,NZD thousands,,"This category is an aggregation of two-family household, three-or-more-family households, or any other multi-person households."
2024,Household composition,All other households,Median household net worth,Relative sampling error,27.1,percentage,% error,,"This category is an aggregation of two-family household, three-or-more-family households, or any other multi-person households."
2024,Household composition,All other households,Median household net worth,Percentage change from previous survey,-9.2,percentage,% change,,"This category is an aggregation of two-family household, three-or-more-family households, or any other multi-person households."
2024,Household composition,All other households,Median household net worth,Sampling error for percentage change,40.7,percentage,% error,,"This category is an aggregation of two-family household, three-or-more-family households, or any other multi-person households."
2024,Household composition,All other households,Mean household net worth,Amount,644,nzd,NZD thousands,,"This category is an aggregation of two-family household, three-or-more-family households, or any other multi-person households."
2024,Household composition,All other households,Mean household net worth,Relative sampling error,38.3,percentage,% error,,"This category is an aggregation of two-family household, three-or-more-family households, or any other multi-person households."
2024,Household composition,All other households,Mean household net worth,Percentage change from previous survey,15.2,percentage,% change,,"This category is an aggregation of two-family household, three-or-more-family households, or any other multi-person households."
2024,Household composition,All other households,Mean household net worth,Sampling error for percentage change,54.4,percentage,% error,,"This category is an aggregation of two-family household, three-or-more-family households, or any other multi-person households."
2024,Household composition,All other households,Total household net worth,Amount,102739334,nzd,NZD thousands,,"This category is an aggregation of two-family household, three-or-more-family households, or any other multi-person households."
2024,Household composition,All other households,Total household net worth,Relative sampling error,39.8,percentage,% error,,"This category is an aggregation of two-family household, three-or-more-family households, or any other multi-person households."
2024,Household composition,All other households,Total household net worth,Percentage change from previous survey,19.9,percentage,% change,,"This category is an aggregation of two-family household, three-or-more-family households, or any other multi-person households."
2024,Household composition,All other households,Total household net worth,Sampling error for percentage change,61.9,percentage,% error,,"This category is an aggregation of two-family household, three-or-more-family households, or any other multi-person households."
2024,Household composition,All other households,Households,Relative sampling error,9.9,percentage,% error,,"This category is an aggregation of two-family household, three-or-more-family households, or any other multi-person households."
2024,Household composition,All other households,Households,Percentage change from previous survey,4.1,percentage,% change,,"This category is an aggregation of two-family household, three-or-more-family households, or any other multi-person households."
2024,Household composition,All other households,Households,Sampling error for percentage change,18.6,percentage,% error,,"This category is an aggregation of two-family household, three-or-more-family households, or any other multi-person households."
2024,Tenure of household,Dwelling owned or partly owned by usual resident(s),Median household net worth,Amount,929,nzd,NZD thousands,,Refers to the nature of the occupancy of a household in a private dwelling. It does not refer to the tenure of the land on which the dwelling is situated.
2024,Tenure of household,Dwelling owned or partly owned by usual resident(s),Median household net worth,Relative sampling error,4.5,percentage,% error,,Refers to the nature of the occupancy of a household in a private dwelling. It does not refer to the tenure of the land on which the dwelling is situated.
2024,Tenure of household,Dwelling owned or partly owned by usual resident(s),Median household net worth,Percentage change from previous survey,45.9,percentage,% change,,Refers to the nature of the occupancy of a household in a private dwelling. It does not refer to the tenure of the land on which the dwelling is situated.
2024,Tenure of household,Dwelling owned or partly owned by usual resident(s),Median household net worth,Sampling error for percentage change,9.5,percentage,% error,,Refers to the nature of the occupancy of a household in a private dwelling. It does not refer to the tenure of the land on which the dwelling is situated.
2024,Tenure of household,Dwelling owned or partly owned by usual resident(s),Mean household net worth,Amount,1324,nzd,NZD thousands,,Refers to the nature of the occupancy of a household in a private dwelling. It does not refer to the tenure of the land on which the dwelling is situated.
2024,Tenure of household,Dwelling owned or partly owned by usual resident(s),Mean household net worth,Relative sampling error,4.6,percentage,% error,,Refers to the nature of the occupancy of a household in a private dwelling. It does not refer to the tenure of the land on which the dwelling is situated.
2024,Tenure of household,Dwelling owned or partly owned by usual resident(s),Mean household net worth,Percentage change from previous survey,41.3,percentage,% change,,Refers to the nature of the occupancy of a household in a private dwelling. It does not refer to the tenure of the land on which the dwelling is situated.
2024,Tenure of household,Dwelling owned or partly owned by usual resident(s),Mean household net worth,Sampling error for percentage change,9.9,percentage,% error,,Refers to the nature of the occupancy of a household in a private dwelling. It does not refer to the tenure of the land on which the dwelling is situated.
2024,Tenure of household,Dwelling owned or partly owned by usual resident(s),Total household net worth,Amount,1367342612,nzd,NZD thousands,,Refers to the nature of the occupancy of a household in a private dwelling. It does not refer to the tenure of the land on which the dwelling is situated.
2024,Tenure of household,Dwelling owned or partly owned by usual resident(s),Total household net worth,Relative sampling error,5.2,percentage,% error,,Refers to the nature of the occupancy of a household in a private dwelling. It does not refer to the tenure of the land on which the dwelling is situated.
2024,Tenure of household,Dwelling owned or partly owned by usual resident(s),Total household net worth,Percentage change from previous survey,53.3,percentage,% change,,Refers to the nature of the occupancy of a household in a private dwelling. It does not refer to the tenure of the land on which the dwelling is situated.
2024,Tenure of household,Dwelling owned or partly owned by usual resident(s),Total household net worth,Sampling error for percentage change,11.8,percentage,% error,,Refers to the nature of the occupancy of a household in a private dwelling. It does not refer to the tenure of the land on which the dwelling is situated.
2024,Tenure of household,Dwelling owned or partly owned by usual resident(s),Households,Count,1032,number,Number of households,,Refers to the nature of the occupancy of a household in a private dwelling. It does not refer to the tenure of the land on which the dwelling is situated.
2024,Tenure of household,Dwelling owned or partly owned by usual resident(s),Households,Relative sampling error,3.2,percentage,% error,,Refers to the nature of the occupancy of a household in a private dwelling. It does not refer to the tenure of the land on which the dwelling is situated.
2024,Tenure of household,Dwelling owned or partly owned by usual resident(s),Households,Percentage change from previous survey,8.4,percentage,% change,,Refers to the nature of the occupancy of a household in a private dwelling. It does not refer to the tenure of the land on which the dwelling is situated.
2024,Tenure of household,Dwelling owned or partly owned by usual resident(s),Households,Sampling error for percentage change,5.3,percentage,% error,,Refers to the nature of the occupancy of a household in a private dwelling. It does not refer to the tenure of the land on which the dwelling is situated.
2024,Tenure of household,Dwelling owned or partly owned by usual resident(s) who make mortgage payments,Median household net worth,Amount,727,nzd,NZD thousands,,Refers to the nature of the occupancy of a household in a private dwelling. It does not refer to the tenure of the land on which the dwelling is situated.
2024,Tenure of household,Dwelling owned or partly owned by usual resident(s) who make mortgage payments,Median household net worth,Relative sampling error,5,percentage,% error,,Refers to the nature of the occupancy of a household in a private dwelling. It does not refer to the tenure of the land on which the dwelling is situated.
2024,Tenure of household,Dwelling owned or partly owned by usual resident(s) who make mortgage payments,Median household net worth,Percentage change from previous survey,52.1,percentage,% change,,Refers to the nature of the occupancy of a household in a private dwelling. It does not refer to the tenure of the land on which the dwelling is situated.
2024,Tenure of household,Dwelling owned or partly owned by usual resident(s) who make mortgage payments,Median household net worth,Sampling error for percentage change,11.1,percentage,% error,,Refers to the nature of the occupancy of a household in a private dwelling. It does not refer to the tenure of the land on which the dwelling is situated.
2024,Tenure of household,Dwelling owned or partly owned by usual resident(s) who make mortgage payments,Mean household net worth,Amount,934,nzd,NZD thousands,,Refers to the nature of the occupancy of a household in a private dwelling. It does not refer to the tenure of the land on which the dwelling is situated.
2024,Tenure of household,Dwelling owned or partly owned by usual resident(s) who make mortgage payments,Mean household net worth,Relative sampling error,5.5,percentage,% error,,Refers to the nature of the occupancy of a household in a private dwelling. It does not refer to the tenure of the land on which the dwelling is situated.
2024,Tenure of household,Dwelling owned or partly owned by usual resident(s) who make mortgage payments,Mean household net worth,Percentage change from previous survey,38.2,percentage,% change,,Refers to the nature of the occupancy of a household in a private dwelling. It does not refer to the tenure of the land on which the dwelling is situated.
2024,Tenure of household,Dwelling owned or partly owned by usual resident(s) who make mortgage payments,Mean household net worth,Sampling error for percentage change,12.7,percentage,% error,,Refers to the nature of the occupancy of a household in a private dwelling. It does not refer to the tenure of the land on which the dwelling is situated.
2024,Tenure of household,Dwelling owned or partly owned by usual resident(s) who make mortgage payments,Total household net worth,Amount,533301862,nzd,NZD thousands,,Refers to the nature of the occupancy of a household in a private dwelling. It does not refer to the tenure of the land on which the dwelling is situated.
2024,Tenure of household,Dwelling owned or partly owned by usual resident(s) who make mortgage payments,Total household net worth,Relative sampling error,7.8,percentage,% error,,Refers to the nature of the occupancy of a household in a private dwelling. It does not refer to the tenure of the land on which the dwelling is situated.
2024,Tenure of household,Dwelling owned or partly owned by usual resident(s) who make mortgage payments,Total household net worth,Percentage change from previous survey,45.8,percentage,% change,,Refers to the nature of the occupancy of a household in a private dwelling. It does not refer to the tenure of the land on which the dwelling is situated.
2024,Tenure of household,Dwelling owned or partly owned by usual resident(s) who make mortgage payments,Total household net worth,Sampling error for percentage change,17,percentage,% error,,Refers to the nature of the occupancy of a household in a private dwelling. It does not refer to the tenure of the land on which the dwelling is situated.
2024,Tenure of household,Dwelling owned or partly owned by usual resident(s) who make mortgage payments,Households,Count,571,number,Number of households,,Refers to the nature of the occupancy of a household in a private dwelling. It does not refer to the tenure of the land on which the dwelling is situated.
2024,Tenure of household,Dwelling owned or partly owned by usual resident(s) who make mortgage payments,Households,Relative sampling error,5.3,percentage,% error,,Refers to the nature of the occupancy of a household in a private dwelling. It does not refer to the tenure of the land on which the dwelling is situated.
2024,Tenure of household,Dwelling owned or partly owned by usual resident(s) who make mortgage payments,Households,Percentage change from previous survey,5.5,percentage,% change,,Refers to the nature of the occupancy of a household in a private dwelling. It does not refer to the tenure of the land on which the dwelling is situated.
2024,Tenure of household,Dwelling owned or partly owned by usual resident(s) who make mortgage payments,Households,Sampling error for percentage change,8.3,percentage,% error,,Refers to the nature of the occupancy of a household in a private dwelling. It does not refer to the tenure of the land on which the dwelling is situated.
2024,Tenure of household,Dwelling owned or partly owned by usual resident(s) who do not make mortgage payments,Median household net worth,Amount,1287,nzd,NZD thousands,,Refers to the nature of the occupancy of a household in a private dwelling. It does not refer to the tenure of the land on which the dwelling is situated.
2024,Tenure of household,Dwelling owned or partly owned by usual resident(s) who do not make mortgage payments,Median household net worth,Relative sampling error,4.5,percentage,% error,,Refers to the nature of the occupancy of a household in a private dwelling. It does not refer to the tenure of the land on which the dwelling is situated.
2024,Tenure of household,Dwelling owned or partly owned by usual resident(s) who do not make mortgage payments,Median household net worth,Percentage change from previous survey,40.1,percentage,% change,,Refers to the nature of the occupancy of a household in a private dwelling. It does not refer to the tenure of the land on which the dwelling is situated.
2024,Tenure of household,Dwelling owned or partly owned by usual resident(s) who do not make mortgage payments,Median household net worth,Sampling error for percentage change,11.6,percentage,% error,,Refers to the nature of the occupancy of a household in a private dwelling. It does not refer to the tenure of the land on which the dwelling is situated.
2024,Tenure of household,Dwelling owned or partly owned by usual resident(s) who do not make mortgage payments,Mean household net worth,Amount,1809,nzd,NZD thousands,,Refers to the nature of the occupancy of a household in a private dwelling. It does not refer to the tenure of the land on which the dwelling is situated.
2024,Tenure of household,Dwelling owned or partly owned by usual resident(s) who do not make mortgage payments,Mean household net worth,Relative sampling error,6.6,percentage,% error,,Refers to the nature of the occupancy of a household in a private dwelling. It does not refer to the tenure of the land on which the dwelling is situated.
2024,Tenure of household,Dwelling owned or partly owned by usual resident(s) who do not make mortgage payments,Mean household net worth,Percentage change from previous survey,41,percentage,% change,,Refers to the nature of the occupancy of a household in a private dwelling. It does not refer to the tenure of the land on which the dwelling is situated.
2024,Tenure of household,Dwelling owned or partly owned by usual resident(s) who do not make mortgage payments,Mean household net worth,Sampling error for percentage change,13.5,percentage,% error,,Refers to the nature of the occupancy of a household in a private dwelling. It does not refer to the tenure of the land on which the dwelling is situated.
2024,Tenure of household,Dwelling owned or partly owned by usual resident(s) who do not make mortgage payments,Total household net worth,Amount,833886833,nzd,NZD thousands,,Refers to the nature of the occupancy of a household in a private dwelling. It does not refer to the tenure of the land on which the dwelling is situated.
2024,Tenure of household,Dwelling owned or partly owned by usual resident(s) who do not make mortgage payments,Total household net worth,Relative sampling error,7.3,percentage,% error,,Refers to the nature of the occupancy of a household in a private dwelling. It does not refer to the tenure of the land on which the dwelling is situated.
2024,Tenure of household,Dwelling owned or partly owned by usual resident(s) who do not make mortgage payments,Total household net worth,Percentage change from previous survey,58.6,percentage,% change,,Refers to the nature of the occupancy of a household in a private dwelling. It does not refer to the tenure of the land on which the dwelling is situated.
2024,Tenure of household,Dwelling owned or partly owned by usual resident(s) who do not make mortgage payments,Total household net worth,Sampling error for percentage change,17.6,percentage,% error,,Refers to the nature of the occupancy of a household in a private dwelling. It does not refer to the tenure of the land on which the dwelling is situated.
2024,Tenure of household,Dwelling owned or partly owned by usual resident(s) who do not make mortgage payments,Households,Count,461,number,Number of households,,Refers to the nature of the occupancy of a household in a private dwelling. It does not refer to the tenure of the land on which the dwelling is situated.
2024,Tenure of household,Dwelling owned or partly owned by usual resident(s) who do not make mortgage payments,Households,Relative sampling error,4.7,percentage,% error,,Refers to the nature of the occupancy of a household in a private dwelling. It does not refer to the tenure of the land on which the dwelling is situated.
2024,Tenure of household,Dwelling owned or partly owned by usual resident(s) who do not make mortgage payments,Households,Percentage change from previous survey,12.4,percentage,% change,,Refers to the nature of the occupancy of a household in a private dwelling. It does not refer to the tenure of the land on which the dwelling is situated.
2024,Tenure of household,Dwelling owned or partly owned by usual resident(s) who do not make mortgage payments,Households,Sampling error for percentage change,8.2,percentage,% error,,Refers to the nature of the occupancy of a household in a private dwelling. It does not refer to the tenure of the land on which the dwelling is situated.
2024,Tenure of household,Dwelling not owned by usual resident(s),Median household net worth,Amount,57,nzd,NZD thousands,,Refers to the nature of the occupancy of a household in a private dwelling. It does not refer to the tenure of the land on which the dwelling is situated.
2024,Tenure of household,Dwelling not owned by usual resident(s),Median household net worth,Relative sampling error,11.2,percentage,% error,,Refers to the nature of the occupancy of a household in a private dwelling. It does not refer to the tenure of the land on which the dwelling is situated.
2024,Tenure of household,Dwelling not owned by usual resident(s),Median household net worth,Percentage change from previous survey,3.8,percentage,% change,,Refers to the nature of the occupancy of a household in a private dwelling. It does not refer to the tenure of the land on which the dwelling is situated.
2024,Tenure of household,Dwelling not owned by usual resident(s),Median household net worth,Sampling error for percentage change,15.4,percentage,% error,,Refers to the nature of the occupancy of a household in a private dwelling. It does not refer to the tenure of the land on which the dwelling is situated.
2024,Tenure of household,Dwelling not owned by usual resident(s),Mean household net worth,Amount,185,nzd,NZD thousands,,Refers to the nature of the occupancy of a household in a private dwelling. It does not refer to the tenure of the land on which the dwelling is situated.
2024,Tenure of household,Dwelling not owned by usual resident(s),Mean household net worth,Relative sampling error,11.9,percentage,% error,,Refers to the nature of the occupancy of a household in a private dwelling. It does not refer to the tenure of the land on which the dwelling is situated.
2024,Tenure of household,Dwelling not owned by usual resident(s),Mean household net worth,Percentage change from previous survey,2.4,percentage,% change,,Refers to the nature of the occupancy of a household in a private dwelling. It does not refer to the tenure of the land on which the dwelling is situated.
2024,Tenure of household,Dwelling not owned by usual resident(s),Mean household net worth,Sampling error for percentage change,21.3,percentage,% error,,Refers to the nature of the occupancy of a household in a private dwelling. It does not refer to the tenure of the land on which the dwelling is situated.
2024,Tenure of household,Dwelling not owned by usual resident(s),Total household net worth,Amount,133878536,nzd,NZD thousands,,Refers to the nature of the occupancy of a household in a private dwelling. It does not refer to the tenure of the land on which the dwelling is situated.
2024,Tenure of household,Dwelling not owned by usual resident(s),Total household net worth,Relative sampling error,12.5,percentage,% error,,Refers to the nature of the occupancy of a household in a private dwelling. It does not refer to the tenure of the land on which the dwelling is situated.
2024,Tenure of household,Dwelling not owned by usual resident(s),Total household net worth,Percentage change from previous survey,12.2,percentage,% change,,Refers to the nature of the occupancy of a household in a private dwelling. It does not refer to the tenure of the land on which the dwelling is situated.
2024,Tenure of household,Dwelling not owned by usual resident(s),Total household net worth,Sampling error for percentage change,25.4,percentage,% error,,Refers to the nature of the occupancy of a household in a private dwelling. It does not refer to the tenure of the land on which the dwelling is situated.
2024,Tenure of household,Dwelling not owned by usual resident(s),Households,Count,715,number,Number of households,,Refers to the nature of the occupancy of a household in a private dwelling. It does not refer to the tenure of the land on which the dwelling is situated.
2024,Tenure of household,Dwelling not owned by usual resident(s),Households,Relative sampling error,4.3,percentage,% error,,Refers to the nature of the occupancy of a household in a private dwelling. It does not refer to the tenure of the land on which the dwelling is situated.
2024,Tenure of household,Dwelling not owned by usual resident(s),Households,Percentage change from previous survey,8.7,percentage,% change,,Refers to the nature of the occupancy of a household in a private dwelling. It does not refer to the tenure of the land on which the dwelling is situated.
2024,Tenure of household,Dwelling not owned by usual resident(s),Households,Sampling error for percentage change,6.5,percentage,% error,,Refers to the nature of the occupancy of a household in a private dwelling. It does not refer to the tenure of the land on which the dwelling is situated.
2024,Tenure of household,Dwelling held in a family trust by usual resident(s),Median household net worth,Amount,1206,nzd,NZD thousands,,Refers to the nature of the occupancy of a household in a private dwelling. It does not refer to the tenure of the land on which the dwelling is situated.
2024,Tenure of household,Dwelling held in a family trust by usual resident(s),Median household net worth,Relative sampling error,17.6,percentage,% error,,Refers to the nature of the occupancy of a household in a private dwelling. It does not refer to the tenure of the land on which the dwelling is situated.
2024,Tenure of household,Dwelling held in a family trust by usual resident(s),Median household net worth,Percentage change from previous survey,1.8,percentage,% change,,Refers to the nature of the occupancy of a household in a private dwelling. It does not refer to the tenure of the land on which the dwelling is situated.
2024,Tenure of household,Dwelling held in a family trust by usual resident(s),Median household net worth,Sampling error for percentage change,25.4,percentage,% error,,Refers to the nature of the occupancy of a household in a private dwelling. It does not refer to the tenure of the land on which the dwelling is situated.
2024,Tenure of household,Dwelling held in a family trust by usual resident(s),Mean household net worth,Amount,2408,nzd,NZD thousands,,Refers to the nature of the occupancy of a household in a private dwelling. It does not refer to the tenure of the land on which the dwelling is situated.
2024,Tenure of household,Dwelling held in a family trust by usual resident(s),Mean household net worth,Relative sampling error,13.6,percentage,% error,,Refers to the nature of the occupancy of a household in a private dwelling. It does not refer to the tenure of the land on which the dwelling is situated.
2024,Tenure of household,Dwelling held in a family trust by usual resident(s),Mean household net worth,Percentage change from previous survey,2.5,percentage,% change,,Refers to the nature of the occupancy of a household in a private dwelling. It does not refer to the tenure of the land on which the dwelling is situated.
2024,Tenure of household,Dwelling held in a family trust by usual resident(s),Mean household net worth,Sampling error for percentage change,21.2,percentage,% error,,Refers to the nature of the occupancy of a household in a private dwelling. It does not refer to the tenure of the land on which the dwelling is situated.
2024,Tenure of household,Dwelling held in a family trust by usual resident(s),Total household net worth,Amount,562570783,nzd,NZD thousands,,Refers to the nature of the occupancy of a household in a private dwelling. It does not refer to the tenure of the land on which the dwelling is situated.
2024,Tenure of household,Dwelling held in a family trust by usual resident(s),Total household net worth,Relative sampling error,15.1,percentage,% error,,Refers to the nature of the occupancy of a household in a private dwelling. It does not refer to the tenure of the land on which the dwelling is situated.
2024,Tenure of household,Dwelling held in a family trust by usual resident(s),Total household net worth,Percentage change from previous survey,-6.8,percentage,% change,,Refers to the nature of the occupancy of a household in a private dwelling. It does not refer to the tenure of the land on which the dwelling is situated.
2024,Tenure of household,Dwelling held in a family trust by usual resident(s),Total household net worth,Sampling error for percentage change,21.6,percentage,% error,,Refers to the nature of the occupancy of a household in a private dwelling. It does not refer to the tenure of the land on which the dwelling is situated.
2024,Tenure of household,Dwelling held in a family trust by usual resident(s),Households,Count,233,number,Number of households,,Refers to the nature of the occupancy of a household in a private dwelling. It does not refer to the tenure of the land on which the dwelling is situated.
2024,Tenure of household,Dwelling held in a family trust by usual resident(s),Households,Relative sampling error,8.9,percentage,% error,,Refers to the nature of the occupancy of a household in a private dwelling. It does not refer to the tenure of the land on which the dwelling is situated.
2024,Tenure of household,Dwelling held in a family trust by usual resident(s),Households,Percentage change from previous survey,-9.1,percentage,% change,,Refers to the nature of the occupancy of a household in a private dwelling. It does not refer to the tenure of the land on which the dwelling is situated.
2024,Tenure of household,Dwelling held in a family trust by usual resident(s),Households,Sampling error for percentage change,10.6,percentage,% error,,Refers to the nature of the occupancy of a household in a private dwelling. It does not refer to the tenure of the land on which the dwelling is situated.
2024,Region,Auckland,Median household net worth,Amount,444,nzd,NZD thousands,
2024,Region,Auckland,Median household net worth,Relative sampling error,27.5,percentage,% error,
2024,Region,Auckland,Median household net worth,Percentage change from previous survey,0.3,percentage,% change,
2024,Region,Auckland,Median household net worth,Sampling error for percentage change,34.4,percentage,% error,
2024,Region,Auckland,Mean household net worth,Amount,1117,nzd,NZD thousands,
2024,Region,Auckland,Mean household net worth,Relative sampling error,9.6,percentage,% error,
2024,Region,Auckland,Mean household net worth,Percentage change from previous survey,14.9,percentage,% change,
2024,Region,Auckland,Mean household net worth,Sampling error for percentage change,18.1,percentage,% error,
2024,Region,Auckland,Total household net worth,Amount,673482378,nzd,NZD thousands,
2024,Region,Auckland,Total household net worth,Relative sampling error,9.6,percentage,% error,
2024,Region,Auckland,Total household net worth,Percentage change from previous survey,22.5,percentage,% change,
2024,Region,Auckland,Total household net worth,Sampling error for percentage change,19.3,percentage,% error,
2024,Region,Auckland,Households,Count,599,number,Number of households,
2024,Region,Auckland,Households,Relative sampling error,0.5,percentage,% error,
2024,Region,Auckland,Households,Percentage change from previous survey,5.9,percentage,% change,
2024,Region,Auckland,Households,Sampling error for percentage change,0.5,percentage,% error,
2024,Region,Wellington,Median household net worth,Amount,658,nzd,NZD thousands,
2024,Region,Wellington,Median household net worth,Relative sampling error,31.9,percentage,% error,
2024,Region,Wellington,Median household net worth,Percentage change from previous survey,58.2,percentage,% change,
2024,Region,Wellington,Median household net worth,Sampling error for percentage change,63.9,percentage,% error,
2024,Region,Wellington,Mean household net worth,Amount,1105,nzd,NZD thousands,
2024,Region,Wellington,Mean household net worth,Relative sampling error,17.2,percentage,% error,
2024,Region,Wellington,Mean household net worth,Percentage change from previous survey,46.3,percentage,% change,
2024,Region,Wellington,Mean household net worth,Sampling error for percentage change,30.2,percentage,% error,
2024,Region,Wellington,Total household net worth,Amount,234950674,nzd,NZD thousands,
2024,Region,Wellington,Total household net worth,Relative sampling error,17.2,percentage,% error,
2024,Region,Wellington,Total household net worth,Percentage change from previous survey,52.2,percentage,% change,
2024,Region,Wellington,Total household net worth,Sampling error for percentage change,31.4,percentage,% error,
2024,Region,Wellington,Households,Count,212,number,Number of households,
2024,Region,Wellington,Households,Relative sampling error,0.2,percentage,% error,
2024,Region,Wellington,Households,Percentage change from previous survey,3.9,percentage,% change,
2024,Region,Wellington,Households,Sampling error for percentage change,0.2,percentage,% error,
2024,Region,Rest of the North Island,Median household net worth,Amount,517,nzd,NZD thousands,
2024,Region,Rest of the North Island,Median household net worth,Relative sampling error,12.1,percentage,% error,
2024,Region,Rest of the North Island,Median household net worth,Percentage change from previous survey,35,percentage,% change,
2024,Region,Rest of the North Island,Median household net worth,Sampling error for percentage change,21.3,percentage,% error,
2024,Region,Rest of the North Island,Mean household net worth,Amount,957,nzd,NZD thousands,
2024,Region,Rest of the North Island,Mean household net worth,Relative sampling error,10.9,percentage,% error,
2024,Region,Rest of the North Island,Mean household net worth,Percentage change from previous survey,13.1,percentage,% change,
2024,Region,Rest of the North Island,Mean household net worth,Sampling error for percentage change,21,percentage,% error,
2024,Region,Rest of the North Island,Total household net worth,Amount,643885948,nzd,NZD thousands,
2024,Region,Rest of the North Island,Total household net worth,Relative sampling error,10.9,percentage,% error,
2024,Region,Rest of the North Island,Total household net worth,Percentage change from previous survey,20.3,percentage,% change,
2024,Region,Rest of the North Island,Total household net worth,Sampling error for percentage change,22.3,percentage,% error,
2024,Region,Rest of the North Island,Households,Count,670,number,Number of households,
2024,Region,Rest of the North Island,Households,Relative sampling error,0.4,percentage,% error,
2024,Region,Rest of the North Island,Households,Percentage change from previous survey,6.1,percentage,% change,
2024,Region,Rest of the North Island,Households,Sampling error for percentage change,0.5,percentage,% error,
2024,Region,Canterbury,Median household net worth,Amount,581,nzd,NZD thousands,
2024,Region,Canterbury,Median household net worth,Relative sampling error,14.4,percentage,% error,
2024,Region,Canterbury,Median household net worth,Percentage change from previous survey,51.6,percentage,% change,
2024,Region,Canterbury,Median household net worth,Sampling error for percentage change,29.6,percentage,% error,
2024,Region,Canterbury,Mean household net worth,Amount,894,nzd,NZD thousands,
2024,Region,Canterbury,Mean household net worth,Relative sampling error,11.7,percentage,% error,
2024,Region,Canterbury,Mean household net worth,Percentage change from previous survey,25.4,percentage,% change,
2024,Region,Canterbury,Mean household net worth,Sampling error for percentage change,29.8,percentage,% error,
2024,Region,Canterbury,Total household net worth,Amount,243948688,nzd,NZD thousands,
2024,Region,Canterbury,Total household net worth,Relative sampling error,11.7,percentage,% error,
2024,Region,Canterbury,Total household net worth,Percentage change from previous survey,37.6,percentage,% change,
2024,Region,Canterbury,Total household net worth,Sampling error for percentage change,32.7,percentage,% error,
2024,Region,Canterbury,Households,Count,273,number,Number of households,
2024,Region,Canterbury,Households,Relative sampling error,0.2,percentage,% error,
2024,Region,Canterbury,Households,Percentage change from previous survey,9.6,percentage,% change,
2024,Region,Canterbury,Households,Sampling error for percentage change,0.2,percentage,% error,
2024,Region,Rest of the South Island,Median household net worth,Amount,541,nzd,NZD thousands,
2024,Region,Rest of the South Island,Median household net worth,Relative sampling error,19.2,percentage,% error,
2024,Region,Rest of the South Island,Median household net worth,Percentage change from previous survey,29.3,percentage,% change,
2024,Region,Rest of the South Island,Median household net worth,Sampling error for percentage change,36.1,percentage,% error,
2024,Region,Rest of the South Island,Mean household net worth,Amount,1164,nzd,NZD thousands,
2024,Region,Rest of the South Island,Mean household net worth,Relative sampling error,19.2,percentage,% error,
2024,Region,Rest of the South Island,Mean household net worth,Percentage change from previous survey,29.1,percentage,% change,
2024,Region,Rest of the South Island,Mean household net worth,Sampling error for percentage change,30.9,percentage,% error,
2024,Region,Rest of the South Island,Total household net worth,Amount,271230104,nzd,NZD thousands,
2024,Region,Rest of the South Island,Total household net worth,Relative sampling error,19.2,percentage,% error,
2024,Region,Rest of the South Island,Total household net worth,Percentage change from previous survey,36.6,percentage,% change,
2024,Region,Rest of the South Island,Total household net worth,Sampling error for percentage change,32.7,percentage,% error,
2024,Region,Rest of the South Island,Households,Count,232,number,Number of households,
2024,Region,Rest of the South Island,Households,Relative sampling error,0.9,percentage,% error,
2024,Region,Rest of the South Island,Households,Percentage change from previous survey,5.5,percentage,% change,
2024,Region,Rest of the South Island,Households,Sampling error for percentage change,1,percentage,% error,
2024,Total,Total,Median household net worth,Amount,525,nzd,NZD thousands,,Total includes the 'not specified' category for household composition and for tenure of household. It also includes a small number of households with no assets or liabilities.
2024,Total,Total,Median household net worth,Relative sampling error,6.2,percentage,% error,,Total includes the 'not specified' category for household composition and for tenure of household. It also includes a small number of households with no assets or liabilities.
2024,Total,Total,Median household net worth,Percentage change from previous survey,31.6,percentage,% change,,Total includes the 'not specified' category for household composition and for tenure of household. It also includes a small number of households with no assets or liabilities.
2024,Total,Total,Median household net worth,Sampling error for percentage change,11.2,percentage,% error,,Total includes the 'not specified' category for household composition and for tenure of household. It also includes a small number of households with no assets or liabilities.
2024,Total,Total,Mean household net worth,Amount,1037,nzd,NZD thousands,,Total includes the 'not specified' category for household composition and for tenure of household. It also includes a small number of households with no assets or liabilities.
2024,Total,Total,Mean household net worth,Relative sampling error,5.3,percentage,% error,,Total includes the 'not specified' category for household composition and for tenure of household. It also includes a small number of households with no assets or liabilities.
2024,Total,Total,Mean household net worth,Percentage change from previous survey,20.1,percentage,% change,,Total includes the 'not specified' category for household composition and for tenure of household. It also includes a small number of households with no assets or liabilities.
2024,Total,Total,Mean household net worth,Sampling error for percentage change,9.6,percentage,% error,,Total includes the 'not specified' category for household composition and for tenure of household. It also includes a small number of households with no assets or liabilities.
2024,Total,Total,Total household net worth,Amount,2067497792,nzd,NZD thousands,,Total includes the 'not specified' category for household composition and for tenure of household. It also includes a small number of households with no assets or liabilities.
2024,Total,Total,Total household net worth,Relative sampling error,5.3,percentage,% error,,Total includes the 'not specified' category for household composition and for tenure of household. It also includes a small number of households with no assets or liabilities.
2024,Total,Total,Total household net worth,Percentage change from previous survey,28,percentage,% change,,Total includes the 'not specified' category for household composition and for tenure of household. It also includes a small number of households with no assets or liabilities.
2024,Total,Total,Total household net worth,Sampling error for percentage change,10.2,percentage,% error,,Total includes the 'not specified' category for household composition and for tenure of household. It also includes a small number of households with no assets or liabilities.
2024,Total,Total,Households,Count,1986,number,Number of households,,Total includes the 'not specified' category for household composition and for tenure of household. It also includes a small number of households with no assets or liabilities.
2024,Total,Total,Households,Relative sampling error,0.3,percentage,% error,,Total includes the 'not specified' category for household composition and for tenure of household. It also includes a small number of households with no assets or liabilities.
2024,Total,Total,Households,Percentage change from previous survey,6.2,percentage,% change,,Total includes the 'not specified' category for household composition and for tenure of household. It also includes a small number of households with no assets or liabilities.
2024,Total,Total,Households,Sampling error for percentage change,0.3,percentage,% error,,Total includes the 'not specified' category for household composition and for tenure of household. It also includes a small number of households with no assets or liabilities.
2021,Household size,One–person household,Median household net worth,Amount,303,nzd,NZD thousands,,Revised,The number of people in a household is defined as those who usually reside in that household. Two-or-more-person households may or may not include a family nucleus.
2021,Household size,One–person household,Median household net worth,Relative sampling error,17.5,percentage,% error,,Revised,The number of people in a household is defined as those who usually reside in that household. Two-or-more-person households may or may not include a family nucleus.
2021,Household size,One–person household,Median household net worth,Percentage change from previous survey,28.4,percentage,% change,,Revised,The number of people in a household is defined as those who usually reside in that household. Two-or-more-person households may or may not include a family nucleus.
2021,Household size,One–person household,Median household net worth,Sampling error for percentage change,26.7,percentage,% error,,Revised,The number of people in a household is defined as those who usually reside in that household. Two-or-more-person households may or may not include a family nucleus.
2021,Household size,One–person household,Mean household net worth,Amount,548,nzd,NZD thousands,,Revised,The number of people in a household is defined as those who usually reside in that household. Two-or-more-person households may or may not include a family nucleus.
2021,Household size,One–person household,Mean household net worth,Relative sampling error,13.6,percentage,% error,,Revised,The number of people in a household is defined as those who usually reside in that household. Two-or-more-person households may or may not include a family nucleus.
2021,Household size,One–person household,Mean household net worth,Percentage change from previous survey,9.7,percentage,% change,,Revised,The number of people in a household is defined as those who usually reside in that household. Two-or-more-person households may or may not include a family nucleus.
2021,Household size,One–person household,Mean household net worth,Sampling error for percentage change,23.3,percentage,% error,,Revised,The number of people in a household is defined as those who usually reside in that household. Two-or-more-person households may or may not include a family nucleus.
2021,Household size,One–person household,Total household net worth,Amount,219491433,nzd,NZD thousands,,Revised,The number of people in a household is defined as those who usually reside in that household. Two-or-more-person households may or may not include a family nucleus.
2021,Household size,One–person household,Total household net worth,Relative sampling error,13.9,percentage,% error,,Revised,The number of people in a household is defined as those who usually reside in that household. Two-or-more-person households may or may not include a family nucleus.
2021,Household size,One–person household,Total household net worth,Percentage change from previous survey,14.3,percentage,% change,,Revised,The number of people in a household is defined as those who usually reside in that household. Two-or-more-person households may or may not include a family nucleus.
2021,Household size,One–person household,Total household net worth,Sampling error for percentage change,24.9,percentage,% error,,Revised,The number of people in a household is defined as those who usually reside in that household. Two-or-more-person households may or may not include a family nucleus.
2021,Household size,One–person household,Households,Count,399,number,Number of households,,Revised,The number of people in a household is defined as those who usually reside in that household. Two-or-more-person households may or may not include a family nucleus.
2021,Household size,One–person household,Households,Relative sampling error,3.5,percentage,% error,,Revised,The number of people in a household is defined as those who usually reside in that household. Two-or-more-person households may or may not include a family nucleus.
2021,Household size,One–person household,Households,Percentage change from previous survey,3.9,percentage,% change,,Revised,The number of people in a household is defined as those who usually reside in that household. Two-or-more-person households may or may not include a family nucleus.
2021,Household size,One–person household,Households,Sampling error for percentage change,4.8,percentage,% error,,Revised,The number of people in a household is defined as those who usually reside in that household. Two-or-more-person households may or may not include a family nucleus.
2021,Household size,Two–person household,Median household net worth,Amount,568,nzd,NZD thousands,,Revised,The number of people in a household is defined as those who usually reside in that household. Two-or-more-person households may or may not include a family nucleus.
2021,Household size,Two–person household,Median household net worth,Relative sampling error,12,percentage,% error,,Revised,The number of people in a household is defined as those who usually reside in that household. Two-or-more-person households may or may not include a family nucleus.
2021,Household size,Two–person household,Median household net worth,Percentage change from previous survey,13.4,percentage,% change,,Revised,The number of people in a household is defined as those who usually reside in that household. Two-or-more-person households may or may not include a family nucleus.
2021,Household size,Two–person household,Median household net worth,Sampling error for percentage change,15.4,percentage,% error,,Revised,The number of people in a household is defined as those who usually reside in that household. Two-or-more-person households may or may not include a family nucleus.
2021,Household size,Two–person household,Mean household net worth,Amount,1166,nzd,NZD thousands,,Revised,The number of people in a household is defined as those who usually reside in that household. Two-or-more-person households may or may not include a family nucleus.
2021,Household size,Two–person household,Mean household net worth,Relative sampling error,11,percentage,% error,,Revised,The number of people in a household is defined as those who usually reside in that household. Two-or-more-person households may or may not include a family nucleus.
2021,Household size,Two–person household,Mean household net worth,Percentage change from previous survey,5.5,percentage,% change,,Revised,The number of people in a household is defined as those who usually reside in that household. Two-or-more-person households may or may not include a family nucleus.
2021,Household size,Two–person household,Mean household net worth,Sampling error for percentage change,17.9,percentage,% error,,Revised,The number of people in a household is defined as those who usually reside in that household. Two-or-more-person households may or may not include a family nucleus.
2021,Household size,Two–person household,Total household net worth,Amount,721212514,nzd,NZD thousands,,Revised,The number of people in a household is defined as those who usually reside in that household. Two-or-more-person households may or may not include a family nucleus.
2021,Household size,Two–person household,Total household net worth,Relative sampling error,11.2,percentage,% error,,Revised,The number of people in a household is defined as those who usually reside in that household. Two-or-more-person households may or may not include a family nucleus.
2021,Household size,Two–person household,Total household net worth,Percentage change from previous survey,14.1,percentage,% change,,Revised,The number of people in a household is defined as those who usually reside in that household. Two-or-more-person households may or may not include a family nucleus.
2021,Household size,Two–person household,Total household net worth,Sampling error for percentage change,19.6,percentage,% error,,Revised,The number of people in a household is defined as those who usually reside in that household. Two-or-more-person households may or may not include a family nucleus.
2021,Household size,Two–person household,Households,Count,619,number,Number of households,,Revised,The number of people in a household is defined as those who usually reside in that household. Two-or-more-person households may or may not include a family nucleus.
2021,Household size,Two–person household,Households,Relative sampling error,2.6,percentage,% error,,Revised,The number of people in a household is defined as those who usually reside in that household. Two-or-more-person households may or may not include a family nucleus.
2021,Household size,Two–person household,Households,Percentage change from previous survey,8.2,percentage,% change,,Revised,The number of people in a household is defined as those who usually reside in that household. Two-or-more-person households may or may not include a family nucleus.
2021,Household size,Two–person household,Households,Sampling error for percentage change,4.3,percentage,% error,,Revised,The number of people in a household is defined as those who usually reside in that household. Two-or-more-person households may or may not include a family nucleus.
2021,Household size,Three–person household,Median household net worth,Amount,330,nzd,NZD thousands,,Revised,The number of people in a household is defined as those who usually reside in that household. Two-or-more-person households may or may not include a family nucleus.
2021,Household size,Three–person household,Median household net worth,Relative sampling error,17.5,percentage,% error,,Revised,The number of people in a household is defined as those who usually reside in that household. Two-or-more-person households may or may not include a family nucleus.
2021,Household size,Three–person household,Median household net worth,Percentage change from previous survey,20.6,percentage,% change,,Revised,The number of people in a household is defined as those who usually reside in that household. Two-or-more-person households may or may not include a family nucleus.
2021,Household size,Three–person household,Median household net worth,Sampling error for percentage change,30.9,percentage,% error,,Revised,The number of people in a household is defined as those who usually reside in that household. Two-or-more-person households may or may not include a family nucleus.
2021,Household size,Three–person household,Mean household net worth,Amount,718,nzd,NZD thousands,,Revised,The number of people in a household is defined as those who usually reside in that household. Two-or-more-person households may or may not include a family nucleus.
2021,Household size,Three–person household,Mean household net worth,Relative sampling error,14.2,percentage,% error,,Revised,The number of people in a household is defined as those who usually reside in that household. Two-or-more-person households may or may not include a family nucleus.
2021,Household size,Three–person household,Mean household net worth,Percentage change from previous survey,11.5,percentage,% change,,Revised,The number of people in a household is defined as those who usually reside in that household. Two-or-more-person households may or may not include a family nucleus.
2021,Household size,Three–person household,Mean household net worth,Sampling error for percentage change,26.7,percentage,% error,,Revised,The number of people in a household is defined as those who usually reside in that household. Two-or-more-person households may or may not include a family nucleus.
2021,Household size,Three–person household,Total household net worth,Amount,262525995,nzd,NZD thousands,,Revised,The number of people in a household is defined as those who usually reside in that household. Two-or-more-person households may or may not include a family nucleus.
2021,Household size,Three–person household,Total household net worth,Relative sampling error,16.4,percentage,% error,,Revised,The number of people in a household is defined as those who usually reside in that household. Two-or-more-person households may or may not include a family nucleus.
2021,Household size,Three–person household,Total household net worth,Percentage change from previous survey,30.2,percentage,% change,,Revised,The number of people in a household is defined as those who usually reside in that household. Two-or-more-person households may or may not include a family nucleus.
2021,Household size,Three–person household,Total household net worth,Sampling error for percentage change,35.9,percentage,% error,,Revised,The number of people in a household is defined as those who usually reside in that household. Two-or-more-person households may or may not include a family nucleus.
2021,Household size,Three–person household,Households,Count,366,number,Number of households,,Revised,The number of people in a household is defined as those who usually reside in that household. Two-or-more-person households may or may not include a family nucleus.
2021,Household size,Three–person household,Households,Relative sampling error,6.7,percentage,% error,,Revised,The number of people in a household is defined as those who usually reside in that household. Two-or-more-person households may or may not include a family nucleus.
2021,Household size,Three–person household,Households,Percentage change from previous survey,17,percentage,% change,,Revised,The number of people in a household is defined as those who usually reside in that household. Two-or-more-person households may or may not include a family nucleus.
2021,Household size,Three–person household,Households,Sampling error for percentage change,11,percentage,% error,,Revised,The number of people in a household is defined as those who usually reside in that household. Two-or-more-person households may or may not include a family nucleus.
2021,Household size,Four–person household,Median household net worth,Amount,406,nzd,NZD thousands,,Revised,The number of people in a household is defined as those who usually reside in that household. Two-or-more-person households may or may not include a family nucleus.
2021,Household size,Four–person household,Median household net worth,Relative sampling error,23.5,percentage,% error,,Revised,The number of people in a household is defined as those who usually reside in that household. Two-or-more-person households may or may not include a family nucleus.
2021,Household size,Four–person household,Median household net worth,Percentage change from previous survey,16.4,percentage,% change,,Revised,The number of people in a household is defined as those who usually reside in that household. Two-or-more-person households may or may not include a family nucleus.
2021,Household size,Four–person household,Median household net worth,Sampling error for percentage change,35.1,percentage,% error,,Revised,The number of people in a household is defined as those who usually reside in that household. Two-or-more-person households may or may not include a family nucleus.
2021,Household size,Four–person household,Mean household net worth,Amount,916,nzd,NZD thousands,,Revised,The number of people in a household is defined as those who usually reside in that household. Two-or-more-person households may or may not include a family nucleus.
2021,Household size,Four–person household,Mean household net worth,Relative sampling error,17.4,percentage,% error,,Revised,The number of people in a household is defined as those who usually reside in that household. Two-or-more-person households may or may not include a family nucleus.
2021,Household size,Four–person household,Mean household net worth,Percentage change from previous survey,21.5,percentage,% change,,Revised,The number of people in a household is defined as those who usually reside in that household. Two-or-more-person households may or may not include a family nucleus.
2021,Household size,Four–person household,Mean household net worth,Sampling error for percentage change,31.9,percentage,% error,,Revised,The number of people in a household is defined as those who usually reside in that household. Two-or-more-person households may or may not include a family nucleus.
2021,Household size,Four–person household,Total household net worth,Amount,257598816,nzd,NZD thousands,,Revised,The number of people in a household is defined as those who usually reside in that household. Two-or-more-person households may or may not include a family nucleus.
2021,Household size,Four–person household,Total household net worth,Relative sampling error,18.1,percentage,% error,,Revised,The number of people in a household is defined as those who usually reside in that household. Two-or-more-person households may or may not include a family nucleus.
2021,Household size,Four–person household,Total household net worth,Percentage change from previous survey,17.1,percentage,% change,,Revised,The number of people in a household is defined as those who usually reside in that household. Two-or-more-person households may or may not include a family nucleus.
2021,Household size,Four–person household,Total household net worth,Sampling error for percentage change,33.1,percentage,% error,,Revised,The number of people in a household is defined as those who usually reside in that household. Two-or-more-person households may or may not include a family nucleus.
2021,Household size,Four–person household,Households,Count,281,number,Number of households,,Revised,The number of people in a household is defined as those who usually reside in that household. Two-or-more-person households may or may not include a family nucleus.
2021,Household size,Four–person household,Households,Relative sampling error,6.6,percentage,% error,,Revised,The number of people in a household is defined as those who usually reside in that household. Two-or-more-person households may or may not include a family nucleus.
2021,Household size,Four–person household,Households,Percentage change from previous survey,-3.7,percentage,% change,,Revised,The number of people in a household is defined as those who usually reside in that household. Two-or-more-person households may or may not include a family nucleus.
2021,Household size,Four–person household,Households,Sampling error for percentage change,10,percentage,% error,,Revised,The number of people in a household is defined as those who usually reside in that household. Two-or-more-person households may or may not include a family nucleus.
2021,Household size,Five–or–more person household,Median household net worth,Amount,300,nzd,NZD thousands,,Revised,The number of people in a household is defined as those who usually reside in that household. Two-or-more-person households may or may not include a family nucleus.
2021,Household size,Five–or–more person household,Median household net worth,Relative sampling error,22.9,percentage,% error,,Revised,The number of people in a household is defined as those who usually reside in that household. Two-or-more-person households may or may not include a family nucleus.
2021,Household size,Five–or–more person household,Median household net worth,Percentage change from previous survey,47.2,percentage,% change,,Revised,The number of people in a household is defined as those who usually reside in that household. Two-or-more-person households may or may not include a family nucleus.
2021,Household size,Five–or–more person household,Median household net worth,Sampling error for percentage change,66.1,percentage,% error,,Revised,The number of people in a household is defined as those who usually reside in that household. Two-or-more-person households may or may not include a family nucleus.
2021,Household size,Five–or–more person household,Mean household net worth,Amount,752,nzd,NZD thousands,,Revised,The number of people in a household is defined as those who usually reside in that household. Two-or-more-person households may or may not include a family nucleus.
2021,Household size,Five–or–more person household,Mean household net worth,Relative sampling error,18.2,percentage,% error,,Revised,The number of people in a household is defined as those who usually reside in that household. Two-or-more-person households may or may not include a family nucleus.
2021,Household size,Five–or–more person household,Mean household net worth,Percentage change from previous survey,35.3,percentage,% change,,Revised,The number of people in a household is defined as those who usually reside in that household. Two-or-more-person households may or may not include a family nucleus.
2021,Household size,Five–or–more person household,Mean household net worth,Sampling error for percentage change,39.1,percentage,% error,,Revised,The number of people in a household is defined as those who usually reside in that household. Two-or-more-person households may or may not include a family nucleus.
2021,Household size,Five–or–more person household,Total household net worth,Amount,154419701,nzd,NZD thousands,,Revised,The number of people in a household is defined as those who usually reside in that household. Two-or-more-person households may or may not include a family nucleus.
2021,Household size,Five–or–more person household,Total household net worth,Relative sampling error,19,percentage,% error,,Revised,The number of people in a household is defined as those who usually reside in that household. Two-or-more-person households may or may not include a family nucleus.
2021,Household size,Five–or–more person household,Total household net worth,Percentage change from previous survey,37,percentage,% change,,Revised,The number of people in a household is defined as those who usually reside in that household. Two-or-more-person households may or may not include a family nucleus.
2021,Household size,Five–or–more person household,Total household net worth,Sampling error for percentage change,42.6,percentage,% error,,Revised,The number of people in a household is defined as those who usually reside in that household. Two-or-more-person households may or may not include a family nucleus.
2021,Household size,Five–or–more person household,Households,Count,205,number,Number of households,,Revised,The number of people in a household is defined as those who usually reside in that household. Two-or-more-person households may or may not include a family nucleus.
2021,Household size,Five–or–more person household,Households,Relative sampling error,6.2,percentage,% error,,Revised,The number of people in a household is defined as those who usually reside in that household. Two-or-more-person households may or may not include a family nucleus.
2021,Household size,Five–or–more person household,Households,Percentage change from previous survey,1.3,percentage,% change,,Revised,The number of people in a household is defined as those who usually reside in that household. Two-or-more-person households may or may not include a family nucleus.
2021,Household size,Five–or–more person household,Households,Sampling error for percentage change,9,percentage,% error,,Revised,The number of people in a household is defined as those who usually reside in that household. Two-or-more-person households may or may not include a family nucleus.
2021,Household composition,Couple only,Median household net worth,Amount,694,nzd,NZD thousands,,Revised
2021,Household composition,Couple only,Median household net worth,Relative sampling error,9.6,percentage,% error,,Revised
2021,Household composition,Couple only,Median household net worth,Percentage change from previous survey,15.4,percentage,% change,,Revised
2021,Household composition,Couple only,Median household net worth,Sampling error for percentage change,16.2,percentage,% error,,Revised
2021,Household composition,Couple only,Mean household net worth,Amount,1338,nzd,NZD thousands,,Revised
2021,Household composition,Couple only,Mean household net worth,Relative sampling error,11.6,percentage,% error,,Revised
2021,Household composition,Couple only,Mean household net worth,Percentage change from previous survey,5.2,percentage,% change,,Revised
2021,Household composition,Couple only,Mean household net worth,Sampling error for percentage change,19.5,percentage,% error,,Revised
2021,Household composition,Couple only,Total household net worth,Amount,670184371,nzd,NZD thousands,,Revised
2021,Household composition,Couple only,Total household net worth,Relative sampling error,12,percentage,% error,,Revised
2021,Household composition,Couple only,Total household net worth,Percentage change from previous survey,14.1,percentage,% change,,Revised
2021,Household composition,Couple only,Total household net worth,Sampling error for percentage change,20.7,percentage,% error,,Revised
2021,Household composition,Couple only,Households,Count,501,number,Number of households,,Revised
2021,Household composition,Couple only,Households,Relative sampling error,3.5,percentage,% error,,Revised
2021,Household composition,Couple only,Households,Percentage change from previous survey,8.5,percentage,% change,,Revised
2021,Household composition,Couple only,Households,Sampling error for percentage change,5.4,percentage,% error,,Revised
2021,Household composition,Couple with one dependent child,Median household net worth,Amount,285,nzd,NZD thousands,,Revised
2021,Household composition,Couple with one dependent child,Median household net worth,Relative sampling error,27.3,percentage,% error,,Revised
2021,Household composition,Couple with one dependent child,Median household net worth,Percentage change from previous survey,-1.8,percentage,% change,,Revised
2021,Household composition,Couple with one dependent child,Median household net worth,Sampling error for percentage change,31.5,percentage,% error,,Revised
2021,Household composition,Couple with one dependent child,Mean household net worth,Amount,623,nzd,NZD thousands,,Revised
2021,Household composition,Couple with one dependent child,Mean household net worth,Relative sampling error,23.5,percentage,% error,,Revised
2021,Household composition,Couple with one dependent child,Mean household net worth,Percentage change from previous survey,-13.2,percentage,% change,,Revised
2021,Household composition,Couple with one dependent child,Mean household net worth,Sampling error for percentage change,32.2,percentage,% error,,Revised
2021,Household composition,Couple with one dependent child,Total household net worth,Amount,85217545,nzd,NZD thousands,,Revised
2021,Household composition,Couple with one dependent child,Total household net worth,Relative sampling error,25.6,percentage,% error,,Revised
2021,Household composition,Couple with one dependent child,Total household net worth,Percentage change from previous survey,-5.5,percentage,% change,,Revised
2021,Household composition,Couple with one dependent child,Total household net worth,Sampling error for percentage change,38.5,percentage,% error,,Revised
2021,Household composition,Couple with one dependent child,Households,Count,137,number,Number of households,,Revised
2021,Household composition,Couple with one dependent child,Households,Relative sampling error,11.2,percentage,% error,,Revised
2021,Household composition,Couple with one dependent child,Households,Percentage change from previous survey,8.9,percentage,% change,,Revised
2021,Household composition,Couple with one dependent child,Households,Sampling error for percentage change,18.8,percentage,% error,,Revised
2021,Household composition,Couple with two or more dependent children,Median household net worth,Amount,412,nzd,NZD thousands,,Revised
2021,Household composition,Couple with two or more dependent children,Median household net worth,Relative sampling error,14.8,percentage,% error,,Revised
2021,Household composition,Couple with two or more dependent children,Median household net worth,Percentage change from previous survey,26.5,percentage,% change,,Revised
2021,Household composition,Couple with two or more dependent children,Median household net worth,Sampling error for percentage change,30.4,percentage,% error,,Revised
2021,Household composition,Couple with two or more dependent children,Mean household net worth,Amount,937,nzd,NZD thousands,,Revised
2021,Household composition,Couple with two or more dependent children,Mean household net worth,Relative sampling error,17.9,percentage,% error,,Revised
2021,Household composition,Couple with two or more dependent children,Mean household net worth,Percentage change from previous survey,21.4,percentage,% change,,Revised
2021,Household composition,Couple with two or more dependent children,Mean household net worth,Sampling error for percentage change,35.1,percentage,% error,,Revised
2021,Household composition,Couple with two or more dependent children,Total household net worth,Amount,212091271,nzd,NZD thousands,,Revised
2021,Household composition,Couple with two or more dependent children,Total household net worth,Relative sampling error,20.4,percentage,% error,,Revised
2021,Household composition,Couple with two or more dependent children,Total household net worth,Percentage change from previous survey,19.5,percentage,% change,,Revised
2021,Household composition,Couple with two or more dependent children,Total household net worth,Sampling error for percentage change,38.5,percentage,% error,,Revised
2021,Household composition,Couple with two or more dependent children,Households,Count,226,number,Number of households,,Revised
2021,Household composition,Couple with two or more dependent children,Households,Relative sampling error,6.4,percentage,% error,,Revised
2021,Household composition,Couple with two or more dependent children,Households,Percentage change from previous survey,-1.5,percentage,% change,,Revised
2021,Household composition,Couple with two or more dependent children,Households,Sampling error for percentage change,9.1,percentage,% error,,Revised
2021,Household composition,All other 'couples with child(ren) only' households,Median household net worth,Amount,671,nzd,NZD thousands,,Revised,"Includes couple with adult children only, as well as couple with adult and dependent children."
2021,Household composition,All other 'couples with child(ren) only' households,Median household net worth,Relative sampling error,20.2,percentage,% error,,Revised,"Includes couple with adult children only, as well as couple with adult and dependent children."
2021,Household composition,All other 'couples with child(ren) only' households,Median household net worth,Percentage change from previous survey,13.6,percentage,% change,,Revised,"Includes couple with adult children only, as well as couple with adult and dependent children."
2021,Household composition,All other households,Median household net worth,Sampling error for percentage change,78.4,percentage,% error,,Revised,"This category is an aggregation of two-family household, three-or-more-family households, or any other multi-person households."
2021,Household composition,All other 'couples with child(ren) only' households,Median household net worth,Sampling error for percentage change,31.8,percentage,% error,,Revised,"Includes couple with adult children only, as well as couple with adult and dependent children."
2021,Household composition,All other 'couples with child(ren) only' households,Mean household net worth,Amount,1233,nzd,NZD thousands,,Revised,"Includes couple with adult children only, as well as couple with adult and dependent children."
2021,Household composition,All other 'couples with child(ren) only' households,Mean household net worth,Relative sampling error,16.1,percentage,% error,,Revised,"Includes couple with adult children only, as well as couple with adult and dependent children."
2021,Household composition,All other 'couples with child(ren) only' households,Mean household net worth,Percentage change from previous survey,32.7,percentage,% change,,Revised,"Includes couple with adult children only, as well as couple with adult and dependent children."
2021,Household composition,All other 'couples with child(ren) only' households,Mean household net worth,Sampling error for percentage change,31.2,percentage,% error,,Revised,"Includes couple with adult children only, as well as couple with adult and dependent children."
2021,Household composition,All other 'couples with child(ren) only' households,Total household net worth,Amount,222030869,nzd,NZD thousands,,Revised,"Includes couple with adult children only, as well as couple with adult and dependent children."
2021,Household composition,All other 'couples with child(ren) only' households,Total household net worth,Relative sampling error,18.6,percentage,% error,,Revised,"Includes couple with adult children only, as well as couple with adult and dependent children."
2021,Household composition,All other 'couples with child(ren) only' households,Total household net worth,Percentage change from previous survey,50.7,percentage,% change,,Revised,"Includes couple with adult children only, as well as couple with adult and dependent children."
2021,Household composition,All other 'couples with child(ren) only' households,Total household net worth,Sampling error for percentage change,42.6,percentage,% error,,Revised,"Includes couple with adult children only, as well as couple with adult and dependent children."
2021,Household composition,All other 'couples with child(ren) only' households,Households,Count,180,number,Number of households,,Revised,"Includes couple with adult children only, as well as couple with adult and dependent children."
2021,Household composition,All other 'couples with child(ren) only' households,Households,Relative sampling error,9.5,percentage,% error,,Revised,"Includes couple with adult children only, as well as couple with adult and dependent children."
2021,Household composition,All other 'couples with child(ren) only' households,Households,Percentage change from previous survey,13.5,percentage,% change,,Revised,"Includes couple with adult children only, as well as couple with adult and dependent children."
2021,Household composition,All other 'couples with child(ren) only' households,Households,Sampling error for percentage change,17.3,percentage,% error,,Revised,"Includes couple with adult children only, as well as couple with adult and dependent children."
2021,Household composition,One parent with dependent child(ren) only,Median household net worth,Amount,39,nzd,NZD thousands,,Revised
2021,Household composition,One parent with dependent child(ren) only,Median household net worth,Relative sampling error,26.2,percentage,% error,,Revised
2021,Household composition,One parent with dependent child(ren) only,Median household net worth,Percentage change from previous survey,24.5,percentage,% change,,Revised
2021,Household composition,One parent with dependent child(ren) only,Median household net worth,Sampling error for percentage change,74.4,percentage,% error,,Revised
2021,Household composition,One parent with dependent child(ren) only,Mean household net worth,Amount,236,nzd,NZD thousands,,Revised
2021,Household composition,One parent with dependent child(ren) only,Mean household net worth,Relative sampling error,70.3,percentage,% error,,Revised
2021,Household composition,One parent with dependent child(ren) only,Mean household net worth,Percentage change from previous survey,3.3,percentage,% change,,Revised
2021,Household composition,One parent with dependent child(ren) only,Mean household net worth,Sampling error for percentage change,84.3,percentage,% error,,Revised
2021,Household composition,One parent with dependent child(ren) only,Total household net worth,Amount,20032644,nzd,NZD thousands,,Revised
2021,Household composition,One parent with dependent child(ren) only,Total household net worth,Relative sampling error,70.6,percentage,% error,,Revised
2021,Household composition,One parent with dependent child(ren) only,Total household net worth,Percentage change from previous survey,22.8,percentage,% change,,Revised
2021,Household composition,One parent with dependent child(ren) only,Total household net worth,Sampling error for percentage change,102.6,percentage,% error,,Revised
2021,Household composition,One parent with dependent child(ren) only,Households,Count,85,number,Number of households,,Revised
2021,Household composition,One parent with dependent child(ren) only,Households,Relative sampling error,12.5,percentage,% error,,Revised
2021,Household composition,One parent with dependent child(ren) only,Households,Percentage change from previous survey,19,percentage,% change,,Revised
2021,Household composition,One parent with dependent child(ren) only,Households,Sampling error for percentage change,19.6,percentage,% error,,Revised
2021,Household composition,All other 'one parent with child(ren) only' households,Median household net worth,Amount,349,nzd,NZD thousands,,Revised,"Includes one parent with adult children only, as well as one parent with dependent and adult children."
2021,Household composition,All other 'one parent with child(ren) only' households,Median household net worth,Relative sampling error,38.2,percentage,% error,,Revised,"Includes one parent with adult children only, as well as one parent with dependent and adult children."
2021,Household composition,All other 'one parent with child(ren) only' households,Median household net worth,Percentage change from previous survey,128.8,percentage,% change,,Revised,"Includes one parent with adult children only, as well as one parent with dependent and adult children."
2021,Household composition,All other 'one parent with child(ren) only' households,Median household net worth,Sampling error for percentage change,142.5,percentage,% error,,Revised,"Includes one parent with adult children only, as well as one parent with dependent and adult children."
2021,Household composition,All other 'one parent with child(ren) only' households,Mean household net worth,Amount,571,nzd,NZD thousands,,Revised,"Includes one parent with adult children only, as well as one parent with dependent and adult children."
2021,Household composition,All other 'one parent with child(ren) only' households,Mean household net worth,Relative sampling error,22.1,percentage,% error,,Revised,"Includes one parent with adult children only, as well as one parent with dependent and adult children."
2021,Household composition,All other 'one parent with child(ren) only' households,Mean household net worth,Percentage change from previous survey,48.4,percentage,% change,,Revised,"Includes one parent with adult children only, as well as one parent with dependent and adult children."
2021,Household composition,All other 'one parent with child(ren) only' households,Mean household net worth,Sampling error for percentage change,57.1,percentage,% error,,Revised,"Includes one parent with adult children only, as well as one parent with dependent and adult children."
2021,Household composition,All other 'one parent with child(ren) only' households,Total household net worth,Amount,35503253,nzd,NZD thousands,,Revised,"Includes one parent with adult children only, as well as one parent with dependent and adult children."
2021,Household composition,All other 'one parent with child(ren) only' households,Total household net worth,Relative sampling error,28.4,percentage,% error,,Revised,"Includes one parent with adult children only, as well as one parent with dependent and adult children."
2021,Household composition,All other 'one parent with child(ren) only' households,Total household net worth,Percentage change from previous survey,49.6,percentage,% change,,Revised,"Includes one parent with adult children only, as well as one parent with dependent and adult children."
2021,Household composition,All other 'one parent with child(ren) only' households,Total household net worth,Sampling error for percentage change,64.3,percentage,% error,,Revised,"Includes one parent with adult children only, as well as one parent with dependent and adult children."
2021,Household composition,All other 'one parent with child(ren) only' households,Households,Count,62,number,Number of households,,Revised,"Includes one parent with adult children only, as well as one parent with dependent and adult children."
2021,Household composition,All other 'one parent with child(ren) only' households,Households,Relative sampling error,16.7,percentage,% error,,Revised,"Includes one parent with adult children only, as well as one parent with dependent and adult children."
2021,Household composition,All other 'one parent with child(ren) only' households,Households,Percentage change from previous survey,1.1,percentage,% change,,Revised,"Includes one parent with adult children only, as well as one parent with dependent and adult children."
2021,Household composition,All other 'one parent with child(ren) only' households,Households,Sampling error for percentage change,22.6,percentage,% error,,Revised,"Includes one parent with adult children only, as well as one parent with dependent and adult children."
2021,Household composition,Other one-family households,Median household net worth,Amount,288,nzd,NZD thousands,,Revised,"Contains all one-family households where 'other people' are present, who may be related or unrelated to the family nucleus."
2021,Household composition,Other one-family households,Median household net worth,Relative sampling error,26.8,percentage,% error,,Revised,"Contains all one-family households where 'other people' are present, who may be related or unrelated to the family nucleus."
2021,Household composition,Other one-family households,Median household net worth,Percentage change from previous survey,67.8,percentage,% change,,Revised,"Contains all one-family households where 'other people' are present, who may be related or unrelated to the family nucleus."
2021,Household composition,Other one-family households,Median household net worth,Sampling error for percentage change,109.2,percentage,% error,,Revised,"Contains all one-family households where 'other people' are present, who may be related or unrelated to the family nucleus."
2021,Household composition,Other one-family households,Mean household net worth,Amount,513,nzd,NZD thousands,,Revised,"Contains all one-family households where 'other people' are present, who may be related or unrelated to the family nucleus."
2021,Household composition,Other one-family households,Mean household net worth,Relative sampling error,18.9,percentage,% error,,Revised,"Contains all one-family households where 'other people' are present, who may be related or unrelated to the family nucleus."
2021,Household composition,Other one-family households,Mean household net worth,Percentage change from previous survey,25,percentage,% change,,Revised,"Contains all one-family households where 'other people' are present, who may be related or unrelated to the family nucleus."
2021,Household composition,Other one-family households,Mean household net worth,Sampling error for percentage change,39.6,percentage,% error,,Revised,"Contains all one-family households where 'other people' are present, who may be related or unrelated to the family nucleus."
2021,Household composition,Other one-family households,Total household net worth,Amount,65019800,nzd,NZD thousands,,Revised,"Contains all one-family households where 'other people' are present, who may be related or unrelated to the family nucleus."
2021,Household composition,Other one-family households,Total household net worth,Relative sampling error,23.2,percentage,% error,,Revised,"Contains all one-family households where 'other people' are present, who may be related or unrelated to the family nucleus."
2021,Household composition,Other one-family households,Total household net worth,Percentage change from previous survey,67.2,percentage,% change,,Revised,"Contains all one-family households where 'other people' are present, who may be related or unrelated to the family nucleus."
2021,Household composition,Other one-family households,Total household net worth,Sampling error for percentage change,62.5,percentage,% error,,Revised,"Contains all one-family households where 'other people' are present, who may be related or unrelated to the family nucleus."
2021,Household composition,Other one-family households,Households,Count,127,number,Number of households,,Revised,"Contains all one-family households where 'other people' are present, who may be related or unrelated to the family nucleus."
2021,Household composition,Other one-family households,Households,Relative sampling error,12.4,percentage,% error,,Revised,"Contains all one-family households where 'other people' are present, who may be related or unrelated to the family nucleus."
2021,Household composition,Other one-family households,Households,Percentage change from previous survey,34.1,percentage,% change,,Revised,"Contains all one-family households where 'other people' are present, who may be related or unrelated to the family nucleus."
2021,Household composition,Other one-family households,Households,Sampling error for percentage change,25.9,percentage,% error,,Revised,"Contains all one-family households where 'other people' are present, who may be related or unrelated to the family nucleus."
2021,Household composition,One-person household,Median household net worth,Amount,303,nzd,NZD thousands,,Revised
2021,Household composition,One-person household,Median household net worth,Relative sampling error,17.5,percentage,% error,,Revised
2021,Household composition,One-person household,Median household net worth,Percentage change from previous survey,28.4,percentage,% change,,Revised
2021,Household composition,One-person household,Median household net worth,Sampling error for percentage change,26.7,percentage,% error,,Revised
2021,Household composition,One-person household,Mean household net worth,Amount,548,nzd,NZD thousands,,Revised
2021,Household composition,One-person household,Mean household net worth,Relative sampling error,13.6,percentage,% error,,Revised
2021,Household composition,One-person household,Mean household net worth,Percentage change from previous survey,9.7,percentage,% change,,Revised
2021,Household composition,One-person household,Mean household net worth,Sampling error for percentage change,23.3,percentage,% error,,Revised
2021,Household composition,One-person household,Total household net worth,Amount,219491433,nzd,NZD thousands,,Revised
2021,Household composition,One-person household,Total household net worth,Relative sampling error,13.9,percentage,% error,,Revised
2021,Household composition,One-person household,Total household net worth,Percentage change from previous survey,14.3,percentage,% change,,Revised
2021,Household composition,One-person household,Total household net worth,Sampling error for percentage change,24.9,percentage,% error,,Revised
2021,Household composition,One-person household,Households,Count,399,number,Number of households,,Revised
2021,Household composition,One-person household,Households,Relative sampling error,3.5,percentage,% error,,Revised
2021,Household composition,One-person household,Households,Percentage change from previous survey,3.9,percentage,% change,,Revised
2021,Household composition,One-person household,Households,Sampling error for percentage change,4.8,percentage,% error,,Revised
2021,Household composition,All other households,Median household net worth,Amount,189,nzd,NZD thousands,,Revised,"This category is an aggregation of two-family household, three-or-more-family households, or any other multi-person households."
2021,Household composition,All other households,Median household net worth,Relative sampling error,35.6,percentage,% error,,Revised,"This category is an aggregation of two-family household, three-or-more-family households, or any other multi-person households."
2021,Household composition,All other households,Median household net worth,Percentage change from previous survey,39.2,percentage,% change,,Revised,"This category is an aggregation of two-family household, three-or-more-family households, or any other multi-person households."
2021,Household composition,All other households,Mean household net worth,Amount,559,nzd,NZD thousands,,Revised,"This category is an aggregation of two-family household, three-or-more-family households, or any other multi-person households."
2021,Household composition,All other households,Mean household net worth,Relative sampling error,23.2,percentage,% error,,Revised,"This category is an aggregation of two-family household, three-or-more-family households, or any other multi-person households."
2021,Household composition,All other households,Mean household net worth,Percentage change from previous survey,15.8,percentage,% change,,Revised,"This category is an aggregation of two-family household, three-or-more-family households, or any other multi-person households."
2021,Household composition,All other households,Mean household net worth,Sampling error for percentage change,39,percentage,% error,,Revised,"This category is an aggregation of two-family household, three-or-more-family households, or any other multi-person households."
2021,Household composition,All other households,Total household net worth,Amount,85677275,nzd,NZD thousands,,Revised,"This category is an aggregation of two-family household, three-or-more-family households, or any other multi-person households."
2021,Household composition,All other households,Total household net worth,Relative sampling error,27.1,percentage,% error,,Revised,"This category is an aggregation of two-family household, three-or-more-family households, or any other multi-person households."
2021,Household composition,All other households,Total household net worth,Percentage change from previous survey,0.4,percentage,% change,,Revised,"This category is an aggregation of two-family household, three-or-more-family households, or any other multi-person households."
2021,Household composition,All other households,Total household net worth,Sampling error for percentage change,37.5,percentage,% error,,Revised,"This category is an aggregation of two-family household, three-or-more-family households, or any other multi-person households."
2021,Household composition,All other households,Households,Count,153,number,Number of households,,Revised,"This category is an aggregation of two-family household, three-or-more-family households, or any other multi-person households."
2021,Household composition,All other households,Households,Relative sampling error,11.9,percentage,% error,,Revised,"This category is an aggregation of two-family household, three-or-more-family households, or any other multi-person households."
2021,Household composition,All other households,Households,Percentage change from previous survey,-13.2,percentage,% change,,Revised,"This category is an aggregation of two-family household, three-or-more-family households, or any other multi-person households."
2021,Household composition,All other households,Households,Sampling error for percentage change,13.5,percentage,% error,,Revised,"This category is an aggregation of two-family household, three-or-more-family households, or any other multi-person households."
2021,Tenure of household,Dwelling owned or partly owned by usual resident(s),Median household net worth,Amount,637,nzd,NZD thousands,,Revised,Refers to the nature of the occupancy of a household in a private dwelling. It does not refer to the tenure of the land on which the dwelling is situated.
2021,Tenure of household,Dwelling owned or partly owned by usual resident(s),Median household net worth,Relative sampling error,4.6,percentage,% error,,Revised,Refers to the nature of the occupancy of a household in a private dwelling. It does not refer to the tenure of the land on which the dwelling is situated.
2021,Tenure of household,Dwelling owned or partly owned by usual resident(s),Median household net worth,Percentage change from previous survey,17.6,percentage,% change,,Revised,Refers to the nature of the occupancy of a household in a private dwelling. It does not refer to the tenure of the land on which the dwelling is situated.
2021,Tenure of household,Dwelling owned or partly owned by usual resident(s),Median household net worth,Sampling error for percentage change,8.3,percentage,% error,,Revised,Refers to the nature of the occupancy of a household in a private dwelling. It does not refer to the tenure of the land on which the dwelling is situated.
2021,Tenure of household,Dwelling owned or partly owned by usual resident(s),Mean household net worth,Amount,937,nzd,NZD thousands,,Revised,Refers to the nature of the occupancy of a household in a private dwelling. It does not refer to the tenure of the land on which the dwelling is situated.
2021,Tenure of household,Dwelling owned or partly owned by usual resident(s),Mean household net worth,Relative sampling error,4.7,percentage,% error,,Revised,Refers to the nature of the occupancy of a household in a private dwelling. It does not refer to the tenure of the land on which the dwelling is situated.
2021,Tenure of household,Dwelling owned or partly owned by usual resident(s),Mean household net worth,Percentage change from previous survey,12.2,percentage,% change,,Revised,Refers to the nature of the occupancy of a household in a private dwelling. It does not refer to the tenure of the land on which the dwelling is situated.
2021,Tenure of household,Dwelling owned or partly owned by usual resident(s),Mean household net worth,Sampling error for percentage change,8.8,percentage,% error,,Revised,Refers to the nature of the occupancy of a household in a private dwelling. It does not refer to the tenure of the land on which the dwelling is situated.
2021,Tenure of household,Dwelling owned or partly owned by usual resident(s),Total household net worth,Amount,892082087,nzd,NZD thousands,,Revised,Refers to the nature of the occupancy of a household in a private dwelling. It does not refer to the tenure of the land on which the dwelling is situated.
2021,Tenure of household,Dwelling owned or partly owned by usual resident(s),Total household net worth,Relative sampling error,6.2,percentage,% error,,Revised,Refers to the nature of the occupancy of a household in a private dwelling. It does not refer to the tenure of the land on which the dwelling is situated.
2021,Tenure of household,Dwelling owned or partly owned by usual resident(s),Total household net worth,Percentage change from previous survey,18.3,percentage,% change,,Revised,Refers to the nature of the occupancy of a household in a private dwelling. It does not refer to the tenure of the land on which the dwelling is situated.
2021,Tenure of household,Dwelling owned or partly owned by usual resident(s),Total household net worth,Sampling error for percentage change,10.4,percentage,% error,,Revised,Refers to the nature of the occupancy of a household in a private dwelling. It does not refer to the tenure of the land on which the dwelling is situated.
2021,Tenure of household,Dwelling owned or partly owned by usual resident(s),Households,Count,952,number,Number of households,,Revised,Refers to the nature of the occupancy of a household in a private dwelling. It does not refer to the tenure of the land on which the dwelling is situated.
2021,Tenure of household,Dwelling owned or partly owned by usual resident(s),Households,Relative sampling error,3.9,percentage,% error,,Revised,Refers to the nature of the occupancy of a household in a private dwelling. It does not refer to the tenure of the land on which the dwelling is situated.
2021,Tenure of household,Dwelling owned or partly owned by usual resident(s),Households,Percentage change from previous survey,5.4,percentage,% change,,Revised,Refers to the nature of the occupancy of a household in a private dwelling. It does not refer to the tenure of the land on which the dwelling is situated.
2021,Tenure of household,Dwelling owned or partly owned by usual resident(s),Households,Sampling error for percentage change,5.5,percentage,% error,,Revised,Refers to the nature of the occupancy of a household in a private dwelling. It does not refer to the tenure of the land on which the dwelling is situated.
2021,Tenure of household,Dwelling owned or partly owned by usual resident(s) who make mortgage payments,Median household net worth,Amount,478,nzd,NZD thousands,,Revised,Refers to the nature of the occupancy of a household in a private dwelling. It does not refer to the tenure of the land on which the dwelling is situated.
2021,Tenure of household,Dwelling owned or partly owned by usual resident(s) who make mortgage payments,Median household net worth,Relative sampling error,5.3,percentage,% error,,Revised,Refers to the nature of the occupancy of a household in a private dwelling. It does not refer to the tenure of the land on which the dwelling is situated.
2021,Tenure of household,Dwelling owned or partly owned by usual resident(s) who make mortgage payments,Median household net worth,Percentage change from previous survey,19.3,percentage,% change,,Revised,Refers to the nature of the occupancy of a household in a private dwelling. It does not refer to the tenure of the land on which the dwelling is situated.
2021,Tenure of household,Dwelling owned or partly owned by usual resident(s) who make mortgage payments,Median household net worth,Sampling error for percentage change,10.3,percentage,% error,,Revised,Refers to the nature of the occupancy of a household in a private dwelling. It does not refer to the tenure of the land on which the dwelling is situated.
2021,Tenure of household,Dwelling owned or partly owned by usual resident(s) who make mortgage payments,Mean household net worth,Amount,676,nzd,NZD thousands,,Revised,Refers to the nature of the occupancy of a household in a private dwelling. It does not refer to the tenure of the land on which the dwelling is situated.
2021,Tenure of household,Dwelling owned or partly owned by usual resident(s) who make mortgage payments,Mean household net worth,Relative sampling error,7,percentage,% error,,Revised,Refers to the nature of the occupancy of a household in a private dwelling. It does not refer to the tenure of the land on which the dwelling is situated.
2021,Tenure of household,Dwelling owned or partly owned by usual resident(s) who make mortgage payments,Mean household net worth,Percentage change from previous survey,19.7,percentage,% change,,Revised,Refers to the nature of the occupancy of a household in a private dwelling. It does not refer to the tenure of the land on which the dwelling is situated.
2021,Tenure of household,Dwelling owned or partly owned by usual resident(s) who make mortgage payments,Mean household net worth,Sampling error for percentage change,14.6,percentage,% error,,Revised,Refers to the nature of the occupancy of a household in a private dwelling. It does not refer to the tenure of the land on which the dwelling is situated.
2021,Tenure of household,Dwelling owned or partly owned by usual resident(s) who make mortgage payments,Total household net worth,Amount,365877410,nzd,NZD thousands,,Revised,Refers to the nature of the occupancy of a household in a private dwelling. It does not refer to the tenure of the land on which the dwelling is situated.
2021,Tenure of household,Dwelling owned or partly owned by usual resident(s) who make mortgage payments,Total household net worth,Relative sampling error,9,percentage,% error,,Revised,Refers to the nature of the occupancy of a household in a private dwelling. It does not refer to the tenure of the land on which the dwelling is situated.
2018,Region,Wellington,Median household net worth,Sampling error for percentage change,28.9,percentage,% error,
2021,Tenure of household,Dwelling owned or partly owned by usual resident(s) who make mortgage payments,Total household net worth,Percentage change from previous survey,28.3,percentage,% change,,Revised,Refers to the nature of the occupancy of a household in a private dwelling. It does not refer to the tenure of the land on which the dwelling is situated.
2021,Tenure of household,Dwelling owned or partly owned by usual resident(s) who make mortgage payments,Total household net worth,Sampling error for percentage change,18.9,percentage,% error,,Revised,Refers to the nature of the occupancy of a household in a private dwelling. It does not refer to the tenure of the land on which the dwelling is situated.
2021,Tenure of household,Dwelling owned or partly owned by usual resident(s) who make mortgage payments,Households,Count,542,number,Number of households,,Revised,Refers to the nature of the occupancy of a household in a private dwelling. It does not refer to the tenure of the land on which the dwelling is situated.
2021,Tenure of household,Dwelling owned or partly owned by usual resident(s) who make mortgage payments,Households,Relative sampling error,5.6,percentage,% error,,Revised,Refers to the nature of the occupancy of a household in a private dwelling. It does not refer to the tenure of the land on which the dwelling is situated.
2021,Tenure of household,Dwelling owned or partly owned by usual resident(s) who make mortgage payments,Households,Percentage change from previous survey,7.2,percentage,% change,,Revised,Refers to the nature of the occupancy of a household in a private dwelling. It does not refer to the tenure of the land on which the dwelling is situated.
2021,Tenure of household,Dwelling owned or partly owned by usual resident(s) who make mortgage payments,Households,Sampling error for percentage change,9.4,percentage,% error,,Revised,Refers to the nature of the occupancy of a household in a private dwelling. It does not refer to the tenure of the land on which the dwelling is situated.
2021,Tenure of household,Dwelling owned or partly owned by usual resident(s) who do not make mortgage payments,Median household net worth,Amount,919,nzd,NZD thousands,,Revised,Refers to the nature of the occupancy of a household in a private dwelling. It does not refer to the tenure of the land on which the dwelling is situated.
2021,Tenure of household,Dwelling owned or partly owned by usual resident(s) who do not make mortgage payments,Median household net worth,Relative sampling error,6.9,percentage,% error,,Revised,Refers to the nature of the occupancy of a household in a private dwelling. It does not refer to the tenure of the land on which the dwelling is situated.
2021,Tenure of household,Dwelling owned or partly owned by usual resident(s) who do not make mortgage payments,Median household net worth,Percentage change from previous survey,10.9,percentage,% change,,Revised,Refers to the nature of the occupancy of a household in a private dwelling. It does not refer to the tenure of the land on which the dwelling is situated.
2021,Tenure of household,Dwelling owned or partly owned by usual resident(s) who do not make mortgage payments,Median household net worth,Sampling error for percentage change,10.9,percentage,% error,,Revised,Refers to the nature of the occupancy of a household in a private dwelling. It does not refer to the tenure of the land on which the dwelling is situated.
2021,Tenure of household,Dwelling owned or partly owned by usual resident(s) who do not make mortgage payments,Mean household net worth,Amount,1282,nzd,NZD thousands,,Revised,Refers to the nature of the occupancy of a household in a private dwelling. It does not refer to the tenure of the land on which the dwelling is situated.
2021,Tenure of household,Dwelling owned or partly owned by usual resident(s) who do not make mortgage payments,Mean household net worth,Relative sampling error,6.1,percentage,% error,,Revised,Refers to the nature of the occupancy of a household in a private dwelling. It does not refer to the tenure of the land on which the dwelling is situated.
2021,Tenure of household,Dwelling owned or partly owned by usual resident(s) who do not make mortgage payments,Mean household net worth,Percentage change from previous survey,8.7,percentage,% change,,Revised,Refers to the nature of the occupancy of a household in a private dwelling. It does not refer to the tenure of the land on which the dwelling is situated.
2021,Tenure of household,Dwelling owned or partly owned by usual resident(s) who do not make mortgage payments,Mean household net worth,Sampling error for percentage change,10.3,percentage,% error,,Revised,Refers to the nature of the occupancy of a household in a private dwelling. It does not refer to the tenure of the land on which the dwelling is situated.
2021,Tenure of household,Dwelling owned or partly owned by usual resident(s) who do not make mortgage payments,Total household net worth,Amount,525844037,nzd,NZD thousands,,Revised,Refers to the nature of the occupancy of a household in a private dwelling. It does not refer to the tenure of the land on which the dwelling is situated.
2021,Tenure of household,Dwelling owned or partly owned by usual resident(s) who do not make mortgage payments,Total household net worth,Relative sampling error,8.3,percentage,% error,,Revised,Refers to the nature of the occupancy of a household in a private dwelling. It does not refer to the tenure of the land on which the dwelling is situated.
2021,Tenure of household,Dwelling owned or partly owned by usual resident(s) who do not make mortgage payments,Total household net worth,Percentage change from previous survey,12.3,percentage,% change,,Revised,Refers to the nature of the occupancy of a household in a private dwelling. It does not refer to the tenure of the land on which the dwelling is situated.
2021,Tenure of household,Dwelling owned or partly owned by usual resident(s) who do not make mortgage payments,Total household net worth,Sampling error for percentage change,13.3,percentage,% error,,Revised,Refers to the nature of the occupancy of a household in a private dwelling. It does not refer to the tenure of the land on which the dwelling is situated.
2021,Tenure of household,Dwelling owned or partly owned by usual resident(s) who do not make mortgage payments,Households,Count,410,number,Number of households,,Revised,Refers to the nature of the occupancy of a household in a private dwelling. It does not refer to the tenure of the land on which the dwelling is situated.
2021,Tenure of household,Dwelling owned or partly owned by usual resident(s) who do not make mortgage payments,Households,Relative sampling error,5.9,percentage,% error,,Revised,Refers to the nature of the occupancy of a household in a private dwelling. It does not refer to the tenure of the land on which the dwelling is situated.
2021,Tenure of household,Dwelling owned or partly owned by usual resident(s) who do not make mortgage payments,Households,Percentage change from previous survey,3.4,percentage,% change,,Revised,Refers to the nature of the occupancy of a household in a private dwelling. It does not refer to the tenure of the land on which the dwelling is situated.
2021,Tenure of household,Dwelling owned or partly owned by usual resident(s) who do not make mortgage payments,Households,Sampling error for percentage change,7.8,percentage,% error,,Revised,Refers to the nature of the occupancy of a household in a private dwelling. It does not refer to the tenure of the land on which the dwelling is situated.
2021,Tenure of household,Dwelling not owned by usual resident(s),Median household net worth,Amount,55,nzd,NZD thousands,,Revised,Refers to the nature of the occupancy of a household in a private dwelling. It does not refer to the tenure of the land on which the dwelling is situated.
2021,Tenure of household,Dwelling not owned by usual resident(s),Median household net worth,Relative sampling error,9.7,percentage,% error,,Revised,Refers to the nature of the occupancy of a household in a private dwelling. It does not refer to the tenure of the land on which the dwelling is situated.
2021,Tenure of household,Dwelling not owned by usual resident(s),Median household net worth,Percentage change from previous survey,40.1,percentage,% change,,Revised,Refers to the nature of the occupancy of a household in a private dwelling. It does not refer to the tenure of the land on which the dwelling is situated.
2021,Tenure of household,Dwelling not owned by usual resident(s),Median household net worth,Sampling error for percentage change,22.4,percentage,% error,,Revised,Refers to the nature of the occupancy of a household in a private dwelling. It does not refer to the tenure of the land on which the dwelling is situated.
2021,Tenure of household,Dwelling not owned by usual resident(s),Mean household net worth,Amount,181,nzd,NZD thousands,,Revised,Refers to the nature of the occupancy of a household in a private dwelling. It does not refer to the tenure of the land on which the dwelling is situated.
2021,Tenure of household,Dwelling not owned by usual resident(s),Mean household net worth,Relative sampling error,16.5,percentage,% error,,Revised,Refers to the nature of the occupancy of a household in a private dwelling. It does not refer to the tenure of the land on which the dwelling is situated.
2021,Tenure of household,Dwelling not owned by usual resident(s),Mean household net worth,Percentage change from previous survey,45.3,percentage,% change,,Revised,Refers to the nature of the occupancy of a household in a private dwelling. It does not refer to the tenure of the land on which the dwelling is situated.
2021,Tenure of household,Dwelling not owned by usual resident(s),Mean household net worth,Sampling error for percentage change,40,percentage,% error,,Revised,Refers to the nature of the occupancy of a household in a private dwelling. It does not refer to the tenure of the land on which the dwelling is situated.
2021,Tenure of household,Dwelling not owned by usual resident(s),Total household net worth,Amount,119365034,nzd,NZD thousands,,Revised,Refers to the nature of the occupancy of a household in a private dwelling. It does not refer to the tenure of the land on which the dwelling is situated.
2021,Tenure of household,Dwelling not owned by usual resident(s),Total household net worth,Relative sampling error,17.8,percentage,% error,,Revised,Refers to the nature of the occupancy of a household in a private dwelling. It does not refer to the tenure of the land on which the dwelling is situated.
2021,Tenure of household,Dwelling not owned by usual resident(s),Total household net worth,Percentage change from previous survey,61.2,percentage,% change,,Revised,Refers to the nature of the occupancy of a household in a private dwelling. It does not refer to the tenure of the land on which the dwelling is situated.
2021,Tenure of household,Dwelling not owned by usual resident(s),Total household net worth,Sampling error for percentage change,46.5,percentage,% error,,Revised,Refers to the nature of the occupancy of a household in a private dwelling. It does not refer to the tenure of the land on which the dwelling is situated.
2021,Tenure of household,Dwelling not owned by usual resident(s),Households,Count,658,number,Number of households,,Revised,Refers to the nature of the occupancy of a household in a private dwelling. It does not refer to the tenure of the land on which the dwelling is situated.
2018,Region,Wellington,Mean household net worth,Amount,745,nzd,NZD thousands,
2021,Tenure of household,Dwelling not owned by usual resident(s),Households,Relative sampling error,4.2,percentage,% error,,Revised,Refers to the nature of the occupancy of a household in a private dwelling. It does not refer to the tenure of the land on which the dwelling is situated.
2021,Tenure of household,Dwelling not owned by usual resident(s),Households,Percentage change from previous survey,11,percentage,% change,,Revised,Refers to the nature of the occupancy of a household in a private dwelling. It does not refer to the tenure of the land on which the dwelling is situated.
2021,Tenure of household,Dwelling not owned by usual resident(s),Households,Sampling error for percentage change,7.5,percentage,% error,,Revised,Refers to the nature of the occupancy of a household in a private dwelling. It does not refer to the tenure of the land on which the dwelling is situated.
2021,Tenure of household,Dwelling held in a family trust by usual resident(s),Median household net worth,Amount,1185,nzd,NZD thousands,,Revised,Refers to the nature of the occupancy of a household in a private dwelling. It does not refer to the tenure of the land on which the dwelling is situated.
2021,Tenure of household,Dwelling held in a family trust by usual resident(s),Median household net worth,Relative sampling error,17.7,percentage,% error,,Revised,Refers to the nature of the occupancy of a household in a private dwelling. It does not refer to the tenure of the land on which the dwelling is situated.
2021,Tenure of household,Dwelling held in a family trust by usual resident(s),Median household net worth,Percentage change from previous survey,22.3,percentage,% change,,Revised,Refers to the nature of the occupancy of a household in a private dwelling. It does not refer to the tenure of the land on which the dwelling is situated.
2021,Tenure of household,Dwelling held in a family trust by usual resident(s),Median household net worth,Sampling error for percentage change,35.9,percentage,% error,,Revised,Refers to the nature of the occupancy of a household in a private dwelling. It does not refer to the tenure of the land on which the dwelling is situated.
2021,Tenure of household,Dwelling held in a family trust by usual resident(s),Mean household net worth,Amount,2348,nzd,NZD thousands,,Revised,Refers to the nature of the occupancy of a household in a private dwelling. It does not refer to the tenure of the land on which the dwelling is situated.
2021,Tenure of household,Dwelling held in a family trust by usual resident(s),Mean household net worth,Relative sampling error,13.7,percentage,% error,,Revised,Refers to the nature of the occupancy of a household in a private dwelling. It does not refer to the tenure of the land on which the dwelling is situated.
2021,Tenure of household,Dwelling held in a family trust by usual resident(s),Mean household net worth,Percentage change from previous survey,18.1,percentage,% change,,Revised,Refers to the nature of the occupancy of a household in a private dwelling. It does not refer to the tenure of the land on which the dwelling is situated.
2021,Tenure of household,Dwelling held in a family trust by usual resident(s),Mean household net worth,Sampling error for percentage change,27.3,percentage,% error,,Revised,Refers to the nature of the occupancy of a household in a private dwelling. It does not refer to the tenure of the land on which the dwelling is situated.
2021,Tenure of household,Dwelling held in a family trust by usual resident(s),Total household net worth,Amount,603616212,nzd,NZD thousands,,Revised,Refers to the nature of the occupancy of a household in a private dwelling. It does not refer to the tenure of the land on which the dwelling is situated.
2021,Tenure of household,Dwelling held in a family trust by usual resident(s),Total household net worth,Relative sampling error,15.7,percentage,% error,,Revised,Refers to the nature of the occupancy of a household in a private dwelling. It does not refer to the tenure of the land on which the dwelling is situated.
2021,Tenure of household,Dwelling held in a family trust by usual resident(s),Total household net worth,Percentage change from previous survey,13.8,percentage,% change,,Revised,Refers to the nature of the occupancy of a household in a private dwelling. It does not refer to the tenure of the land on which the dwelling is situated.
2021,Tenure of household,Dwelling held in a family trust by usual resident(s),Total household net worth,Sampling error for percentage change,31.8,percentage,% error,,Revised,Refers to the nature of the occupancy of a household in a private dwelling. It does not refer to the tenure of the land on which the dwelling is situated.
2021,Tenure of household,Dwelling held in a family trust by usual resident(s),Households,Count,257,number,Number of households,,Revised,Refers to the nature of the occupancy of a household in a private dwelling. It does not refer to the tenure of the land on which the dwelling is situated.
2021,Tenure of household,Dwelling held in a family trust by usual resident(s),Households,Relative sampling error,9,percentage,% error,,Revised,Refers to the nature of the occupancy of a household in a private dwelling. It does not refer to the tenure of the land on which the dwelling is situated.
2021,Tenure of household,Dwelling held in a family trust by usual resident(s),Households,Percentage change from previous survey,-3.8,percentage,% change,,Revised,Refers to the nature of the occupancy of a household in a private dwelling. It does not refer to the tenure of the land on which the dwelling is situated.
2021,Tenure of household,Dwelling held in a family trust by usual resident(s),Households,Sampling error for percentage change,12.6,percentage,% error,,Revised,Refers to the nature of the occupancy of a household in a private dwelling. It does not refer to the tenure of the land on which the dwelling is situated.
2021,Region,Auckland,Median household net worth,Amount,442,nzd,NZD thousands,,Revised
2021,Region,Auckland,Median household net worth,Relative sampling error,20.5,percentage,% error,,Revised
2021,Region,Auckland,Median household net worth,Percentage change from previous survey,11.1,percentage,% change,,Revised
2021,Region,Auckland,Median household net worth,Sampling error for percentage change,32.5,percentage,% error,,Revised
2021,Region,Auckland,Mean household net worth,Amount,972,nzd,NZD thousands,,Revised
2021,Region,Auckland,Mean household net worth,Relative sampling error,11.8,percentage,% error,,Revised
2021,Region,Auckland,Mean household net worth,Percentage change from previous survey,16.1,percentage,% change,,Revised
2021,Region,Auckland,Mean household net worth,Sampling error for percentage change,21.9,percentage,% error,,Revised
2021,Region,Auckland,Total household net worth,Amount,549706513,nzd,NZD thousands,,Revised
2021,Region,Auckland,Total household net worth,Relative sampling error,11.8,percentage,% error,,Revised
2021,Region,Auckland,Total household net worth,Percentage change from previous survey,22.3,percentage,% change,,Revised
2021,Region,Auckland,Total household net worth,Sampling error for percentage change,23.1,percentage,% error,,Revised
2021,Region,Auckland,Households,Count,566,number,Number of households,,Revised
2021,Region,Auckland,Households,Relative sampling error,0,percentage,% error,,Revised
2021,Region,Auckland,Households,Percentage change from previous survey,5.4,percentage,% change,,Revised
2021,Region,Auckland,Households,Sampling error for percentage change,0.2,percentage,% error,,Revised
2021,Region,Wellington,Median household net worth,Amount,416,nzd,NZD thousands,,Revised
2021,Region,Wellington,Median household net worth,Relative sampling error,24.8,percentage,% error,,Revised
2021,Region,Wellington,Median household net worth,Percentage change from previous survey,15.7,percentage,% change,,Revised
2021,Region,Wellington,Median household net worth,Sampling error for percentage change,32.5,percentage,% error,,Revised
2021,Region,Wellington,Mean household net worth,Amount,755,nzd,NZD thousands,,Revised
2021,Region,Wellington,Mean household net worth,Relative sampling error,12.5,percentage,% error,,Revised
2021,Region,Wellington,Mean household net worth,Percentage change from previous survey,1.5,percentage,% change,,Revised
2021,Region,Wellington,Mean household net worth,Sampling error for percentage change,21.4,percentage,% error,,Revised
2021,Region,Wellington,Total household net worth,Amount,154374532,nzd,NZD thousands,,Revised
2021,Region,Wellington,Total household net worth,Relative sampling error,12.5,percentage,% error,,Revised
2021,Region,Wellington,Total household net worth,Percentage change from previous survey,6.7,percentage,% change,,Revised
2021,Region,Wellington,Total household net worth,Sampling error for percentage change,22.5,percentage,% error,,Revised
2021,Region,Wellington,Households,Count,204,number,Number of households,,Revised
2021,Region,Wellington,Households,Relative sampling error,0,percentage,% error,,Revised
2021,Region,Wellington,Households,Percentage change from previous survey,5.3,percentage,% change,,Revised
2021,Region,Wellington,Households,Sampling error for percentage change,0.2,percentage,% error,,Revised
2021,Region,Rest of the North Island,Median household net worth,Amount,383,nzd,NZD thousands,,Revised
2021,Region,Rest of the North Island,Median household net worth,Relative sampling error,10.1,percentage,% error,,Revised
2021,Region,Rest of the North Island,Median household net worth,Percentage change from previous survey,38.9,percentage,% change,,Revised
2021,Region,Rest of the North Island,Median household net worth,Sampling error for percentage change,20.9,percentage,% error,,Revised
2021,Region,Rest of the North Island,Mean household net worth,Amount,846,nzd,NZD thousands,,Revised
2021,Region,Rest of the North Island,Mean household net worth,Relative sampling error,13.9,percentage,% error,,Revised
2021,Region,Rest of the North Island,Mean household net worth,Percentage change from previous survey,18.7,percentage,% change,,Revised
2021,Region,Rest of the North Island,Mean household net worth,Sampling error for percentage change,25.7,percentage,% error,,Revised
2021,Region,Rest of the North Island,Total household net worth,Amount,535311348,nzd,NZD thousands,,Revised
2021,Region,Rest of the North Island,Total household net worth,Relative sampling error,13.9,percentage,% error,,Revised
2021,Region,Rest of the North Island,Total household net worth,Percentage change from previous survey,27.3,percentage,% change,,Revised
2021,Region,Rest of the North Island,Total household net worth,Sampling error for percentage change,27.6,percentage,% error,,Revised
2021,Region,Rest of the North Island,Households,Count,631,number,Number of households,,Revised
2021,Region,Rest of the North Island,Households,Relative sampling error,0.3,percentage,% error,,Revised
2021,Region,Rest of the North Island,Households,Percentage change from previous survey,7.1,percentage,% change,,Revised
2021,Region,Rest of the North Island,Households,Sampling error for percentage change,0.3,percentage,% error,,Revised
2021,Region,Canterbury,Median household net worth,Amount,383,nzd,NZD thousands,,Revised
2021,Region,Canterbury,Median household net worth,Relative sampling error,13.2,percentage,% error,,Revised
2021,Region,Canterbury,Median household net worth,Percentage change from previous survey,5.4,percentage,% change,,Revised
2021,Region,Canterbury,Median household net worth,Sampling error for percentage change,25.8,percentage,% error,,Revised
2021,Region,Canterbury,Mean household net worth,Amount,713,nzd,NZD thousands,,Revised
2021,Region,Canterbury,Mean household net worth,Relative sampling error,20.6,percentage,% error,,Revised
2021,Region,Canterbury,Mean household net worth,Percentage change from previous survey,1.1,percentage,% change,,Revised
2021,Region,Canterbury,Mean household net worth,Sampling error for percentage change,27.6,percentage,% error,,Revised
2021,Region,Canterbury,Total household net worth,Amount,177348273,nzd,NZD thousands,,Revised
2021,Region,Canterbury,Total household net worth,Relative sampling error,20.6,percentage,% error,,Revised
2021,Region,Canterbury,Total household net worth,Percentage change from previous survey,6.1,percentage,% change,,Revised
2021,Region,Canterbury,Total household net worth,Sampling error for percentage change,28.9,percentage,% error,,Revised
2021,Region,Canterbury,Households,Count,249,number,Number of households,,Revised
2021,Region,Canterbury,Households,Relative sampling error,0,percentage,% error,,Revised
2021,Region,Canterbury,Households,Percentage change from previous survey,4.9,percentage,% change,,Revised
2021,Region,Canterbury,Households,Sampling error for percentage change,0,percentage,% error,,Revised
2021,Region,Rest of the South Island,Median household net worth,Amount,418,nzd,NZD thousands,,Revised
2021,Region,Rest of the South Island,Median household net worth,Relative sampling error,20.2,percentage,% error,,Revised
2021,Region,Rest of the South Island,Median household net worth,Percentage change from previous survey,26.2,percentage,% change,,Revised
2021,Region,Rest of the South Island,Median household net worth,Sampling error for percentage change,32.6,percentage,% error,,Revised
2021,Region,Rest of the South Island,Mean household net worth,Amount,902,nzd,NZD thousands,,Revised
2021,Region,Rest of the South Island,Mean household net worth,Relative sampling error,16.6,percentage,% error,,Revised
2021,Region,Rest of the South Island,Mean household net worth,Percentage change from previous survey,5.3,percentage,% change,,Revised
2021,Region,Rest of the South Island,Mean household net worth,Sampling error for percentage change,41.7,percentage,% error,,Revised
2021,Region,Rest of the South Island,Total household net worth,Amount,198507794,nzd,NZD thousands,,Revised
2021,Region,Rest of the South Island,Total household net worth,Relative sampling error,16.6,percentage,% error,,Revised
2021,Region,Rest of the South Island,Total household net worth,Percentage change from previous survey,12.4,percentage,% change,,Revised
2021,Region,Rest of the South Island,Total household net worth,Sampling error for percentage change,44.5,percentage,% error,,Revised
2021,Region,Rest of the South Island,Households,Count,220,number,Number of households,,Revised
2021,Region,Rest of the South Island,Households,Relative sampling error,0.3,percentage,% error,,Revised
2021,Region,Rest of the South Island,Households,Percentage change from previous survey,6.6,percentage,% change,,Revised
2021,Region,Rest of the South Island,Households,Sampling error for percentage change,0.3,percentage,% error,,Revised
2021,Total,Total,Median household net worth,Amount,399,nzd,NZD thousands,,Revised,Total includes the 'not specified' category for household composition and for tenure of household. It also includes a small number of households with no assets or liabilities.
2021,Total,Total,Median household net worth,Relative sampling error,5.8,percentage,% error,,Revised,Total includes the 'not specified' category for household composition and for tenure of household. It also includes a small number of households with no assets or liabilities.
2021,Total,Total,Median household net worth,Percentage change from previous survey,21.7,percentage,% change,,Revised,Total includes the 'not specified' category for household composition and for tenure of household. It also includes a small number of households with no assets or liabilities.
2021,Total,Total,Median household net worth,Sampling error for percentage change,11.7,percentage,% error,,Revised,Total includes the 'not specified' category for household composition and for tenure of household. It also includes a small number of households with no assets or liabilities.
2021,Total,Total,Mean household net worth,Amount,863,nzd,NZD thousands,,Revised,Total includes the 'not specified' category for household composition and for tenure of household. It also includes a small number of households with no assets or liabilities.
2021,Total,Total,Mean household net worth,Relative sampling error,5.5,percentage,% error,,Revised,Total includes the 'not specified' category for household composition and for tenure of household. It also includes a small number of households with no assets or liabilities.
2021,Total,Total,Mean household net worth,Percentage change from previous survey,12.1,percentage,% change,,Revised,Total includes the 'not specified' category for household composition and for tenure of household. It also includes a small number of households with no assets or liabilities.
2021,Total,Total,Mean household net worth,Sampling error for percentage change,11.7,percentage,% error,,Revised,Total includes the 'not specified' category for household composition and for tenure of household. It also includes a small number of households with no assets or liabilities.
2021,Total,Total,Total household net worth,Amount,1615248459,nzd,NZD thousands,,Revised,Total includes the 'not specified' category for household composition and for tenure of household. It also includes a small number of households with no assets or liabilities.
2021,Total,Total,Total household net worth,Relative sampling error,5.5,percentage,% error,,Revised,Total includes the 'not specified' category for household composition and for tenure of household. It also includes a small number of households with no assets or liabilities.
2021,Total,Total,Total household net worth,Percentage change from previous survey,18.9,percentage,% change,,Revised,Total includes the 'not specified' category for household composition and for tenure of household. It also includes a small number of households with no assets or liabilities.
2021,Total,Total,Total household net worth,Sampling error for percentage change,12.4,percentage,% error,,Revised,Total includes the 'not specified' category for household composition and for tenure of household. It also includes a small number of households with no assets or liabilities.
2021,Total,Total,Households,Count,1870,number,Number of households,,Revised,Total includes the 'not specified' category for household composition and for tenure of household. It also includes a small number of households with no assets or liabilities.
2021,Total,Total,Households,Relative sampling error,0.1,percentage,% error,,Revised,Total includes the 'not specified' category for household composition and for tenure of household. It also includes a small number of households with no assets or liabilities.
2021,Total,Total,Households,Percentage change from previous survey,6,percentage,% change,,Revised,Total includes the 'not specified' category for household composition and for tenure of household. It also includes a small number of households with no assets or liabilities.
2021,Total,Total,Households,Sampling error for percentage change,0.1,percentage,% error,,Revised,Total includes the 'not specified' category for household composition and for tenure of household. It also includes a small number of households with no assets or liabilities.
2018,Household size,One–person household,Median household net worth,Amount,236,nzd,NZD thousands,,The number of people in a household is defined as those who usually reside in that household. Two-or-more-person households may or may not include a family nucleus.
2018,Household size,One–person household,Median household net worth,Relative sampling error,11.3,percentage,% error,,The number of people in a household is defined as those who usually reside in that household. Two-or-more-person households may or may not include a family nucleus.
2018,Household size,One–person household,Median household net worth,Percentage change from previous survey,0.7,percentage,% change,,The number of people in a household is defined as those who usually reside in that household. Two-or-more-person households may or may not include a family nucleus.
2018,Household size,One–person household,Median household net worth,Sampling error for percentage change,15.9,percentage,% error,,The number of people in a household is defined as those who usually reside in that household. Two-or-more-person households may or may not include a family nucleus.
2018,Household size,One–person household,Mean household net worth,Amount,500,nzd,NZD thousands,,The number of people in a household is defined as those who usually reside in that household. Two-or-more-person households may or may not include a family nucleus.
2018,Household size,One–person household,Mean household net worth,Relative sampling error,18.1,percentage,% error,,The number of people in a household is defined as those who usually reside in that household. Two-or-more-person households may or may not include a family nucleus.
2018,Household size,One–person household,Mean household net worth,Percentage change from previous survey,20.4,percentage,% change,,The number of people in a household is defined as those who usually reside in that household. Two-or-more-person households may or may not include a family nucleus.
2018,Household size,One–person household,Mean household net worth,Sampling error for percentage change,26.1,percentage,% error,,The number of people in a household is defined as those who usually reside in that household. Two-or-more-person households may or may not include a family nucleus.
2018,Household size,One–person household,Total household net worth,Amount,192041051,nzd,NZD thousands,,The number of people in a household is defined as those who usually reside in that household. Two-or-more-person households may or may not include a family nucleus.
2018,Household size,One–person household,Total household net worth,Relative sampling error,18.8,percentage,% error,,The number of people in a household is defined as those who usually reside in that household. Two-or-more-person households may or may not include a family nucleus.
2018,Household size,One–person household,Total household net worth,Percentage change from previous survey,18.5,percentage,% change,,The number of people in a household is defined as those who usually reside in that household. Two-or-more-person households may or may not include a family nucleus.
2018,Household size,One–person household,Total household net worth,Sampling error for percentage change,26.9,percentage,% error,,The number of people in a household is defined as those who usually reside in that household. Two-or-more-person households may or may not include a family nucleus.
2018,Household size,One–person household,Households,Count,384,number,Number of households,,The number of people in a household is defined as those who usually reside in that household. Two-or-more-person households may or may not include a family nucleus.
2018,Household size,One–person household,Households,Relative sampling error,3.3,percentage,% error,,The number of people in a household is defined as those who usually reside in that household. Two-or-more-person households may or may not include a family nucleus.
2018,Household size,One–person household,Households,Percentage change from previous survey,-1.4,percentage,% change,,The number of people in a household is defined as those who usually reside in that household. Two-or-more-person households may or may not include a family nucleus.
2018,Household size,One–person household,Households,Sampling error for percentage change,4.3,percentage,% error,,The number of people in a household is defined as those who usually reside in that household. Two-or-more-person households may or may not include a family nucleus.
2018,Household size,Two–person household,Median household net worth,Amount,500,nzd,NZD thousands,,The number of people in a household is defined as those who usually reside in that household. Two-or-more-person households may or may not include a family nucleus.
2018,Household size,Two–person household,Median household net worth,Relative sampling error,6.4,percentage,% error,,The number of people in a household is defined as those who usually reside in that household. Two-or-more-person households may or may not include a family nucleus.
2018,Household size,Two–person household,Median household net worth,Percentage change from previous survey,23.9,percentage,% change,,The number of people in a household is defined as those who usually reside in that household. Two-or-more-person households may or may not include a family nucleus.
2018,Household size,Two–person household,Median household net worth,Sampling error for percentage change,12.9,percentage,% error,,The number of people in a household is defined as those who usually reside in that household. Two-or-more-person households may or may not include a family nucleus.
2018,Household size,Two–person household,Mean household net worth,Amount,1104,nzd,NZD thousands,,The number of people in a household is defined as those who usually reside in that household. Two-or-more-person households may or may not include a family nucleus.
2018,Household size,Two–person household,Mean household net worth,Relative sampling error,12.5,percentage,% error,,The number of people in a household is defined as those who usually reside in that household. Two-or-more-person households may or may not include a family nucleus.
2018,Household size,Two–person household,Mean household net worth,Percentage change from previous survey,27,percentage,% change,,The number of people in a household is defined as those who usually reside in that household. Two-or-more-person households may or may not include a family nucleus.
2018,Household size,Two–person household,Mean household net worth,Sampling error for percentage change,21.9,percentage,% error,,The number of people in a household is defined as those who usually reside in that household. Two-or-more-person households may or may not include a family nucleus.
2018,Household size,Two–person household,Total household net worth,Amount,632074739,nzd,NZD thousands,,The number of people in a household is defined as those who usually reside in that household. Two-or-more-person households may or may not include a family nucleus.
2018,Household size,Two–person household,Total household net worth,Relative sampling error,12.8,percentage,% error,,The number of people in a household is defined as those who usually reside in that household. Two-or-more-person households may or may not include a family nucleus.
2018,Household size,Two–person household,Total household net worth,Percentage change from previous survey,32.9,percentage,% change,,The number of people in a household is defined as those who usually reside in that household. Two-or-more-person households may or may not include a family nucleus.
2018,Household size,Two–person household,Total household net worth,Sampling error for percentage change,22.8,percentage,% error,,The number of people in a household is defined as those who usually reside in that household. Two-or-more-person households may or may not include a family nucleus.
2018,Household size,Two–person household,Households,Count,572,number,Number of households,,The number of people in a household is defined as those who usually reside in that household. Two-or-more-person households may or may not include a family nucleus.
2018,Household size,Two–person household,Households,Relative sampling error,2.9,percentage,% error,,The number of people in a household is defined as those who usually reside in that household. Two-or-more-person households may or may not include a family nucleus.
2018,Household size,Two–person household,Households,Percentage change from previous survey,4.8,percentage,% change,,The number of people in a household is defined as those who usually reside in that household. Two-or-more-person households may or may not include a family nucleus.
2018,Household size,Two–person household,Households,Sampling error for percentage change,4.3,percentage,% error,,The number of people in a household is defined as those who usually reside in that household. Two-or-more-person households may or may not include a family nucleus.
2018,Household size,Three–person household,Median household net worth,Amount,274,nzd,NZD thousands,,The number of people in a household is defined as those who usually reside in that household. Two-or-more-person households may or may not include a family nucleus.
2018,Household size,Three–person household,Median household net worth,Relative sampling error,18.8,percentage,% error,,The number of people in a household is defined as those who usually reside in that household. Two-or-more-person households may or may not include a family nucleus.
2018,Household size,Three–person household,Median household net worth,Percentage change from previous survey,15.2,percentage,% change,,The number of people in a household is defined as those who usually reside in that household. Two-or-more-person households may or may not include a family nucleus.
2018,Household size,Three–person household,Median household net worth,Sampling error for percentage change,28.7,percentage,% error,,The number of people in a household is defined as those who usually reside in that household. Two-or-more-person households may or may not include a family nucleus.
2018,Household size,Three–person household,Mean household net worth,Amount,644,nzd,NZD thousands,,The number of people in a household is defined as those who usually reside in that household. Two-or-more-person households may or may not include a family nucleus.
2018,Household size,Three–person household,Mean household net worth,Relative sampling error,18.9,percentage,% error,,The number of people in a household is defined as those who usually reside in that household. Two-or-more-person households may or may not include a family nucleus.
2018,Household size,Three–person household,Mean household net worth,Percentage change from previous survey,8.8,percentage,% change,,The number of people in a household is defined as those who usually reside in that household. Two-or-more-person households may or may not include a family nucleus.
2018,Household size,Three–person household,Mean household net worth,Sampling error for percentage change,30.6,percentage,% error,,The number of people in a household is defined as those who usually reside in that household. Two-or-more-person households may or may not include a family nucleus.
2018,Household size,Three–person household,Total household net worth,Amount,201619147,nzd,NZD thousands,,The number of people in a household is defined as those who usually reside in that household. Two-or-more-person households may or may not include a family nucleus.
2018,Household size,Three–person household,Total household net worth,Relative sampling error,23.2,percentage,% error,,The number of people in a household is defined as those who usually reside in that household. Two-or-more-person households may or may not include a family nucleus.
2018,Household size,Three–person household,Total household net worth,Percentage change from previous survey,20.7,percentage,% change,,The number of people in a household is defined as those who usually reside in that household. Two-or-more-person households may or may not include a family nucleus.
2018,Household size,Three–person household,Total household net worth,Sampling error for percentage change,40,percentage,% error,,The number of people in a household is defined as those who usually reside in that household. Two-or-more-person households may or may not include a family nucleus.
2018,Household size,Three–person household,Households,Count,313,number,Number of households,,The number of people in a household is defined as those who usually reside in that household. Two-or-more-person households may or may not include a family nucleus.
2018,Household size,Three–person household,Households,Relative sampling error,7.8,percentage,% error,,The number of people in a household is defined as those who usually reside in that household. Two-or-more-person households may or may not include a family nucleus.
2018,Household size,Three–person household,Households,Percentage change from previous survey,10.8,percentage,% change,,The number of people in a household is defined as those who usually reside in that household. Two-or-more-person households may or may not include a family nucleus.
2018,Household size,Three–person household,Households,Sampling error for percentage change,12.2,percentage,% error,,The number of people in a household is defined as those who usually reside in that household. Two-or-more-person households may or may not include a family nucleus.
2018,Household size,Four–person household,Median household net worth,Amount,349,nzd,NZD thousands,,The number of people in a household is defined as those who usually reside in that household. Two-or-more-person households may or may not include a family nucleus.
2018,Household size,Four–person household,Median household net worth,Relative sampling error,19,percentage,% error,,The number of people in a household is defined as those who usually reside in that household. Two-or-more-person households may or may not include a family nucleus.
2018,Household size,Four–person household,Median household net worth,Percentage change from previous survey,29.2,percentage,% change,,The number of people in a household is defined as those who usually reside in that household. Two-or-more-person households may or may not include a family nucleus.
2018,Household size,Four–person household,Median household net worth,Sampling error for percentage change,30.5,percentage,% error,,The number of people in a household is defined as those who usually reside in that household. Two-or-more-person households may or may not include a family nucleus.
2018,Household size,Four–person household,Mean household net worth,Amount,754,nzd,NZD thousands,,The number of people in a household is defined as those who usually reside in that household. Two-or-more-person households may or may not include a family nucleus.
2018,Household size,Four–person household,Mean household net worth,Relative sampling error,18,percentage,% error,,The number of people in a household is defined as those who usually reside in that household. Two-or-more-person households may or may not include a family nucleus.
2018,Household size,Four–person household,Mean household net worth,Percentage change from previous survey,35.9,percentage,% change,,The number of people in a household is defined as those who usually reside in that household. Two-or-more-person households may or may not include a family nucleus.
2018,Household size,Four–person household,Mean household net worth,Sampling error for percentage change,36.9,percentage,% error,,The number of people in a household is defined as those who usually reside in that household. Two-or-more-person households may or may not include a family nucleus.
2018,Household size,Four–person household,Total household net worth,Amount,220074582,nzd,NZD thousands,,The number of people in a household is defined as those who usually reside in that household. Two-or-more-person households may or may not include a family nucleus.
2018,Household size,Four–person household,Total household net worth,Relative sampling error,18.8,percentage,% error,,The number of people in a household is defined as those who usually reside in that household. Two-or-more-person households may or may not include a family nucleus.
2018,Household size,Four–person household,Total household net worth,Percentage change from previous survey,48.8,percentage,% change,,The number of people in a household is defined as those who usually reside in that household. Two-or-more-person households may or may not include a family nucleus.
2018,Household size,Four–person household,Total household net worth,Sampling error for percentage change,40.8,percentage,% error,,The number of people in a household is defined as those who usually reside in that household. Two-or-more-person households may or may not include a family nucleus.
2018,Household size,Four–person household,Households,Count,292,number,Number of households,,The number of people in a household is defined as those who usually reside in that household. Two-or-more-person households may or may not include a family nucleus.
2018,Household size,Four–person household,Households,Relative sampling error,8.3,percentage,% error,,The number of people in a household is defined as those who usually reside in that household. Two-or-more-person households may or may not include a family nucleus.
2018,Household size,Four–person household,Households,Percentage change from previous survey,9.5,percentage,% change,,The number of people in a household is defined as those who usually reside in that household. Two-or-more-person households may or may not include a family nucleus.
2018,Household size,Four–person household,Households,Sampling error for percentage change,12.2,percentage,% error,,The number of people in a household is defined as those who usually reside in that household. Two-or-more-person households may or may not include a family nucleus.
2018,Household size,Five–or–more person household,Median household net worth,Amount,204,nzd,NZD thousands,,The number of people in a household is defined as those who usually reside in that household. Two-or-more-person households may or may not include a family nucleus.
2018,Household size,Five–or–more person household,Median household net worth,Relative sampling error,38.7,percentage,% error,,The number of people in a household is defined as those who usually reside in that household. Two-or-more-person households may or may not include a family nucleus.
2018,Household size,Five–or–more person household,Median household net worth,Percentage change from previous survey,0,percentage,% change,,The number of people in a household is defined as those who usually reside in that household. Two-or-more-person households may or may not include a family nucleus.
2018,Household size,Five–or–more person household,Median household net worth,Sampling error for percentage change,46.6,percentage,% error,,The number of people in a household is defined as those who usually reside in that household. Two-or-more-person households may or may not include a family nucleus.
2018,Household size,Five–or–more person household,Mean household net worth,Amount,556,nzd,NZD thousands,,The number of people in a household is defined as those who usually reside in that household. Two-or-more-person households may or may not include a family nucleus.
2018,Household size,Five–or–more person household,Mean household net worth,Relative sampling error,22.3,percentage,% error,,The number of people in a household is defined as those who usually reside in that household. Two-or-more-person households may or may not include a family nucleus.
2018,Household size,Five–or–more person household,Mean household net worth,Percentage change from previous survey,20.2,percentage,% change,,The number of people in a household is defined as those who usually reside in that household. Two-or-more-person households may or may not include a family nucleus.
2018,Household size,Five–or–more person household,Mean household net worth,Sampling error for percentage change,46.4,percentage,% error,,The number of people in a household is defined as those who usually reside in that household. Two-or-more-person households may or may not include a family nucleus.
2018,Household size,Five–or–more person household,Total household net worth,Amount,112725441,nzd,NZD thousands,,The number of people in a household is defined as those who usually reside in that household. Two-or-more-person households may or may not include a family nucleus.
2018,Household size,Five–or–more person household,Total household net worth,Relative sampling error,23.9,percentage,% error,,The number of people in a household is defined as those who usually reside in that household. Two-or-more-person households may or may not include a family nucleus.
2018,Household size,Five–or–more person household,Total household net worth,Percentage change from previous survey,26.4,percentage,% change,,The number of people in a household is defined as those who usually reside in that household. Two-or-more-person households may or may not include a family nucleus.
2018,Household size,Five–or–more person household,Total household net worth,Sampling error for percentage change,50.1,percentage,% error,,The number of people in a household is defined as those who usually reside in that household. Two-or-more-person households may or may not include a family nucleus.
2018,Household size,Five–or–more person household,Households,Count,203,number,Number of households,,The number of people in a household is defined as those who usually reside in that household. Two-or-more-person households may or may not include a family nucleus.
2018,Household size,Five–or–more person household,Households,Relative sampling error,7.1,percentage,% error,,The number of people in a household is defined as those who usually reside in that household. Two-or-more-person households may or may not include a family nucleus.
2018,Household size,Five–or–more person household,Households,Percentage change from previous survey,5.1,percentage,% change,,The number of people in a household is defined as those who usually reside in that household. Two-or-more-person households may or may not include a family nucleus.
2018,Household size,Five–or–more person household,Households,Sampling error for percentage change,10.2,percentage,% error,,The number of people in a household is defined as those who usually reside in that household. Two-or-more-person households may or may not include a family nucleus.
2018,Household composition,Couple only,Median household net worth,Amount,601,nzd,NZD thousands,
2018,Household composition,Couple only,Median household net worth,Relative sampling error,10.2,percentage,% error,
2018,Household composition,Couple only,Median household net worth,Percentage change from previous survey,23.7,percentage,% change,
2018,Household composition,Couple only,Median household net worth,Sampling error for percentage change,17.4,percentage,% error,
2018,Household composition,Couple only,Mean household net worth,Amount,1272,nzd,NZD thousands,
2018,Household composition,Couple only,Mean household net worth,Relative sampling error,13.5,percentage,% error,
2018,Household composition,Couple only,Mean household net worth,Percentage change from previous survey,29.1,percentage,% change,
2018,Household composition,Couple only,Mean household net worth,Sampling error for percentage change,24.2,percentage,% error,
2018,Household composition,Couple only,Total household net worth,Amount,587326966,nzd,NZD thousands,
2018,Household composition,Couple only,Total household net worth,Relative sampling error,13.5,percentage,% error,
2018,Household composition,Couple only,Total household net worth,Percentage change from previous survey,30.4,percentage,% change,
2018,Household composition,Couple only,Total household net worth,Sampling error for percentage change,24.1,percentage,% error,
2018,Household composition,Couple only,Households,Count,462,number,Number of households,
2018,Household composition,Couple only,Households,Relative sampling error,3.7,percentage,% error,
2018,Household composition,Couple only,Households,Percentage change from previous survey,1.3,percentage,% change,
2018,Household composition,Couple only,Households,Sampling error for percentage change,4.9,percentage,% error,
2018,Household composition,Couple with one dependent child,Median household net worth,Amount,290,nzd,NZD thousands,
2018,Household composition,Couple with one dependent child,Median household net worth,Relative sampling error,16.8,percentage,% error,
2018,Household composition,Couple with one dependent child,Median household net worth,Percentage change from previous survey,17,percentage,% change,
2018,Household composition,Couple with one dependent child,Median household net worth,Sampling error for percentage change,27.2,percentage,% error,
2018,Household composition,Couple with one dependent child,Mean household net worth,Amount,717,nzd,NZD thousands,
2018,Household composition,Couple with one dependent child,Mean household net worth,Relative sampling error,29.9,percentage,% error,
2018,Household composition,Couple with one dependent child,Mean household net worth,Percentage change from previous survey,21.5,percentage,% change,
2018,Household composition,Couple with one dependent child,Mean household net worth,Sampling error for percentage change,56.4,percentage,% error,
2018,Household composition,Couple with one dependent child,Total household net worth,Amount,90139199,nzd,NZD thousands,
2018,Household composition,Couple with one dependent child,Total household net worth,Relative sampling error,33.1,percentage,% error,
2018,Household composition,Couple with one dependent child,Total household net worth,Percentage change from previous survey,33.2,percentage,% change,
2018,Household composition,Couple with one dependent child,Total household net worth,Sampling error for percentage change,64.7,percentage,% error,
2018,Household composition,Couple with one dependent child,Households,Count,126,number,Number of households,
2018,Household composition,Couple with one dependent child,Households,Relative sampling error,12.7,percentage,% error,
2018,Household composition,Couple with one dependent child,Households,Percentage change from previous survey,9.6,percentage,% change,
2018,Household composition,Couple with one dependent child,Households,Sampling error for percentage change,18,percentage,% error,
2018,Household composition,Couple with two or more dependent children,Median household net worth,Amount,326,nzd,NZD thousands,
2018,Household composition,Couple with two or more dependent children,Median household net worth,Relative sampling error,18.9,percentage,% error,
2018,Household composition,Couple with two or more dependent children,Median household net worth,Percentage change from previous survey,31.6,percentage,% change,
2018,Household composition,Couple with two or more dependent children,Median household net worth,Sampling error for percentage change,30.5,percentage,% error,
2018,Household composition,Couple with two or more dependent children,Mean household net worth,Amount,772,nzd,NZD thousands,
2018,Household composition,Couple with two or more dependent children,Mean household net worth,Relative sampling error,21.8,percentage,% error,
2018,Household composition,Couple with two or more dependent children,Mean household net worth,Percentage change from previous survey,27.8,percentage,% change,
2018,Household composition,Couple with two or more dependent children,Mean household net worth,Sampling error for percentage change,48.3,percentage,% error,
2018,Household composition,Couple with two or more dependent children,Total household net worth,Amount,177432865,nzd,NZD thousands,
2018,Household composition,Couple with two or more dependent children,Total household net worth,Relative sampling error,23.5,percentage,% error,
2018,Household composition,Couple with two or more dependent children,Total household net worth,Percentage change from previous survey,35.1,percentage,% change,
2018,Household composition,Couple with two or more dependent children,Total household net worth,Sampling error for percentage change,52.7,percentage,% error,
2018,Household composition,Couple with two or more dependent children,Households,Count,230,number,Number of households,
2018,Household composition,Couple with two or more dependent children,Households,Relative sampling error,6.4,percentage,% error,
2018,Household composition,Couple with two or more dependent children,Households,Percentage change from previous survey,5.7,percentage,% change,
2018,Household composition,Couple with two or more dependent children,Households,Sampling error for percentage change,10.7,percentage,% error,
2018,Household composition,All other 'couples with child(ren) only' households,Median household net worth,Amount,590,nzd,NZD thousands,,"Includes couple with adult children only, as well as couple with adult and dependent children."
2018,Household composition,All other 'couples with child(ren) only' households,Median household net worth,Relative sampling error,19.3,percentage,% error,,"Includes couple with adult children only, as well as couple with adult and dependent children."
2018,Household composition,All other 'couples with child(ren) only' households,Median household net worth,Percentage change from previous survey,24.5,percentage,% change,,"Includes couple with adult children only, as well as couple with adult and dependent children."
2018,Household composition,All other 'couples with child(ren) only' households,Median household net worth,Sampling error for percentage change,33.3,percentage,% error,,"Includes couple with adult children only, as well as couple with adult and dependent children."
2018,Household composition,All other 'couples with child(ren) only' households,Mean household net worth,Amount,929,nzd,NZD thousands,,"Includes couple with adult children only, as well as couple with adult and dependent children."
2018,Household composition,All other 'couples with child(ren) only' households,Mean household net worth,Relative sampling error,17.2,percentage,% error,,"Includes couple with adult children only, as well as couple with adult and dependent children."
2018,Household composition,All other 'couples with child(ren) only' households,Mean household net worth,Percentage change from previous survey,14.9,percentage,% change,,"Includes couple with adult children only, as well as couple with adult and dependent children."
2018,Household composition,All other 'couples with child(ren) only' households,Mean household net worth,Sampling error for percentage change,34.7,percentage,% error,,"Includes couple with adult children only, as well as couple with adult and dependent children."
2018,Household composition,All other 'couples with child(ren) only' households,Total household net worth,Amount,147333083,nzd,NZD thousands,,"Includes couple with adult children only, as well as couple with adult and dependent children."
2018,Household composition,All other 'couples with child(ren) only' households,Total household net worth,Relative sampling error,21.3,percentage,% error,,"Includes couple with adult children only, as well as couple with adult and dependent children."
2018,Household composition,All other 'couples with child(ren) only' households,Total household net worth,Percentage change from previous survey,13.7,percentage,% change,,"Includes couple with adult children only, as well as couple with adult and dependent children."
2018,Household composition,All other 'couples with child(ren) only' households,Total household net worth,Sampling error for percentage change,37.6,percentage,% error,,"Includes couple with adult children only, as well as couple with adult and dependent children."
2018,Household composition,All other 'couples with child(ren) only' households,Households,Count,159,number,Number of households,,"Includes couple with adult children only, as well as couple with adult and dependent children."
2018,Household composition,All other 'couples with child(ren) only' households,Households,Relative sampling error,11.5,percentage,% error,,"Includes couple with adult children only, as well as couple with adult and dependent children."
2018,Household composition,All other 'couples with child(ren) only' households,Households,Percentage change from previous survey,-1,percentage,% change,,"Includes couple with adult children only, as well as couple with adult and dependent children."
2018,Household composition,All other 'couples with child(ren) only' households,Households,Sampling error for percentage change,12.5,percentage,% error,,"Includes couple with adult children only, as well as couple with adult and dependent children."
2018,Household composition,One parent with dependent child(ren) only,Median household net worth,Amount,31,nzd,NZD thousands,
2018,Household composition,One parent with dependent child(ren) only,Median household net worth,Relative sampling error,53.7,percentage,% error,
2018,Household composition,One parent with dependent child(ren) only,Median household net worth,Percentage change from previous survey,19.3,percentage,% change,
2018,Household composition,One parent with dependent child(ren) only,Median household net worth,Sampling error for percentage change,74.5,percentage,% error,
2018,Household composition,One parent with dependent child(ren) only,Mean household net worth,Amount,228,nzd,NZD thousands,
2018,Household composition,One parent with dependent child(ren) only,Mean household net worth,Relative sampling error,37.6,percentage,% error,
2018,Household composition,One parent with dependent child(ren) only,Mean household net worth,Percentage change from previous survey,38.8,percentage,% change,
2018,Household composition,One parent with dependent child(ren) only,Mean household net worth,Sampling error for percentage change,74.8,percentage,% error,
2018,Household composition,One parent with dependent child(ren) only,Total household net worth,Amount,16307081,nzd,NZD thousands,
2018,Household composition,One parent with dependent child(ren) only,Total household net worth,Relative sampling error,40.1,percentage,% error,
2018,Household composition,One parent with dependent child(ren) only,Total household net worth,Percentage change from previous survey,31.2,percentage,% change,
2018,Household composition,One parent with dependent child(ren) only,Total household net worth,Sampling error for percentage change,75.3,percentage,% error,
2018,Household composition,One parent with dependent child(ren) only,Households,Count,71,number,Number of households,
2018,Household composition,One parent with dependent child(ren) only,Households,Relative sampling error,11.7,percentage,% error,
2018,Household composition,One parent with dependent child(ren) only,Households,Percentage change from previous survey,-5.5,percentage,% change,
2018,Household composition,One parent with dependent child(ren) only,Households,Sampling error for percentage change,15.6,percentage,% error,
2018,Household composition,All other 'one parent with child(ren) only' households,Median household net worth,Amount,153,nzd,NZD thousands,,"Includes one parent with adult children only, as well as one parent with dependent and adult children."
2018,Household composition,All other 'one parent with child(ren) only' households,Median household net worth,Relative sampling error,49.1,percentage,% error,,"Includes one parent with adult children only, as well as one parent with dependent and adult children."
2018,Household composition,All other 'one parent with child(ren) only' households,Median household net worth,Percentage change from previous survey,-19.3,percentage,% change,,"Includes one parent with adult children only, as well as one parent with dependent and adult children."
2018,Household composition,All other 'one parent with child(ren) only' households,Median household net worth,Sampling error for percentage change,47.9,percentage,% error,,"Includes one parent with adult children only, as well as one parent with dependent and adult children."
2018,Household composition,All other 'one parent with child(ren) only' households,Mean household net worth,Amount,385,nzd,NZD thousands,,"Includes one parent with adult children only, as well as one parent with dependent and adult children."
2018,Household composition,All other 'one parent with child(ren) only' households,Mean household net worth,Relative sampling error,25.9,percentage,% error,,"Includes one parent with adult children only, as well as one parent with dependent and adult children."
2018,Household composition,All other 'one parent with child(ren) only' households,Mean household net worth,Percentage change from previous survey,-7.4,percentage,% change,,"Includes one parent with adult children only, as well as one parent with dependent and adult children."
2018,Household composition,All other 'one parent with child(ren) only' households,Mean household net worth,Sampling error for percentage change,49.2,percentage,% error,,"Includes one parent with adult children only, as well as one parent with dependent and adult children."
2018,Household composition,All other 'one parent with child(ren) only' households,Total household net worth,Amount,23730240,nzd,NZD thousands,,"Includes one parent with adult children only, as well as one parent with dependent and adult children."
2018,Household composition,All other 'one parent with child(ren) only' households,Total household net worth,Relative sampling error,30.9,percentage,% error,,"Includes one parent with adult children only, as well as one parent with dependent and adult children."
2018,Household composition,All other 'one parent with child(ren) only' households,Total household net worth,Percentage change from previous survey,15.8,percentage,% change,,"Includes one parent with adult children only, as well as one parent with dependent and adult children."
2018,Household composition,All other 'one parent with child(ren) only' households,Total household net worth,Sampling error for percentage change,72.8,percentage,% error,,"Includes one parent with adult children only, as well as one parent with dependent and adult children."
2018,Household composition,All other 'one parent with child(ren) only' households,Households,Count,61,number,Number of households,,"Includes one parent with adult children only, as well as one parent with dependent and adult children."
2018,Household composition,All other 'one parent with child(ren) only' households,Households,Relative sampling error,15.4,percentage,% error,,"Includes one parent with adult children only, as well as one parent with dependent and adult children."
2018,Household composition,All other 'one parent with child(ren) only' households,Households,Percentage change from previous survey,24.6,percentage,% change,,"Includes one parent with adult children only, as well as one parent with dependent and adult children."
2018,Household composition,All other 'one parent with child(ren) only' households,Households,Sampling error for percentage change,30.5,percentage,% error,,"Includes one parent with adult children only, as well as one parent with dependent and adult children."
2018,Household composition,Other one-family households,Median household net worth,Amount,172,nzd,NZD thousands,,"Contains all one-family households where 'other people' are present, who may be related or unrelated to the family nucleus."
2018,Household composition,Other one-family households,Median household net worth,Relative sampling error,59.3,percentage,% error,,"Contains all one-family households where 'other people' are present, who may be related or unrelated to the family nucleus."
2018,Household composition,Other one-family households,Median household net worth,Percentage change from previous survey,130.5,percentage,% change,,"Contains all one-family households where 'other people' are present, who may be related or unrelated to the family nucleus."
2018,Household composition,Other one-family households,Median household net worth,Sampling error for percentage change,156.5,percentage,% error,,"Contains all one-family households where 'other people' are present, who may be related or unrelated to the family nucleus."
2018,Household composition,Other one-family households,Mean household net worth,Amount,410,nzd,NZD thousands,,"Contains all one-family households where 'other people' are present, who may be related or unrelated to the family nucleus."
2018,Household composition,Other one-family households,Mean household net worth,Relative sampling error,25.4,percentage,% error,,"Contains all one-family households where 'other people' are present, who may be related or unrelated to the family nucleus."
2018,Household composition,Other one-family households,Mean household net worth,Percentage change from previous survey,81.6,percentage,% change,,"Contains all one-family households where 'other people' are present, who may be related or unrelated to the family nucleus."
2018,Household composition,Other one-family households,Mean household net worth,Sampling error for percentage change,91.4,percentage,% error,,"Contains all one-family households where 'other people' are present, who may be related or unrelated to the family nucleus."
2018,Household composition,Other one-family households,Total household net worth,Amount,38892780,nzd,NZD thousands,,"Contains all one-family households where 'other people' are present, who may be related or unrelated to the family nucleus."
2018,Household composition,Other one-family households,Total household net worth,Relative sampling error,28.6,percentage,% error,,"Contains all one-family households where 'other people' are present, who may be related or unrelated to the family nucleus."
2018,Household composition,Other one-family households,Total household net worth,Percentage change from previous survey,109.5,percentage,% change,,"Contains all one-family households where 'other people' are present, who may be related or unrelated to the family nucleus."
2018,Household composition,Other one-family households,Total household net worth,Sampling error for percentage change,111.9,percentage,% error,,"Contains all one-family households where 'other people' are present, who may be related or unrelated to the family nucleus."
2018,Household composition,Other one-family households,Households,Count,95,number,Number of households,,"Contains all one-family households where 'other people' are present, who may be related or unrelated to the family nucleus."
2018,Household composition,Other one-family households,Households,Relative sampling error,14.7,percentage,% error,,"Contains all one-family households where 'other people' are present, who may be related or unrelated to the family nucleus."
2018,Household composition,Other one-family households,Households,Percentage change from previous survey,15.1,percentage,% change,,"Contains all one-family households where 'other people' are present, who may be related or unrelated to the family nucleus."
2018,Household composition,Other one-family households,Households,Sampling error for percentage change,22.7,percentage,% error,,"Contains all one-family households where 'other people' are present, who may be related or unrelated to the family nucleus."
2018,Household composition,One-person household,Median household net worth,Amount,236,nzd,NZD thousands,
2018,Household composition,One-person household,Median household net worth,Relative sampling error,11.3,percentage,% error,
2018,Household composition,One-person household,Median household net worth,Percentage change from previous survey,0.7,percentage,% change,
2018,Household composition,One-person household,Median household net worth,Sampling error for percentage change,15.9,percentage,% error,
2018,Household composition,One-person household,Mean household net worth,Amount,500,nzd,NZD thousands,
2018,Household composition,One-person household,Mean household net worth,Relative sampling error,18.1,percentage,% error,
2018,Household composition,One-person household,Mean household net worth,Percentage change from previous survey,20.4,percentage,% change,
2018,Household composition,One-person household,Mean household net worth,Sampling error for percentage change,26.1,percentage,% error,
2018,Household composition,One-person household,Total household net worth,Amount,192041051,nzd,NZD thousands,
2018,Household composition,One-person household,Total household net worth,Relative sampling error,18.8,percentage,% error,
2018,Household composition,One-person household,Total household net worth,Percentage change from previous survey,18.5,percentage,% change,
2018,Household composition,One-person household,Total household net worth,Sampling error for percentage change,26.9,percentage,% error,
2018,Household composition,One-person household,Households,Count,384,number,Number of households,
2018,Household composition,One-person household,Households,Relative sampling error,3.3,percentage,% error,
2018,Household composition,One-person household,Households,Percentage change from previous survey,-1.4,percentage,% change,
2018,Household composition,One-person household,Households,Sampling error for percentage change,4.3,percentage,% error,
2018,Household composition,All other households,Median household net worth,Amount,136,nzd,NZD thousands,,"This category is an aggregation of two-family household, three-or-more-family households, or any other multi-person households."
2018,Household composition,All other households,Median household net worth,Relative sampling error,43.6,percentage,% error,,"This category is an aggregation of two-family household, three-or-more-family households, or any other multi-person households."
2018,Household composition,All other households,Median household net worth,Percentage change from previous survey,-33.7,percentage,% change,,"This category is an aggregation of two-family household, three-or-more-family households, or any other multi-person households."
2018,Household composition,All other households,Median household net worth,Sampling error for percentage change,33.7,percentage,% error,,"This category is an aggregation of two-family household, three-or-more-family households, or any other multi-person households."
2018,Household composition,All other households,Mean household net worth,Amount,483,nzd,NZD thousands,,"This category is an aggregation of two-family household, three-or-more-family households, or any other multi-person households."
2018,Household composition,All other households,Mean household net worth,Relative sampling error,23.7,percentage,% error,,"This category is an aggregation of two-family household, three-or-more-family households, or any other multi-person households."
2018,Household composition,All other households,Mean household net worth,Percentage change from previous survey,29.3,percentage,% change,,"This category is an aggregation of two-family household, three-or-more-family households, or any other multi-person households."
2018,Household composition,All other households,Mean household net worth,Sampling error for percentage change,42.8,percentage,% error,,"This category is an aggregation of two-family household, three-or-more-family households, or any other multi-person households."
2018,Household composition,All other households,Total household net worth,Amount,85331695,nzd,NZD thousands,,"This category is an aggregation of two-family household, three-or-more-family households, or any other multi-person households."
2018,Household composition,All other households,Total household net worth,Relative sampling error,26.7,percentage,% error,,"This category is an aggregation of two-family household, three-or-more-family households, or any other multi-person households."
2018,Household composition,All other households,Total household net worth,Percentage change from previous survey,72.1,percentage,% change,,"This category is an aggregation of two-family household, three-or-more-family households, or any other multi-person households."
2018,Household composition,All other households,Total household net worth,Sampling error for percentage change,60.4,percentage,% error,,"This category is an aggregation of two-family household, three-or-more-family households, or any other multi-person households."
2018,Household composition,All other households,Households,Count,176,number,Number of households,,"This category is an aggregation of two-family household, three-or-more-family households, or any other multi-person households."
2018,Household composition,All other households,Households,Relative sampling error,10.7,percentage,% error,,"This category is an aggregation of two-family household, three-or-more-family households, or any other multi-person households."
2018,Household composition,All other households,Households,Percentage change from previous survey,32.9,percentage,% change,,"This category is an aggregation of two-family household, three-or-more-family households, or any other multi-person households."
2018,Household composition,All other households,Households,Sampling error for percentage change,18.9,percentage,% error,,"This category is an aggregation of two-family household, three-or-more-family households, or any other multi-person households."
2018,Tenure of household,Dwelling owned or partly owned by usual resident(s),Median household net worth,Amount,541,nzd,NZD thousands,,Refers to the nature of the occupancy of a household in a private dwelling. It does not refer to the tenure of the land on which the dwelling is situated.
2018,Tenure of household,Dwelling owned or partly owned by usual resident(s),Median household net worth,Relative sampling error,5.3,percentage,% error,,Refers to the nature of the occupancy of a household in a private dwelling. It does not refer to the tenure of the land on which the dwelling is situated.
2018,Tenure of household,Dwelling owned or partly owned by usual resident(s),Median household net worth,Percentage change from previous survey,21.7,percentage,% change,,Refers to the nature of the occupancy of a household in a private dwelling. It does not refer to the tenure of the land on which the dwelling is situated.
2018,Tenure of household,Dwelling owned or partly owned by usual resident(s),Median household net worth,Sampling error for percentage change,8.3,percentage,% error,,Refers to the nature of the occupancy of a household in a private dwelling. It does not refer to the tenure of the land on which the dwelling is situated.
2018,Tenure of household,Dwelling owned or partly owned by usual resident(s),Mean household net worth,Amount,835,nzd,NZD thousands,,Refers to the nature of the occupancy of a household in a private dwelling. It does not refer to the tenure of the land on which the dwelling is situated.
2018,Tenure of household,Dwelling owned or partly owned by usual resident(s),Mean household net worth,Relative sampling error,6,percentage,% error,,Refers to the nature of the occupancy of a household in a private dwelling. It does not refer to the tenure of the land on which the dwelling is situated.
2018,Tenure of household,Dwelling owned or partly owned by usual resident(s),Mean household net worth,Percentage change from previous survey,15.1,percentage,% change,,Refers to the nature of the occupancy of a household in a private dwelling. It does not refer to the tenure of the land on which the dwelling is situated.
2018,Tenure of household,Dwelling owned or partly owned by usual resident(s),Mean household net worth,Sampling error for percentage change,11.5,percentage,% error,,Refers to the nature of the occupancy of a household in a private dwelling. It does not refer to the tenure of the land on which the dwelling is situated.
2018,Tenure of household,Dwelling owned or partly owned by usual resident(s),Total household net worth,Amount,753925359,nzd,NZD thousands,,Refers to the nature of the occupancy of a household in a private dwelling. It does not refer to the tenure of the land on which the dwelling is situated.
2018,Tenure of household,Dwelling owned or partly owned by usual resident(s),Total household net worth,Relative sampling error,6.3,percentage,% error,,Refers to the nature of the occupancy of a household in a private dwelling. It does not refer to the tenure of the land on which the dwelling is situated.
2018,Tenure of household,Dwelling owned or partly owned by usual resident(s),Total household net worth,Percentage change from previous survey,23.4,percentage,% change,,Refers to the nature of the occupancy of a household in a private dwelling. It does not refer to the tenure of the land on which the dwelling is situated.
2018,Tenure of household,Dwelling owned or partly owned by usual resident(s),Total household net worth,Sampling error for percentage change,13.3,percentage,% error,,Refers to the nature of the occupancy of a household in a private dwelling. It does not refer to the tenure of the land on which the dwelling is situated.
2018,Tenure of household,Dwelling owned or partly owned by usual resident(s),Households,Count,903,number,Number of households,,Refers to the nature of the occupancy of a household in a private dwelling. It does not refer to the tenure of the land on which the dwelling is situated.
2018,Tenure of household,Dwelling owned or partly owned by usual resident(s),Households,Relative sampling error,3.5,percentage,% error,,Refers to the nature of the occupancy of a household in a private dwelling. It does not refer to the tenure of the land on which the dwelling is situated.
2018,Tenure of household,Dwelling owned or partly owned by usual resident(s),Households,Percentage change from previous survey,7.2,percentage,% change,,Refers to the nature of the occupancy of a household in a private dwelling. It does not refer to the tenure of the land on which the dwelling is situated.
2018,Tenure of household,Dwelling owned or partly owned by usual resident(s),Households,Sampling error for percentage change,4.9,percentage,% error,,Refers to the nature of the occupancy of a household in a private dwelling. It does not refer to the tenure of the land on which the dwelling is situated.
2018,Tenure of household,Dwelling owned or partly owned by usual resident(s) who make mortgage payments,Median household net worth,Amount,401,nzd,NZD thousands,,Refers to the nature of the occupancy of a household in a private dwelling. It does not refer to the tenure of the land on which the dwelling is situated.
2018,Tenure of household,Dwelling owned or partly owned by usual resident(s) who make mortgage payments,Median household net worth,Relative sampling error,6.8,percentage,% error,,Refers to the nature of the occupancy of a household in a private dwelling. It does not refer to the tenure of the land on which the dwelling is situated.
2018,Tenure of household,Dwelling owned or partly owned by usual resident(s) who make mortgage payments,Median household net worth,Percentage change from previous survey,20.1,percentage,% change,,Refers to the nature of the occupancy of a household in a private dwelling. It does not refer to the tenure of the land on which the dwelling is situated.
2018,Tenure of household,Dwelling owned or partly owned by usual resident(s) who make mortgage payments,Median household net worth,Sampling error for percentage change,10.6,percentage,% error,,Refers to the nature of the occupancy of a household in a private dwelling. It does not refer to the tenure of the land on which the dwelling is situated.
2018,Tenure of household,Dwelling owned or partly owned by usual resident(s) who make mortgage payments,Mean household net worth,Amount,564,nzd,NZD thousands,,Refers to the nature of the occupancy of a household in a private dwelling. It does not refer to the tenure of the land on which the dwelling is situated.
2018,Tenure of household,Dwelling owned or partly owned by usual resident(s) who make mortgage payments,Mean household net worth,Relative sampling error,9.5,percentage,% error,,Refers to the nature of the occupancy of a household in a private dwelling. It does not refer to the tenure of the land on which the dwelling is situated.
2018,Tenure of household,Dwelling owned or partly owned by usual resident(s) who make mortgage payments,Mean household net worth,Percentage change from previous survey,14.7,percentage,% change,,Refers to the nature of the occupancy of a household in a private dwelling. It does not refer to the tenure of the land on which the dwelling is situated.
2018,Tenure of household,Dwelling owned or partly owned by usual resident(s) who make mortgage payments,Mean household net worth,Sampling error for percentage change,19.3,percentage,% error,,Refers to the nature of the occupancy of a household in a private dwelling. It does not refer to the tenure of the land on which the dwelling is situated.
2018,Tenure of household,Dwelling owned or partly owned by usual resident(s) who make mortgage payments,Total household net worth,Amount,285165187,nzd,NZD thousands,,Refers to the nature of the occupancy of a household in a private dwelling. It does not refer to the tenure of the land on which the dwelling is situated.
2018,Tenure of household,Dwelling owned or partly owned by usual resident(s) who make mortgage payments,Total household net worth,Relative sampling error,11.2,percentage,% error,,Refers to the nature of the occupancy of a household in a private dwelling. It does not refer to the tenure of the land on which the dwelling is situated.
2018,Tenure of household,Dwelling owned or partly owned by usual resident(s) who make mortgage payments,Total household net worth,Percentage change from previous survey,25.7,percentage,% change,,Refers to the nature of the occupancy of a household in a private dwelling. It does not refer to the tenure of the land on which the dwelling is situated.
2018,Tenure of household,Dwelling owned or partly owned by usual resident(s) who make mortgage payments,Total household net worth,Sampling error for percentage change,24.9,percentage,% error,,Refers to the nature of the occupancy of a household in a private dwelling. It does not refer to the tenure of the land on which the dwelling is situated.
2018,Tenure of household,Dwelling owned or partly owned by usual resident(s) who make mortgage payments,Households,Count,505,number,Number of households,,Refers to the nature of the occupancy of a household in a private dwelling. It does not refer to the tenure of the land on which the dwelling is situated.
2018,Tenure of household,Dwelling owned or partly owned by usual resident(s) who make mortgage payments,Households,Relative sampling error,6.2,percentage,% error,,Refers to the nature of the occupancy of a household in a private dwelling. It does not refer to the tenure of the land on which the dwelling is situated.
2018,Tenure of household,Dwelling owned or partly owned by usual resident(s) who make mortgage payments,Households,Percentage change from previous survey,9.6,percentage,% change,,Refers to the nature of the occupancy of a household in a private dwelling. It does not refer to the tenure of the land on which the dwelling is situated.
2018,Tenure of household,Dwelling owned or partly owned by usual resident(s) who make mortgage payments,Households,Sampling error for percentage change,9.1,percentage,% error,,Refers to the nature of the occupancy of a household in a private dwelling. It does not refer to the tenure of the land on which the dwelling is situated.
2018,Tenure of household,Dwelling owned or partly owned by usual resident(s) who do not make mortgage payments,Median household net worth,Amount,829,nzd,NZD thousands,,Refers to the nature of the occupancy of a household in a private dwelling. It does not refer to the tenure of the land on which the dwelling is situated.
2018,Tenure of household,Dwelling owned or partly owned by usual resident(s) who do not make mortgage payments,Median household net worth,Relative sampling error,7,percentage,% error,,Refers to the nature of the occupancy of a household in a private dwelling. It does not refer to the tenure of the land on which the dwelling is situated.
2018,Tenure of household,Dwelling owned or partly owned by usual resident(s) who do not make mortgage payments,Median household net worth,Percentage change from previous survey,25.3,percentage,% change,,Refers to the nature of the occupancy of a household in a private dwelling. It does not refer to the tenure of the land on which the dwelling is situated.
2018,Tenure of household,Dwelling owned or partly owned by usual resident(s) who do not make mortgage payments,Median household net worth,Sampling error for percentage change,10.9,percentage,% error,,Refers to the nature of the occupancy of a household in a private dwelling. It does not refer to the tenure of the land on which the dwelling is situated.
2018,Tenure of household,Dwelling owned or partly owned by usual resident(s) who do not make mortgage payments,Mean household net worth,Amount,1180,nzd,NZD thousands,,Refers to the nature of the occupancy of a household in a private dwelling. It does not refer to the tenure of the land on which the dwelling is situated.
2018,Tenure of household,Dwelling owned or partly owned by usual resident(s) who do not make mortgage payments,Mean household net worth,Relative sampling error,8,percentage,% error,,Refers to the nature of the occupancy of a household in a private dwelling. It does not refer to the tenure of the land on which the dwelling is situated.
2018,Tenure of household,Dwelling owned or partly owned by usual resident(s) who do not make mortgage payments,Mean household net worth,Percentage change from previous survey,17.1,percentage,% change,,Refers to the nature of the occupancy of a household in a private dwelling. It does not refer to the tenure of the land on which the dwelling is situated.
2018,Tenure of household,Dwelling owned or partly owned by usual resident(s) who do not make mortgage payments,Mean household net worth,Sampling error for percentage change,14,percentage,% error,,Refers to the nature of the occupancy of a household in a private dwelling. It does not refer to the tenure of the land on which the dwelling is situated.
2018,Tenure of household,Dwelling owned or partly owned by usual resident(s) who do not make mortgage payments,Total household net worth,Amount,468111192,nzd,NZD thousands,,Refers to the nature of the occupancy of a household in a private dwelling. It does not refer to the tenure of the land on which the dwelling is situated.
2018,Tenure of household,Dwelling owned or partly owned by usual resident(s) who do not make mortgage payments,Total household net worth,Relative sampling error,9.8,percentage,% error,,Refers to the nature of the occupancy of a household in a private dwelling. It does not refer to the tenure of the land on which the dwelling is situated.
2018,Tenure of household,Dwelling owned or partly owned by usual resident(s) who do not make mortgage payments,Total household net worth,Percentage change from previous survey,21.9,percentage,% change,,Refers to the nature of the occupancy of a household in a private dwelling. It does not refer to the tenure of the land on which the dwelling is situated.
2018,Tenure of household,Dwelling owned or partly owned by usual resident(s) who do not make mortgage payments,Total household net worth,Sampling error for percentage change,17.9,percentage,% error,,Refers to the nature of the occupancy of a household in a private dwelling. It does not refer to the tenure of the land on which the dwelling is situated.
2018,Tenure of household,Dwelling owned or partly owned by usual resident(s) who do not make mortgage payments,Households,Count,397,number,Number of households,,Refers to the nature of the occupancy of a household in a private dwelling. It does not refer to the tenure of the land on which the dwelling is situated.
2018,Tenure of household,Dwelling owned or partly owned by usual resident(s) who do not make mortgage payments,Households,Relative sampling error,5.6,percentage,% error,,Refers to the nature of the occupancy of a household in a private dwelling. It does not refer to the tenure of the land on which the dwelling is situated.
2018,Tenure of household,Dwelling owned or partly owned by usual resident(s) who do not make mortgage payments,Households,Percentage change from previous survey,4.1,percentage,% change,,Refers to the nature of the occupancy of a household in a private dwelling. It does not refer to the tenure of the land on which the dwelling is situated.
2018,Tenure of household,Dwelling owned or partly owned by usual resident(s) who do not make mortgage payments,Households,Sampling error for percentage change,7.9,percentage,% error,,Refers to the nature of the occupancy of a household in a private dwelling. It does not refer to the tenure of the land on which the dwelling is situated.
2018,Tenure of household,Dwelling not owned by usual resident(s),Median household net worth,Amount,39,nzd,NZD thousands,,Refers to the nature of the occupancy of a household in a private dwelling. It does not refer to the tenure of the land on which the dwelling is situated.
2018,Tenure of household,Dwelling not owned by usual resident(s),Median household net worth,Relative sampling error,12.7,percentage,% error,,Refers to the nature of the occupancy of a household in a private dwelling. It does not refer to the tenure of the land on which the dwelling is situated.
2018,Tenure of household,Dwelling not owned by usual resident(s),Median household net worth,Percentage change from previous survey,9.7,percentage,% change,,Refers to the nature of the occupancy of a household in a private dwelling. It does not refer to the tenure of the land on which the dwelling is situated.
2018,Tenure of household,Dwelling not owned by usual resident(s),Median household net worth,Sampling error for percentage change,19.2,percentage,% error,,Refers to the nature of the occupancy of a household in a private dwelling. It does not refer to the tenure of the land on which the dwelling is situated.
2018,Tenure of household,Dwelling not owned by usual resident(s),Mean household net worth,Amount,125,nzd,NZD thousands,,Refers to the nature of the occupancy of a household in a private dwelling. It does not refer to the tenure of the land on which the dwelling is situated.
2018,Tenure of household,Dwelling not owned by usual resident(s),Mean household net worth,Relative sampling error,20.9,percentage,% error,,Refers to the nature of the occupancy of a household in a private dwelling. It does not refer to the tenure of the land on which the dwelling is situated.
2018,Tenure of household,Dwelling not owned by usual resident(s),Mean household net worth,Percentage change from previous survey,-6.3,percentage,% change,,Refers to the nature of the occupancy of a household in a private dwelling. It does not refer to the tenure of the land on which the dwelling is situated.
2018,Tenure of household,Dwelling not owned by usual resident(s),Mean household net worth,Sampling error for percentage change,27.4,percentage,% error,,Refers to the nature of the occupancy of a household in a private dwelling. It does not refer to the tenure of the land on which the dwelling is situated.
2018,Tenure of household,Dwelling not owned by usual resident(s),Total household net worth,Amount,74031533,nzd,NZD thousands,,Refers to the nature of the occupancy of a household in a private dwelling. It does not refer to the tenure of the land on which the dwelling is situated.
2018,Tenure of household,Dwelling not owned by usual resident(s),Total household net worth,Relative sampling error,21.3,percentage,% error,,Refers to the nature of the occupancy of a household in a private dwelling. It does not refer to the tenure of the land on which the dwelling is situated.
2018,Tenure of household,Dwelling not owned by usual resident(s),Total household net worth,Percentage change from previous survey,-5.9,percentage,% change,,Refers to the nature of the occupancy of a household in a private dwelling. It does not refer to the tenure of the land on which the dwelling is situated.
2018,Tenure of household,Dwelling not owned by usual resident(s),Total household net worth,Sampling error for percentage change,27.6,percentage,% error,,Refers to the nature of the occupancy of a household in a private dwelling. It does not refer to the tenure of the land on which the dwelling is situated.
2018,Tenure of household,Dwelling not owned by usual resident(s),Households,Count,593,number,Number of households,,Refers to the nature of the occupancy of a household in a private dwelling. It does not refer to the tenure of the land on which the dwelling is situated.
2018,Tenure of household,Dwelling not owned by usual resident(s),Households,Relative sampling error,4.9,percentage,% error,,Refers to the nature of the occupancy of a household in a private dwelling. It does not refer to the tenure of the land on which the dwelling is situated.
2018,Tenure of household,Dwelling not owned by usual resident(s),Households,Percentage change from previous survey,0.8,percentage,% change,,Refers to the nature of the occupancy of a household in a private dwelling. It does not refer to the tenure of the land on which the dwelling is situated.
2018,Tenure of household,Dwelling not owned by usual resident(s),Households,Sampling error for percentage change,5.8,percentage,% error,,Refers to the nature of the occupancy of a household in a private dwelling. It does not refer to the tenure of the land on which the dwelling is situated.
2018,Tenure of household,Dwelling held in a family trust by usual resident(s),Median household net worth,Amount,968,nzd,NZD thousands,,Refers to the nature of the occupancy of a household in a private dwelling. It does not refer to the tenure of the land on which the dwelling is situated.
2018,Tenure of household,Dwelling held in a family trust by usual resident(s),Median household net worth,Relative sampling error,23.4,percentage,% error,,Refers to the nature of the occupancy of a household in a private dwelling. It does not refer to the tenure of the land on which the dwelling is situated.
2018,Tenure of household,Dwelling held in a family trust by usual resident(s),Median household net worth,Percentage change from previous survey,47.4,percentage,% change,,Refers to the nature of the occupancy of a household in a private dwelling. It does not refer to the tenure of the land on which the dwelling is situated.
2018,Tenure of household,Dwelling held in a family trust by usual resident(s),Median household net worth,Sampling error for percentage change,39.8,percentage,% error,,Refers to the nature of the occupancy of a household in a private dwelling. It does not refer to the tenure of the land on which the dwelling is situated.
2018,Tenure of household,Dwelling held in a family trust by usual resident(s),Mean household net worth,Amount,1988,nzd,NZD thousands,,Refers to the nature of the occupancy of a household in a private dwelling. It does not refer to the tenure of the land on which the dwelling is situated.
2018,Tenure of household,Dwelling held in a family trust by usual resident(s),Mean household net worth,Relative sampling error,17.4,percentage,% error,,Refers to the nature of the occupancy of a household in a private dwelling. It does not refer to the tenure of the land on which the dwelling is situated.
2018,Tenure of household,Dwelling held in a family trust by usual resident(s),Mean household net worth,Percentage change from previous survey,38.7,percentage,% change,,Refers to the nature of the occupancy of a household in a private dwelling. It does not refer to the tenure of the land on which the dwelling is situated.
2018,Tenure of household,Dwelling held in a family trust by usual resident(s),Mean household net worth,Sampling error for percentage change,33.4,percentage,% error,,Refers to the nature of the occupancy of a household in a private dwelling. It does not refer to the tenure of the land on which the dwelling is situated.
2018,Tenure of household,Dwelling held in a family trust by usual resident(s),Total household net worth,Amount,530501098,nzd,NZD thousands,,Refers to the nature of the occupancy of a household in a private dwelling. It does not refer to the tenure of the land on which the dwelling is situated.
2018,Tenure of household,Dwelling held in a family trust by usual resident(s),Total household net worth,Relative sampling error,21,percentage,% error,,Refers to the nature of the occupancy of a household in a private dwelling. It does not refer to the tenure of the land on which the dwelling is situated.
2018,Tenure of household,Dwelling held in a family trust by usual resident(s),Total household net worth,Percentage change from previous survey,50.5,percentage,% change,,Refers to the nature of the occupancy of a household in a private dwelling. It does not refer to the tenure of the land on which the dwelling is situated.
2018,Tenure of household,Dwelling held in a family trust by usual resident(s),Total household net worth,Sampling error for percentage change,44,percentage,% error,,Refers to the nature of the occupancy of a household in a private dwelling. It does not refer to the tenure of the land on which the dwelling is situated.
2018,Tenure of household,Dwelling held in a family trust by usual resident(s),Households,Count,267,number,Number of households,,Refers to the nature of the occupancy of a household in a private dwelling. It does not refer to the tenure of the land on which the dwelling is situated.
2018,Tenure of household,Dwelling held in a family trust by usual resident(s),Households,Relative sampling error,9.9,percentage,% error,,Refers to the nature of the occupancy of a household in a private dwelling. It does not refer to the tenure of the land on which the dwelling is situated.
2018,Tenure of household,Dwelling held in a family trust by usual resident(s),Households,Percentage change from previous survey,8.5,percentage,% change,,Refers to the nature of the occupancy of a household in a private dwelling. It does not refer to the tenure of the land on which the dwelling is situated.
2018,Tenure of household,Dwelling held in a family trust by usual resident(s),Households,Sampling error for percentage change,15.3,percentage,% error,,Refers to the nature of the occupancy of a household in a private dwelling. It does not refer to the tenure of the land on which the dwelling is situated.
2018,Region,Auckland,Median household net worth,Amount,398,nzd,NZD thousands,
2018,Region,Auckland,Median household net worth,Relative sampling error,20.8,percentage,% error,
2018,Region,Auckland,Median household net worth,Percentage change from previous survey,22.1,percentage,% change,
2018,Region,Auckland,Median household net worth,Sampling error for percentage change,28.8,percentage,% error,
2018,Region,Auckland,Mean household net worth,Amount,837,nzd,NZD thousands,
2018,Region,Auckland,Mean household net worth,Relative sampling error,14.7,percentage,% error,
2018,Region,Auckland,Mean household net worth,Percentage change from previous survey,30.2,percentage,% change,
2018,Region,Auckland,Mean household net worth,Sampling error for percentage change,22.9,percentage,% error,
2018,Region,Auckland,Total household net worth,Amount,449577165,nzd,NZD thousands,
2018,Region,Auckland,Total household net worth,Relative sampling error,14.7,percentage,% error,
2018,Region,Auckland,Total household net worth,Percentage change from previous survey,37.5,percentage,% change,
2018,Region,Auckland,Total household net worth,Sampling error for percentage change,24.2,percentage,% error,
2018,Region,Auckland,Households,Count,537,number,Number of households,
2018,Region,Auckland,Households,Relative sampling error,0.2,percentage,% error,
2018,Region,Auckland,Households,Percentage change from previous survey,6,percentage,% change,
2018,Region,Auckland,Households,Sampling error for percentage change,0.6,percentage,% error,
2018,Region,Wellington,Median household net worth,Amount,359,nzd,NZD thousands,
2018,Region,Wellington,Median household net worth,Relative sampling error,13.3,percentage,% error,
2018,Region,Wellington,Median household net worth,Percentage change from previous survey,37.8,percentage,% change,
2018,Region,Wellington,Mean household net worth,Relative sampling error,16.4,percentage,% error,
2018,Region,Wellington,Mean household net worth,Percentage change from previous survey,39.5,percentage,% change,
2018,Region,Wellington,Mean household net worth,Sampling error for percentage change,36.1,percentage,% error,
2018,Region,Wellington,Total household net worth,Amount,144645476,nzd,NZD thousands,
2018,Region,Wellington,Total household net worth,Relative sampling error,16.4,percentage,% error,
2018,Region,Wellington,Total household net worth,Percentage change from previous survey,44.3,percentage,% change,
2018,Region,Wellington,Total household net worth,Sampling error for percentage change,37.3,percentage,% error,
2018,Region,Wellington,Households,Count,194,number,Number of households,
2018,Region,Wellington,Households,Relative sampling error,0.2,percentage,% error,
2018,Region,Wellington,Households,Percentage change from previous survey,3.3,percentage,% change,
2018,Region,Wellington,Households,Sampling error for percentage change,0.2,percentage,% error,
2018,Region,Rest of the North Island,Median household net worth,Amount,276,nzd,NZD thousands,
2018,Region,Rest of the North Island,Median household net worth,Relative sampling error,11.2,percentage,% error,
2018,Region,Rest of the North Island,Median household net worth,Percentage change from previous survey,19,percentage,% change,
2018,Region,Rest of the North Island,Median household net worth,Sampling error for percentage change,18.5,percentage,% error,
2018,Region,Rest of the North Island,Mean household net worth,Amount,713,nzd,NZD thousands,
2018,Region,Rest of the North Island,Mean household net worth,Relative sampling error,17.2,percentage,% error,
2018,Region,Rest of the North Island,Mean household net worth,Percentage change from previous survey,22.6,percentage,% change,
2018,Region,Rest of the North Island,Mean household net worth,Sampling error for percentage change,27.6,percentage,% error,
2018,Region,Rest of the North Island,Total household net worth,Amount,420510601,nzd,NZD thousands,
2018,Region,Rest of the North Island,Total household net worth,Relative sampling error,17.2,percentage,% error,
2018,Region,Rest of the North Island,Total household net worth,Percentage change from previous survey,28.8,percentage,% change,
2018,Region,Rest of the North Island,Total household net worth,Sampling error for percentage change,29,percentage,% error,
2018,Region,Rest of the North Island,Households,Count,589,number,Number of households,
2018,Region,Rest of the North Island,Households,Relative sampling error,0.1,percentage,% error,
2018,Region,Rest of the North Island,Households,Percentage change from previous survey,5.1,percentage,% change,
2018,Region,Rest of the North Island,Households,Sampling error for percentage change,0.2,percentage,% error,
2018,Region,Canterbury,Median household net worth,Amount,364,nzd,NZD thousands,
2018,Region,Canterbury,Median household net worth,Relative sampling error,20.6,percentage,% error,
2018,Region,Canterbury,Median household net worth,Percentage change from previous survey,4.6,percentage,% change,
2018,Region,Canterbury,Median household net worth,Sampling error for percentage change,24.2,percentage,% error,
2018,Region,Canterbury,Mean household net worth,Amount,705,nzd,NZD thousands,
2018,Region,Canterbury,Mean household net worth,Relative sampling error,16,percentage,% error,
2018,Region,Canterbury,Mean household net worth,Percentage change from previous survey,-2.3,percentage,% change,
2018,Region,Canterbury,Mean household net worth,Sampling error for percentage change,32,percentage,% error,
2018,Region,Canterbury,Total household net worth,Amount,167216931,nzd,NZD thousands,
2018,Region,Canterbury,Total household net worth,Relative sampling error,16,percentage,% error,
2018,Region,Canterbury,Total household net worth,Percentage change from previous survey,3.7,percentage,% change,
2018,Region,Canterbury,Total household net worth,Sampling error for percentage change,33.9,percentage,% error,
2018,Region,Canterbury,Households,Count,237,number,Number of households,
2018,Region,Canterbury,Households,Relative sampling error,0,percentage,% error,
2018,Region,Canterbury,Households,Percentage change from previous survey,6.1,percentage,% change,
2018,Region,Canterbury,Households,Sampling error for percentage change,0.1,percentage,% error,
2018,Region,Rest of the South Island,Median household net worth,Amount,332,nzd,NZD thousands,
2018,Region,Rest of the South Island,Median household net worth,Relative sampling error,16,percentage,% error,
2018,Region,Rest of the South Island,Median household net worth,Percentage change from previous survey,0.3,percentage,% change,
2018,Region,Rest of the South Island,Median household net worth,Sampling error for percentage change,19.5,percentage,% error,
2018,Region,Rest of the South Island,Mean household net worth,Amount,856,nzd,NZD thousands,
2018,Region,Rest of the South Island,Mean household net worth,Relative sampling error,30.8,percentage,% error,
2018,Region,Rest of the South Island,Mean household net worth,Percentage change from previous survey,33.7,percentage,% change,
2018,Region,Rest of the South Island,Mean household net worth,Sampling error for percentage change,42.6,percentage,% error,
2018,Region,Rest of the South Island,Total household net worth,Amount,176584788,nzd,NZD thousands,
2018,Region,Rest of the South Island,Total household net worth,Relative sampling error,30.8,percentage,% error,
2018,Region,Rest of the South Island,Total household net worth,Percentage change from previous survey,39.1,percentage,% change,
2018,Region,Rest of the South Island,Total household net worth,Sampling error for percentage change,44.3,percentage,% error,
2018,Region,Rest of the South Island,Households,Count,206,number,Number of households,
2018,Region,Rest of the South Island,Households,Relative sampling error,0,percentage,% error,
2018,Region,Rest of the South Island,Households,Percentage change from previous survey,4,percentage,% change,
2018,Region,Rest of the South Island,Households,Sampling error for percentage change,0,percentage,% error,
2018,Total,Total,Median household net worth,Amount,328,nzd,NZD thousands,,Total includes the 'not specified' category for household composition and for tenure of household. It also includes a small number of households with no assets or liabilities.
2018,Total,Total,Median household net worth,Relative sampling error,7.7,percentage,% error,,Total includes the 'not specified' category for household composition and for tenure of household. It also includes a small number of households with no assets or liabilities.
2018,Total,Total,Median household net worth,Percentage change from previous survey,14.6,percentage,% change,,Total includes the 'not specified' category for household composition and for tenure of household. It also includes a small number of households with no assets or liabilities.
2018,Total,Total,Median household net worth,Sampling error for percentage change,10.8,percentage,% error,,Total includes the 'not specified' category for household composition and for tenure of household. It also includes a small number of households with no assets or liabilities.
2018,Total,Total,Mean household net worth,Amount,770,nzd,NZD thousands,,Total includes the 'not specified' category for household composition and for tenure of household. It also includes a small number of households with no assets or liabilities.
2018,Total,Total,Mean household net worth,Relative sampling error,8.3,percentage,% error,,Total includes the 'not specified' category for household composition and for tenure of household. It also includes a small number of households with no assets or liabilities.
2018,Total,Total,Mean household net worth,Percentage change from previous survey,24.1,percentage,% change,,Total includes the 'not specified' category for household composition and for tenure of household. It also includes a small number of households with no assets or liabilities.
2018,Total,Total,Mean household net worth,Sampling error for percentage change,12.9,percentage,% error,,Total includes the 'not specified' category for household composition and for tenure of household. It also includes a small number of households with no assets or liabilities.
2018,Total,Total,Total household net worth,Amount,1358534960,nzd,NZD thousands,,Total includes the 'not specified' category for household composition and for tenure of household. It also includes a small number of households with no assets or liabilities.
2018,Total,Total,Total household net worth,Relative sampling error,8.3,percentage,% error,,Total includes the 'not specified' category for household composition and for tenure of household. It also includes a small number of households with no assets or liabilities.
2018,Total,Total,Total household net worth,Percentage change from previous survey,30.4,percentage,% change,,Total includes the 'not specified' category for household composition and for tenure of household. It also includes a small number of households with no assets or liabilities.
2018,Total,Total,Total household net worth,Sampling error for percentage change,13.5,percentage,% error,,Total includes the 'not specified' category for household composition and for tenure of household. It also includes a small number of households with no assets or liabilities.
2018,Total,Total,Households,Count,1763,number,Number of households,,Total includes the 'not specified' category for household composition and for tenure of household. It also includes a small number of households with no assets or liabilities.
2018,Total,Total,Households,Relative sampling error,0.1,percentage,% error,,Total includes the 'not specified' category for household composition and for tenure of household. It also includes a small number of households with no assets or liabilities.
2018,Total,Total,Households,Percentage change from previous survey,5.2,percentage,% change,,Total includes the 'not specified' category for household composition and for tenure of household. It also includes a small number of households with no assets or liabilities.
2018,Total,Total,Households,Sampling error for percentage change,0.2,percentage,% error,,Total includes the 'not specified' category for household composition and for tenure of household. It also includes a small number of households with no assets or liabilities.
2015,Household size,One–person household,Median household net worth,Amount,234,nzd,NZD thousands,,The number of people in a household is defined as those who usually reside in that household. Two-or-more-person households may or may not include a family nucleus.
2015,Household size,One–person household,Median household net worth,Relative sampling error,11,percentage,% error,,The number of people in a household is defined as those who usually reside in that household. Two-or-more-person households may or may not include a family nucleus.
2015,Household size,One–person household,Median household net worth,Percentage change from previous survey,,percentage,% change,not applicable,The number of people in a household is defined as those who usually reside in that household. Two-or-more-person households may or may not include a family nucleus.
2015,Household size,One–person household,Median household net worth,Sampling error for percentage change,,percentage,% error,not applicable,The number of people in a household is defined as those who usually reside in that household. Two-or-more-person households may or may not include a family nucleus.
2015,Household size,One–person household,Mean household net worth,Amount,415,nzd,NZD thousands,,The number of people in a household is defined as those who usually reside in that household. Two-or-more-person households may or may not include a family nucleus.
2015,Household size,One–person household,Mean household net worth,Relative sampling error,12.2,percentage,% error,,The number of people in a household is defined as those who usually reside in that household. Two-or-more-person households may or may not include a family nucleus.
2015,Household size,One–person household,Mean household net worth,Percentage change from previous survey,,percentage,% change,not applicable,The number of people in a household is defined as those who usually reside in that household. Two-or-more-person households may or may not include a family nucleus.
2015,Household size,One–person household,Mean household net worth,Sampling error for percentage change,,percentage,% error,not applicable,The number of people in a household is defined as those who usually reside in that household. Two-or-more-person households may or may not include a family nucleus.
2015,Household size,One–person household,Total household net worth,Amount,162100263,nzd,NZD thousands,,The number of people in a household is defined as those who usually reside in that household. Two-or-more-person households may or may not include a family nucleus.
2015,Household size,One–person household,Total household net worth,Relative sampling error,13.3,percentage,% error,,The number of people in a household is defined as those who usually reside in that household. Two-or-more-person households may or may not include a family nucleus.
2015,Household size,One–person household,Total household net worth,Percentage change from previous survey,,percentage,% change,not applicable,The number of people in a household is defined as those who usually reside in that household. Two-or-more-person households may or may not include a family nucleus.
2015,Household size,One–person household,Total household net worth,Sampling error for percentage change,,percentage,% error,not applicable,The number of people in a household is defined as those who usually reside in that household. Two-or-more-person households may or may not include a family nucleus.
2015,Household size,One–person household,Households,Count,389,number,Number of households,,The number of people in a household is defined as those who usually reside in that household. Two-or-more-person households may or may not include a family nucleus.
2015,Household size,One–person household,Households,Relative sampling error,3.1,percentage,% error,,The number of people in a household is defined as those who usually reside in that household. Two-or-more-person households may or may not include a family nucleus.
2015,Household size,One–person household,Households,Percentage change from previous survey,,percentage,% change,not applicable,The number of people in a household is defined as those who usually reside in that household. Two-or-more-person households may or may not include a family nucleus.
2015,Household size,One–person household,Households,Sampling error for percentage change,,percentage,% error,not applicable,The number of people in a household is defined as those who usually reside in that household. Two-or-more-person households may or may not include a family nucleus.
2015,Household size,Two–person household,Median household net worth,Amount,404,nzd,NZD thousands,,The number of people in a household is defined as those who usually reside in that household. Two-or-more-person households may or may not include a family nucleus.
2015,Household size,Two–person household,Median household net worth,Relative sampling error,8.2,percentage,% error,,The number of people in a household is defined as those who usually reside in that household. Two-or-more-person households may or may not include a family nucleus.
2015,Household size,Two–person household,Median household net worth,Percentage change from previous survey,,percentage,% change,not applicable,The number of people in a household is defined as those who usually reside in that household. Two-or-more-person households may or may not include a family nucleus.
2015,Household size,Two–person household,Median household net worth,Sampling error for percentage change,,percentage,% error,not applicable,The number of people in a household is defined as those who usually reside in that household. Two-or-more-person households may or may not include a family nucleus.
2015,Household size,Two–person household,Mean household net worth,Amount,869,nzd,NZD thousands,,The number of people in a household is defined as those who usually reside in that household. Two-or-more-person households may or may not include a family nucleus.
2015,Household size,Two–person household,Mean household net worth,Relative sampling error,11.7,percentage,% error,,The number of people in a household is defined as those who usually reside in that household. Two-or-more-person households may or may not include a family nucleus.
2015,Household size,Two–person household,Mean household net worth,Percentage change from previous survey,,percentage,% change,not applicable,The number of people in a household is defined as those who usually reside in that household. Two-or-more-person households may or may not include a family nucleus.
2015,Household size,Two–person household,Mean household net worth,Sampling error for percentage change,,percentage,% error,not applicable,The number of people in a household is defined as those who usually reside in that household. Two-or-more-person households may or may not include a family nucleus.
2015,Household size,Two–person household,Total household net worth,Amount,475779314,nzd,NZD thousands,,The number of people in a household is defined as those who usually reside in that household. Two-or-more-person households may or may not include a family nucleus.
2015,Household size,Two–person household,Total household net worth,Relative sampling error,11.5,percentage,% error,,The number of people in a household is defined as those who usually reside in that household. Two-or-more-person households may or may not include a family nucleus.
2015,Household size,Two–person household,Total household net worth,Percentage change from previous survey,,percentage,% change,not applicable,The number of people in a household is defined as those who usually reside in that household. Two-or-more-person households may or may not include a family nucleus.
2015,Household size,Two–person household,Total household net worth,Sampling error for percentage change,,percentage,% error,not applicable,The number of people in a household is defined as those who usually reside in that household. Two-or-more-person households may or may not include a family nucleus.
2015,Household size,Two–person household,Households,Count,546,number,Number of households,,The number of people in a household is defined as those who usually reside in that household. Two-or-more-person households may or may not include a family nucleus.
2015,Household size,Two–person household,Households,Relative sampling error,2.8,percentage,% error,,The number of people in a household is defined as those who usually reside in that household. Two-or-more-person households may or may not include a family nucleus.
2015,Household size,Two–person household,Households,Percentage change from previous survey,,percentage,% change,not applicable,The number of people in a household is defined as those who usually reside in that household. Two-or-more-person households may or may not include a family nucleus.
2015,Household size,Two–person household,Households,Sampling error for percentage change,,percentage,% error,not applicable,The number of people in a household is defined as those who usually reside in that household. Two-or-more-person households may or may not include a family nucleus.
2015,Household size,Three–person household,Median household net worth,Amount,238,nzd,NZD thousands,,The number of people in a household is defined as those who usually reside in that household. Two-or-more-person households may or may not include a family nucleus.
2015,Household size,Three–person household,Median household net worth,Relative sampling error,16.3,percentage,% error,,The number of people in a household is defined as those who usually reside in that household. Two-or-more-person households may or may not include a family nucleus.
2015,Household size,Three–person household,Median household net worth,Percentage change from previous survey,,percentage,% change,not applicable,The number of people in a household is defined as those who usually reside in that household. Two-or-more-person households may or may not include a family nucleus.
2015,Household size,Three–person household,Median household net worth,Sampling error for percentage change,,percentage,% error,not applicable,The number of people in a household is defined as those who usually reside in that household. Two-or-more-person households may or may not include a family nucleus.
2015,Household size,Three–person household,Mean household net worth,Amount,592,nzd,NZD thousands,,The number of people in a household is defined as those who usually reside in that household. Two-or-more-person households may or may not include a family nucleus.
2015,Household size,Three–person household,Mean household net worth,Relative sampling error,22.4,percentage,% error,,The number of people in a household is defined as those who usually reside in that household. Two-or-more-person households may or may not include a family nucleus.
2015,Household size,Three–person household,Mean household net worth,Percentage change from previous survey,,percentage,% change,not applicable,The number of people in a household is defined as those who usually reside in that household. Two-or-more-person households may or may not include a family nucleus.
2015,Household size,Three–person household,Mean household net worth,Sampling error for percentage change,,percentage,% error,not applicable,The number of people in a household is defined as those who usually reside in that household. Two-or-more-person households may or may not include a family nucleus.
2015,Household size,Three–person household,Total household net worth,Amount,167054999,nzd,NZD thousands,,The number of people in a household is defined as those who usually reside in that household. Two-or-more-person households may or may not include a family nucleus.
2015,Household size,Three–person household,Total household net worth,Relative sampling error,26,percentage,% error,,The number of people in a household is defined as those who usually reside in that household. Two-or-more-person households may or may not include a family nucleus.
2015,Household size,Three–person household,Total household net worth,Percentage change from previous survey,,percentage,% change,not applicable,The number of people in a household is defined as those who usually reside in that household. Two-or-more-person households may or may not include a family nucleus.
2015,Household size,Three–person household,Total household net worth,Sampling error for percentage change,,percentage,% error,not applicable,The number of people in a household is defined as those who usually reside in that household. Two-or-more-person households may or may not include a family nucleus.
2015,Household size,Three–person household,Households,Count,282,number,Number of households,,The number of people in a household is defined as those who usually reside in that household. Two-or-more-person households may or may not include a family nucleus.
2015,Household size,Three–person household,Households,Relative sampling error,7.8,percentage,% error,,The number of people in a household is defined as those who usually reside in that household. Two-or-more-person households may or may not include a family nucleus.
2015,Household size,Three–person household,Households,Percentage change from previous survey,,percentage,% change,not applicable,The number of people in a household is defined as those who usually reside in that household. Two-or-more-person households may or may not include a family nucleus.
2015,Household size,Three–person household,Households,Sampling error for percentage change,,percentage,% error,not applicable,The number of people in a household is defined as those who usually reside in that household. Two-or-more-person households may or may not include a family nucleus.
2015,Household size,Four–person household,Median household net worth,Amount,270,nzd,NZD thousands,,The number of people in a household is defined as those who usually reside in that household. Two-or-more-person households may or may not include a family nucleus.
2015,Household size,Four–person household,Median household net worth,Relative sampling error,14.1,percentage,% error,,The number of people in a household is defined as those who usually reside in that household. Two-or-more-person households may or may not include a family nucleus.
2015,Household size,Four–person household,Median household net worth,Percentage change from previous survey,,percentage,% change,not applicable,The number of people in a household is defined as those who usually reside in that household. Two-or-more-person households may or may not include a family nucleus.
2015,Household size,Four–person household,Median household net worth,Sampling error for percentage change,,percentage,% error,not applicable,The number of people in a household is defined as those who usually reside in that household. Two-or-more-person households may or may not include a family nucleus.
2015,Household size,Four–person household,Mean household net worth,Amount,555,nzd,NZD thousands,,The number of people in a household is defined as those who usually reside in that household. Two-or-more-person households may or may not include a family nucleus.
2015,Household size,Four–person household,Mean household net worth,Relative sampling error,21.4,percentage,% error,,The number of people in a household is defined as those who usually reside in that household. Two-or-more-person households may or may not include a family nucleus.
2015,Household size,Four–person household,Mean household net worth,Percentage change from previous survey,,percentage,% change,not applicable,The number of people in a household is defined as those who usually reside in that household. Two-or-more-person households may or may not include a family nucleus.
2015,Household size,Four–person household,Mean household net worth,Sampling error for percentage change,,percentage,% error,not applicable,The number of people in a household is defined as those who usually reside in that household. Two-or-more-person households may or may not include a family nucleus.
2015,Household size,Four–person household,Total household net worth,Amount,147892595,nzd,NZD thousands,,The number of people in a household is defined as those who usually reside in that household. Two-or-more-person households may or may not include a family nucleus.
2015,Household size,Four–person household,Total household net worth,Relative sampling error,21,percentage,% error,,The number of people in a household is defined as those who usually reside in that household. Two-or-more-person households may or may not include a family nucleus.
2015,Household size,Four–person household,Total household net worth,Percentage change from previous survey,,percentage,% change,not applicable,The number of people in a household is defined as those who usually reside in that household. Two-or-more-person households may or may not include a family nucleus.
2015,Household size,Four–person household,Total household net worth,Sampling error for percentage change,,percentage,% error,not applicable,The number of people in a household is defined as those who usually reside in that household. Two-or-more-person households may or may not include a family nucleus.
2015,Household size,Four–person household,Households,Count,267,number,Number of households,,The number of people in a household is defined as those who usually reside in that household. Two-or-more-person households may or may not include a family nucleus.
2015,Household size,Four–person household,Households,Relative sampling error,6.8,percentage,% error,,The number of people in a household is defined as those who usually reside in that household. Two-or-more-person households may or may not include a family nucleus.
2015,Household size,Four–person household,Households,Percentage change from previous survey,,percentage,% change,not applicable,The number of people in a household is defined as those who usually reside in that household. Two-or-more-person households may or may not include a family nucleus.
2015,Household size,Four–person household,Households,Sampling error for percentage change,,percentage,% error,not applicable,The number of people in a household is defined as those who usually reside in that household. Two-or-more-person households may or may not include a family nucleus.
2015,Household size,Five–or–more person household,Median household net worth,Amount,204,nzd,NZD thousands,,The number of people in a household is defined as those who usually reside in that household. Two-or-more-person households may or may not include a family nucleus.
2015,Household size,Five–or–more person household,Median household net worth,Relative sampling error,26,percentage,% error,,The number of people in a household is defined as those who usually reside in that household. Two-or-more-person households may or may not include a family nucleus.
2015,Household size,Five–or–more person household,Median household net worth,Percentage change from previous survey,,percentage,% change,not applicable,The number of people in a household is defined as those who usually reside in that household. Two-or-more-person households may or may not include a family nucleus.
2015,Household size,Five–or–more person household,Median household net worth,Sampling error for percentage change,,percentage,% error,not applicable,The number of people in a household is defined as those who usually reside in that household. Two-or-more-person households may or may not include a family nucleus.
2015,Household size,Five–or–more person household,Mean household net worth,Amount,462,nzd,NZD thousands,,The number of people in a household is defined as those who usually reside in that household. Two-or-more-person households may or may not include a family nucleus.
2015,Household size,Five–or–more person household,Mean household net worth,Relative sampling error,31.1,percentage,% error,,The number of people in a household is defined as those who usually reside in that household. Two-or-more-person households may or may not include a family nucleus.
2015,Household size,Five–or–more person household,Mean household net worth,Percentage change from previous survey,,percentage,% change,not applicable,The number of people in a household is defined as those who usually reside in that household. Two-or-more-person households may or may not include a family nucleus.
2015,Household size,Five–or–more person household,Mean household net worth,Sampling error for percentage change,,percentage,% error,not applicable,The number of people in a household is defined as those who usually reside in that household. Two-or-more-person households may or may not include a family nucleus.
2015,Household size,Five–or–more person household,Total household net worth,Amount,89182282,nzd,NZD thousands,,The number of people in a household is defined as those who usually reside in that household. Two-or-more-person households may or may not include a family nucleus.
2015,Region,Wellington,Mean household net worth,Relative sampling error,19.3,percentage,% error,
2015,Household size,Five–or–more person household,Total household net worth,Relative sampling error,32.2,percentage,% error,,The number of people in a household is defined as those who usually reside in that household. Two-or-more-person households may or may not include a family nucleus.
2015,Household size,Five–or–more person household,Total household net worth,Percentage change from previous survey,,percentage,% change,not applicable,The number of people in a household is defined as those who usually reside in that household. Two-or-more-person households may or may not include a family nucleus.
2015,Household size,Five–or–more person household,Total household net worth,Sampling error for percentage change,,percentage,% error,not applicable,The number of people in a household is defined as those who usually reside in that household. Two-or-more-person households may or may not include a family nucleus.
2015,Household size,Five–or–more person household,Households,Count,193,number,Number of households,,The number of people in a household is defined as those who usually reside in that household. Two-or-more-person households may or may not include a family nucleus.
2015,Household size,Five–or–more person household,Households,Relative sampling error,7.3,percentage,% error,,The number of people in a household is defined as those who usually reside in that household. Two-or-more-person households may or may not include a family nucleus.
2015,Household size,Five–or–more person household,Households,Percentage change from previous survey,,percentage,% change,not applicable,The number of people in a household is defined as those who usually reside in that household. Two-or-more-person households may or may not include a family nucleus.
2015,Household size,Five–or–more person household,Households,Sampling error for percentage change,,percentage,% error,not applicable,The number of people in a household is defined as those who usually reside in that household. Two-or-more-person households may or may not include a family nucleus.
2015,Household composition,Couple only,Median household net worth,Amount,486,nzd,NZD thousands,
2015,Household composition,Couple only,Median household net worth,Relative sampling error,9.7,percentage,% error,
2015,Household composition,Couple only,Median household net worth,Percentage change from previous survey,,percentage,% change,not applicable
2015,Household composition,Couple only,Median household net worth,Sampling error for percentage change,,percentage,% error,not applicable
2015,Household composition,Couple only,Mean household net worth,Amount,985,nzd,NZD thousands,
2015,Household composition,Couple only,Mean household net worth,Relative sampling error,12.2,percentage,% error,
2015,Household composition,Couple only,Mean household net worth,Percentage change from previous survey,,percentage,% change,not applicable
2015,Household composition,Couple only,Mean household net worth,Sampling error for percentage change,,percentage,% error,not applicable
2015,Household composition,Couple only,Total household net worth,Amount,450248398,nzd,NZD thousands,
2015,Household composition,Couple only,Total household net worth,Relative sampling error,12.2,percentage,% error,
2015,Household composition,Couple only,Total household net worth,Percentage change from previous survey,,percentage,% change,not applicable
2015,Household composition,Couple only,Total household net worth,Sampling error for percentage change,,percentage,% error,not applicable
2015,Household composition,Couple only,Households,Count,456,number,Number of households,
2015,Household composition,Couple only,Households,Relative sampling error,3,percentage,% error,
2015,Household composition,Couple only,Households,Percentage change from previous survey,,percentage,% change,not applicable
2015,Household composition,Couple only,Households,Sampling error for percentage change,,percentage,% error,not applicable
2015,Household composition,Couple with one dependent child,Median household net worth,Amount,248,nzd,NZD thousands,
2015,Household composition,Couple with one dependent child,Median household net worth,Relative sampling error,16,percentage,% error,
2015,Household composition,Couple with one dependent child,Median household net worth,Percentage change from previous survey,,percentage,% change,not applicable
2015,Household composition,Couple with one dependent child,Median household net worth,Sampling error for percentage change,,percentage,% error,not applicable
2015,Household composition,Couple with one dependent child,Mean household net worth,Amount,590,nzd,NZD thousands,
2015,Household composition,Couple with one dependent child,Mean household net worth,Relative sampling error,32.7,percentage,% error,
2015,Household composition,Couple with one dependent child,Mean household net worth,Percentage change from previous survey,,percentage,% change,not applicable
2015,Household composition,Couple with one dependent child,Mean household net worth,Sampling error for percentage change,,percentage,% error,not applicable
2015,Household composition,Couple with one dependent child,Total household net worth,Amount,67673300,nzd,NZD thousands,
2015,Household composition,Couple with one dependent child,Total household net worth,Relative sampling error,35.5,percentage,% error,
2015,Household composition,Couple with one dependent child,Total household net worth,Percentage change from previous survey,,percentage,% change,not applicable
2015,Household composition,Couple with one dependent child,Total household net worth,Sampling error for percentage change,,percentage,% error,not applicable
2015,Household composition,Couple with one dependent child,Households,Count,115,number,Number of households,
2015,Household composition,Couple with one dependent child,Households,Relative sampling error,11.3,percentage,% error,
2015,Household composition,Couple with one dependent child,Households,Percentage change from previous survey,,percentage,% change,not applicable
2015,Household composition,Couple with one dependent child,Households,Sampling error for percentage change,,percentage,% error,not applicable
2015,Household composition,Couple with two or more dependent children,Median household net worth,Amount,248,nzd,NZD thousands,
2015,Household composition,Couple with two or more dependent children,Median household net worth,Relative sampling error,13.4,percentage,% error,
2015,Household composition,Couple with two or more dependent children,Median household net worth,Percentage change from previous survey,,percentage,% change,not applicable
2015,Household composition,Couple with two or more dependent children,Median household net worth,Sampling error for percentage change,,percentage,% error,not applicable
2015,Household composition,Couple with two or more dependent children,Mean household net worth,Amount,604,nzd,NZD thousands,
2015,Household composition,Couple with two or more dependent children,Mean household net worth,Relative sampling error,29,percentage,% error,
2015,Household composition,Couple with two or more dependent children,Mean household net worth,Percentage change from previous survey,,percentage,% change,not applicable
2015,Region,Rest of the South Island,Households,Count,198,number,Number of households,
2015,Household composition,Couple with two or more dependent children,Mean household net worth,Sampling error for percentage change,,percentage,% error,not applicable
2015,Household composition,Couple with two or more dependent children,Total household net worth,Amount,131342200,nzd,NZD thousands,
2015,Household composition,Couple with two or more dependent children,Total household net worth,Relative sampling error,29.8,percentage,% error,
2015,Household composition,Couple with two or more dependent children,Total household net worth,Percentage change from previous survey,,percentage,% change,not applicable
2015,Household composition,Couple with two or more dependent children,Total household net worth,Sampling error for percentage change,,percentage,% error,not applicable
2015,Household composition,Couple with two or more dependent children,Households,Count,217,number,Number of households,
2015,Household composition,Couple with two or more dependent children,Households,Relative sampling error,6.8,percentage,% error,
2015,Household composition,Couple with two or more dependent children,Households,Percentage change from previous survey,,percentage,% change,not applicable
2015,Household composition,Couple with two or more dependent children,Households,Sampling error for percentage change,,percentage,% error,not applicable
2015,Household composition,All other 'couples with child(ren) only' households,Median household net worth,Amount,474,nzd,NZD thousands,,"Includes couple with adult children only, as well as couple with adult and dependent children."
2015,Household composition,All other 'couples with child(ren) only' households,Median household net worth,Relative sampling error,18.5,percentage,% error,,"Includes couple with adult children only, as well as couple with adult and dependent children."
2015,Household composition,All other 'couples with child(ren) only' households,Median household net worth,Percentage change from previous survey,,percentage,% change,not applicable,"Includes couple with adult children only, as well as couple with adult and dependent children."
2015,Household composition,All other 'couples with child(ren) only' households,Median household net worth,Sampling error for percentage change,,percentage,% error,not applicable,"Includes couple with adult children only, as well as couple with adult and dependent children."
2015,Household composition,All other 'couples with child(ren) only' households,Mean household net worth,Amount,809,nzd,NZD thousands,,"Includes couple with adult children only, as well as couple with adult and dependent children."
2015,Household composition,All other 'couples with child(ren) only' households,Mean household net worth,Relative sampling error,22.1,percentage,% error,,"Includes couple with adult children only, as well as couple with adult and dependent children."
2015,Household composition,All other 'couples with child(ren) only' households,Mean household net worth,Percentage change from previous survey,,percentage,% change,not applicable,"Includes couple with adult children only, as well as couple with adult and dependent children."
2015,Household composition,All other 'couples with child(ren) only' households,Mean household net worth,Sampling error for percentage change,,percentage,% error,not applicable,"Includes couple with adult children only, as well as couple with adult and dependent children."
2015,Household composition,All other 'couples with child(ren) only' households,Total household net worth,Amount,129579474,nzd,NZD thousands,,"Includes couple with adult children only, as well as couple with adult and dependent children."
2015,Household composition,All other 'couples with child(ren) only' households,Total household net worth,Relative sampling error,24.8,percentage,% error,,"Includes couple with adult children only, as well as couple with adult and dependent children."
2015,Household composition,All other 'couples with child(ren) only' households,Total household net worth,Percentage change from previous survey,,percentage,% change,not applicable,"Includes couple with adult children only, as well as couple with adult and dependent children."
2015,Household composition,All other 'couples with child(ren) only' households,Total household net worth,Sampling error for percentage change,,percentage,% error,not applicable,"Includes couple with adult children only, as well as couple with adult and dependent children."
2015,Household composition,All other 'couples with child(ren) only' households,Households,Count,160,number,Number of households,,"Includes couple with adult children only, as well as couple with adult and dependent children."
2015,Household composition,All other 'couples with child(ren) only' households,Households,Relative sampling error,9,percentage,% error,,"Includes couple with adult children only, as well as couple with adult and dependent children."
2015,Household composition,All other 'couples with child(ren) only' households,Households,Percentage change from previous survey,,percentage,% change,not applicable,"Includes couple with adult children only, as well as couple with adult and dependent children."
2015,Household composition,All other 'couples with child(ren) only' households,Households,Sampling error for percentage change,,percentage,% error,not applicable,"Includes couple with adult children only, as well as couple with adult and dependent children."
2015,Household composition,One parent with dependent child(ren) only,Median household net worth,Amount,26,nzd,NZD thousands,
2015,Household composition,One parent with dependent child(ren) only,Median household net worth,Relative sampling error,31.8,percentage,% error,
2015,Household composition,One parent with dependent child(ren) only,Median household net worth,Percentage change from previous survey,,percentage,% change,not applicable
2015,Household composition,One parent with dependent child(ren) only,Median household net worth,Sampling error for percentage change,,percentage,% error,not applicable
2015,Household composition,One parent with dependent child(ren) only,Mean household net worth,Amount,165,nzd,NZD thousands,
2015,Household composition,One parent with dependent child(ren) only,Mean household net worth,Relative sampling error,38.9,percentage,% error,
2015,Household composition,One parent with dependent child(ren) only,Mean household net worth,Percentage change from previous survey,,percentage,% change,not applicable
2015,Household composition,One parent with dependent child(ren) only,Mean household net worth,Sampling error for percentage change,,percentage,% error,not applicable
2015,Household composition,One parent with dependent child(ren) only,Total household net worth,Amount,12427733,nzd,NZD thousands,
2015,Household composition,One parent with dependent child(ren) only,Total household net worth,Relative sampling error,44.2,percentage,% error,
2015,Household composition,One parent with dependent child(ren) only,Total household net worth,Percentage change from previous survey,,percentage,% change,not applicable
2015,Household composition,One parent with dependent child(ren) only,Total household net worth,Sampling error for percentage change,,percentage,% error,not applicable
2015,Household composition,One parent with dependent child(ren) only,Households,Count,76,number,Number of households,
2015,Household composition,One parent with dependent child(ren) only,Households,Relative sampling error,13.3,percentage,% error,
2015,Household composition,One parent with dependent child(ren) only,Households,Percentage change from previous survey,,percentage,% change,not applicable
2015,Household composition,One parent with dependent child(ren) only,Households,Sampling error for percentage change,,percentage,% error,not applicable
2015,Household composition,All other 'one parent with child(ren) only' households,Median household net worth,Amount,189,nzd,NZD thousands,,"Includes one parent with adult children only, as well as one parent with dependent and adult children."
2015,Household composition,All other 'one parent with child(ren) only' households,Median household net worth,Relative sampling error,33.2,percentage,% error,,"Includes one parent with adult children only, as well as one parent with dependent and adult children."
2015,Household composition,All other 'one parent with child(ren) only' households,Median household net worth,Percentage change from previous survey,,percentage,% change,not applicable,"Includes one parent with adult children only, as well as one parent with dependent and adult children."
2015,Household composition,All other 'one parent with child(ren) only' households,Median household net worth,Sampling error for percentage change,,percentage,% error,not applicable,"Includes one parent with adult children only, as well as one parent with dependent and adult children."
2015,Household composition,All other 'one parent with child(ren) only' households,Mean household net worth,Amount,415,nzd,NZD thousands,,"Includes one parent with adult children only, as well as one parent with dependent and adult children."
2015,Household composition,All other 'one parent with child(ren) only' households,Mean household net worth,Relative sampling error,41.1,percentage,% error,,"Includes one parent with adult children only, as well as one parent with dependent and adult children."
2015,Household composition,All other 'one parent with child(ren) only' households,Mean household net worth,Percentage change from previous survey,,percentage,% change,not applicable,"Includes one parent with adult children only, as well as one parent with dependent and adult children."
2015,Household composition,All other 'one parent with child(ren) only' households,Mean household net worth,Sampling error for percentage change,,percentage,% error,not applicable,"Includes one parent with adult children only, as well as one parent with dependent and adult children."
2015,Household composition,All other 'one parent with child(ren) only' households,Total household net worth,Amount,20491802,nzd,NZD thousands,,"Includes one parent with adult children only, as well as one parent with dependent and adult children."
2015,Household composition,All other 'one parent with child(ren) only' households,Total household net worth,Relative sampling error,46.2,percentage,% error,,"Includes one parent with adult children only, as well as one parent with dependent and adult children."
2015,Household composition,All other 'one parent with child(ren) only' households,Total household net worth,Percentage change from previous survey,,percentage,% change,not applicable,"Includes one parent with adult children only, as well as one parent with dependent and adult children."
2015,Household composition,All other 'one parent with child(ren) only' households,Total household net worth,Sampling error for percentage change,,percentage,% error,not applicable,"Includes one parent with adult children only, as well as one parent with dependent and adult children."
2015,Household composition,All other 'one parent with child(ren) only' households,Households,Count,49,number,Number of households,,"Includes one parent with adult children only, as well as one parent with dependent and adult children."
2015,Household composition,All other 'one parent with child(ren) only' households,Households,Relative sampling error,18.9,percentage,% error,,"Includes one parent with adult children only, as well as one parent with dependent and adult children."
2015,Household composition,All other 'one parent with child(ren) only' households,Households,Percentage change from previous survey,,percentage,% change,not applicable,"Includes one parent with adult children only, as well as one parent with dependent and adult children."
2015,Household composition,All other 'one parent with child(ren) only' households,Households,Sampling error for percentage change,,percentage,% error,not applicable,"Includes one parent with adult children only, as well as one parent with dependent and adult children."
2015,Household composition,Other one-family households,Median household net worth,Amount,74,nzd,NZD thousands,,"Contains all one-family households where 'other people' are present, who may be related or unrelated to the family nucleus."
2015,Household composition,Other one-family households,Median household net worth,Relative sampling error,33.1,percentage,% error,,"Contains all one-family households where 'other people' are present, who may be related or unrelated to the family nucleus."
2015,Household composition,Other one-family households,Median household net worth,Percentage change from previous survey,,percentage,% change,not applicable,"Contains all one-family households where 'other people' are present, who may be related or unrelated to the family nucleus."
2015,Household composition,Other one-family households,Median household net worth,Sampling error for percentage change,,percentage,% error,not applicable,"Contains all one-family households where 'other people' are present, who may be related or unrelated to the family nucleus."
2015,Household composition,Other one-family households,Mean household net worth,Amount,226,nzd,NZD thousands,,"Contains all one-family households where 'other people' are present, who may be related or unrelated to the family nucleus."
2015,Household composition,Other one-family households,Mean household net worth,Relative sampling error,39,percentage,% error,,"Contains all one-family households where 'other people' are present, who may be related or unrelated to the family nucleus."
2015,Household composition,Other one-family households,Mean household net worth,Percentage change from previous survey,,percentage,% change,not applicable,"Contains all one-family households where 'other people' are present, who may be related or unrelated to the family nucleus."
2015,Household composition,Other one-family households,Mean household net worth,Sampling error for percentage change,,percentage,% error,not applicable,"Contains all one-family households where 'other people' are present, who may be related or unrelated to the family nucleus."
2015,Household composition,Other one-family households,Total household net worth,Amount,18564933,nzd,NZD thousands,,"Contains all one-family households where 'other people' are present, who may be related or unrelated to the family nucleus."
2015,Household composition,Other one-family households,Total household net worth,Relative sampling error,42.6,percentage,% error,,"Contains all one-family households where 'other people' are present, who may be related or unrelated to the family nucleus."
2015,Household composition,Other one-family households,Total household net worth,Percentage change from previous survey,,percentage,% change,not applicable,"Contains all one-family households where 'other people' are present, who may be related or unrelated to the family nucleus."
2015,Household composition,Other one-family households,Total household net worth,Sampling error for percentage change,,percentage,% error,not applicable,"Contains all one-family households where 'other people' are present, who may be related or unrelated to the family nucleus."
2015,Household composition,Other one-family households,Households,Count,82,number,Number of households,,"Contains all one-family households where 'other people' are present, who may be related or unrelated to the family nucleus."
2015,Household composition,Other one-family households,Households,Relative sampling error,14.7,percentage,% error,,"Contains all one-family households where 'other people' are present, who may be related or unrelated to the family nucleus."
2015,Household composition,Other one-family households,Households,Percentage change from previous survey,,percentage,% change,not applicable,"Contains all one-family households where 'other people' are present, who may be related or unrelated to the family nucleus."
2015,Household composition,Other one-family households,Households,Sampling error for percentage change,,percentage,% error,not applicable,"Contains all one-family households where 'other people' are present, who may be related or unrelated to the family nucleus."
2015,Household composition,One-person household,Median household net worth,Amount,234,nzd,NZD thousands,
2015,Household composition,One-person household,Median household net worth,Relative sampling error,11,percentage,% error,
2015,Household composition,One-person household,Median household net worth,Percentage change from previous survey,,percentage,% change,not applicable
2015,Household composition,One-person household,Median household net worth,Sampling error for percentage change,,percentage,% error,not applicable
2015,Household composition,One-person household,Mean household net worth,Amount,415,nzd,NZD thousands,
2015,Household composition,One-person household,Mean household net worth,Relative sampling error,12.2,percentage,% error,
2015,Household composition,One-person household,Mean household net worth,Percentage change from previous survey,,percentage,% change,not applicable
2015,Household composition,One-person household,Mean household net worth,Sampling error for percentage change,,percentage,% error,not applicable
2015,Household composition,One-person household,Total household net worth,Amount,162100263,nzd,NZD thousands,
2015,Household composition,One-person household,Total household net worth,Relative sampling error,13.3,percentage,% error,
2015,Household composition,One-person household,Total household net worth,Percentage change from previous survey,,percentage,% change,not applicable
2015,Household composition,One-person household,Total household net worth,Sampling error for percentage change,,percentage,% error,not applicable
2015,Household composition,One-person household,Households,Count,389,number,Number of households,
2015,Household composition,One-person household,Households,Relative sampling error,3.1,percentage,% error,
2015,Household composition,One-person household,Households,Percentage change from previous survey,,percentage,% change,not applicable
2015,Household composition,One-person household,Households,Sampling error for percentage change,,percentage,% error,not applicable
2015,Household composition,All other households,Median household net worth,Amount,205,nzd,NZD thousands,,"This category is an aggregation of two-family household, three-or-more-family households, or any other multi-person households."
2015,Household composition,All other households,Median household net worth,Relative sampling error,26,percentage,% error,,"This category is an aggregation of two-family household, three-or-more-family households, or any other multi-person households."
2015,Household composition,All other households,Median household net worth,Percentage change from previous survey,,percentage,% change,not applicable,"This category is an aggregation of two-family household, three-or-more-family households, or any other multi-person households."
2015,Household composition,All other households,Median household net worth,Sampling error for percentage change,,percentage,% error,not applicable,"This category is an aggregation of two-family household, three-or-more-family households, or any other multi-person households."
2015,Household composition,All other households,Mean household net worth,Amount,373,nzd,NZD thousands,,"This category is an aggregation of two-family household, three-or-more-family households, or any other multi-person households."
2015,Household composition,All other households,Mean household net worth,Relative sampling error,23.4,percentage,% error,,"This category is an aggregation of two-family household, three-or-more-family households, or any other multi-person households."
2015,Household composition,All other households,Mean household net worth,Percentage change from previous survey,,percentage,% change,not applicable,"This category is an aggregation of two-family household, three-or-more-family households, or any other multi-person households."
2015,Household composition,All other households,Mean household net worth,Sampling error for percentage change,,percentage,% error,not applicable,"This category is an aggregation of two-family household, three-or-more-family households, or any other multi-person households."
2015,Household composition,All other households,Total household net worth,Amount,49581351,nzd,NZD thousands,,"This category is an aggregation of two-family household, three-or-more-family households, or any other multi-person households."
2015,Household composition,All other households,Total household net worth,Relative sampling error,24.7,percentage,% error,,"This category is an aggregation of two-family household, three-or-more-family households, or any other multi-person households."
2015,Household composition,All other households,Total household net worth,Percentage change from previous survey,,percentage,% change,not applicable,"This category is an aggregation of two-family household, three-or-more-family households, or any other multi-person households."
2015,Household composition,All other households,Total household net worth,Sampling error for percentage change,,percentage,% error,not applicable,"This category is an aggregation of two-family household, three-or-more-family households, or any other multi-person households."
2015,Household composition,All other households,Households,Count,133,number,Number of households,,"This category is an aggregation of two-family household, three-or-more-family households, or any other multi-person households."
2015,Household composition,All other households,Households,Relative sampling error,10.4,percentage,% error,,"This category is an aggregation of two-family household, three-or-more-family households, or any other multi-person households."
2015,Household composition,All other households,Households,Percentage change from previous survey,,percentage,% change,not applicable,"This category is an aggregation of two-family household, three-or-more-family households, or any other multi-person households."
2015,Household composition,All other households,Households,Sampling error for percentage change,,percentage,% error,not applicable,"This category is an aggregation of two-family household, three-or-more-family households, or any other multi-person households."
2015,Tenure of household,Dwelling owned or partly owned by usual resident(s),Median household net worth,Amount,445,nzd,NZD thousands,,Refers to the nature of the occupancy of a household in a private dwelling. It does not refer to the tenure of the land on which the dwelling is situated.
2015,Tenure of household,Dwelling owned or partly owned by usual resident(s),Median household net worth,Relative sampling error,4.3,percentage,% error,,Refers to the nature of the occupancy of a household in a private dwelling. It does not refer to the tenure of the land on which the dwelling is situated.
2015,Tenure of household,Dwelling owned or partly owned by usual resident(s),Median household net worth,Percentage change from previous survey,,percentage,% change,not applicable,Refers to the nature of the occupancy of a household in a private dwelling. It does not refer to the tenure of the land on which the dwelling is situated.
2015,Tenure of household,Dwelling owned or partly owned by usual resident(s),Median household net worth,Sampling error for percentage change,,percentage,% error,not applicable,Refers to the nature of the occupancy of a household in a private dwelling. It does not refer to the tenure of the land on which the dwelling is situated.
2015,Tenure of household,Dwelling owned or partly owned by usual resident(s),Mean household net worth,Amount,725,nzd,NZD thousands,,Refers to the nature of the occupancy of a household in a private dwelling. It does not refer to the tenure of the land on which the dwelling is situated.
2015,Tenure of household,Dwelling owned or partly owned by usual resident(s),Mean household net worth,Relative sampling error,7.4,percentage,% error,,Refers to the nature of the occupancy of a household in a private dwelling. It does not refer to the tenure of the land on which the dwelling is situated.
2015,Tenure of household,Dwelling owned or partly owned by usual resident(s),Mean household net worth,Percentage change from previous survey,,percentage,% change,not applicable,Refers to the nature of the occupancy of a household in a private dwelling. It does not refer to the tenure of the land on which the dwelling is situated.
2015,Tenure of household,Dwelling owned or partly owned by usual resident(s),Mean household net worth,Sampling error for percentage change,,percentage,% error,not applicable,Refers to the nature of the occupancy of a household in a private dwelling. It does not refer to the tenure of the land on which the dwelling is situated.
2015,Tenure of household,Dwelling owned or partly owned by usual resident(s),Total household net worth,Amount,610788942,nzd,NZD thousands,,Refers to the nature of the occupancy of a household in a private dwelling. It does not refer to the tenure of the land on which the dwelling is situated.
2015,Tenure of household,Dwelling owned or partly owned by usual resident(s),Total household net worth,Relative sampling error,8,percentage,% error,,Refers to the nature of the occupancy of a household in a private dwelling. It does not refer to the tenure of the land on which the dwelling is situated.
2015,Tenure of household,Dwelling owned or partly owned by usual resident(s),Total household net worth,Percentage change from previous survey,,percentage,% change,not applicable,Refers to the nature of the occupancy of a household in a private dwelling. It does not refer to the tenure of the land on which the dwelling is situated.
2015,Tenure of household,Dwelling owned or partly owned by usual resident(s),Total household net worth,Sampling error for percentage change,,percentage,% error,not applicable,Refers to the nature of the occupancy of a household in a private dwelling. It does not refer to the tenure of the land on which the dwelling is situated.
2015,Tenure of household,Dwelling owned or partly owned by usual resident(s),Households,Count,842,number,Number of households,,Refers to the nature of the occupancy of a household in a private dwelling. It does not refer to the tenure of the land on which the dwelling is situated.
2015,Tenure of household,Dwelling owned or partly owned by usual resident(s),Households,Relative sampling error,3.5,percentage,% error,,Refers to the nature of the occupancy of a household in a private dwelling. It does not refer to the tenure of the land on which the dwelling is situated.
2015,Tenure of household,Dwelling owned or partly owned by usual resident(s),Households,Percentage change from previous survey,,percentage,% change,not applicable,Refers to the nature of the occupancy of a household in a private dwelling. It does not refer to the tenure of the land on which the dwelling is situated.
2015,Tenure of household,Dwelling owned or partly owned by usual resident(s),Households,Sampling error for percentage change,,percentage,% error,not applicable,Refers to the nature of the occupancy of a household in a private dwelling. It does not refer to the tenure of the land on which the dwelling is situated.
2015,Tenure of household,Dwelling owned or partly owned by usual resident(s) who make mortgage payments,Median household net worth,Amount,334,nzd,NZD thousands,,Refers to the nature of the occupancy of a household in a private dwelling. It does not refer to the tenure of the land on which the dwelling is situated.
2015,Tenure of household,Dwelling owned or partly owned by usual resident(s) who make mortgage payments,Median household net worth,Relative sampling error,5.5,percentage,% error,,Refers to the nature of the occupancy of a household in a private dwelling. It does not refer to the tenure of the land on which the dwelling is situated.
2015,Tenure of household,Dwelling owned or partly owned by usual resident(s) who make mortgage payments,Median household net worth,Percentage change from previous survey,,percentage,% change,not applicable,Refers to the nature of the occupancy of a household in a private dwelling. It does not refer to the tenure of the land on which the dwelling is situated.
2015,Tenure of household,Dwelling owned or partly owned by usual resident(s) who make mortgage payments,Median household net worth,Sampling error for percentage change,,percentage,% error,not applicable,Refers to the nature of the occupancy of a household in a private dwelling. It does not refer to the tenure of the land on which the dwelling is situated.
2015,Tenure of household,Dwelling owned or partly owned by usual resident(s) who make mortgage payments,Mean household net worth,Amount,492,nzd,NZD thousands,,Refers to the nature of the occupancy of a household in a private dwelling. It does not refer to the tenure of the land on which the dwelling is situated.
2015,Tenure of household,Dwelling owned or partly owned by usual resident(s) who make mortgage payments,Mean household net worth,Relative sampling error,13.8,percentage,% error,,Refers to the nature of the occupancy of a household in a private dwelling. It does not refer to the tenure of the land on which the dwelling is situated.
2015,Tenure of household,Dwelling owned or partly owned by usual resident(s) who make mortgage payments,Mean household net worth,Percentage change from previous survey,,percentage,% change,not applicable,Refers to the nature of the occupancy of a household in a private dwelling. It does not refer to the tenure of the land on which the dwelling is situated.
2015,Tenure of household,Dwelling owned or partly owned by usual resident(s) who make mortgage payments,Mean household net worth,Sampling error for percentage change,,percentage,% error,not applicable,Refers to the nature of the occupancy of a household in a private dwelling. It does not refer to the tenure of the land on which the dwelling is situated.
2015,Tenure of household,Dwelling owned or partly owned by usual resident(s) who make mortgage payments,Total household net worth,Amount,226810735,nzd,NZD thousands,,Refers to the nature of the occupancy of a household in a private dwelling. It does not refer to the tenure of the land on which the dwelling is situated.
2015,Tenure of household,Dwelling owned or partly owned by usual resident(s) who make mortgage payments,Total household net worth,Relative sampling error,15.2,percentage,% error,,Refers to the nature of the occupancy of a household in a private dwelling. It does not refer to the tenure of the land on which the dwelling is situated.
2015,Tenure of household,Dwelling owned or partly owned by usual resident(s) who make mortgage payments,Total household net worth,Percentage change from previous survey,,percentage,% change,not applicable,Refers to the nature of the occupancy of a household in a private dwelling. It does not refer to the tenure of the land on which the dwelling is situated.
2015,Tenure of household,Dwelling owned or partly owned by usual resident(s) who make mortgage payments,Total household net worth,Sampling error for percentage change,,percentage,% error,not applicable,Refers to the nature of the occupancy of a household in a private dwelling. It does not refer to the tenure of the land on which the dwelling is situated.
2015,Tenure of household,Dwelling owned or partly owned by usual resident(s) who make mortgage payments,Households,Count,461,number,Number of households,,Refers to the nature of the occupancy of a household in a private dwelling. It does not refer to the tenure of the land on which the dwelling is situated.
2015,Tenure of household,Dwelling owned or partly owned by usual resident(s) who make mortgage payments,Households,Relative sampling error,5.8,percentage,% error,,Refers to the nature of the occupancy of a household in a private dwelling. It does not refer to the tenure of the land on which the dwelling is situated.
2015,Tenure of household,Dwelling owned or partly owned by usual resident(s) who make mortgage payments,Households,Percentage change from previous survey,,percentage,% change,not applicable,Refers to the nature of the occupancy of a household in a private dwelling. It does not refer to the tenure of the land on which the dwelling is situated.
2015,Tenure of household,Dwelling owned or partly owned by usual resident(s) who make mortgage payments,Households,Sampling error for percentage change,,percentage,% error,not applicable,Refers to the nature of the occupancy of a household in a private dwelling. It does not refer to the tenure of the land on which the dwelling is situated.
2015,Tenure of household,Dwelling owned or partly owned by usual resident(s) who do not make mortgage payments,Median household net worth,Amount,661,nzd,NZD thousands,,Refers to the nature of the occupancy of a household in a private dwelling. It does not refer to the tenure of the land on which the dwelling is situated.
2015,Tenure of household,Dwelling owned or partly owned by usual resident(s) who do not make mortgage payments,Median household net worth,Relative sampling error,5.2,percentage,% error,,Refers to the nature of the occupancy of a household in a private dwelling. It does not refer to the tenure of the land on which the dwelling is situated.
2015,Tenure of household,Dwelling owned or partly owned by usual resident(s) who do not make mortgage payments,Median household net worth,Percentage change from previous survey,,percentage,% change,not applicable,Refers to the nature of the occupancy of a household in a private dwelling. It does not refer to the tenure of the land on which the dwelling is situated.
2015,Tenure of household,Dwelling owned or partly owned by usual resident(s) who do not make mortgage payments,Median household net worth,Sampling error for percentage change,,percentage,% error,not applicable,Refers to the nature of the occupancy of a household in a private dwelling. It does not refer to the tenure of the land on which the dwelling is situated.
2015,Tenure of household,Dwelling owned or partly owned by usual resident(s) who do not make mortgage payments,Mean household net worth,Amount,1008,nzd,NZD thousands,,Refers to the nature of the occupancy of a household in a private dwelling. It does not refer to the tenure of the land on which the dwelling is situated.
2015,Tenure of household,Dwelling owned or partly owned by usual resident(s) who do not make mortgage payments,Mean household net worth,Relative sampling error,9.1,percentage,% error,,Refers to the nature of the occupancy of a household in a private dwelling. It does not refer to the tenure of the land on which the dwelling is situated.
2015,Tenure of household,Dwelling owned or partly owned by usual resident(s) who do not make mortgage payments,Mean household net worth,Percentage change from previous survey,,percentage,% change,not applicable,Refers to the nature of the occupancy of a household in a private dwelling. It does not refer to the tenure of the land on which the dwelling is situated.
2015,Tenure of household,Dwelling owned or partly owned by usual resident(s) who do not make mortgage payments,Mean household net worth,Sampling error for percentage change,,percentage,% error,not applicable,Refers to the nature of the occupancy of a household in a private dwelling. It does not refer to the tenure of the land on which the dwelling is situated.
2015,Tenure of household,Dwelling owned or partly owned by usual resident(s) who do not make mortgage payments,Total household net worth,Amount,383978207,nzd,NZD thousands,,Refers to the nature of the occupancy of a household in a private dwelling. It does not refer to the tenure of the land on which the dwelling is situated.
2015,Tenure of household,Dwelling owned or partly owned by usual resident(s) who do not make mortgage payments,Total household net worth,Relative sampling error,10.4,percentage,% error,,Refers to the nature of the occupancy of a household in a private dwelling. It does not refer to the tenure of the land on which the dwelling is situated.
2015,Tenure of household,Dwelling owned or partly owned by usual resident(s) who do not make mortgage payments,Total household net worth,Percentage change from previous survey,,percentage,% change,not applicable,Refers to the nature of the occupancy of a household in a private dwelling. It does not refer to the tenure of the land on which the dwelling is situated.
2015,Tenure of household,Dwelling owned or partly owned by usual resident(s) who do not make mortgage payments,Total household net worth,Sampling error for percentage change,,percentage,% error,not applicable,Refers to the nature of the occupancy of a household in a private dwelling. It does not refer to the tenure of the land on which the dwelling is situated.
2015,Tenure of household,Dwelling owned or partly owned by usual resident(s) who do not make mortgage payments,Households,Count,381,number,Number of households,,Refers to the nature of the occupancy of a household in a private dwelling. It does not refer to the tenure of the land on which the dwelling is situated.
2015,Tenure of household,Dwelling owned or partly owned by usual resident(s) who do not make mortgage payments,Households,Relative sampling error,5.3,percentage,% error,,Refers to the nature of the occupancy of a household in a private dwelling. It does not refer to the tenure of the land on which the dwelling is situated.
2015,Tenure of household,Dwelling owned or partly owned by usual resident(s) who do not make mortgage payments,Households,Percentage change from previous survey,,percentage,% change,not applicable,Refers to the nature of the occupancy of a household in a private dwelling. It does not refer to the tenure of the land on which the dwelling is situated.
2015,Tenure of household,Dwelling owned or partly owned by usual resident(s) who do not make mortgage payments,Households,Sampling error for percentage change,,percentage,% error,not applicable,Refers to the nature of the occupancy of a household in a private dwelling. It does not refer to the tenure of the land on which the dwelling is situated.
2015,Tenure of household,Dwelling not owned by usual resident(s),Median household net worth,Amount,36,nzd,NZD thousands,,Refers to the nature of the occupancy of a household in a private dwelling. It does not refer to the tenure of the land on which the dwelling is situated.
2015,Tenure of household,Dwelling not owned by usual resident(s),Median household net worth,Relative sampling error,12,percentage,% error,,Refers to the nature of the occupancy of a household in a private dwelling. It does not refer to the tenure of the land on which the dwelling is situated.
2015,Tenure of household,Dwelling not owned by usual resident(s),Median household net worth,Percentage change from previous survey,,percentage,% change,not applicable,Refers to the nature of the occupancy of a household in a private dwelling. It does not refer to the tenure of the land on which the dwelling is situated.
2015,Tenure of household,Dwelling not owned by usual resident(s),Median household net worth,Sampling error for percentage change,,percentage,% error,not applicable,Refers to the nature of the occupancy of a household in a private dwelling. It does not refer to the tenure of the land on which the dwelling is situated.
2015,Tenure of household,Dwelling not owned by usual resident(s),Mean household net worth,Amount,133,nzd,NZD thousands,,Refers to the nature of the occupancy of a household in a private dwelling. It does not refer to the tenure of the land on which the dwelling is situated.
2015,Tenure of household,Dwelling not owned by usual resident(s),Mean household net worth,Relative sampling error,26.6,percentage,% error,,Refers to the nature of the occupancy of a household in a private dwelling. It does not refer to the tenure of the land on which the dwelling is situated.
2015,Tenure of household,Dwelling not owned by usual resident(s),Mean household net worth,Percentage change from previous survey,,percentage,% change,not applicable,Refers to the nature of the occupancy of a household in a private dwelling. It does not refer to the tenure of the land on which the dwelling is situated.
2015,Tenure of household,Dwelling not owned by usual resident(s),Mean household net worth,Sampling error for percentage change,,percentage,% error,not applicable,Refers to the nature of the occupancy of a household in a private dwelling. It does not refer to the tenure of the land on which the dwelling is situated.
2015,Tenure of household,Dwelling not owned by usual resident(s),Total household net worth,Amount,78663807,nzd,NZD thousands,,Refers to the nature of the occupancy of a household in a private dwelling. It does not refer to the tenure of the land on which the dwelling is situated.
2015,Tenure of household,Dwelling not owned by usual resident(s),Total household net worth,Relative sampling error,27.1,percentage,% error,,Refers to the nature of the occupancy of a household in a private dwelling. It does not refer to the tenure of the land on which the dwelling is situated.
2015,Tenure of household,Dwelling not owned by usual resident(s),Total household net worth,Percentage change from previous survey,,percentage,% change,not applicable,Refers to the nature of the occupancy of a household in a private dwelling. It does not refer to the tenure of the land on which the dwelling is situated.
2015,Tenure of household,Dwelling not owned by usual resident(s),Total household net worth,Sampling error for percentage change,,percentage,% error,not applicable,Refers to the nature of the occupancy of a household in a private dwelling. It does not refer to the tenure of the land on which the dwelling is situated.
2015,Tenure of household,Dwelling not owned by usual resident(s),Households,Count,588,number,Number of households,,Refers to the nature of the occupancy of a household in a private dwelling. It does not refer to the tenure of the land on which the dwelling is situated.
2015,Tenure of household,Dwelling not owned by usual resident(s),Households,Relative sampling error,4.2,percentage,% error,,Refers to the nature of the occupancy of a household in a private dwelling. It does not refer to the tenure of the land on which the dwelling is situated.
2015,Tenure of household,Dwelling not owned by usual resident(s),Households,Percentage change from previous survey,,percentage,% change,not applicable,Refers to the nature of the occupancy of a household in a private dwelling. It does not refer to the tenure of the land on which the dwelling is situated.
2015,Tenure of household,Dwelling not owned by usual resident(s),Households,Sampling error for percentage change,,percentage,% error,not applicable,Refers to the nature of the occupancy of a household in a private dwelling. It does not refer to the tenure of the land on which the dwelling is situated.
2015,Tenure of household,Dwelling held in a family trust by usual resident(s),Median household net worth,Amount,657,nzd,NZD thousands,,Refers to the nature of the occupancy of a household in a private dwelling. It does not refer to the tenure of the land on which the dwelling is situated.
2015,Tenure of household,Dwelling held in a family trust by usual resident(s),Median household net worth,Relative sampling error,13.4,percentage,% error,,Refers to the nature of the occupancy of a household in a private dwelling. It does not refer to the tenure of the land on which the dwelling is situated.
2015,Tenure of household,Dwelling held in a family trust by usual resident(s),Median household net worth,Percentage change from previous survey,,percentage,% change,not applicable,Refers to the nature of the occupancy of a household in a private dwelling. It does not refer to the tenure of the land on which the dwelling is situated.
2015,Tenure of household,Dwelling held in a family trust by usual resident(s),Median household net worth,Sampling error for percentage change,,percentage,% error,not applicable,Refers to the nature of the occupancy of a household in a private dwelling. It does not refer to the tenure of the land on which the dwelling is situated.
2015,Tenure of household,Dwelling held in a family trust by usual resident(s),Mean household net worth,Amount,1433,nzd,NZD thousands,,Refers to the nature of the occupancy of a household in a private dwelling. It does not refer to the tenure of the land on which the dwelling is situated.
2015,Tenure of household,Dwelling held in a family trust by usual resident(s),Mean household net worth,Relative sampling error,17,percentage,% error,,Refers to the nature of the occupancy of a household in a private dwelling. It does not refer to the tenure of the land on which the dwelling is situated.
2015,Tenure of household,Dwelling held in a family trust by usual resident(s),Mean household net worth,Percentage change from previous survey,,percentage,% change,not applicable,Refers to the nature of the occupancy of a household in a private dwelling. It does not refer to the tenure of the land on which the dwelling is situated.
2015,Tenure of household,Dwelling held in a family trust by usual resident(s),Mean household net worth,Sampling error for percentage change,,percentage,% error,not applicable,Refers to the nature of the occupancy of a household in a private dwelling. It does not refer to the tenure of the land on which the dwelling is situated.
2015,Tenure of household,Dwelling held in a family trust by usual resident(s),Total household net worth,Amount,352532022,nzd,NZD thousands,,Refers to the nature of the occupancy of a household in a private dwelling. It does not refer to the tenure of the land on which the dwelling is situated.
2015,Tenure of household,Dwelling held in a family trust by usual resident(s),Total household net worth,Relative sampling error,20.6,percentage,% error,,Refers to the nature of the occupancy of a household in a private dwelling. It does not refer to the tenure of the land on which the dwelling is situated.
2015,Tenure of household,Dwelling held in a family trust by usual resident(s),Total household net worth,Percentage change from previous survey,,percentage,% change,not applicable,Refers to the nature of the occupancy of a household in a private dwelling. It does not refer to the tenure of the land on which the dwelling is situated.
2015,Tenure of household,Dwelling held in a family trust by usual resident(s),Total household net worth,Sampling error for percentage change,,percentage,% error,not applicable,Refers to the nature of the occupancy of a household in a private dwelling. It does not refer to the tenure of the land on which the dwelling is situated.
2015,Tenure of household,Dwelling held in a family trust by usual resident(s),Households,Count,246,number,Number of households,,Refers to the nature of the occupancy of a household in a private dwelling. It does not refer to the tenure of the land on which the dwelling is situated.
2015,Tenure of household,Dwelling held in a family trust by usual resident(s),Households,Relative sampling error,9.6,percentage,% error,,Refers to the nature of the occupancy of a household in a private dwelling. It does not refer to the tenure of the land on which the dwelling is situated.
2015,Tenure of household,Dwelling held in a family trust by usual resident(s),Households,Percentage change from previous survey,,percentage,% change,not applicable,Refers to the nature of the occupancy of a household in a private dwelling. It does not refer to the tenure of the land on which the dwelling is situated.
2015,Tenure of household,Dwelling held in a family trust by usual resident(s),Households,Sampling error for percentage change,,percentage,% error,not applicable,Refers to the nature of the occupancy of a household in a private dwelling. It does not refer to the tenure of the land on which the dwelling is situated.
2015,Region,Auckland,Median household net worth,Amount,326,nzd,NZD thousands,
2015,Region,Auckland,Median household net worth,Relative sampling error,11.1,percentage,% error,
2015,Region,Auckland,Median household net worth,Percentage change from previous survey,,percentage,% change,not applicable
2015,Region,Auckland,Median household net worth,Sampling error for percentage change,,percentage,% error,not applicable
2015,Region,Auckland,Mean household net worth,Amount,643,nzd,NZD thousands,
2015,Region,Auckland,Mean household net worth,Relative sampling error,14.3,percentage,% error,
2015,Region,Auckland,Mean household net worth,Percentage change from previous survey,,percentage,% change,not applicable
2015,Region,Auckland,Mean household net worth,Sampling error for percentage change,,percentage,% error,not applicable
2015,Region,Auckland,Total household net worth,Amount,326978073,nzd,NZD thousands,
2015,Region,Auckland,Total household net worth,Relative sampling error,14.3,percentage,% error,
2015,Region,Auckland,Total household net worth,Percentage change from previous survey,,percentage,% change,not applicable
2015,Region,Auckland,Total household net worth,Sampling error for percentage change,,percentage,% error,not applicable
2015,Region,Auckland,Households,Count,506,number,Number of households,
2015,Region,Auckland,Households,Relative sampling error,0.6,percentage,% error,
2015,Region,Auckland,Households,Percentage change from previous survey,,percentage,% change,not applicable
2015,Region,Auckland,Households,Sampling error for percentage change,,percentage,% error,not applicable
2015,Region,Wellington,Median household net worth,Amount,261,nzd,NZD thousands,
2015,Region,Wellington,Median household net worth,Relative sampling error,16.3,percentage,% error,
2015,Region,Wellington,Median household net worth,Percentage change from previous survey,,percentage,% change,not applicable
2015,Region,Wellington,Median household net worth,Sampling error for percentage change,,percentage,% error,not applicable
2015,Region,Wellington,Mean household net worth,Amount,534,nzd,NZD thousands,
2015,Region,Wellington,Mean household net worth,Percentage change from previous survey,,percentage,% change,not applicable
2015,Region,Wellington,Mean household net worth,Sampling error for percentage change,,percentage,% error,not applicable
2015,Region,Wellington,Total household net worth,Amount,100221043,nzd,NZD thousands,
2015,Region,Wellington,Total household net worth,Relative sampling error,19.3,percentage,% error,
2015,Region,Wellington,Total household net worth,Percentage change from previous survey,,percentage,% change,not applicable
2015,Region,Wellington,Total household net worth,Sampling error for percentage change,,percentage,% error,not applicable
2015,Region,Wellington,Households,Count,188,number,Number of households,
2015,Region,Wellington,Households,Relative sampling error,0,percentage,% error,
2015,Region,Wellington,Households,Percentage change from previous survey,,percentage,% change,not applicable
2015,Region,Wellington,Households,Sampling error for percentage change,,percentage,% error,not applicable
2015,Region,Rest of the North Island,Median household net worth,Amount,232,nzd,NZD thousands,
2015,Region,Rest of the North Island,Median household net worth,Relative sampling error,10.8,percentage,% error,
2015,Region,Rest of the North Island,Median household net worth,Percentage change from previous survey,,percentage,% change,not applicable
2015,Region,Rest of the North Island,Median household net worth,Sampling error for percentage change,,percentage,% error,not applicable
2015,Region,Rest of the North Island,Mean household net worth,Amount,582,nzd,NZD thousands,
2015,Region,Rest of the North Island,Mean household net worth,Relative sampling error,15.7,percentage,% error,
2015,Region,Rest of the North Island,Mean household net worth,Percentage change from previous survey,,percentage,% change,not applicable
2015,Region,Rest of the North Island,Mean household net worth,Sampling error for percentage change,,percentage,% error,not applicable
2015,Region,Rest of the North Island,Total household net worth,Amount,326561777,nzd,NZD thousands,
2015,Region,Rest of the North Island,Total household net worth,Relative sampling error,15.7,percentage,% error,
2015,Region,Rest of the North Island,Total household net worth,Percentage change from previous survey,,percentage,% change,not applicable
2015,Region,Rest of the North Island,Total household net worth,Sampling error for percentage change,,percentage,% error,not applicable
2015,Region,Rest of the North Island,Households,Count,561,number,Number of households,
2015,Region,Rest of the North Island,Households,Relative sampling error,0.1,percentage,% error,
2015,Region,Rest of the North Island,Households,Percentage change from previous survey,,percentage,% change,not applicable
2015,Region,Rest of the North Island,Households,Sampling error for percentage change,,percentage,% error,not applicable
2015,Region,Canterbury,Median household net worth,Amount,348,nzd,NZD thousands,
2015,Region,Canterbury,Median household net worth,Relative sampling error,10.6,percentage,% error,
2015,Region,Canterbury,Median household net worth,Percentage change from previous survey,,percentage,% change,not applicable
2015,Region,Canterbury,Median household net worth,Sampling error for percentage change,,percentage,% error,not applicable
2015,Region,Canterbury,Mean household net worth,Amount,722,nzd,NZD thousands,
2015,Region,Canterbury,Mean household net worth,Relative sampling error,25,percentage,% error,
2015,Region,Canterbury,Mean household net worth,Percentage change from previous survey,,percentage,% change,not applicable
2015,Region,Canterbury,Mean household net worth,Sampling error for percentage change,,percentage,% error,not applicable
2015,Region,Canterbury,Total household net worth,Amount,161310880,nzd,NZD thousands,
2015,Region,Canterbury,Total household net worth,Relative sampling error,25,percentage,% error,
2015,Region,Canterbury,Total household net worth,Percentage change from previous survey,,percentage,% change,not applicable
2015,Region,Canterbury,Total household net worth,Sampling error for percentage change,,percentage,% error,not applicable
2015,Region,Canterbury,Households,Count,223,number,Number of households,
2015,Region,Canterbury,Households,Relative sampling error,0.1,percentage,% error,
2015,Region,Canterbury,Households,Percentage change from previous survey,,percentage,% change,not applicable
2015,Region,Canterbury,Households,Sampling error for percentage change,,percentage,% error,not applicable
2015,Region,Rest of the South Island,Median household net worth,Amount,330,nzd,NZD thousands,
2015,Region,Rest of the South Island,Median household net worth,Relative sampling error,11,percentage,% error,
2015,Region,Rest of the South Island,Median household net worth,Percentage change from previous survey,,percentage,% change,not applicable
2015,Region,Rest of the South Island,Median household net worth,Sampling error for percentage change,,percentage,% error,not applicable
2015,Region,Rest of the South Island,Mean household net worth,Amount,641,nzd,NZD thousands,
2015,Region,Rest of the South Island,Mean household net worth,Relative sampling error,14.5,percentage,% error,
2015,Region,Rest of the South Island,Mean household net worth,Percentage change from previous survey,,percentage,% change,not applicable
2015,Region,Rest of the South Island,Mean household net worth,Sampling error for percentage change,,percentage,% error,not applicable
2015,Region,Rest of the South Island,Total household net worth,Amount,126937682,nzd,NZD thousands,
2015,Region,Rest of the South Island,Total household net worth,Relative sampling error,14.5,percentage,% error,
2015,Region,Rest of the South Island,Total household net worth,Percentage change from previous survey,,percentage,% change,not applicable
2015,Region,Rest of the South Island,Total household net worth,Sampling error for percentage change,,percentage,% error,not applicable
2015,Region,Rest of the South Island,Households,Relative sampling error,0,percentage,% error,
2015,Region,Rest of the South Island,Households,Percentage change from previous survey,,percentage,% change,not applicable
2015,Region,Rest of the South Island,Households,Sampling error for percentage change,,percentage,% error,not applicable
2015,Total,Total,Median household net worth,Amount,286,nzd,NZD thousands,,Total includes the 'not specified' category for household composition and for tenure of household. It also includes a small number of households with no assets or liabilities.
2015,Total,Total,Median household net worth,Relative sampling error,5.5,percentage,% error,,Total includes the 'not specified' category for household composition and for tenure of household. It also includes a small number of households with no assets or liabilities.
2015,Total,Total,Median household net worth,Percentage change from previous survey,,percentage,% change,not applicable,Total includes the 'not specified' category for household composition and for tenure of household. It also includes a small number of households with no assets or liabilities.
2015,Total,Total,Median household net worth,Sampling error for percentage change,,percentage,% error,not applicable,Total includes the 'not specified' category for household composition and for tenure of household. It also includes a small number of households with no assets or liabilities.
2015,Total,Total,Mean household net worth,Amount,620,nzd,NZD thousands,,Total includes the 'not specified' category for household composition and for tenure of household. It also includes a small number of households with no assets or liabilities.
2015,Total,Total,Mean household net worth,Relative sampling error,7.7,percentage,% error,,Total includes the 'not specified' category for household composition and for tenure of household. It also includes a small number of households with no assets or liabilities.
2015,Total,Total,Mean household net worth,Percentage change from previous survey,,percentage,% change,not applicable,Total includes the 'not specified' category for household composition and for tenure of household. It also includes a small number of households with no assets or liabilities.
2015,Total,Total,Mean household net worth,Sampling error for percentage change,,percentage,% error,not applicable,Total includes the 'not specified' category for household composition and for tenure of household. It also includes a small number of households with no assets or liabilities.
2015,Total,Total,Total household net worth,Amount,1042009454,nzd,NZD thousands,,Total includes the 'not specified' category for household composition and for tenure of household. It also includes a small number of households with no assets or liabilities.
2015,Total,Total,Total household net worth,Relative sampling error,7.7,percentage,% error,,Total includes the 'not specified' category for household composition and for tenure of household. It also includes a small number of households with no assets or liabilities.
2015,Total,Total,Total household net worth,Percentage change from previous survey,,percentage,% change,not applicable,Total includes the 'not specified' category for household composition and for tenure of household. It also includes a small number of households with no assets or liabilities.
2015,Total,Total,Total household net worth,Sampling error for percentage change,,percentage,% error,not applicable,Total includes the 'not specified' category for household composition and for tenure of household. It also includes a small number of households with no assets or liabilities.
2015,Total,Total,Households,Count,1677,number,Number of households,,Total includes the 'not specified' category for household composition and for tenure of household. It also includes a small number of households with no assets or liabilities.
2015,Total,Total,Households,Relative sampling error,0.2,percentage,% error,,Total includes the 'not specified' category for household composition and for tenure of household. It also includes a small number of households with no assets or liabilities.
2015,Total,Total,Households,Percentage change from previous survey,,percentage,% change,not applicable,Total includes the 'not specified' category for household composition and for tenure of household. It also includes a small number of households with no assets or liabilities.
2015,Total,Total,Households,Sampling error for percentage change,,percentage,% error,not applicable,Total includes the 'not specified' category for household composition and for tenure of household. It also includes a small number of households with no assets or liabilities.
