full_address,TLA,LocalityName,class_lookup
"44 Stalkers Road, NA, Waimakariri, New Zealand",059,NA,Urban
"13 Coronation Street, Waimate, Waimate, New Zealand",066,Waimate,Urban
"38 Bromley Road, Bromley, Christchurch City, New Zealand",060,Bromley,Urban
"8 RAILWAY TERRACE, Amberley, Hurunui, New Zealand",058,Amberley,Urban
"NA, Waimate, Waimate, New Zealand",066,Waimate,Urban
"35 Belt Street, Waimate, Waimate, New Zealand",066,Waimate,Urban
"201 STANTON ROAD, Amberley, Hurunui, New Zealand",058,Amberley,Peri-urban (disputed)
"2/59 Barrington Street, Spreydon, Christchurch City, New Zealand",060,Spreydon,Urban
"39 AMURI AVENUE, Hanmer Springs, Hurunui, New Zealand",058,Hanmer Springs,Urban
"11 James Hight Drive, Halswell, Christchurch City, New Zealand",060,Halswell,Urban
"28 Hassall Street, NA, Waimakariri, New Zealand",059,NA,Urban
"145 Mount Hutt Station R, NA, Ashburton, New Zealand",063,NA,Rural
"15 Yellowlees Drive, NA, Waimakariri, New Zealand",059,NA,Urban
"37 Chinnerys Road, NA, Waimakariri, New Zealand",059,NA,Urban
"8 Trent Street, Oamaru, Oamaru, Waitaki (part), New Zealand",068,Oamaru,Urban
"17 FALSTONE CRESCENT, Twizel, Mackenzie, New Zealand",065,Twizel,Urban
"44 Rahera Street, Spreydon, Christchurch City, New Zealand",060,Spreydon,Urban
"60 JACKS PASS ROAD, Hanmer Springs, Hurunui, New Zealand",058,Hanmer Springs,Urban
"73 Nursery Road, Phillipstown, Christchurch City, New Zealand",060,Phillipstown,Urban
"356 Lyalldale Middle Road, Saint Andrews, Waimate, New Zealand",066,Saint Andrews,Peri-urban (disputed)
"SILVER SPRINGS ROAD, NA, Kaikoura, New Zealand",054,NA,Peri-urban/Uncertain
"49 PENTIRE PARADE, Lincoln, Selwyn, New Zealand",062,Lincoln,Urban
"730 CRAMPTONS BUSH ROAD, Sefton - Balcairn, Hurunui, New Zealand",058,Sefton - Balcairn,Urban
"1/22 Ranfurly Street, St Albans, Christchurch City, New Zealand",060,St Albans,Urban
"82 LINCOLN TAI TAPU ROAD, Lincoln, Selwyn, New Zealand",062,Lincoln,Urban
"132 Cosy Dell Road, Herbert, Herbert, Waitaki (part), New Zealand",068,Herbert,Rural
"39 FREYBERG AVE, Kurow, Waitaki (part), New Zealand",068,Kurow,Peri-urban (disputed)
"4 Nun Street, Herbert, Herbert, Waitaki (part), New Zealand",068,Herbert,Rural
"469 MADDISONS ROAD, Rolleston, Selwyn, New Zealand",062,Rolleston,Peri-urban (disputed)
"3 Shearman Street, Waimate, Waimate, New Zealand",066,Waimate,Urban
"15 JIMMYS LANE, Lake Tekapo, Mackenzie, New Zealand",065,Lake Tekapo,Peri-urban (disputed)
"219/1 Lady Isaac Way, Mairehau, Christchurch City, New Zealand",060,Mairehau,Urban
"18A MURRAY PLACE, Lake Tekapo, Mackenzie, New Zealand",065,Lake Tekapo,Rural
"250 STANTON ROAD, Amberley, Hurunui, New Zealand",058,Amberley,Peri-urban (disputed)
"30 MILL ROAD, NA, Kaikoura, New Zealand",054,NA,Rural
"0 WEST ACCESS RD, Livingstone, Waitaki (part), New Zealand",068,Livingstone,Rural
"4 Harlech Street, Oamaru North, Oamaru, Oamaru North, Waitaki (part), New Zealand",068,Oamaru North,Urban
"761 NEWTONS ROAD, Rolleston, Selwyn, New Zealand",062,Rolleston,Peri-urban (disputed)
"1895 LESLIE HILLS ROAD, Waiau, Hurunui, New Zealand",058,Waiau,Rural
"215A Talbot Street, Geraldine, Geraldine, Timaru, New Zealand",064,Geraldine,Urban
"20 Blakehall Place, Spreydon, Christchurch City, New Zealand",060,Spreydon,Urban
"42 Walton Street, Sydenham, Christchurch City, New Zealand",060,Sydenham,Urban
"9 Johnson Street, NA, Waimakariri, New Zealand",059,NA,Urban
"4 Youngston Lane, Woolston, Christchurch City, New Zealand",060,Woolston,Urban
"80/5 Corbett Crescent, Oaklands, Christchurch City, New Zealand",060,Oaklands,Urban
"141 BEACH ROAD, NA, Kaikoura, New Zealand",054,NA,Urban
"222 HORNDON STREET, Darfield, Selwyn, New Zealand",062,Darfield,Urban
"159 High Street, Waimate, Waimate, New Zealand",066,Waimate,Urban
"16 JIMMYS LANE, Lake Tekapo, Mackenzie, New Zealand",065,Lake Tekapo,Peri-urban (disputed)
"12 EREBUS PLACE, Lake Tekapo, Mackenzie, New Zealand",065,Lake Tekapo,Rural
"5 Coleridge Street, Sydenham, Christchurch City, New Zealand",060,Sydenham,Urban
"71 TINLINE TERRACE, Mt Lyford (Pte Road), Hurunui, New Zealand",058,Mt Lyford (Pte Road),Peri-urban/Uncertain
"12 GEORGE STREET, Rolleston, Selwyn, New Zealand",062,Rolleston,Urban
"54 Essex Street, Weston, Oamaru, Weston, Waitaki (part), New Zealand",068,Weston,Urban
"5 Brittan Terrace, Lyttelton, Christchurch City, New Zealand",060,Lyttelton,Urban
"181 JACKS PASS ROAD, Hanmer Springs, Hurunui, New Zealand",058,Hanmer Springs,Urban
"26 OAKDEN DRIVE, Darfield, Selwyn, New Zealand",062,Darfield,Urban
"5 TOTARA PEAK CRES, Omarama, Waitaki (part), New Zealand",068,Omarama,Peri-urban (disputed)
"14 Streamside Terrace, NA, Waimakariri, New Zealand",059,NA,Urban
"112 BEACH ROAD, NA, Kaikoura, New Zealand",054,NA,Urban
"47 Harris Street, Waimate, Waimate, New Zealand",066,Waimate,Urban
"4 Watlington Place, Watlington, Timaru, Watlington, Timaru, New Zealand",064,Watlington,Urban
"105 Merton Road, NA, Waimakariri, New Zealand",059,NA,Rural
"Westview Drive TINWALD, ASHBURTON, NA, Ashburton, New Zealand",063,NA,Peri-urban/Uncertain
"708 HAWARDEN WAIKARI ROAD, Hawarden, Hurunui, New Zealand",058,Hawarden,Rural
"15 Dunford Street, NA, Ashburton, New Zealand",063,NA,Urban
"998D Colombo Street, St Albans, Christchurch City, New Zealand",060,St Albans,Urban
"288 ALLANDALE ROAD, Hawarden, Hurunui, New Zealand",058,Hawarden,Rural
"23 PAINTERS ROAD, Kirwee, Selwyn, New Zealand",062,Kirwee,Rural
"366 Highbank Cairnbrae R, NA, Ashburton, New Zealand",063,NA,Rural
"0 McHenrys Road, Hakataramea Valley, Waimate, New Zealand",066,Hakataramea Valley,Rural
"23 Shands Road, Hornby, Christchurch City, New Zealand",060,Hornby,Urban
"403 Cairnbrae Road, NA, Ashburton, New Zealand",063,NA,Rural
"64A Fairfield Avenue, Addington, Christchurch City, New Zealand",060,Addington,Urban
"12 EMERSON LANE, Rolleston, Selwyn, New Zealand",062,Rolleston,Urban
"3 Harewood Road, NA, Waimakariri, New Zealand",059,NA,Urban
"228 PERYMANS ROAD, Lincoln, Selwyn, New Zealand",062,Lincoln,Peri-urban (disputed)
"44 CAIRNBRAE DRIVE, Prebbleton, Selwyn, New Zealand",062,Prebbleton,Urban
"24 Mehrtens Crescent, NA, Waimakariri, New Zealand",059,NA,Urban
"5 JACOB LANE, Rolleston, Selwyn, New Zealand",062,Rolleston,Urban
"5 ADAMITE DRIVE, Rolleston, Selwyn, New Zealand",062,Rolleston,Urban
"150 ASHWORTHS ROAD, Amberley, Hurunui, New Zealand",058,Amberley,Peri-urban (disputed)
"1/324 Wai-iti Road, Glenwood, Timaru, Glenwood, Timaru, New Zealand",064,Glenwood,Urban
"124 Queen Street, Waimate, Waimate, New Zealand",066,Waimate,Urban
"3727 Waimate Highway, Morven, Waimate, New Zealand",066,Morven,Rural
"22 STONEBROOK DRIVE, Rolleston, Selwyn, New Zealand",062,Rolleston,Urban
"7 Jane Street, NA, Ashburton, New Zealand",063,NA,Urban
"430 Mount Thomas Road, NA, Waimakariri, New Zealand",059,NA,Rural
"7 COUNTRY LANE, Leeston, Selwyn, New Zealand",062,Leeston,Urban
"14 FYFFE AVENUE, NA, Kaikoura, New Zealand",054,NA,Urban
"43 Halswell Junction Road, Halswell, Christchurch City, New Zealand",060,Halswell,Urban
"20 Globe Bay Drive, Templeton, Christchurch City, New Zealand",060,Templeton,Urban
"157 Bowalley Road, Herbert, Herbert, Waitaki (part), New Zealand",068,Herbert,Rural
"SCHOOLHOUSE ROAD, NA, Kaikoura, New Zealand",054,NA,Rural
"43 Ruataniwha Avenue, NA, Waimakariri, New Zealand",059,NA,Urban
"395 GLEN LYON ROAD, Twizel, Mackenzie, New Zealand",065,Twizel,Urban
"68 RIPPINGALE ROAD, Hanmer Springs, Hurunui, New Zealand",058,Hanmer Springs,Peri-urban (disputed)
"2 Earlys Road, NA, Ashburton, New Zealand",063,NA,Rural
"4 DE HAVILLAND DRIVE, Pukaki, Mackenzie, New Zealand",065,Pukaki,Peri-urban/Uncertain
"22 Chertsey Kyle Road, NA, Ashburton, New Zealand",063,NA,Urban
"134 GLEN LYON ROAD, Twizel, Mackenzie, New Zealand",065,Twizel,Urban
"26 Golf Links Road, NA, Waimakariri, New Zealand",059,NA,Rural
"4928 HALDON ROAD, Tekapo, Mackenzie, New Zealand",065,Tekapo,Rural
"26 Semple Street, Kakanui, Oamaru, Kakanui, Waitaki (part), New Zealand",068,Kakanui,Rural
"143 TORQUAY STREET, NA, Kaikoura, New Zealand",054,NA,Urban
"109 Surveyors Road, NA, Ashburton, New Zealand",063,NA,Rural
"196 Chalmers Avenue, NA, Ashburton, New Zealand",063,NA,Urban
"17 Parsonage Road, Waimate, Waimate, New Zealand",066,Waimate,Urban
"Painstown Road, Waimate, Waimate, New Zealand",066,Waimate,Urban
"24 Frederick Busch Crescent, NA, Waimakariri, New Zealand",059,NA,Peri-urban/Uncertain
"1609 Thongcaster Road, NA, Waimakariri, New Zealand",059,NA,Rural
"178 VERDECO BOULEVARD, Lincoln, Selwyn, New Zealand",062,Lincoln,Urban
"8A Argyle Street, Marchwiel, Timaru, Marchwiel, Timaru, New Zealand",064,Marchwiel,Urban
"3A Juniper Place, Burnside, Christchurch City, New Zealand",060,Burnside,Urban
"34 Point Bush Road, Waimate, Waimate, New Zealand",066,Waimate,Urban
"10 Mackie Street, NA, Ashburton, New Zealand",063,NA,Urban
"2 Solway Street, Holmes Hill, Oamaru, Holmes Hill, Waitaki (part), New Zealand",068,Holmes Hill,Urban
"209 Point Bush Road, Waimate, Waimate, New Zealand",066,Waimate,Urban
"31 OLD MAIN NORTH ROAD, Leithfield, Hurunui, New Zealand",058,Leithfield,Peri-urban (disputed)
"4 Salkeld Place, NA, Waimakariri, New Zealand",059,NA,Urban
"13 Pratts Road, Maungati, Waimate, New Zealand",066,Maungati,Rural
"29 Colina Street, Avonhead, Christchurch City, New Zealand",060,Avonhead,Urban
"854 Chapmans Boundary Road, NA, Waimakariri, New Zealand",059,NA,Rural
"24 Glassey Drive, NA, Ashburton, New Zealand",063,NA,Urban
"1 Keebles Lane, Lyttelton, Christchurch City, New Zealand",060,Lyttelton,Urban
"12 Newnham Street, NA, Waimakariri, New Zealand",059,NA,Urban
"140 SOUTH BAY PARADE, NA, Kaikoura, New Zealand",054,NA,Peri-urban/Uncertain
"482 WAIPAPA ROAD, NA, Kaikoura, New Zealand",054,NA,Rural
"334A Marine Parade, South New Brighton, Christchurch City, New Zealand",060,South New Brighton,Urban
"2/89 Middlepark Road, Sockburn, Christchurch City, New Zealand",060,Sockburn,Urban
"7 Aln Street, Oamaru, Oamaru, Waitaki (part), New Zealand",068,Oamaru,Urban
"11 Methven Chertsey Roa, NA, Ashburton, New Zealand",063,NA,Urban
"11 PEGASUS CRESCENT, Motunau Beach, Hurunui, New Zealand",058,Motunau Beach,Peri-urban (disputed)
"8 Accrington Drive, Marshland, Christchurch City, New Zealand",060,Marshland,Urban
"239 Cannon Hill Crescent, St Andrews Hill, Christchurch City, New Zealand",060,St Andrews Hill,Urban
"3 Cherry Lane, Glenavy, Waimate, New Zealand",066,Glenavy,Rural
"6 FRY PLACE, Rolleston, Selwyn, New Zealand",062,Rolleston,Urban
"14 FYFFE AVENUE, NA, Kaikoura, New Zealand",054,NA,Urban
"0 Morven Glenavy Road, Morven, Waimate, New Zealand",066,Morven,Rural
"191 CROFTS ROAD, Omihi, Hurunui, New Zealand",058,Omihi,Rural
"11 Gisele Crescent, Halswell, Christchurch City, New Zealand",060,Halswell,Urban
"4A Konini Street, Riccarton, Christchurch City, New Zealand",060,Riccarton,Urban
"9 SUTHERLAND RD, Omarama, Waitaki (part), New Zealand",068,Omarama,Peri-urban (disputed)
"7 DIANE PLACE, Rolleston, Selwyn, New Zealand",062,Rolleston,Urban
"4 WESTBURN PLACE, Prebbleton, Selwyn, New Zealand",062,Prebbleton,Urban
"9 WESTON WAY, Lincoln, Selwyn, New Zealand",062,Lincoln,Urban
"116 SOUTH BAY PARADE, NA, Kaikoura, New Zealand",054,NA,Peri-urban/Uncertain
"13 TERRACE ROAD, Leithfield, Hurunui, New Zealand",058,Leithfield,Peri-urban (disputed)
"1 GRANDVUE DRIVE, Twizel, Mackenzie, New Zealand",065,Twizel,Urban
"39 D'ARCHIAC DRIVE, Lake Tekapo, Mackenzie, New Zealand",065,Lake Tekapo,Peri-urban (disputed)
"30 TOTARA DRIVE, Twizel, Mackenzie, New Zealand",065,Twizel,Urban
"DEAL STREET, NA, Kaikoura, New Zealand",054,NA,Urban
"6 SUNSET PLACE, Otematata, Waitaki (part), New Zealand",068,Otematata,Peri-urban (disputed)
"2118 OMIHI ROAD, Omihi, Hurunui, New Zealand",058,Omihi,Rural
"21 MOUNT COOK ROAD, Fairlie, Mackenzie, New Zealand",065,Fairlie,Peri-urban (disputed)
"1 Holmes Street, Waimate, Waimate, New Zealand",066,Waimate,Urban
"78 Le Cren Street, Seaview, Timaru, Seaview, Timaru, New Zealand",064,Seaview,Urban
"140 Queen Street, Waimate, Waimate, New Zealand",066,Waimate,Urban
"NA, Hampden, Waitaki (part), New Zealand",068,Hampden,Urban
"109 West Street, NA, Ashburton, New Zealand",063,NA,Rural
"32 SEFTON STREET, Twizel, Mackenzie, New Zealand",065,Twizel,Urban
"Pit Road West, RD 22, Geraldine, Rangitata, Timaru, New Zealand",064,Rangitata,Peri-urban/Uncertain
"15 GRETA VALLEY WALKWAY ROAD, Greta Valley, Hurunui, New Zealand",058,Greta Valley,Peri-urban/Uncertain
"B4/101 Caledonian Road, St Albans, Christchurch City, New Zealand",060,St Albans,Urban
"70 RIVER ROAD, Hanmer Forest Park, Hurunui, New Zealand",058,Hanmer Forest Park,Rural
"12 Balmoral Street, Waimate, Waimate, New Zealand",066,Waimate,Urban
"4 WHITBY PLACE, NA, Kaikoura, New Zealand",054,NA,Urban
"7 UNWIN PLACE, Twizel, Mackenzie, New Zealand",065,Twizel,Urban
"18 SCARBOROUGH TERRACE, Hanmer Springs, Hurunui, New Zealand",058,Hanmer Springs,Urban
"4 DOVER STREET, Leithfield, Hurunui, New Zealand",058,Leithfield,Peri-urban (disputed)
"25 Manchester Street, NA, Ashburton, New Zealand",063,NA,Urban
"6 PARSONS LANE, Otematata, Waitaki (part), New Zealand",068,Otematata,Peri-urban (disputed)
"3/38 Shirley Road, Richmond, Christchurch City, New Zealand",060,Richmond,Urban
"101 Buttericks Road, NA, Ashburton, New Zealand",063,NA,Rural
"52 BIRCHS ROAD, Prebbleton, Selwyn, New Zealand",062,Prebbleton,Urban
"3 DUNLOP CRESCENT, Rolleston, Selwyn, New Zealand",062,Rolleston,Urban
"92 Gordons Valley Road, Maungati, Waimate, New Zealand",066,Maungati,Rural
"80 GLENMARK DRIVE, Waipara, Hurunui, New Zealand",058,Waipara,Peri-urban (disputed)
"8 PERCIVAL CLOSE, Hanmer Springs, Hurunui, New Zealand",058,Hanmer Springs,Urban
"426A Thames Highway, Oamaru North, Oamaru, Oamaru North, Waitaki (part), New Zealand",068,Oamaru North,Urban
"35 Rother Street, Oamaru, Oamaru, Waitaki (part), New Zealand",068,Oamaru,Urban
"0 HAMILTON DRIVE, Lake Tekapo, Mackenzie, New Zealand",065,Lake Tekapo,Rural
"60 Till Street, South Hill, Oamaru, South Hill, Waitaki (part), New Zealand",068,South Hill,Urban
"10 Chilton Drive, Mairehau, Christchurch City, New Zealand",060,Mairehau,Urban
"69 TEKAPO DRIVE, Twizel, Mackenzie, New Zealand",065,Twizel,Urban
"140 Parsonage Road, Waimate, Waimate, New Zealand",066,Waimate,Peri-urban (disputed)
"6 Sudbury Street, NA, Ashburton, New Zealand",063,NA,Urban
"50 King Street, Kensington, Timaru, Kensington, Timaru, New Zealand",064,Kensington,Urban
"444A Thames Highway, Oamaru North, Oamaru, Oamaru North, Waitaki (part), New Zealand",068,Oamaru North,Urban
"20 CLARENCE STREET, Waiau, Hurunui, New Zealand",058,Waiau,Peri-urban (disputed)
"7 Kowhai Street, NA, Waimakariri, New Zealand",059,NA,Urban
"53 BANGOR ROAD, Darfield, Selwyn, New Zealand",062,Darfield,Urban
"3 Guise Street, Temuka, Temuka, Timaru, New Zealand",064,Temuka,Urban
"15 JOLLIES PASS ROAD, Hanmer Springs, Hurunui, New Zealand",058,Hanmer Springs,Urban
"25 Range Street, NA, Ashburton, New Zealand",063,NA,Rural
"198 WAITAKI DR, Otematata, Waitaki (part), New Zealand",068,Otematata,Peri-urban (disputed)
"4/25 Peverel Street, Riccarton, Christchurch City, New Zealand",060,Riccarton,Urban
"304 Waikakahi Valley Road, Ikawai, Waimate, New Zealand",066,Ikawai,Rural
"4 Maryburn Place, Gleniti, Timaru, Gleniti, Timaru, New Zealand",064,Gleniti,Urban
"16 Croucher Street, NA, Waimakariri, New Zealand",059,NA,Peri-urban/Uncertain
"1/14 Church Square, Addington, Christchurch City, New Zealand",060,Addington,Urban
"32 PRINCES STREET, Waikari, Hurunui, New Zealand",058,Waikari,Rural
"68 CHALET CRESCENT, Hanmer Springs, Hurunui, New Zealand",058,Hanmer Springs,Urban
"20 Durells Crescent, NA, Waimakariri, New Zealand",059,NA,Urban
"25 CAMERON CRESCENT, Rolleston, Selwyn, New Zealand",062,Rolleston,Urban
"304 INLAND KAIKOURA ROAD, NA, Kaikoura, New Zealand",054,NA,Rural
"10 Hodges Road, Waimate, Waimate, New Zealand",066,Waimate,Peri-urban (disputed)
"30 CONICAL HILL ROAD, Hanmer Springs, Hurunui, New Zealand",058,Hanmer Springs,Urban
"25 Rocking Horse Road, Southshore, Christchurch City, New Zealand",060,Southshore,Urban
"STATE HIGHWAY 1, NA, Kaikoura, New Zealand",054,NA,Peri-urban/Uncertain
"79 Coonoor Road, Watlington, Timaru, Watlington, Timaru, New Zealand",064,Watlington,Urban
"109 Grafton Street, Waltham, Christchurch City, New Zealand",060,Waltham,Urban
"64 SISTERS ROAD, Parnassus, Hurunui, New Zealand",058,Parnassus,Rural
"95 Otipua Road, Watlington, Timaru, Watlington, Timaru, New Zealand",064,Watlington,Urban
"827 Hilderthorpe-Pukeuri Road, Hilderthorpe, Waitaki Bridge, Hilderthorpe, Waitaki (part), New Zealand",068,Hilderthorpe,Peri-urban/Uncertain
"240 DUNNS CROSSING ROAD, Rolleston, Selwyn, New Zealand",062,Rolleston,Urban
"126 ESPLANADE, NA, Kaikoura, New Zealand",054,NA,Urban
"3 Burnett Street, Oceanview, Timaru, Oceanview, Timaru, New Zealand",064,Oceanview,Urban
"62 TRENTHAM ROAD, Ashwick Flat, Mackenzie, New Zealand",065,Ashwick Flat,Rural
"1021 BEALEY ROAD, Charing Cross, Selwyn, New Zealand",062,Charing Cross,Rural
"23 STATION BAY RISE, Lake Tekapo, Mackenzie, New Zealand",065,Lake Tekapo,Rural
"96 DAVAAR ROAD, Greta Valley, Hurunui, New Zealand",058,Greta Valley,Rural
"67 Batten Grove, NA, Waimakariri, New Zealand",059,NA,Urban
"2 Tactician Lane, NA, Ashburton, New Zealand",063,NA,Peri-urban/Uncertain
"8 Olivea Place, NA, Waimakariri, New Zealand",059,NA,Urban
"208 Woodbury Road, RD 21, Geraldine, Orari Bridge, Timaru, New Zealand",064,Orari Bridge,Rural
"93 TORQUAY STREET, NA, Kaikoura, New Zealand",054,NA,Urban
"2412 Waimate Highway, Makikihi, Waimate, New Zealand",066,Makikihi,Rural
"39 High Street, NA, Waimakariri, New Zealand",059,NA,Urban
"23 Opie Street, Waimate, Waimate, New Zealand",066,Waimate,Urban
"130 McLeans Island Road, Harewood, Christchurch City, New Zealand",060,Harewood,Peri-urban (disputed)
"36 Doncaster Street, Washdyke, Timaru, Washdyke, Timaru, New Zealand",064,Washdyke,Urban
"33 Paul Street, Waimate, Waimate, New Zealand",066,Waimate,Urban
"14 ACHERON HEIGHTS, Hanmer Springs, Hurunui, New Zealand",058,Hanmer Springs,Urban
"24 Caledonian Road, Oamaru North, Oamaru, Oamaru North, Waitaki (part), New Zealand",068,Oamaru North,Urban
"SCARBOROUGH STREET, NA, Kaikoura, New Zealand",054,NA,Peri-urban/Uncertain
"161 Hurstlea Road, Hakataramea Valley, Waimate, New Zealand",066,Hakataramea Valley,Rural
"HAYMAKERS CRESCENT, Rolleston, Selwyn, New Zealand",062,Rolleston,Urban
"961 LAKE SUMNER ROAD, Hawarden, Hurunui, New Zealand",058,Hawarden,Rural
"5 Cawton Grove, NA, Ashburton, New Zealand",063,NA,Urban
"1 Witham Street, Oamaru North, Oamaru, Oamaru North, Waitaki (part), New Zealand",068,Oamaru North,Urban
"13 OMAHAU CRESCENT, Twizel, Mackenzie, New Zealand",065,Twizel,Urban
"278 GRANGE ROAD, NA, Kaikoura, New Zealand",054,NA,Rural
"40 IRISHMAN DRIVE, Twizel, Mackenzie, New Zealand",065,Twizel,Urban
"57 OSBORNE ROAD, Amberley, Hurunui, New Zealand",058,Amberley,Urban
"3 LOWRY STREET, Waiau, Hurunui, New Zealand",058,Waiau,Peri-urban (disputed)
"87D Bordesley Street, Linwood, Christchurch City, New Zealand",060,Linwood,Urban
"118 Lindsays Road, Waimate, Waimate, New Zealand",066,Waimate,Peri-urban (disputed)
"287 Wai-iti Road, Glenwood, Timaru, Glenwood, Timaru, New Zealand",064,Glenwood,Urban
"62 Acacia Drive, RD 3, Timaru, Levels, Timaru, New Zealand",064,Levels,Urban
"31 Lyall Road, Saint Andrews, Waimate, New Zealand",066,Saint Andrews,Peri-urban (disputed)
"POSTMANS ROAD, NA, Kaikoura, New Zealand",054,NA,Rural
"4 LEESTON DUNSANDEL ROAD, Leeston, Selwyn, New Zealand",062,Leeston,Urban
"538 MIDDLE ROAD, Fairlie, Mackenzie, New Zealand",065,Fairlie,Rural
"74 Aitchison Road, Awamoko, Oamaru, Awamoko, Waitaki (part), New Zealand",068,Awamoko,Peri-urban/Uncertain
"1613 CLAYTON ROAD, Fairlie, Mackenzie, New Zealand",065,Fairlie,Rural
"6 GORDON STREET, Southbridge, Selwyn, New Zealand",062,Southbridge,Peri-urban (disputed)
"20 Queens Crescent, Oamaru, Oamaru, Waitaki (part), New Zealand",068,Oamaru,Urban
"43 Peel Street, RD 22, Geraldine, Arundel, Timaru, New Zealand",064,Arundel,Urban
"2 WRIGHTS ROAD, Sheffield, Selwyn, New Zealand",062,Sheffield,Urban
"123 Otipua Road, Watlington, Timaru, Watlington, Timaru, New Zealand",064,Watlington,Urban
"20 Addinell Lane, Waimate, Waimate, New Zealand",066,Waimate,Peri-urban (disputed)
"3 Douglas Street, NA, Waimakariri, New Zealand",059,NA,Urban
"80 White Street, NA, Waimakariri, New Zealand",059,NA,Urban
"70 ANDREW DON DRIVE, Lake Tekapo, Mackenzie, New Zealand",065,Lake Tekapo,Rural
"Carters Road ASHBURTON, NA, Ashburton, New Zealand",063,NA,Peri-urban/Uncertain
"28 Edward Street, Waimate, Waimate, New Zealand",066,Waimate,Urban
"163 KEKERENGU VALLEY ROAD, NA, Kaikoura, New Zealand",054,NA,Rural
"1608 WEST COAST ROAD, Kirwee, Selwyn, New Zealand",062,Kirwee,Rural
"229 Molloys Road, Waimate, Waimate, New Zealand",066,Waimate,Peri-urban (disputed)
"2 Dave Jamieson Lane, Addington, Christchurch City, New Zealand",060,Addington,Urban
"15A Champion Street, St Albans, Christchurch City, New Zealand",060,St Albans,Urban
"15 LONGORE WAY, Springston, Selwyn, New Zealand",062,Springston,Peri-urban (disputed)
"273-309 INLAND KAIKOURA ROAD, NA, Kaikoura, New Zealand",054,NA,Rural
"16 NORTH WEST ARCH, Twizel, Mackenzie, New Zealand",065,Twizel,Urban
"16 ROCHESTER CRESCENT, Rolleston, Selwyn, New Zealand",062,Rolleston,Urban
"NA, Glenpark, Waitaki (part), New Zealand",068,Glenpark,Peri-urban/Uncertain
"6 LANNER DRIVE, Rolleston, Selwyn, New Zealand",062,Rolleston,Urban
"11A Oldham Crescent, Oaklands, Christchurch City, New Zealand",060,Oaklands,Urban
"15 GODLEY STREET, Twizel, Mackenzie, New Zealand",065,Twizel,Urban
"13 OHAU ROAD, Twizel, Mackenzie, New Zealand",065,Twizel,Peri-urban (disputed)
"366 Lower Hook Road, Makikihi, Waimate, New Zealand",066,Makikihi,Rural
"76 SHEARWATER DRIVE, NA, Kaikoura, New Zealand",054,NA,Urban
"121 Harrison Street, NA, Ashburton, New Zealand",063,NA,Urban
"10 TE KANAWA LANE, Rolleston, Selwyn, New Zealand",062,Rolleston,Urban
"419 SCHOOLHOUSE ROAD, NA, Kaikoura, New Zealand",054,NA,Rural
"34 Rose Street, Spreydon, Christchurch City, New Zealand",060,Spreydon,Urban
"6 Bezar Green, Oaklands, Christchurch City, New Zealand",060,Oaklands,Urban
"24 Meadowstone Street, Gleniti, Timaru, Gleniti, Timaru, New Zealand",064,Gleniti,Urban
"34 ALBURY-FAIRLIE ROAD, Fairlie, Mackenzie, New Zealand",065,Fairlie,Rural
"258 FRASER ROAD, Albury, Mackenzie, New Zealand",065,Albury,Rural
"12 Nore Street, Oamaru North, Oamaru, Oamaru North, Waitaki (part), New Zealand",068,Oamaru North,Urban
"5 LUDLEY DRIVE, NA, Kaikoura, New Zealand",054,NA,Peri-urban/Uncertain
"10A TEMPLE DRIVE, Twizel, Mackenzie, New Zealand",065,Twizel,Urban
"38 Till Street, South Hill, Oamaru, South Hill, Waitaki (part), New Zealand",068,South Hill,Urban
"141 Garrymere Road, NA, Waimakariri, New Zealand",059,NA,Rural
"348 Mayfield Valetta Roa, NA, Ashburton, New Zealand",063,NA,Rural
"2/49 Marshland Road, Shirley, Christchurch City, New Zealand",060,Shirley,Urban
"0 Manchester Street, Waimate, Waimate, New Zealand",066,Waimate,Urban
"9 Rosebery Street, Spreydon, Christchurch City, New Zealand",060,Spreydon,Urban
"222 Raddens Road, NA, Waimakariri, New Zealand",059,NA,Rural
"123 Albert Street ASHBURTON, NA, Ashburton, New Zealand",063,NA,Peri-urban/Uncertain
"90 Warden Street, Richmond, Christchurch City, New Zealand",060,Richmond,Urban
"8 Saul Schrives Place, Waimate, Waimate, New Zealand",066,Waimate,Urban
"301 MUNRO ROAD, Cheviot, Hurunui, New Zealand",058,Cheviot,Rural
"23 PARNASSUS STREET, Waiau, Hurunui, New Zealand",058,Waiau,Peri-urban (disputed)
"155 Marshmans Road, NA, Waimakariri, New Zealand",059,NA,Rural
"1 Handley Crescent, Hornby, Christchurch City, New Zealand",060,Hornby,Urban
"135 IVERACHS ROAD, Waiau, Hurunui, New Zealand",058,Waiau,Rural
"3 Simmons Street, Redruth, Timaru, Redruth, Timaru, New Zealand",064,Redruth,Urban
"15 King Street, NA, Ashburton, New Zealand",063,NA,Urban
"358 Mill Road, NA, Waimakariri, New Zealand",059,NA,Rural
"24 Dunlops Road, NA, Waimakariri, New Zealand",059,NA,Rural
"11 Bush Street, NA, Waimakariri, New Zealand",059,NA,Urban
"45 McKenzie Street, Geraldine, Geraldine, Timaru, New Zealand",064,Geraldine,Urban
"50 OMAHAU CRESCENT, Twizel, Mackenzie, New Zealand",065,Twizel,Urban
"NA, Cormacks, Waitaki (part), New Zealand",068,Cormacks,Peri-urban/Uncertain
"12 Fox Street, Temuka, Temuka, Timaru, New Zealand",064,Temuka,Urban
"76 SOUTHFIELD DRIVE, Lincoln, Selwyn, New Zealand",062,Lincoln,Urban
"32 Avon Street, South Hill, Oamaru, South Hill, Waitaki (part), New Zealand",068,South Hill,Urban
"43 OLD MAIN NORTH ROAD, Leithfield, Hurunui, New Zealand",058,Leithfield,Peri-urban (disputed)
"20A Spiers Street, Kakanui, Oamaru, Kakanui, Waitaki (part), New Zealand",068,Kakanui,Rural
"26 Canterbury Street, NA, Waimakariri, New Zealand",059,NA,Peri-urban/Uncertain
"10B Tamarisk Place, Parklands, Christchurch City, New Zealand",060,Parklands,Urban
"59 Gammack Street, Temuka, Temuka, Timaru, New Zealand",064,Temuka,Urban
"51 Pentecost Road, NA, Waimakariri, New Zealand",059,NA,Rural
"74 Gressons Road, NA, Waimakariri, New Zealand",059,NA,Rural
"508 Bossu Road, Wainui, Christchurch City, New Zealand",060,Wainui,Urban
"6 Burnett Street, Oceanview, Timaru, Oceanview, Timaru, New Zealand",064,Oceanview,Urban
"382 Ward Road, Southburn, Waimate, New Zealand",066,Southburn,Rural
"15 HARRY WIGLEY DRIVE, Pukaki, Mackenzie, New Zealand",065,Pukaki,Peri-urban/Uncertain
"83 KIWA ROAD, NA, Kaikoura, New Zealand",054,NA,Rural
"244 GEORGES ROAD, Broomfield, Hurunui, New Zealand",058,Broomfield,Peri-urban (disputed)
"11 Seddon Street, Temuka, Temuka, Timaru, New Zealand",064,Temuka,Urban
"9 Bond Street, Waimate, Waimate, New Zealand",066,Waimate,Urban
"157 Kermode Street, NA, Ashburton, New Zealand",063,NA,Urban
"511 Lochheads Road, NA, Ashburton, New Zealand",063,NA,Rural
"MCINNES ROAD, NA, Kaikoura, New Zealand",054,NA,Rural
"42 Sterling Crescent, NA, Waimakariri, New Zealand",059,NA,Urban
"65 Rhodes Street, Waimate, Waimate, New Zealand",066,Waimate,Urban
"6 BULLER CRES, Otematata, Waitaki (part), New Zealand",068,Otematata,Peri-urban (disputed)
"3 JILLIAN LANE, Rolleston, Selwyn, New Zealand",062,Rolleston,Urban
"Methven Chertsey Roa, NA, Ashburton, New Zealand",063,NA,Rural
"6 MCRAE GARDENS, NA, Kaikoura, New Zealand",054,NA,Urban
"0, Waihao Downs, Waimate, New Zealand",066,Waihao Downs,Rural
"2488 Waimate Highway, Makikihi, Waimate, New Zealand",066,Makikihi,Rural
"13 TOTARA DRIVE, Twizel, Mackenzie, New Zealand",065,Twizel,Urban
"28 DENMARK STREET, Fairlie, Mackenzie, New Zealand",065,Fairlie,Peri-urban (disputed)
"49 Birkett Street, Temuka, Temuka, Timaru, New Zealand",064,Temuka,Urban
"110 Cormacks-Kia Ora Road, Cormacks, Oamaru, Cormacks, Waitaki (part), New Zealand",068,Cormacks,Peri-urban/Uncertain
"9 EDWARDS LANE, Lake Tekapo, Mackenzie, New Zealand",065,Lake Tekapo,Peri-urban (disputed)
"27 TE KEEPA ROAD, NA, Kaikoura, New Zealand",054,NA,Urban
"48 Strowan Avenue ASHBURTON, NA, Ashburton, New Zealand",063,NA,Peri-urban/Uncertain
"14A Clyde Street, Oamaru North, Oamaru, Oamaru North, Waitaki (part), New Zealand",068,Oamaru North,Urban
"19 HIGH STREET, Albury, Mackenzie, New Zealand",065,Albury,Peri-urban/Uncertain
"16 Woodside Road, NA, Waimakariri, New Zealand",059,NA,Urban
"NA, Reidston, Waitaki (part), New Zealand",068,Reidston,Peri-urban/Uncertain
"605 DOUBLE CORNER ROAD, Amberley, Hurunui, New Zealand",058,Amberley,Peri-urban (disputed)
"9 SUNRISE PLACE, NA, Kaikoura, New Zealand",054,NA,Peri-urban/Uncertain
"42 Kotare Avenue, NA, Waimakariri, New Zealand",059,NA,Urban
"103 SOUTH BAY PARADE, NA, Kaikoura, New Zealand",054,NA,Urban
"75 ASTROP ROAD, Hawarden, Hurunui, New Zealand",058,Hawarden,Rural
"626 MANUKA TERRACE, Ben Ohau, Mackenzie, New Zealand",065,Ben Ohau,Rural
"1/120C St Martins Road, St Martins, Christchurch City, New Zealand",060,St Martins,Urban
"32 MACKENZIE DRIVE, Twizel, Mackenzie, New Zealand",065,Twizel,Urban
"22 JOLLIES PASS ROAD, Hanmer Springs, Hurunui, New Zealand",058,Hanmer Springs,Urban
"53 Lower Sefton Road, NA, Waimakariri, New Zealand",059,NA,Urban
"18 GLENCAIRN ROAD, Twizel, Mackenzie, New Zealand",065,Twizel,Urban
"12 MONUMENT ROAD, Ashwick Flat, Mackenzie, New Zealand",065,Ashwick Flat,Rural
"6 Edward Stafford Avenue, Halswell, Christchurch City, New Zealand",060,Halswell,Urban
"35 PUKAKI PLACE, Twizel, Mackenzie, New Zealand",065,Twizel,Urban
"306 Tram Road, NA, Waimakariri, New Zealand",059,NA,Rural
"7/424 Manchester Street, St Albans, Christchurch City, New Zealand",060,St Albans,Urban
"1091 CLAYTON ROAD, Ashwick Flat, Mackenzie, New Zealand",065,Ashwick Flat,Rural
"NA, Hampden, Waitaki (part), New Zealand",068,Hampden,Urban
"46 KOTARE PLACE, NA, Kaikoura, New Zealand",054,NA,Peri-urban/Uncertain
"3 Guise Lane, Hoon Hay, Christchurch City, New Zealand",060,Hoon Hay,Urban
"50 OLD MAIN NORTH ROAD, NA, Hurunui, New Zealand",058,NA,Peri-urban/Uncertain
"97 Metehau Street, Marshland, Christchurch City, New Zealand",060,Marshland,Urban
"1342 SHANDS ROAD, Lincoln, Selwyn, New Zealand",062,Lincoln,Peri-urban (disputed)
"86 COURAGE ROAD, Amberley, Hurunui, New Zealand",058,Amberley,Peri-urban (disputed)
"STATION ROAD, NA, Kaikoura, New Zealand",054,NA,Rural
"238 MACKENZIE DRIVE, Twizel, Mackenzie, New Zealand",065,Twizel,Urban
"440 Thames Highway, Oamaru North, Oamaru, Oamaru North, Waitaki (part), New Zealand",068,Oamaru North,Urban
"10 HOPKINS ROAD, Twizel, Mackenzie, New Zealand",065,Twizel,Urban
"466 CURRAGHS ROAD, West Melton, Selwyn, New Zealand",062,West Melton,Peri-urban (disputed)
"4 CAVERHILL CRESCENT, Motunau Beach, Hurunui, New Zealand",058,Motunau Beach,Peri-urban (disputed)
"290 RED SWAMP ROAD, NA, Kaikoura, New Zealand",054,NA,Rural
"103 BEACH ROAD, NA, Kaikoura, New Zealand",054,NA,Urban
"1B Saul Schrives Place, Waimate, Waimate, New Zealand",066,Waimate,Urban
"56 Clarks Road, Reidston, Oamaru, Reidston, Waitaki (part), New Zealand",068,Reidston,Peri-urban/Uncertain
"226 Lyall Road, Saint Andrews, Waimate, New Zealand",066,Saint Andrews,Peri-urban (disputed)
"4 BEACH ROAD, Motunau Beach, Hurunui, New Zealand",058,Motunau Beach,Peri-urban (disputed)
"11 Sudbury Street, NA, Ashburton, New Zealand",063,NA,Urban
"48 Haven Street, Moeraki, Moeraki, Waitaki (part), New Zealand",068,Moeraki,Urban
"8 Williamson Place, NA, Ashburton, New Zealand",063,NA,Urban
"42 Macdonalds Lane, NA, Waimakariri, New Zealand",059,NA,Rural
"96 MAX SMITH DRIVE, Twizel, Mackenzie, New Zealand",065,Twizel,Peri-urban (disputed)
"7 MACAULAY PLACE, Twizel, Mackenzie, New Zealand",065,Twizel,Urban
"361 Hinds Highway ASHBURTON DISTRICT, NA, Ashburton, New Zealand",063,NA,Peri-urban/Uncertain
"13 Frederick Busch Crescent, NA, Waimakariri, New Zealand",059,NA,Peri-urban/Uncertain
"27 ANDREW DON DRIVE, Lake Tekapo, Mackenzie, New Zealand",065,Lake Tekapo,Peri-urban (disputed)
"32B NORTH WEST ARCH, Twizel, Mackenzie, New Zealand",065,Twizel,Urban
"976 KAIWARA ROAD, Ethelton - Letterbox Road, Hurunui, New Zealand",058,Ethelton - Letterbox Road,Rural
"22 Le Cren Street, Seaview, Timaru, Seaview, Timaru, New Zealand",064,Seaview,Urban
"169 Otipua Road, Watlington, Timaru, Watlington, Timaru, New Zealand",064,Watlington,Urban
"19 KILLARNEY STREET, NA, Kaikoura, New Zealand",054,NA,Urban
"29 John Street, Waimate, Waimate, New Zealand",066,Waimate,Urban
"123 SCHOOL ROAD, Fairlie, Mackenzie, New Zealand",065,Fairlie,Rural
"6 Bounty Street, Bryndwr, Christchurch City, New Zealand",060,Bryndwr,Urban
"541 Steffens Road, NA, Waimakariri, New Zealand",059,NA,Rural
"35 REGENT STREET, Fairlie, Mackenzie, New Zealand",065,Fairlie,Peri-urban (disputed)
"73 SOUTH BAY PARADE, NA, Kaikoura, New Zealand",054,NA,Rural
"1015 GLENMARK DRIVE, Waipara, Hurunui, New Zealand",058,Waipara,Rural
"66 C Northpark Road ASHBURTON, NA, Ashburton, New Zealand",063,NA,Peri-urban/Uncertain
"14 RANKIN RISE, Lake Tekapo, Mackenzie, New Zealand",065,Lake Tekapo,Peri-urban (disputed)
"53 TORQUAY STREET, NA, Kaikoura, New Zealand",054,NA,Urban
"25 HYNDS DRIVE, Rolleston, Selwyn, New Zealand",062,Rolleston,Urban
"27 Rhodes Street, Parkside, Timaru, Parkside, Timaru, New Zealand",064,Parkside,Urban
"NA, NA, Waimakariri, New Zealand",059,NA,Peri-urban/Uncertain
"12 Makikihi Station Road, Makikihi, Waimate, New Zealand",066,Makikihi,Rural
"41 Rowse Street, NA, Waimakariri, New Zealand",059,NA,Urban
"43 Denise Crescent, Hornby, Christchurch City, New Zealand",060,Hornby,Urban
"3 DEANS PLACE, Amberley, Hurunui, New Zealand",058,Amberley,Urban
"0 SPUR ROAD, Middle Valley, Mackenzie, New Zealand",065,Middle Valley,Rural
"109-115 BEACH ROAD, NA, Kaikoura, New Zealand",054,NA,Urban
"34 High Street, Waimate, Waimate, New Zealand",066,Waimate,Urban
"14 Breens Road, Bishopdale, Christchurch City, New Zealand",060,Bishopdale,Urban
"0 LAKE OHAU RD, Hopkins Valley, Waitaki (part), New Zealand",068,Hopkins Valley,Peri-urban/Uncertain
"6 Greta Street, South Hill, Oamaru, South Hill, Waitaki (part), New Zealand",068,South Hill,Urban
"1/23 Crofton Road, Bishopdale, Christchurch City, New Zealand",060,Bishopdale,Urban
"42 Greenhaven Drive, Burwood, Christchurch City, New Zealand",060,Burwood,Urban
"7 ED HILLARY DRIVE, Rolleston, Selwyn, New Zealand",062,Rolleston,Urban
"28 Belmont Avenue, NA, Waimakariri, New Zealand",059,NA,Urban
"111 Domain Avenue, Temuka, Temuka, Timaru, New Zealand",064,Temuka,Urban
"30 Harper Street, Parkside, Timaru, Parkside, Timaru, New Zealand",064,Parkside,Urban
"405 Chapmans Boundary Road, NA, Waimakariri, New Zealand",059,NA,Rural
"87 Bush Street, NA, Waimakariri, New Zealand",059,NA,Urban
"29 NEWCOMBES ROAD, Amberley, Hurunui, New Zealand",058,Amberley,Peri-urban (disputed)
"426 P HWAY 83, Benmore, Waitaki (part), New Zealand",068,Benmore,Rural
"447 MIDDLE VALLEY ROAD, Middle Valley, Mackenzie, New Zealand",065,Middle Valley,Rural
"10 Sasaram Lane, Cashmere, Christchurch City, New Zealand",060,Cashmere,Urban
"68 BEACH ROAD, NA, Kaikoura, New Zealand",054,NA,Urban
"12 Innes Street, Glenavy, Waimate, New Zealand",066,Glenavy,Peri-urban (disputed)
"152 Memorial Avenue, Burnside, Christchurch City, New Zealand",060,Burnside,Urban
"68 ANDREW DON DRIVE, Lake Tekapo, Mackenzie, New Zealand",065,Lake Tekapo,Rural
"13 REEVES STREET, Cheviot, Hurunui, New Zealand",058,Cheviot,Rural
"48 Monmouth Street, Hampden, Hampden, Waitaki (part), New Zealand",068,Hampden,Urban
"39 Princes Street, Waimate, Waimate, New Zealand",066,Waimate,Peri-urban (disputed)
"57 GEORGE STREET, Rotherham, Hurunui, New Zealand",058,Rotherham,Peri-urban (disputed)
"3A Regina Lane, Oamaru North, Oamaru, Oamaru North, Waitaki (part), New Zealand",068,Oamaru North,Urban
"MCLAUGHLINS ROAD, Darfield, Selwyn, New Zealand",062,Darfield,Urban
"197 Manchesters Road, Waimate, Waimate, New Zealand",066,Waimate,Peri-urban (disputed)
"142 Soleares Avenue, McCormacks Bay, Christchurch City, New Zealand",060,McCormacks Bay,Urban
"33A Park Lane, Highfield, Timaru, Highfield, Timaru, New Zealand",064,Highfield,Urban
"1/78 Southampton Street, Sydenham, Christchurch City, New Zealand",060,Sydenham,Urban
"4 TEKAPO DRIVE, Twizel, Mackenzie, New Zealand",065,Twizel,Urban
"7 Bidwill Street, Seaview, Timaru, Seaview, Timaru, New Zealand",064,Seaview,Urban
"17 SIEGERTS ROAD, Kimbell, Mackenzie, New Zealand",065,Kimbell,Rural
"2305 South Eyre Road, NA, Waimakariri, New Zealand",059,NA,Rural
"84 Gunns Road, Makikihi, Waimate, New Zealand",066,Makikihi,Rural
"15 CAVERHILL CLOSE, Hanmer Springs, Hurunui, New Zealand",058,Hanmer Springs,Urban
"NA, Oamaru North, Waitaki (part), New Zealand",068,Oamaru North,Urban
"52 KEMBLE DRIVE, Springston, Selwyn, New Zealand",062,Springston,Peri-urban (disputed)
"61 HILTON DRIVE, Amberley, Hurunui, New Zealand",058,Amberley,Urban
"19 Nehru Place, Cashmere, Christchurch City, New Zealand",060,Cashmere,Urban
"4 LOE PLACE, Amberley, Hurunui, New Zealand",058,Amberley,Urban
"17 Craigie Avenue, Parkside, Timaru, Parkside, Timaru, New Zealand",064,Parkside,Urban
"14 VALLEY ROAD, Greta Valley, Hurunui, New Zealand",058,Greta Valley,Urban
"43 Champions Road, Waimate, Waimate, New Zealand",066,Waimate,Peri-urban (disputed)
"179 Eden Street, Oamaru, Oamaru, Waitaki (part), New Zealand",068,Oamaru,Urban
"45 Bayliss Drive, NA, Waimakariri, New Zealand",059,NA,Urban
"20 Mahars Road, Mairehau, Christchurch City, New Zealand",060,Mairehau,Urban
"77 White Street, NA, Waimakariri, New Zealand",059,NA,Urban
"24 FIFETUSCAN WAY, Lincoln, Selwyn, New Zealand",062,Lincoln,Urban
"Lucks Road, Waimate, Waimate, New Zealand",066,Waimate,Peri-urban (disputed)
"59 Laughton Street, Washdyke, Timaru, Washdyke, Timaru, New Zealand",064,Washdyke,Urban
"172 BEACH ROAD, NA, Kaikoura, New Zealand",054,NA,Urban
"1/5 Chislehurst Place, Bryndwr, Christchurch City, New Zealand",060,Bryndwr,Urban
"72 Le Cren Street, Seaview, Timaru, Seaview, Timaru, New Zealand",064,Seaview,Urban
"9 McMullan Place, Oamaru North, Oamaru, Oamaru North, Waitaki (part), New Zealand",068,Oamaru North,Urban
"1863 North Eyre Road, NA, Waimakariri, New Zealand",059,NA,Rural
"38 Nen Street, Oamaru, Oamaru, Waitaki (part), New Zealand",068,Oamaru,Urban
"NA, Herbert, Waitaki (part), New Zealand",068,Herbert,Rural
"3/72 Longfellow Street, Sydenham, Christchurch City, New Zealand",060,Sydenham,Urban
"6 Maces Road, Bromley, Christchurch City, New Zealand",060,Bromley,Urban
"252 GIBBS ROAD, Greta Valley, Hurunui, New Zealand",058,Greta Valley,Rural
"100 King Street, NA, Waimakariri, New Zealand",059,NA,Urban
"5 Holmes Street, Holmes Hill, Oamaru, Holmes Hill, Waitaki (part), New Zealand",068,Holmes Hill,Urban
"0 TONDROS ROAD, Fairlie, Mackenzie, New Zealand",065,Fairlie,Peri-urban (disputed)
"3 Taylor Street, Kensington, Timaru, Kensington, Timaru, New Zealand",064,Kensington,Urban
"8 O'CARROLLS ROAD, Hawarden, Hurunui, New Zealand",058,Hawarden,Rural
"11 DOVER STREET, Leithfield, Hurunui, New Zealand",058,Leithfield,Peri-urban (disputed)
"163 MACKENZIE DRIVE, Twizel, Mackenzie, New Zealand",065,Twizel,Urban
"209 Gladstone Road, NA, Waimakariri, New Zealand",059,NA,Urban
"COLERIDGE ROAD, Windwhistle, Selwyn, New Zealand",062,Windwhistle,Urban
"19 ST JAMES AVENUE, Hanmer Springs, Hurunui, New Zealand",058,Hanmer Springs,Urban
"264 Waihaorunga Road, Waihaorunga, Waimate, New Zealand",066,Waihaorunga,Rural
"27 Rhodes Street, Waimate, Waimate, New Zealand",066,Waimate,Urban
"31 Laughton Street, Washdyke, Timaru, Washdyke, Timaru, New Zealand",064,Washdyke,Urban
"1381 Hakataramea Highway, Waihao Downs, Waimate, New Zealand",066,Waihao Downs,Rural
"11 HAWTHORNE ROAD, NA, Kaikoura, New Zealand",054,NA,Rural
"GREENPARK ROAD, Lincoln, Selwyn, New Zealand",062,Lincoln,Peri-urban (disputed)
"128 Julloch Road, RD 22, Geraldine, Orari, Timaru, New Zealand",064,Orari,Rural
"33 FAIRHALL STREET, Rolleston, Selwyn, New Zealand",062,Rolleston,Urban
"1/35 Juniper Place, Burnside, Christchurch City, New Zealand",060,Burnside,Urban
"4 KIWI STREET, NA, Kaikoura, New Zealand",054,NA,Urban
"Rawles Crossing Road, NA, Ashburton, New Zealand",063,NA,Rural
"1/4A Trafalgar Street, Maori Hill, Timaru, Maori Hill, Timaru, New Zealand",064,Maori Hill,Urban
"49 Bishopsworth Street, Hillsborough, Christchurch City, New Zealand",060,Hillsborough,Urban
"42 MASEFIELD DRIVE, Rolleston, Selwyn, New Zealand",062,Rolleston,Urban
"933 German Road, NA, Waimakariri, New Zealand",059,NA,Rural
"25 Golf Links Drive, NA, Ashburton, New Zealand",063,NA,Rural
"104 Sullivans Road, Saint Andrews, Waimate, New Zealand",066,Saint Andrews,Peri-urban (disputed)
"139 Middle Road, NA, Ashburton, New Zealand",063,NA,Urban
"53 Rahera Street, Spreydon, Christchurch City, New Zealand",060,Spreydon,Urban
"33 Cross Street, NA, Ashburton, New Zealand",063,NA,Urban
"42 KAITORETE DRIVE, Lincoln, Selwyn, New Zealand",062,Lincoln,Urban
"691 TANCREDS ROAD, Lincoln, Selwyn, New Zealand",062,Lincoln,Peri-urban (disputed)
"90B Gleniti Road, Gleniti, Timaru, Gleniti, Timaru, New Zealand",064,Gleniti,Urban
"160 Main Street, NA, Ashburton, New Zealand",063,NA,Rural
"497 SPRINGSTON ROLLESTON ROAD, Rolleston, Selwyn, New Zealand",062,Rolleston,Urban
"147 MACKENZIE DRIVE, Twizel, Mackenzie, New Zealand",065,Twizel,Urban
"30 OSTLER ROAD, Twizel, Mackenzie, New Zealand",065,Twizel,Urban
"43 THORNBOROUGH DRIVE, Rolleston, Selwyn, New Zealand",062,Rolleston,Urban
"681 Longbeach Road, NA, Ashburton, New Zealand",063,NA,Rural
"3 Gothic Place, Ilam, Christchurch City, New Zealand",060,Ilam,Urban
"24 Harris Street, Waimate, Waimate, New Zealand",066,Waimate,Urban
"20 Hanrahan Street, NA, Ashburton, New Zealand",063,NA,Urban
"301 Forks Road, NA, Ashburton, New Zealand",063,NA,Rural
"32 BARNES ROAD, Lincoln, Selwyn, New Zealand",062,Lincoln,Peri-urban (disputed)
"4 Harborough Street, Watlington, Timaru, Watlington, Timaru, New Zealand",064,Watlington,Urban
"1/30 Mathers Road, Hoon Hay, Christchurch City, New Zealand",060,Hoon Hay,Urban
"32 MOODY STREET, Gore Bay, Hurunui, New Zealand",058,Gore Bay,Peri-urban (disputed)
"NA, NA, Kaikoura, New Zealand",054,NA,Peri-urban/Uncertain
"54 Till Street, South Hill, Oamaru, South Hill, Waitaki (part), New Zealand",068,South Hill,Urban
"NA, Waimate, Waimate, New Zealand",066,Waimate,Urban
"60 Sneyd Street, NA, Waimakariri, New Zealand",059,NA,Urban
"61 Ranui Avenue, Waimataitai, Timaru, Waimataitai, Timaru, New Zealand",064,Waimataitai,Urban
"146 GLEN LYON ROAD, Twizel, Mackenzie, New Zealand",065,Twizel,Urban
"26 FRASER CRESCENT, Twizel, Mackenzie, New Zealand",065,Twizel,Urban
"DUNNS CROSSING ROAD, Rolleston, Selwyn, New Zealand",062,Rolleston,Peri-urban (disputed)
"86 ESPLANADE, NA, Kaikoura, New Zealand",054,NA,Urban
"12 KOWHAI FORD ROAD, NA, Kaikoura, New Zealand",054,NA,Rural
"301 Waikakahi Valley Road, Ikawai, Waimate, New Zealand",066,Ikawai,Rural
"SHEARWATER DRIVE, NA, Kaikoura, New Zealand",054,NA,Rural
"182 Spur Road, RD 5, Timaru, Hadlow, Timaru, New Zealand",064,Hadlow,Peri-urban/Uncertain
"54 Holliss Avenue, Cashmere, Christchurch City, New Zealand",060,Cashmere,Urban
"52 Princes Street, NA, Ashburton, New Zealand",063,NA,Urban
"18 JOZECOM PLACE, Rolleston, Selwyn, New Zealand",062,Rolleston,Urban
"141 McHughs Road, NA, Waimakariri, New Zealand",059,NA,Peri-urban/Uncertain
"34 Miller Avenue, NA, Ashburton, New Zealand",063,NA,Urban
"8 Buchanan Street, Parkside, Timaru, Parkside, Timaru, New Zealand",064,Parkside,Urban
"107 High Street, NA, Waimakariri, New Zealand",059,NA,Urban
"0 Thackeray Street, Saint Andrews, Waimate, New Zealand",066,Saint Andrews,Urban
"57 OHAU DR, Lake Ohau, Waitaki (part), New Zealand",068,Lake Ohau,Peri-urban/Uncertain
"34 LAKE HILLS ROAD, NA, Kaikoura, New Zealand",054,NA,Rural
"10 JOCKS TERRACE, Twizel, Mackenzie, New Zealand",065,Twizel,Urban
"15 Wyber Place, NA, Waimakariri, New Zealand",059,NA,Urban
"83 CHALET CRESCENT, Hanmer Springs, Hurunui, New Zealand",058,Hanmer Springs,Urban
"53 Belt Street, Waimate, Waimate, New Zealand",066,Waimate,Urban
"1046 PUHI PUHI ROAD, NA, Kaikoura, New Zealand",054,NA,Rural
"135 Seadown Road, Washdyke, Timaru, Washdyke, Timaru, New Zealand",064,Washdyke,Peri-urban (disputed)
"37 ST JAMES STREET, Southbridge, Selwyn, New Zealand",062,Southbridge,Peri-urban (disputed)
"221 AMBERLEY BEACH ROAD, Amberley, Hurunui, New Zealand",058,Amberley,Peri-urban (disputed)
"63 FAIRLIE-TEKAPO ROAD, Fairlie, Mackenzie, New Zealand",065,Fairlie,Rural
"171 A Grove Street TINWALD, ASHBURTON, NA, Ashburton, New Zealand",063,NA,Peri-urban/Uncertain
"51 WAITANE ROAD, NA, Kaikoura, New Zealand",054,NA,Peri-urban/Uncertain
"0 MIDDLE VALLEY ROAD, Middle Valley, Mackenzie, New Zealand",065,Middle Valley,Rural
"34 HAWTHORNE ROAD, NA, Kaikoura, New Zealand",054,NA,Rural
"59 Gray Crescent, NA, Waimakariri, New Zealand",059,NA,Urban
"60C Victoria Street, Parkside, Timaru, Parkside, Timaru, New Zealand",064,Parkside,Urban
"10 FAIRFORD STREET, Springston, Selwyn, New Zealand",062,Springston,Peri-urban (disputed)
"5 Archibald Street, NA, Ashburton, New Zealand",063,NA,Rural
"206 German Road, NA, Waimakariri, New Zealand",059,NA,Rural
"74 Harper Street, Parkside, Timaru, Parkside, Timaru, New Zealand",064,Parkside,Urban
"14 GODLEY STREET, Twizel, Mackenzie, New Zealand",065,Twizel,Urban
"TRELISSICK LOOP, Castle Hill, Selwyn, New Zealand",062,Castle Hill,Peri-urban (disputed)
"0 MANUKA TERRACE, Ben Ohau, Mackenzie, New Zealand",065,Ben Ohau,Rural
"17 Yellowlees Drive, NA, Waimakariri, New Zealand",059,NA,Urban
"5 Gladstone Road, NA, Waimakariri, New Zealand",059,NA,Urban
"167 Bordesley Street, Linwood, Christchurch City, New Zealand",060,Linwood,Urban
"157 SOUTH BAY PARADE, NA, Kaikoura, New Zealand",054,NA,Urban
"20 TASMAN RD, Otematata, Waitaki (part), New Zealand",068,Otematata,Peri-urban (disputed)
"201 Walnut Avenue, NA, Ashburton, New Zealand",063,NA,Urban
"53B High Street, Waimate, Waimate, New Zealand",066,Waimate,Urban
"315 ST LEONARDS ROAD, Culverden, Hurunui, New Zealand",058,Culverden,Peri-urban (disputed)
"612 MONAVALE ROAD, Albury, Mackenzie, New Zealand",065,Albury,Rural
"20 Awamoa Road, Holmes Hill, Oamaru, Holmes Hill, Waitaki (part), New Zealand",068,Holmes Hill,Urban
"7 ELIZABETH SQUARE, Leithfield Beach, Hurunui, New Zealand",058,Leithfield Beach,Rural
"18 DAVIDSON TERRACE, NA, Kaikoura, New Zealand",054,NA,Urban
"22 Suva Street, Upper Riccarton, Christchurch City, New Zealand",060,Upper Riccarton,Urban
"35 GODLEY STREET, Twizel, Mackenzie, New Zealand",065,Twizel,Urban
"9 RADCOT DRIVE, Rolleston, Selwyn, New Zealand",062,Rolleston,Urban
"56 DYNES ROAD, Rolleston, Selwyn, New Zealand",062,Rolleston,Urban
"21 Helicon Street, NA, Waimakariri, New Zealand",059,NA,Urban
"76 Le Cren Street, Seaview, Timaru, Seaview, Timaru, New Zealand",064,Seaview,Urban
"56 EARTHQUAKE ROAD, Duntroon, Waitaki (part), New Zealand",068,Duntroon,Rural
"Evans Street, Waimataitai, Timaru, Waimataitai, Timaru, New Zealand",064,Waimataitai,Urban
"1-5/18 Trafalgar Street, Maori Hill, Timaru, Maori Hill, Timaru, New Zealand",064,Maori Hill,Urban
"75 FAULKS DRIVE, Lincoln, Selwyn, New Zealand",062,Lincoln,Urban
"227 Blandswood Road, RD 22, Geraldine, Peel Forest, Timaru, New Zealand",064,Peel Forest,Peri-urban/Uncertain
"15 WEST BELT, Lincoln, Selwyn, New Zealand",062,Lincoln,Urban
"6/51 Hills Road, St Albans, Christchurch City, New Zealand",060,St Albans,Urban
"239 SCHOOLHOUSE ROAD, NA, Kaikoura, New Zealand",054,NA,Rural
"NA, Rolleston, Selwyn, New Zealand",062,Rolleston,Urban
"14 AUSTIN STREET, NA, Kaikoura, New Zealand",054,NA,Urban
"9 Poulton Avenue, Richmond, Christchurch City, New Zealand",060,Richmond,Urban
"23 Elizabeth Street, NA, Ashburton, New Zealand",063,NA,Urban
"15 Teviot Street, Oamaru North, Oamaru, Oamaru North, Waitaki (part), New Zealand",068,Oamaru North,Urban
"77 Williams Street, NA, Waimakariri, New Zealand",059,NA,Urban
"11 SOUTH BAY PARADE, NA, Kaikoura, New Zealand",054,NA,Urban
"11 MARVELL LANE, Rolleston, Selwyn, New Zealand",062,Rolleston,Urban
"33 Braebrook Drive, NA, Ashburton, New Zealand",063,NA,Urban
"87 Wakanui School Road, NA, Ashburton, New Zealand",063,NA,Rural
"2 Ash Street, Central City, Christchurch City, New Zealand",060,Central City,Urban
"2/122 North Street, Seaview, Timaru, Parkside, Timaru, New Zealand",064,Parkside,Urban
"721 SLEEMANS ROAD, Windwhistle, Selwyn, New Zealand",062,Windwhistle,Rural
"85 Wakanui Road, NA, Ashburton, New Zealand",063,NA,Urban
"25 Leonard Street, Waimate, Waimate, New Zealand",066,Waimate,Urban
"1 Herbert Street, Waimate, Waimate, New Zealand",066,Waimate,Urban
"6 Wilson Street, Geraldine, Geraldine, Timaru, New Zealand",064,Geraldine,Urban
"24 PIONEER DRIVE, Lake Tekapo, Mackenzie, New Zealand",065,Lake Tekapo,Peri-urban (disputed)
"2 Kelson Road, Gleniti, Timaru, Gleniti, Timaru, New Zealand",064,Gleniti,Urban
"28 CORNWALL LANE, Kirwee, Selwyn, New Zealand",062,Kirwee,Rural
"7 Spencerville Road, Spencerville, Christchurch City, New Zealand",060,Spencerville,Rural
"219 Geraldine-Arundel Road, RD 22, Geraldine, Rangitata, Timaru, New Zealand",064,Rangitata,Rural
"11 Chambers Avenue, NA, Waimakariri, New Zealand",059,NA,Urban
"6 Herbert Street, Waimate, Waimate, New Zealand",066,Waimate,Urban
"1/45 Alexandra Street, Richmond, Christchurch City, New Zealand",060,Richmond,Urban
"1 Greenfield Mews, NA, Waimakariri, New Zealand",059,NA,Urban
"19 Hakatere Drive, NA, Ashburton, New Zealand",063,NA,Urban
"3 TAKAHANGA TERRACE, NA, Kaikoura, New Zealand",054,NA,Urban
"3 ARGYLL STREET, Fairlie, Mackenzie, New Zealand",065,Fairlie,Peri-urban (disputed)
"113 Cameron Street, NA, Ashburton, New Zealand",063,NA,Urban
"159 North Avon Road, Richmond, Christchurch City, New Zealand",060,Richmond,Urban
"43 TEMPLE DRIVE, Twizel, Mackenzie, New Zealand",065,Twizel,Urban
"313 Tara Hill Road, Elephant Hill, Waimate, New Zealand",066,Elephant Hill,Rural
"2 Beal Place, NA, Waimakariri, New Zealand",059,NA,Urban
"72 Hume Street, Sydenham, Christchurch City, New Zealand",060,Sydenham,Urban
"15 Clyde Street, Oamaru North, Oamaru, Oamaru North, Waitaki (part), New Zealand",068,Oamaru North,Urban
"65 Tokarahi-Ngapara Road, Ngapara, Oamaru, Ngapara, Waitaki (part), New Zealand",068,Ngapara,Peri-urban/Uncertain
"23 Herridge Street, NA, Waimakariri, New Zealand",059,NA,Urban
"9 PAHAU STREET, Culverden, Hurunui, New Zealand",058,Culverden,Peri-urban (disputed)
"6 Aroha Street, NA, Waimakariri, New Zealand",059,NA,Urban
"13 Arun Street, South Hill, Oamaru, South Hill, Waitaki (part), New Zealand",068,South Hill,Urban
"9 Aviation Avenue, NA, Waimakariri, New Zealand",059,NA,Rural
"2 EALING LANE, Darfield, Selwyn, New Zealand",062,Darfield,Urban
"180 BEACH ROAD, NA, Kaikoura, New Zealand",054,NA,Urban
"434 Thames Highway, Oamaru North, Oamaru, Oamaru North, Waitaki (part), New Zealand",068,Oamaru North,Urban
"51 BEACH ROAD, NA, Kaikoura, New Zealand",054,NA,Peri-urban/Uncertain
"78 Wansbeck Street, Oamaru, Oamaru, Waitaki (part), New Zealand",068,Oamaru,Urban
"26 Paul Street, Waimate, Waimate, New Zealand",066,Waimate,Urban
"71 Salisbury Crescent, Oamaru North, Oamaru, Oamaru North, Waitaki (part), New Zealand",068,Oamaru North,Urban
"11 Haynes Avenue, Upper Riccarton, Christchurch City, New Zealand",060,Upper Riccarton,Urban
"15 Chalmers Street, Highfield, Timaru, Highfield, Timaru, New Zealand",064,Highfield,Urban
"438 Campbell & Forrests Road, Otaio, Waimate, New Zealand",066,Otaio,Rural
"4 MCCAHON LANE, Rolleston, Selwyn, New Zealand",062,Rolleston,Urban
"48 Hopkins Street, Gleniti, Timaru, Gleniti, Timaru, New Zealand",064,Gleniti,Urban
"10 Ouse Street, Oamaru, Oamaru, Waitaki (part), New Zealand",068,Oamaru,Urban
"9 SCHOOL ROAD, Fairlie, Mackenzie, New Zealand",065,Fairlie,Peri-urban (disputed)
"WEST COAST ROAD, Darfield, Selwyn, New Zealand",062,Darfield,Peri-urban (disputed)
"15 TE WANIKAU STREET, NA, Kaikoura, New Zealand",054,NA,Urban
"82 Thomson Street, NA, Ashburton, New Zealand",063,NA,Peri-urban/Uncertain
"SHEARWATER DRIVE, NA, Kaikoura, New Zealand",054,NA,Peri-urban/Uncertain
"11 Bowie Drive, NA, Waimakariri, New Zealand",059,NA,Urban
"15 John Street, Waimate, Waimate, New Zealand",066,Waimate,Urban
"25 Bakers Road, Waimate, Waimate, New Zealand",066,Waimate,Urban
"23 Kiwi Drive, Highfield, Timaru, Highfield, Timaru, New Zealand",064,Highfield,Urban
"3 Farnham Street, Oamaru North, Oamaru, Oamaru North, Waitaki (part), New Zealand",068,Oamaru North,Urban
"50 Barrett Road, RD 3, Timaru, Seadown, Timaru, New Zealand",064,Seadown,Urban
"18 HAWTHORNE ROAD, NA, Kaikoura, New Zealand",054,NA,Urban
"33 Settlement Road, Waimate, Waimate, New Zealand",066,Waimate,Peri-urban (disputed)
"153 Spur Road, RD 5, Timaru, Hadlow, Timaru, New Zealand",064,Hadlow,Rural
"STATE HIGHWAY 1, NA, Kaikoura, New Zealand",054,NA,Urban
"71 Hayton Road, Sockburn, Christchurch City, New Zealand",060,Sockburn,Urban
"58 Arahura Road, NA, Waimakariri, New Zealand",059,NA,Peri-urban/Uncertain
"78 CONICAL HILL ROAD, Hanmer Springs, Hurunui, New Zealand",058,Hanmer Springs,Urban
"3 JOLLIE ROAD, Twizel, Mackenzie, New Zealand",065,Twizel,Urban
"12 Mckerrow Street, NA, Ashburton, New Zealand",063,NA,Urban
"39 HALPIN DRIVE, Lincoln, Selwyn, New Zealand",062,Lincoln,Urban
"36 CHURCHILL STREET, NA, Kaikoura, New Zealand",054,NA,Urban
"12 Hawkins Place, NA, Waimakariri, New Zealand",059,NA,Urban
"2922 Waimate Highway, Waimate, Waimate, New Zealand",066,Waimate,Peri-urban (disputed)
"DAIRY FARM ROAD, NA, Kaikoura, New Zealand",054,NA,Peri-urban/Uncertain
"2 Gainsford Mews (Pvt), NA, Waimakariri, New Zealand",059,NA,Urban
"3 James Street, Waimate, Waimate, New Zealand",066,Waimate,Peri-urban (disputed)
"98 Mulcocks Road, NA, Waimakariri, New Zealand",059,NA,Rural
"48A Rocking Horse Road, Southshore, Christchurch City, New Zealand",060,Southshore,Urban
"42 RHOBORO ROAD, Twizel, Mackenzie, New Zealand",065,Twizel,Urban
"15 ALLAN STREET, Lake Tekapo, Mackenzie, New Zealand",065,Lake Tekapo,Peri-urban (disputed)
"62 Stanley Road, NA, Ashburton, New Zealand",063,NA,Rural
"44 SCARBOROUGH TERRACE, NA, Hurunui, New Zealand",058,NA,Urban
"26 Adian Way, NA, Waimakariri, New Zealand",059,NA,Rural
"1-2/50 Wai-iti Road, Highfield, Timaru, Maori Hill, Timaru, New Zealand",064,Maori Hill,Urban
"0 LILYBANK ROAD, Peel Forest, Mackenzie, New Zealand",065,Peel Forest,Peri-urban/Uncertain
"75 HARNETTS ROAD, NA, Kaikoura, New Zealand",054,NA,Rural
"35 ANDREW DON DRIVE, Lake Tekapo, Mackenzie, New Zealand",065,Lake Tekapo,Peri-urban (disputed)
"37 Mt Darchiac Drive, NA, Ashburton, New Zealand",063,NA,Urban
"2/15 Bradford Avenue, Beckenham, Christchurch City, New Zealand",060,Beckenham,Urban
"8 Caernarvon Street, Waimate, Waimate, New Zealand",066,Waimate,Urban
"12 Browning Street, Winchester, Winchester, Timaru, New Zealand",064,Winchester,Peri-urban (disputed)
"NA, NA, Ashburton, New Zealand",063,NA,Peri-urban/Uncertain
"23 HIGH STREET, Albury, Mackenzie, New Zealand",065,Albury,Urban
"508 MANUKA TERRACE, Ben Ohau, Mackenzie, New Zealand",065,Ben Ohau,Rural
"344 Parsons Road, Weston, Oamaru, Weston, Waitaki (part), New Zealand",068,Weston,Urban
"81 Bickerton Street, Wainoni, Christchurch City, New Zealand",060,Wainoni,Peri-urban (disputed)
"2 DEVON STREET, Hanmer Springs, Hurunui, New Zealand",058,Hanmer Springs,Urban
"0 BRAEMAR ROAD, Tekapo, Mackenzie, New Zealand",065,Tekapo,Rural
"124 Loburn Kowai Road, NA, Waimakariri, New Zealand",059,NA,Rural
"7 DEVON CRESCENT, Darfield, Selwyn, New Zealand",062,Darfield,Urban
"NA, Macraes, Waitaki (part), New Zealand",068,Macraes,Peri-urban/Uncertain
"24 Forth Street, Oamaru North, Oamaru, Oamaru North, Waitaki (part), New Zealand",068,Oamaru North,Urban
"KOWHAI FORD ROAD, NA, Kaikoura, New Zealand",054,NA,Rural
"42 AMURI AVENUE, Hanmer Springs, Hurunui, New Zealand",058,Hanmer Springs,Peri-urban (disputed)
"341 King Street, Temuka, Temuka, Timaru, New Zealand",064,Temuka,Urban
"2/16 Grove Road, Addington, Christchurch City, New Zealand",060,Addington,Urban
"5 DAKOTA DRIVE, Pukaki, Mackenzie, New Zealand",065,Pukaki,Peri-urban/Uncertain
"9 PEAK DRIVE, Twizel, Mackenzie, New Zealand",065,Twizel,Urban
"14 Gorge Road, Waimate, Waimate, New Zealand",066,Waimate,Urban
"104 Hills Road, Richmond, Christchurch City, New Zealand",060,Richmond,Urban
"14 TEMPLE DRIVE, Twizel, Mackenzie, New Zealand",065,Twizel,Urban
"601 MADDISONS ROAD, Rolleston, Selwyn, New Zealand",062,Rolleston,Peri-urban (disputed)
"38 POSTMANS ROAD, NA, Kaikoura, New Zealand",054,NA,Rural
"42 Southbrook Road, NA, Waimakariri, New Zealand",059,NA,Urban
"4 EYAS DRIVE, Rolleston, Selwyn, New Zealand",062,Rolleston,Urban
"2 DENTON STREET, Amberley, Hurunui, New Zealand",058,Amberley,Urban
"35 IRISHMAN DRIVE, Twizel, Mackenzie, New Zealand",065,Twizel,Urban
"6 Busby Place, NA, Waimakariri, New Zealand",059,NA,Urban
"18 TAKAHANGA TERRACE, NA, Kaikoura, New Zealand",054,NA,Urban
"16 Pine Avenue, NA, Waimakariri, New Zealand",059,NA,Urban
"14 SALEYARD DRIVE, Amberley, Hurunui, New Zealand",058,Amberley,Urban
"HARNETTS ROAD, NA, Kaikoura, New Zealand",054,NA,Rural
"16 RETALLICK WAY, Amberley, Hurunui, New Zealand",058,Amberley,Urban
"156 Wilkins Road, NA, Ashburton, New Zealand",063,NA,Rural
"0 Dog Kennel Road, Ikawai, Waimate, New Zealand",066,Ikawai,Rural
"3518 STATE HIGHWAY 1, NA, Kaikoura, New Zealand",054,NA,Peri-urban/Uncertain
"1013 Cracroft Maronan Roa, NA, Ashburton, New Zealand",063,NA,Rural
"47 Leeston Street, NA, Ashburton, New Zealand",063,NA,Urban
"952 MEDBURY ROAD, Medbury, Hurunui, New Zealand",058,Medbury,Peri-urban/Uncertain
"72 Alford Forest Road, NA, Ashburton, New Zealand",063,NA,Urban
"16 Inch Crescent, NA, Waimakariri, New Zealand",059,NA,Urban
"65 Beach Road East, NA, Ashburton, New Zealand",063,NA,Rural
"47 EBENEZER DRIVE, Lincoln, Selwyn, New Zealand",062,Lincoln,Urban
"4 Bignell Lane, Glenavy, Waimate, New Zealand",066,Glenavy,Rural
"273 Spur Road, RD 5, Timaru, Hadlow, Timaru, New Zealand",064,Hadlow,Rural
"49 LUDSTONE ROAD, NA, Kaikoura, New Zealand",054,NA,Peri-urban/Uncertain
"23 Lowe Place, NA, Waimakariri, New Zealand",059,NA,Urban
"65 Elizabeth Street, NA, Ashburton, New Zealand",063,NA,Urban
"7 Burgess Street, Pleasant Point, Pleasant Point, Timaru, New Zealand",064,Pleasant Point,Urban
"29 KAITORETE DRIVE, Lincoln, Selwyn, New Zealand",062,Lincoln,Urban
"25 Armour Place, Halswell, Christchurch City, New Zealand",060,Halswell,Urban
"2667 Waimate Highway, Waimate, Waimate, New Zealand",066,Waimate,Peri-urban (disputed)
"39 Normanby Road, RD 1, Timaru, Normanby, Timaru, New Zealand",064,Normanby,Peri-urban/Uncertain
"4 BATH STREET, Hanmer Springs, Hurunui, New Zealand",058,Hanmer Springs,Urban
"16 Kerr Street, NA, Ashburton, New Zealand",063,NA,Urban
"219 RED SWAMP ROAD, NA, Kaikoura, New Zealand",054,NA,Rural
"208 PURCHAS ROAD, Broomfield, Hurunui, New Zealand",058,Broomfield,Peri-urban (disputed)
"17 TOWNEND STREET, Waipara, Hurunui, New Zealand",058,Waipara,Peri-urban (disputed)
"150 BEACH ROAD, NA, Kaikoura, New Zealand",054,NA,Urban
"70 CHALET CRESCENT, Hanmer Springs, Hurunui, New Zealand",058,Hanmer Springs,Urban
"13 CHELTENHAM STREET, Hanmer Springs, Hurunui, New Zealand",058,Hanmer Springs,Urban
"25 WALTER PLACE, Kirwee, Selwyn, New Zealand",062,Kirwee,Peri-urban (disputed)
"24 Hill View Crescent, Highfield, Timaru, Highfield, Timaru, New Zealand",064,Highfield,Urban
"34 Adian Way, NA, Waimakariri, New Zealand",059,NA,Rural
"STATION ROAD, NA, Kaikoura, New Zealand",054,NA,Rural
"3495 P HWAY 83, Duntroon, Waitaki (part), New Zealand",068,Duntroon,Rural
"51 MT CASS ROAD, Waipara, Hurunui, New Zealand",058,Waipara,Rural
"7 DENIMES CRESCENT, Rolleston, Selwyn, New Zealand",062,Rolleston,Urban
"3 CAREW COMMON, Rolleston, Selwyn, New Zealand",062,Rolleston,Urban
"5 ORCHISTON WAY, Lincoln, Selwyn, New Zealand",062,Lincoln,Urban
"10 MISTAKE DRIVE, Lake Tekapo, Mackenzie, New Zealand",065,Lake Tekapo,Rural
"117 KIWA ROAD, NA, Kaikoura, New Zealand",054,NA,Rural
"20 Kauri Street, Riccarton, Christchurch City, New Zealand",060,Riccarton,Urban
"9 GRETA VALLEY WALKWAY ROAD, Greta Valley, Hurunui, New Zealand",058,Greta Valley,Urban
"31 Braddon Street, Saint Andrews, Waimate, New Zealand",066,Saint Andrews,Urban
"2865 COALTRACK ROAD, Coalgate, Selwyn, New Zealand",062,Coalgate,Rural
"16 Clifton Terrace, West End, Timaru, West End, Timaru, New Zealand",064,West End,Urban
"1/1012 Colombo Street, St Albans, Christchurch City, New Zealand",060,St Albans,Urban
"165 Pooles Road, NA, Ashburton, New Zealand",063,NA,Rural
"56 Greenvale Road, RD 21, Geraldine, Geraldine, Timaru, New Zealand",064,Geraldine,Peri-urban (disputed)
"119 Woodfields Road, NA, Waimakariri, New Zealand",059,NA,Rural
"27 Buckleys Terrace, NA, Ashburton, New Zealand",063,NA,Urban
"223 Yaxleys Road, NA, Waimakariri, New Zealand",059,NA,Rural
"280 SCARBOROUGH STREET, NA, Kaikoura, New Zealand",054,NA,Urban
"7A Gibson Street, Seaview, Timaru, Seaview, Timaru, New Zealand",064,Seaview,Urban
"409 OMIHI ROAD, NA, Hurunui, New Zealand",058,NA,Rural
"568 No 10 Road, NA, Waimakariri, New Zealand",059,NA,Rural
"69 TORQUAY STREET, NA, Kaikoura, New Zealand",054,NA,Urban
"Lismore Mayfield Roa, NA, Ashburton, New Zealand",063,NA,Rural
"7 AORANGI CRESCENT, Lake Tekapo, Mackenzie, New Zealand",065,Lake Tekapo,Rural
"45 Hakatere Drive, NA, Ashburton, New Zealand",063,NA,Urban
"234 BEACH ROAD, NA, Kaikoura, New Zealand",054,NA,Urban
"1071 MILES ROAD, Darfield, Selwyn, New Zealand",062,Darfield,Peri-urban (disputed)
"342A MANUKA TERRACE, Ben Ohau, Mackenzie, New Zealand",065,Ben Ohau,Rural
"161 Point Bush Road, Waimate, Waimate, New Zealand",066,Waimate,Peri-urban (disputed)
"270 Hursts Road, Elephant Hill, Waimate, New Zealand",066,Elephant Hill,Rural
"4963/12 S Hway 1 Glenavy, Glenavy, Waimate, New Zealand",066,Glenavy,Peri-urban (disputed)
"187 BANGOR ROAD, Darfield, Selwyn, New Zealand",062,Darfield,Peri-urban (disputed)
"39 Tancred Street, NA, Ashburton, New Zealand",063,NA,Urban
"7 Racecourse Road, NA, Ashburton, New Zealand",063,NA,Urban
"Methven Highway, NA, Ashburton, New Zealand",063,NA,Rural
"0 Manchester Street, Waimate, Waimate, New Zealand",066,Waimate,Urban
"10 Bouverie Street, Waimataitai, Timaru, Waimataitai, Timaru, New Zealand",064,Waimataitai,Urban
"35 Burnett Street, Kakanui, Oamaru, Kakanui, Waitaki (part), New Zealand",068,Kakanui,Rural
"711 Gloucester Street, Avonside, Christchurch City, New Zealand",060,Avonside,Urban
"22 MIROMIRO DRIVE, NA, Kaikoura, New Zealand",054,NA,Peri-urban/Uncertain
"SCARBOROUGH STREET, NA, Kaikoura, New Zealand",054,NA,Peri-urban/Uncertain
"9 COLERIDGE STREET, Hanmer Springs, Hurunui, New Zealand",058,Hanmer Springs,Urban
"61 OSBORNE ROAD, Amberley, Hurunui, New Zealand",058,Amberley,Urban
"23 High Street, Kakanui, Oamaru, Kakanui, Waitaki (part), New Zealand",068,Kakanui,Rural
"11 MILL ROAD, Leithfield, Hurunui, New Zealand",058,Leithfield,Peri-urban (disputed)
"32 Harris Street, Waimate, Waimate, New Zealand",066,Waimate,Urban
"DEVINE DRIVE, Rolleston, Selwyn, New Zealand",062,Rolleston,Urban
"Pleasant Valley Road, RD 21, Geraldine, Geraldine, Timaru, New Zealand",064,Geraldine,Urban
"52 Evans Street, Maori Hill, Timaru, Maori Hill, Timaru, New Zealand",064,Maori Hill,Urban
"279 Otipua Road, Highfield, Timaru, Highfield, Timaru, New Zealand",064,Highfield,Urban
"46 BURRELLS LANE, NA, Kaikoura, New Zealand",054,NA,Rural
"28 Gorge Road, Waimate, Waimate, New Zealand",066,Waimate,Urban
"38 Church Street, NA, Waimakariri, New Zealand",059,NA,Urban
"210 Awamoa Road, Awamoa, Oamaru, Awamoa, Waitaki (part), New Zealand",068,Awamoa,Peri-urban/Uncertain
"23 NORTH STREET, Fairlie, Mackenzie, New Zealand",065,Fairlie,Rural
"16 Lampard Street, NA, Ashburton, New Zealand",063,NA,Urban
"46 ALPINE AVENUE, Hanmer Springs, Hurunui, New Zealand",058,Hanmer Springs,Urban
"243 MACKENZIE DRIVE, Twizel, Mackenzie, New Zealand",065,Twizel,Urban
"TRELISSICK LOOP, Castle Hill, Selwyn, New Zealand",062,Castle Hill,Rural
"45 Grove Avenue, Weston, Oamaru, Weston, Waitaki (part), New Zealand",068,Weston,Urban
"54 RHOBORO ROAD, Twizel, Mackenzie, New Zealand",065,Twizel,Urban
"NA, South Hill, Waitaki (part), New Zealand",068,South Hill,Urban
"107 Prestons Road, Redwood, Christchurch City, New Zealand",060,Redwood,Urban
"41 Croydon Street, NA, Waimakariri, New Zealand",059,NA,Urban
"11 MCCAULEY STREET, Rolleston, Selwyn, New Zealand",062,Rolleston,Urban
"11 Waimate Highway, Makikihi, Waimate, New Zealand",066,Makikihi,Peri-urban (disputed)
"22 HENDERSONS ROAD, Rotherham, Hurunui, New Zealand",058,Rotherham,Rural
"48R Blue Jacket Drive, Halswell, Christchurch City, New Zealand",060,Halswell,Urban
"2/26 Penruddock Rise, Westmorland, Christchurch City, New Zealand",060,Westmorland,Urban
"500 CONWAY FLAT ROAD, Conway Flat, Hurunui, New Zealand",058,Conway Flat,Rural
"28 Bowen Street, NA, Ashburton, New Zealand",063,NA,Urban
"39 KOTARE PLACE, NA, Kaikoura, New Zealand",054,NA,Urban
"7 Lynn Street, NA, Ashburton, New Zealand",063,NA,Rural
"60 Alford Forest Road, NA, Ashburton, New Zealand",063,NA,Urban
"3-5 Timaru Road, Waimate, Waimate, New Zealand",066,Waimate,Peri-urban (disputed)
"0 Studholme Street, Waimate, Waimate, New Zealand",066,Waimate,Peri-urban (disputed)
"292 SCARBOROUGH STREET, NA, Kaikoura, New Zealand",054,NA,Urban
"16 Mt Possession Street, NA, Ashburton, New Zealand",063,NA,Urban
"NA, Lincoln, Selwyn, New Zealand",062,Lincoln,Urban
"POSTMANS ROAD, NA, Kaikoura, New Zealand",054,NA,Rural
"13 Bridge Street, Temuka, Temuka, Timaru, New Zealand",064,Temuka,Urban
"742 TANCREDS ROAD, Lincoln, Selwyn, New Zealand",062,Lincoln,Peri-urban (disputed)
"KIWA ROAD, NA, Kaikoura, New Zealand",054,NA,Rural
"1 Sandringham Street, Oamaru North, Oamaru, Oamaru North, Waitaki (part), New Zealand",068,Oamaru North,Urban
"Shaw Street, Redruth, Timaru, Redruth, Timaru, New Zealand",064,Redruth,Peri-urban (disputed)
"36C Exe Street, Oamaru, Oamaru, Waitaki (part), New Zealand",068,Oamaru,Urban
"84 Boyds Road, NA, Ashburton, New Zealand",063,NA,Rural
"22 FINSTOCK WAY, Springston, Selwyn, New Zealand",062,Springston,Peri-urban (disputed)
"16 Tennant Street, Waimate, Waimate, New Zealand",066,Waimate,Urban
"51 Rawnsley Terrace, Hornby, Christchurch City, New Zealand",060,Hornby,Urban
"115 Rolleston Street, NA, Ashburton, New Zealand",063,NA,Urban
"5 Earn Street, Oamaru North, Oamaru, Oamaru North, Waitaki (part), New Zealand",068,Oamaru North,Urban
"62 Belt Road, NA, Ashburton, New Zealand",063,NA,Urban
"21 DAVISON ROAD, Rotherham, Hurunui, New Zealand",058,Rotherham,Rural
"540 HURUNUI BLUFF ROAD, Hurunui, Hurunui, New Zealand",058,Hurunui,Rural
"24 Allen Street, NA, Ashburton, New Zealand",063,NA,Urban
"70 Victoria Street, Parkside, Timaru, Parkside, Timaru, New Zealand",064,Parkside,Urban
"21 Girvan Street, Oamaru North, Oamaru, Oamaru North, Waitaki (part), New Zealand",068,Oamaru North,Urban
"17 Brunswick Street, Seaview, Timaru, Seaview, Timaru, New Zealand",064,Seaview,Urban
"7 FARNBOROUGH WAY, Rolleston, Selwyn, New Zealand",062,Rolleston,Urban
"16 Walbrook Crescent, Oamaru North, Oamaru, Oamaru North, Waitaki (part), New Zealand",068,Oamaru North,Urban
"76 RENOIR DRIVE, Rolleston, Selwyn, New Zealand",062,Rolleston,Urban
"346 Worcester Street, Linwood, Christchurch City, New Zealand",060,Linwood,Urban
"1/18 Cornwall Street, St Albans, Christchurch City, New Zealand",060,St Albans,Urban
"109-115 BEACH ROAD, NA, Kaikoura, New Zealand",054,NA,Urban
"42 POSTMANS ROAD, NA, Kaikoura, New Zealand",054,NA,Rural
"NA, Rolleston, Selwyn, New Zealand",062,Rolleston,Urban
"285 MIDDLE ROAD, Fairlie, Mackenzie, New Zealand",065,Fairlie,Rural
"29 Valour Drive, NA, Waimakariri, New Zealand",059,NA,Urban
"24 King Street, NA, Waimakariri, New Zealand",059,NA,Urban
"50 Leeston Street, NA, Ashburton, New Zealand",063,NA,Urban
"1898 Geraldine-Fairlie Highway, RD 21, Geraldine, Kakahu, Timaru, New Zealand",064,Kakahu,Rural
"129 Eden Street, Oamaru, Oamaru, Waitaki (part), New Zealand",068,Oamaru,Urban
"28 Glen Street, Marchwiel, Timaru, Marchwiel, Timaru, New Zealand",064,Marchwiel,Urban
"3 Frome Street, Oamaru North, Oamaru, Oamaru North, Waitaki (part), New Zealand",068,Oamaru North,Urban
"38 MIROMIRO DRIVE, NA, Kaikoura, New Zealand",054,NA,Urban
"11 Hampstead Close, NA, Waimakariri, New Zealand",059,NA,Urban
"123 Lyalldale Middle Road, Saint Andrews, Waimate, New Zealand",066,Saint Andrews,Peri-urban (disputed)
"9 TURBINE AVENUE, Twizel, Mackenzie, New Zealand",065,Twizel,Urban
"10 DOBSON VIEW ROAD, Fairlie, Mackenzie, New Zealand",065,Fairlie,Rural
"16 FYFFE AVENUE, NA, Kaikoura, New Zealand",054,NA,Peri-urban/Uncertain
"2 KEA PLACE, NA, Kaikoura, New Zealand",054,NA,Urban
"40 Tovey Street, New Brighton, Christchurch City, New Zealand",060,New Brighton,Urban
"8 Blakeley Place, NA, Waimakariri, New Zealand",059,NA,Urban
"3 KEATS PL, Hanmer Springs, Hurunui, New Zealand",058,Hanmer Springs,Urban
"31 Kelvin Crescent, NA, Ashburton, New Zealand",063,NA,Urban
"15 LAKE HILLS ROAD, NA, Kaikoura, New Zealand",054,NA,Rural
"41 Norwich Street, Hampden, Hampden, Waitaki (part), New Zealand",068,Hampden,Urban
"17 KAKA ROAD, NA, Kaikoura, New Zealand",054,NA,Urban
"19 Kerr Street, NA, Ashburton, New Zealand",063,NA,Urban
"23 Huntingdon Dr, NA, Waimakariri, New Zealand",059,NA,Urban
"INLAND KAIKOURA ROAD, NA, Kaikoura, New Zealand",054,NA,Rural
"7 INGLES DRIVE, NA, Kaikoura, New Zealand",054,NA,Urban
"36 Harakeke Street, Riccarton, Christchurch City, New Zealand",060,Riccarton,Urban
"18 Aitken Street, NA, Ashburton, New Zealand",063,NA,Urban
"469 Ealing Road, NA, Ashburton, New Zealand",063,NA,Rural
"2 CATHEDRAL ROAD, Port Robinson, Hurunui, New Zealand",058,Port Robinson,Urban
"25 Douglas Street, Highfield, Timaru, Highfield, Timaru, New Zealand",064,Highfield,Urban
"63A Centennial Avenue, Riccarton, Christchurch City, New Zealand",060,Riccarton,Urban
"29 SIMONS STREET, Twizel, Mackenzie, New Zealand",065,Twizel,Urban
"44 Birdwood Avenue, Beckenham, Christchurch City, New Zealand",060,Beckenham,Urban
"320 Brosnan Road, RD 5, Timaru, Kerrytown, Timaru, New Zealand",064,Kerrytown,Peri-urban (disputed)
"46 Denmark Street, Temuka, Temuka, Timaru, New Zealand",064,Temuka,Urban
"NA, NA, Waimakariri, New Zealand",059,NA,Peri-urban/Uncertain
"51 MARYBURN ROAD, Twizel, Mackenzie, New Zealand",065,Twizel,Urban
"259 BELLS ROAD, West Melton, Selwyn, New Zealand",062,West Melton,Peri-urban (disputed)
"40 KOTARE PLACE, NA, Kaikoura, New Zealand",054,NA,Urban
"NA, Waimate, Waimate, New Zealand",066,Waimate,Urban
"6 TORQUAY TERRACE, Hanmer Springs, Hurunui, New Zealand",058,Hanmer Springs,Urban
"48 Matipo Street, Riccarton, Christchurch City, New Zealand",060,Riccarton,Urban
"0 Hakataramea Valley Road, Hakataramea, Waimate, New Zealand",066,Hakataramea,Rural
"356 MCLEANS ROAD, Coal Stream, Mackenzie, New Zealand",065,Coal Stream,Rural
"15 CLIFFORD PLACE, Amberley, Hurunui, New Zealand",058,Amberley,Urban
"176 Point Bush Road, Waimate, Waimate, New Zealand",066,Waimate,Peri-urban (disputed)
"25 Meehan Place, Makikihi, Waimate, New Zealand",066,Makikihi,Rural
"13 AORANGI CRESCENT, Lake Tekapo, Mackenzie, New Zealand",065,Lake Tekapo,Rural
"67 Kowhai Avenue, NA, Waimakariri, New Zealand",059,NA,Urban
"ALGIDUS ROAD, Lake Coleridge, Selwyn, New Zealand",062,Lake Coleridge,Rural
"5 LUDSTONE ROAD, NA, Kaikoura, New Zealand",054,NA,Urban
"TAKAHANGA TERRACE, NA, Kaikoura, New Zealand",054,NA,Rural
"422 Harmans Gorge Road, NA, Waimakariri, New Zealand",059,NA,Rural
"6 Nen Street, Oamaru, Oamaru, Waitaki (part), New Zealand",068,Oamaru,Urban
"6A Blue Stone Drive, Waiareka Junction, Oamaru, Waiareka Junction, Waitaki (part), New Zealand",068,Waiareka Junction,Urban
"34 BLUE JEAN AVENUE, Rolleston, Selwyn, New Zealand",062,Rolleston,Urban
"NA, Hampden, Waitaki (part), New Zealand",068,Hampden,Urban
"93 BEACH ROAD, NA, Kaikoura, New Zealand",054,NA,Urban
"7 OSCAR LANE, Rolleston, Selwyn, New Zealand",062,Rolleston,Urban
"24 Derwent Street, Oamaru North, Oamaru, Oamaru North, Waitaki (part), New Zealand",068,Oamaru North,Urban
"POSTMANS ROAD, NA, Kaikoura, New Zealand",054,NA,Urban
"43 Harbour Terrace, Kakanui, Oamaru, Kakanui, Waitaki (part), New Zealand",068,Kakanui,Rural
"2/8 Birch Street, Gleniti, Timaru, Gleniti, Timaru, New Zealand",064,Gleniti,Urban
"OCEAN RIDGE DRIVE, NA, Kaikoura, New Zealand",054,NA,Peri-urban/Uncertain
"2 Woodglen Drive, NA, Waimakariri, New Zealand",059,NA,Urban
"60 CHALET CRESCENT, Hanmer Springs, Hurunui, New Zealand",058,Hanmer Springs,Urban
"5/49 Rugby Street, Merivale, Christchurch City, New Zealand",060,Merivale,Urban
"31 London Street, Hampden, Hampden, Waitaki (part), New Zealand",068,Hampden,Urban
"Double Hill Run Road, NA, Ashburton, New Zealand",063,NA,Rural
"37A Wharfe Street, South Hill, Oamaru, South Hill, Waitaki (part), New Zealand",068,South Hill,Urban
"NA, NA, Waimakariri, New Zealand",059,NA,Peri-urban/Uncertain
"57A Champion Street, St Albans, Christchurch City, New Zealand",060,St Albans,Urban
"12 MCGIMPSAY RD, Kurow, Waitaki (part), New Zealand",068,Kurow,Peri-urban (disputed)
"57 William Street, NA, Ashburton, New Zealand",063,NA,Urban
"2655 Waimate Highway, Waimate, Waimate, New Zealand",066,Waimate,Peri-urban (disputed)
"39C Aynsley Terrace, Opawa, Christchurch City, New Zealand",060,Opawa,Urban
"STATE HIGHWAY 1, NA, Kaikoura, New Zealand",054,NA,Rural
"5 Osborn Grove, NA, Ashburton, New Zealand",063,NA,Urban
"2 SNOWLEA PLACE, West Melton, Selwyn, New Zealand",062,West Melton,Urban
"62 COURAGE ROAD, Amberley, Hurunui, New Zealand",058,Amberley,Peri-urban (disputed)
"2 Redcliff Road, Glenavy, Waimate, New Zealand",066,Glenavy,Peri-urban (disputed)
"33 ALLENDALE LANE, Lincoln, Selwyn, New Zealand",062,Lincoln,Peri-urban (disputed)
"15 RATA ROAD, Twizel, Mackenzie, New Zealand",065,Twizel,Urban
"6 RIVERSIDE WAY, Amberley, Hurunui, New Zealand",058,Amberley,Urban
"4 Parlane Street, Addington, Christchurch City, New Zealand",060,Addington,Urban
"10 MURRAY PLACE, Lake Tekapo, Mackenzie, New Zealand",065,Lake Tekapo,Peri-urban (disputed)
"2/326A Breezes Road, Aranui, Christchurch City, New Zealand",060,Aranui,Urban
"Longbeach Road, NA, Ashburton, New Zealand",063,NA,Rural
"18 Mahoneys Hill Road, Oceanview, Timaru, Oceanview, Timaru, New Zealand",064,Oceanview,Urban
"28 KOWAI STREET, Leithfield Beach, Hurunui, New Zealand",058,Leithfield Beach,Peri-urban (disputed)
"92 ONEPUNGA ROAD, Broomfield, Hurunui, New Zealand",058,Broomfield,Peri-urban (disputed)
"0 Racecourse Road, Waimate, Waimate, New Zealand",066,Waimate,Peri-urban (disputed)
"4 KANES ROAD, Dunsandel, Selwyn, New Zealand",062,Dunsandel,Peri-urban (disputed)
"316 Winslow Westerfield, NA, Ashburton, New Zealand",063,NA,Rural
"417 Montalto Road, NA, Ashburton, New Zealand",063,NA,Rural
"1211 INLAND ROAD, Waiau - Conway, Hurunui, New Zealand",058,Waiau - Conway,Peri-urban/Uncertain
"0 Maori Road, Morven, Waimate, New Zealand",066,Morven,Rural
"31 MacDonald Street, Waimataitai, Timaru, Waimataitai, Timaru, New Zealand",064,Waimataitai,Urban
"50 WOODVILLE STREET, Leeston, Selwyn, New Zealand",062,Leeston,Urban
"28 Tutaipatu Avenue, NA, Waimakariri, New Zealand",059,NA,Urban
"PUKETA ROAD, NA, Kaikoura, New Zealand",054,NA,Peri-urban/Uncertain
"346 MT ALEXANDER ROAD, Hurunui, Hurunui, New Zealand",058,Hurunui,Rural
"120 Haymans Road, Waimate, Waimate, New Zealand",066,Waimate,Peri-urban (disputed)
"1695 PUHI PUHI ROAD, NA, Kaikoura, New Zealand",054,NA,Urban
"NA, Oamaru North, Waitaki (part), New Zealand",068,Oamaru North,Urban
"23 TE KEEPA ROAD, NA, Kaikoura, New Zealand",054,NA,Urban
"0 P HWAY 83, Otiake, Waitaki (part), New Zealand",068,Otiake,Rural
"328 PURCHAS ROAD, NA, Hurunui, New Zealand",058,NA,Urban
"4 ASHBYS ROAD, Balcairn, Hurunui, New Zealand",058,Balcairn,Peri-urban/Uncertain
"16 GLEN LYON ROAD, Twizel, Mackenzie, New Zealand",065,Twizel,Urban
"17 Jove Drive, NA, Waimakariri, New Zealand",059,NA,Urban
"62 Mt John Road, Waimate, Waimate, New Zealand",066,Waimate,Peri-urban (disputed)
"36 Don Street, Oamaru North, Oamaru, Oamaru North, Waitaki (part), New Zealand",068,Oamaru North,Urban
"20 Pender Street, NA, Waimakariri, New Zealand",059,NA,Urban
"164 High Street, Waimate, Waimate, New Zealand",066,Waimate,Urban
"20 FLINT ROAD, Rolleston, Selwyn, New Zealand",062,Rolleston,Urban
"190 Mcmurdo Street, NA, Ashburton, New Zealand",063,NA,Urban
"34 Ashbury Drive TINWALD, ASHBURTON, NA, Ashburton, New Zealand",063,NA,Peri-urban/Uncertain
"97 Oak Grove, NA, Ashburton, New Zealand",063,NA,Urban
"0 MONAVALE ROAD, Albury, Mackenzie, New Zealand",065,Albury,Rural
"14 MURRAY PLACE, Lake Tekapo, Mackenzie, New Zealand",065,Lake Tekapo,Peri-urban (disputed)
"12 Talbot Place, NA, Ashburton, New Zealand",063,NA,Urban
"767 CLAVERLEY ROAD, Conway Flat, Hurunui, New Zealand",058,Conway Flat,Rural
"20 SCHOOL ROAD, Fairlie, Mackenzie, New Zealand",065,Fairlie,Rural
"7 Thornlea Place, Oaklands, Christchurch City, New Zealand",060,Oaklands,Urban
"61 Bushy Beach Road, South Hill, Oamaru, South Hill, Waitaki (part), New Zealand",068,South Hill,Urban
"66 Middle Road, NA, Ashburton, New Zealand",063,NA,Urban
"0 BRAEMAR MOUNT COOK STATION ROAD, Tekapo, Mackenzie, New Zealand",065,Tekapo,Rural
"21 Havelock Street, NA, Ashburton, New Zealand",063,NA,Urban
"10A Laughton Street, Washdyke, Timaru, Washdyke, Timaru, New Zealand",064,Washdyke,Urban
"145 Bristol Road, RD 1, Timaru, Pareora, Timaru, New Zealand",064,Pareora,Rural
"0 Boyes Road, Waimate, Waimate, New Zealand",066,Waimate,Urban
"78 Harper Street, Parkside, Timaru, Parkside, Timaru, New Zealand",064,Parkside,Urban
"5 Gazelle Lane, Balmoral Hill, Christchurch City, New Zealand",060,Balmoral Hill,Urban
"64 Salecia Gardens, Brooklands, Christchurch City, New Zealand",060,Brooklands,Urban
"10 Gordon Street, Weston, Oamaru, Weston, Waitaki (part), New Zealand",068,Weston,Urban
"1028 HAMILTON ROAD, Ashwick Flat, Mackenzie, New Zealand",065,Ashwick Flat,Rural
"NA, Hampden, Waitaki (part), New Zealand",068,Hampden,Urban
"1/19B Wiremu Street, Redwood, Christchurch City, New Zealand",060,Redwood,Urban
"118 C Allens Road ASHBURTON, NA, Ashburton, New Zealand",063,NA,Peri-urban/Uncertain
"129 Otipua Road, Watlington, Timaru, Watlington, Timaru, New Zealand",064,Watlington,Urban
"54 Chalmers Avenue, NA, Ashburton, New Zealand",063,NA,Urban
"1/120 Wai-iti Road, Highfield, Timaru, Highfield, Timaru, New Zealand",064,Highfield,Urban
"468 Barbadoes Street, St Albans, Christchurch City, New Zealand",060,St Albans,Urban
"65 O'Hallorans Road, NA, Waimakariri, New Zealand",059,NA,Rural
"3/88 Le Cren Street, Seaview, Timaru, Seaview, Timaru, New Zealand",064,Seaview,Urban
"9 SIMONS STREET, Twizel, Mackenzie, New Zealand",065,Twizel,Urban
"STATE HIGHWAY 1, NA, Kaikoura, New Zealand",054,NA,Rural
"63 HINTERLAND DRIVE, Prebbleton, Selwyn, New Zealand",062,Prebbleton,Urban
"1731 RAM PADDOCK ROAD, Broomfield, Hurunui, New Zealand",058,Broomfield,Peri-urban (disputed)
"83 DANSEYS PASS RD, Livingstone, Waitaki (part), New Zealand",068,Livingstone,Rural
"30 Reid Crescent, NA, Ashburton, New Zealand",063,NA,Urban
"5 Keir Street, NA, Waimakariri, New Zealand",059,NA,Urban
"24 CHERRY AVENUE, Darfield, Selwyn, New Zealand",062,Darfield,Urban
"42 Allan Street, Waimate, Waimate, New Zealand",066,Waimate,Urban
"651 EAST MADDISONS ROAD, Rolleston, Selwyn, New Zealand",062,Rolleston,Urban
"12 SEALY STREET, Twizel, Mackenzie, New Zealand",065,Twizel,Urban
"27 Jarnac Boulevard, Yaldhurst, Christchurch City, New Zealand",060,Yaldhurst,Urban
"69 Taward Street, Oamaru North, Oamaru, Oamaru North, Waitaki (part), New Zealand",068,Oamaru North,Urban
"22 Streamside Terrace, NA, Waimakariri, New Zealand",059,NA,Urban
"NA, West Melton, Selwyn, New Zealand",062,West Melton,Urban
"Allens Road, NA, Ashburton, New Zealand",063,NA,Urban
"80 WOODBANK ROAD, Hanmer Springs, Hurunui, New Zealand",058,Hanmer Springs,Peri-urban (disputed)
"8 AUSTIN CLOSE, NA, Kaikoura, New Zealand",054,NA,Urban
"0 MIDDLE VALLEY ROAD, Middle Valley, Mackenzie, New Zealand",065,Middle Valley,Rural
"2/50 Hopkins Street, Gleniti, Timaru, Gleniti, Timaru, New Zealand",064,Gleniti,Urban
"18 CROMER STREET, NA, Kaikoura, New Zealand",054,NA,Urban
"47 Teaneraki Settlement Road, Enfield, Oamaru, Enfield, Waitaki (part), New Zealand",068,Enfield,Peri-urban/Uncertain
"9 Wallace Place, NA, Waimakariri, New Zealand",059,NA,Urban
"64 OMAHAU CRESCENT, Twizel, Mackenzie, New Zealand",065,Twizel,Urban
"64 Sapphire Street, Casebrook, Christchurch City, New Zealand",060,Casebrook,Urban
"21 Dunkirk Street, Marchwiel, Timaru, Marchwiel, Timaru, New Zealand",064,Marchwiel,Urban
"303 Cameron Street, NA, Ashburton, New Zealand",063,NA,Urban
"15 Airedale Road, Weston, Oamaru, Weston, Waitaki (part), New Zealand",068,Weston,Urban
"2/75 Ranui Avenue, Waimataitai, Timaru, Waimataitai, Timaru, New Zealand",064,Waimataitai,Urban
"26 Hanrahan Street, NA, Ashburton, New Zealand",063,NA,Urban
"500 MT BROWN ROAD, Broomfield, Hurunui, New Zealand",058,Broomfield,Peri-urban (disputed)
"18 GEORGE STREET, Rotherham, Hurunui, New Zealand",058,Rotherham,Peri-urban (disputed)
"21 FOSTER PLACE, NA, Hurunui, New Zealand",058,NA,Peri-urban/Uncertain
"1/203 Homestead Road, Weston, Oamaru, Weston, Waitaki (part), New Zealand",068,Weston,Urban
"7 McLean Street, Glenavy, Waimate, New Zealand",066,Glenavy,Rural
"28 SCHOOL ROAD, Fairlie, Mackenzie, New Zealand",065,Fairlie,Peri-urban (disputed)
"POSTMANS ROAD, NA, Kaikoura, New Zealand",054,NA,Rural
"27 AMURI AVENUE, Hanmer Springs, Hurunui, New Zealand",058,Hanmer Springs,Urban
"NA, Rolleston, Selwyn, New Zealand",062,Rolleston,Urban
"21 SHEARWATER DRIVE, NA, Kaikoura, New Zealand",054,NA,Urban
"4/136 Holly Road, St Albans, Christchurch City, New Zealand",060,St Albans,Urban
"5 BURKE LANE, Amberley, Hurunui, New Zealand",058,Amberley,Urban
"508 Bush Road, NA, Waimakariri, New Zealand",059,NA,Rural
"6 Caen Street, Oamaru North, Oamaru, Oamaru North, Waitaki (part), New Zealand",068,Oamaru North,Urban
"3/20 Picton Avenue, Riccarton, Christchurch City, New Zealand",060,Riccarton,Urban
"44 - 46 WEST END, NA, Kaikoura, New Zealand",054,NA,Urban
"137 Hoon Hay Road, Hoon Hay, Christchurch City, New Zealand",060,Hoon Hay,Urban
"438 WOODBANK ROAD, Hanmer Springs, Hurunui, New Zealand",058,Hanmer Springs,Peri-urban (disputed)
"16A Chambers Street, Kakanui, Oamaru, Kakanui, Waitaki (part), New Zealand",068,Kakanui,Rural
"1 Magnolia Drive, NA, Ashburton, New Zealand",063,NA,Urban
"NA, South Hill, Waitaki (part), New Zealand",068,South Hill,Urban
"7 Laughton Street, Washdyke, Timaru, Washdyke, Timaru, New Zealand",064,Washdyke,Urban
"44 Greta Street, South Hill, Oamaru, South Hill, Waitaki (part), New Zealand",068,South Hill,Urban
"175 Springfield Road Eas, NA, Ashburton, New Zealand",063,NA,Rural
"73 Mt Florence Road, Hakataramea Valley, Waimate, New Zealand",066,Hakataramea Valley,Rural
"562 HEATHSTOCK ROAD, Hawarden, Hurunui, New Zealand",058,Hawarden,Rural
"0 Waihaorunga Road, Waihaorunga, Waimate, New Zealand",066,Waihaorunga,Rural
"1 Spruce Street, Oamaru North, Oamaru, Oamaru North, Waitaki (part), New Zealand",068,Oamaru North,Urban
"91 Fergusson Street, NA, Ashburton, New Zealand",063,NA,Urban
"122 Chalmers Avenue, NA, Ashburton, New Zealand",063,NA,Urban
"414 DOUBLE CORNER ROAD, Amberley, Hurunui, New Zealand",058,Amberley,Peri-urban (disputed)
"35 KEMBLE DRIVE, Springston, Selwyn, New Zealand",062,Springston,Peri-urban (disputed)
"286 TRICES ROAD, Prebbleton, Selwyn, New Zealand",062,Prebbleton,Urban
"4 Batchelor Place, NA, Waimakariri, New Zealand",059,NA,Urban
"379 SCHOOLHOUSE ROAD, NA, Kaikoura, New Zealand",054,NA,Rural
"122 MILL ROAD, NA, Kaikoura, New Zealand",054,NA,Rural
"10 Naylor Street, Waimate, Waimate, New Zealand",066,Waimate,Urban
"1/16 Douglas Street, Highfield, Timaru, Highfield, Timaru, New Zealand",064,Highfield,Urban
"104 LEITHFIELD ROAD, Leithfield, Hurunui, New Zealand",058,Leithfield,Rural
"SILVER PEAKS DRIVE, West Melton, Selwyn, New Zealand",062,West Melton,Urban
"28 Church Street, Timaru, Timaru, Timaru, New Zealand",064,Timaru,Urban
"406 Mill Road, Waimate, Waimate, New Zealand",066,Waimate,Peri-urban (disputed)
"740 ROBINSONS ROAD, Rolleston, Selwyn, New Zealand",062,Rolleston,Peri-urban (disputed)
"5 Coquet Street, Oamaru, Oamaru, Waitaki (part), New Zealand",068,Oamaru,Urban
"14A Exe Street, Oamaru, Oamaru, Waitaki (part), New Zealand",068,Oamaru,Urban
"140C LYFORD LANE, Twizel, Mackenzie, New Zealand",065,Twizel,Peri-urban (disputed)
"15 Tees Street, South Hill, Oamaru, South Hill, Waitaki (part), New Zealand",068,South Hill,Urban
"6 WINEBERRY AVE, Amberley, Hurunui, New Zealand",058,Amberley,Urban
"427 Cannington Road, RD 14, Cave, Cave, Timaru, New Zealand",064,Cave,Rural
"13 D'ARCHIAC DRIVE, Lake Tekapo, Mackenzie, New Zealand",065,Lake Tekapo,Rural
"2/56 Cornwall Street, St Albans, Christchurch City, New Zealand",060,St Albans,Urban
"43 Eders Road, NA, Waimakariri, New Zealand",059,NA,Urban
"92 Courtenay Drive, NA, Waimakariri, New Zealand",059,NA,Urban
"10 Meehan Place, Makikihi, Waimate, New Zealand",066,Makikihi,Rural
"33 Balmoral Street, Oamaru North, Oamaru, Oamaru North, Waitaki (part), New Zealand",068,Oamaru North,Urban
"236 Cochranes Road, NA, Ashburton, New Zealand",063,NA,Rural
"8 EREBUS PLACE, Lake Tekapo, Mackenzie, New Zealand",065,Lake Tekapo,Peri-urban (disputed)
"1671 PUHI PUHI ROAD, NA, Kaikoura, New Zealand",054,NA,Rural
"NA, Weston, Waitaki (part), New Zealand",068,Weston,Urban
"2 LEAMINGTON STREET, Hanmer Springs, Hurunui, New Zealand",058,Hanmer Springs,Urban
"7 BAYVIEW STREET, NA, Kaikoura, New Zealand",054,NA,Urban
"NA, Windsor, Waitaki (part), New Zealand",068,Windsor,Peri-urban/Uncertain
"116 Railway Terrace West, NA, Ashburton, New Zealand",063,NA,Urban
"4/1 Oakland Street, Papanui, Christchurch City, New Zealand",060,Papanui,Urban
"82 Creek Road, NA, Ashburton, New Zealand",063,NA,Urban
"38 Opie Street, Waimate, Waimate, New Zealand",066,Waimate,Urban
"1314 DOMETT ROAD, Cheviot, Hurunui, New Zealand",058,Cheviot,Rural
"684 WAIPARA FLAT ROAD, NA, Hurunui, New Zealand",058,NA,Rural
"LAKELANDS ROAD, Leeston, Selwyn, New Zealand",062,Leeston,Peri-urban (disputed)
"26 Augusta Street, Redcliffs, Christchurch City, New Zealand",060,Redcliffs,Urban
"232 High Street, Waimate, Waimate, New Zealand",066,Waimate,Urban
"41 Edinburgh Street, Waimate, Waimate, New Zealand",066,Waimate,Urban
"40 Hassall Street, Parkside, Timaru, Parkside, Timaru, New Zealand",064,Parkside,Urban
"54 Blue Cliffs Road, Saint Andrews, Waimate, New Zealand",066,Saint Andrews,Peri-urban (disputed)
"11 Euston Street, Riccarton, Christchurch City, New Zealand",060,Riccarton,Urban
"173 Harland Street, NA, Ashburton, New Zealand",063,NA,Urban
"86 Idris Road, Bryndwr, Christchurch City, New Zealand",060,Bryndwr,Urban
"12 Croucher Street, NA, Waimakariri, New Zealand",059,NA,Peri-urban/Uncertain
"73 STATE HIGHWAY 1, NA, Kaikoura, New Zealand",054,NA,Rural
"20 Kohunga Crescent, Marshland, Christchurch City, New Zealand",060,Marshland,Urban
"665 GORE BAY ROAD, Gore Bay, Hurunui, New Zealand",058,Gore Bay,Rural
"27 Brucefield Avenue, NA, Ashburton, New Zealand",063,NA,Urban
"41 EYAS DRIVE, Rolleston, Selwyn, New Zealand",062,Rolleston,Urban
"3 Lough Street, West End, Timaru, West End, Timaru, New Zealand",064,West End,Urban
"2068 FAIRLIE-TEKAPO ROAD, Burkes Pass, Mackenzie, New Zealand",065,Burkes Pass,Rural
"11 Mill Road, Waimate, Waimate, New Zealand",066,Waimate,Urban
"17 WHITBY PLACE, NA, Kaikoura, New Zealand",054,NA,Urban
"41 Grants Road, Marchwiel, Timaru, Marchwiel, Timaru, New Zealand",064,Marchwiel,Urban
"NA, NA, Ashburton, New Zealand",063,NA,Peri-urban/Uncertain
"Sherwood Road, Makikihi, Waimate, New Zealand",066,Makikihi,Rural
"9 CAMPBELL ROAD, Cheviot, Hurunui, New Zealand",058,Cheviot,Peri-urban (disputed)
"2222 ALGIDUS ROAD, Rolleston Range, Selwyn, New Zealand",062,Rolleston Range,Rural
"8 ISLAND TERRACE, Motunau Beach, Hurunui, New Zealand",058,Motunau Beach,Peri-urban (disputed)
"30 Fuller Street, NA, Waimakariri, New Zealand",059,NA,Urban
"7 Sherratt Street, West End, Timaru, West End, Timaru, New Zealand",064,West End,Urban
"5 CAVERHILL CRESCENT, Motunau Beach, Hurunui, New Zealand",058,Motunau Beach,Peri-urban (disputed)
"17 Barker Street, Geraldine, Geraldine, Timaru, New Zealand",064,Geraldine,Urban
"68 Lees Road, NA, Waimakariri, New Zealand",059,NA,Rural
"8 DWYER PLACE, Lake Tekapo, Mackenzie, New Zealand",065,Lake Tekapo,Peri-urban (disputed)
"2 Eaglesome Avenue, Oaklands, Christchurch City, New Zealand",060,Oaklands,Urban
"23A Richmond Street, Waimataitai, Timaru, Waimataitai, Timaru, New Zealand",064,Waimataitai,Urban
"24 MARYBURN ROAD, Twizel, Mackenzie, New Zealand",065,Twizel,Urban
"25 Seadown Road, Washdyke, Timaru, Washdyke, Timaru, New Zealand",064,Washdyke,Urban
"150 Breezes Road, Wainoni, Christchurch City, New Zealand",060,Wainoni,Urban
"3 B Strowan Avenue ASHBURTON, NA, Ashburton, New Zealand",063,NA,Peri-urban/Uncertain
"0 LIVING DUNTROON RD, Duntroon, Waitaki (part), New Zealand",068,Duntroon,Rural
"28 AVOCA STREET, NA, Kaikoura, New Zealand",054,NA,Urban
"312 Orari Back Road, RD 22, Geraldine, Belfield, Timaru, New Zealand",064,Belfield,Peri-urban/Uncertain
"HARNETTS ROAD, NA, Kaikoura, New Zealand",054,NA,Rural
"169 HIGH STREET, Southbridge, Selwyn, New Zealand",062,Southbridge,Peri-urban (disputed)
"466 Thames Highway, Oamaru North, Oamaru, Oamaru North, Waitaki (part), New Zealand",068,Oamaru North,Urban
"34 BOWEN ST, Kurow, Waitaki (part), New Zealand",068,Kurow,Peri-urban (disputed)
"21 Till Street, South Hill, Oamaru, South Hill, Waitaki (part), New Zealand",068,South Hill,Urban
"211 CLARENCE VALLEY ROAD, NA, Kaikoura, New Zealand",054,NA,Rural
"332 CATHEDRAL ROAD, Port Robinson, Hurunui, New Zealand",058,Port Robinson,Rural
"762 Airedale Road, Airedale, Oamaru, Airedale, Waitaki (part), New Zealand",068,Airedale,Peri-urban/Uncertain
"280 MACKENZIE DRIVE, Twizel, Mackenzie, New Zealand",065,Twizel,Urban
"92 Mathers Road, Hoon Hay, Christchurch City, New Zealand",060,Hoon Hay,Urban
"29 Mersey Street, South Hill, Oamaru, South Hill, Waitaki (part), New Zealand",068,South Hill,Urban
"30 KOTUKU ROAD, NA, Kaikoura, New Zealand",054,NA,Urban
"211A Otipua Road, West End, Timaru, West End, Timaru, New Zealand",064,West End,Urban
"8A Woodstock Place, Russley, Christchurch City, New Zealand",060,Russley,Urban
"38 Thames Street, Oamaru, Oamaru, Waitaki (part), New Zealand",068,Oamaru,Urban
"7 O'CARROLLS ROAD, Hawarden, Hurunui, New Zealand",058,Hawarden,Peri-urban (disputed)
"18 Tensing Place, Upper Riccarton, Christchurch City, New Zealand",060,Upper Riccarton,Urban
"81B Petrie Street, Richmond, Christchurch City, New Zealand",060,Richmond,Urban
"15 IRISHMAN DRIVE, Twizel, Mackenzie, New Zealand",065,Twizel,Urban
"Royal Arcade, Timaru, Timaru, Timaru, New Zealand",064,Timaru,Urban
"6 Burnett Street, Kakanui, Oamaru, Kakanui, Waitaki (part), New Zealand",068,Kakanui,Rural
"67 Cox Street, NA, Ashburton, New Zealand",063,NA,Urban
"40 SCARBOROUGH TERRACE, Hanmer Springs, Hurunui, New Zealand",058,Hanmer Springs,Urban
"1/5 Cutts Road, Russley, Christchurch City, New Zealand",060,Russley,Urban
"81 Wansbeck Street, Oamaru, Oamaru, Waitaki (part), New Zealand",068,Oamaru,Urban
"3 Tyson Street, Kakanui, Oamaru, Kakanui, Waitaki (part), New Zealand",068,Kakanui,Rural
"PENNY LANE, NA, Kaikoura, New Zealand",054,NA,Urban
"28 Jellicoe Street, Oceanview, Timaru, Oceanview, Timaru, New Zealand",064,Oceanview,Urban
"383 SCARGILL VALLEY ROAD, Scargill, Hurunui, New Zealand",058,Scargill,Rural
"200 WAITAKI DR, Otematata, Waitaki (part), New Zealand",068,Otematata,Peri-urban (disputed)
"Rice Road, RD 21, Geraldine, Woodbury, Timaru, New Zealand",064,Woodbury,Rural
"20 EDWARDS LANE, Lake Tekapo, Mackenzie, New Zealand",065,Lake Tekapo,Rural
"109 Greens Road, NA, Waimakariri, New Zealand",059,NA,Rural
"750 Craigmore Valley Road, Maungati, Waimate, New Zealand",066,Maungati,Rural
"21 Fairmont Place, Hornby, Christchurch City, New Zealand",060,Hornby,Urban
"17 Wellington Street, NA, Waimakariri, New Zealand",059,NA,Urban
"THORNBOROUGH DRIVE, Rolleston, Selwyn, New Zealand",062,Rolleston,Urban
"GILLINGS LANE, NA, Kaikoura, New Zealand",054,NA,Peri-urban/Uncertain
"57 Parsonage Road, Waimate, Waimate, New Zealand",066,Waimate,Urban
"54 Dunkirk Street, Marchwiel, Timaru, Marchwiel, Timaru, New Zealand",064,Marchwiel,Urban
"POSTMANS ROAD, NA, Kaikoura, New Zealand",054,NA,Rural
"43 DUNSANDEL & BROOKSIDE ROAD, Leeston, Selwyn, New Zealand",062,Leeston,Peri-urban (disputed)
"7 Stone Eyre Place, NA, Waimakariri, New Zealand",059,NA,Urban
"189 BEACH ROAD, NA, Kaikoura, New Zealand",054,NA,Urban
"199-199A North Street, West End, Timaru, West End, Timaru, New Zealand",064,West End,Urban
"16 Shearman Street, Waimate, Waimate, New Zealand",066,Waimate,Urban
"23 Carters Road, NA, Ashburton, New Zealand",063,NA,Rural
"29 Harbour Terrace, Kakanui, Oamaru, Kakanui, Waitaki (part), New Zealand",068,Kakanui,Rural
"5/21 Fairfield Avenue, Addington, Christchurch City, New Zealand",060,Addington,Urban
"897 HURUNUI BLUFF ROAD, Hurunui, Hurunui, New Zealand",058,Hurunui,Rural
"9 GILLINGS LANE, NA, Kaikoura, New Zealand",054,NA,Peri-urban/Uncertain
"15 BULLER CRES, Otematata, Waitaki (part), New Zealand",068,Otematata,Peri-urban (disputed)
"156 Queen Street, Waimate, Waimate, New Zealand",066,Waimate,Urban
"11 Wayne Place, NA, Ashburton, New Zealand",063,NA,Urban
"58 HIGH STREET, Southbridge, Selwyn, New Zealand",062,Southbridge,Peri-urban (disputed)
"22 Preston Street, West End, Timaru, West End, Timaru, New Zealand",064,West End,Urban
"124 GLENKENS ROAD, Cheviot, Hurunui, New Zealand",058,Cheviot,Rural
"32 GLENMARK DRIVE, Waipara, Hurunui, New Zealand",058,Waipara,Peri-urban (disputed)
"14 RATA DR, Otematata, Waitaki (part), New Zealand",068,Otematata,Peri-urban (disputed)
"12 Clegg Street, NA, Waimakariri, New Zealand",059,NA,Urban
"155 O'Briens Road, Saint Andrews, Waimate, New Zealand",066,Saint Andrews,Peri-urban (disputed)
"83 Pages Road, NA, Ashburton, New Zealand",063,NA,Urban
"29 JOLLIE ROAD, Twizel, Mackenzie, New Zealand",065,Twizel,Urban
"6 BOB REID CRESCENT, Darfield, Selwyn, New Zealand",062,Darfield,Urban
"1/91 Cox Street, Geraldine, Geraldine, Timaru, New Zealand",064,Geraldine,Urban
"3 Reeves Road, NA, Waimakariri, New Zealand",059,NA,Urban
"298 Thames Highway, Oamaru North, Oamaru, Oamaru North, Waitaki (part), New Zealand",068,Oamaru North,Urban
"89 Bebbingtons Road, NA, Ashburton, New Zealand",063,NA,Rural
"1132 OLD WEST COAST ROAD, West Melton, Selwyn, New Zealand",062,West Melton,Peri-urban (disputed)
"4 ALPINE AVENUE, Hanmer Springs, Hurunui, New Zealand",058,Hanmer Springs,Urban
"7 ROPLEY STREET, Amberley, Hurunui, New Zealand",058,Amberley,Urban
"105 Chalmers Avenue, NA, Ashburton, New Zealand",063,NA,Urban
"3 LESLIE STREET, Culverden, Hurunui, New Zealand",058,Culverden,Peri-urban (disputed)
"34 Humber Street, Oamaru, Oamaru, Waitaki (part), New Zealand",068,Oamaru,Urban
"101 Chapel Road, NA, Waimakariri, New Zealand",059,NA,Rural
"12 Ansonby Street, Russley, Christchurch City, New Zealand",060,Russley,Urban
"12 Allan Street, Waimate, Waimate, New Zealand",066,Waimate,Urban
"71 CHALET CRESCENT, Hanmer Springs, Hurunui, New Zealand",058,Hanmer Springs,Urban
"4 Drovers Lane TINWALD, ASHBURTON, NA, Ashburton, New Zealand",063,NA,Peri-urban/Uncertain
"243A Wainoni Road, Avondale, Christchurch City, New Zealand",060,Avondale,Urban
"17 MACAULAY PLACE, Twizel, Mackenzie, New Zealand",065,Twizel,Urban
"568 BIRCHS ROAD, Lincoln, Selwyn, New Zealand",062,Lincoln,Urban
"Forks Road, NA, Ashburton, New Zealand",063,NA,Rural
"744 Motukaika Road, Maungati, Waimate, New Zealand",066,Maungati,Rural
"8 QUEEN STREET, Doyleston, Selwyn, New Zealand",062,Doyleston,Peri-urban (disputed)
"20A Dampier Street, Oceanview, Timaru, Oceanview, Timaru, New Zealand",064,Oceanview,Urban
"84 HIGH STREET, Southbridge, Selwyn, New Zealand",062,Southbridge,Rural
"40 Puhara Avenue, Burwood, Christchurch City, New Zealand",060,Burwood,Urban
"9 Lakeside Drive, NA, Waimakariri, New Zealand",059,NA,Peri-urban/Uncertain
"10 Graham Street, NA, Ashburton, New Zealand",063,NA,Urban
"43 Queen Street, Pareora, Pareora, Timaru, New Zealand",064,Pareora,Peri-urban (disputed)
"3050 MOUND ROAD, Broomfield, Hurunui, New Zealand",058,Broomfield,Peri-urban (disputed)
"16 George Street, Geraldine, Geraldine, Timaru, New Zealand",064,Geraldine,Urban
"CHAPMANS ROAD, NA, Kaikoura, New Zealand",054,NA,Rural
"26 HANNOVER PLACE, Rolleston, Selwyn, New Zealand",062,Rolleston,Urban
"4 SEALY STREET, Lake Tekapo, Mackenzie, New Zealand",065,Lake Tekapo,Peri-urban (disputed)
"33 Golding Avenue, NA, Waimakariri, New Zealand",059,NA,Urban
"0 Regent Street, Waimate, Waimate, New Zealand",066,Waimate,Urban
"53 Stafford Street, Hampden, Hampden, Waitaki (part), New Zealand",068,Hampden,Urban
"90 Patterson Terrace, Oaklands, Christchurch City, New Zealand",060,Oaklands,Urban
"87 AVANDA AVENUE, Rolleston, Selwyn, New Zealand",062,Rolleston,Urban
"39 FYFFE ROAD, West Melton, Selwyn, New Zealand",062,West Melton,Peri-urban (disputed)
"19 Sheldon Street, Woolston, Christchurch City, New Zealand",060,Woolston,Urban
"39 AORANGI CRESCENT, Lake Tekapo, Mackenzie, New Zealand",065,Lake Tekapo,Peri-urban (disputed)
"2 Lea Street, Oamaru North, Oamaru, Oamaru North, Waitaki (part), New Zealand",068,Oamaru North,Urban
"365 Breezes Road, Aranui, Christchurch City, New Zealand",060,Aranui,Urban
"26 TOTARA DRIVE, Twizel, Mackenzie, New Zealand",065,Twizel,Urban
"Rangitata Terrace Ro, NA, Ashburton, New Zealand",063,NA,Rural
"1/25 Andover Street, Merivale, Christchurch City, New Zealand",060,Merivale,Urban
"13 TALBOT ROAD, Fairlie, Mackenzie, New Zealand",065,Fairlie,Rural
"33 Philip Street, NA, Ashburton, New Zealand",063,NA,Urban
"201 MINA ROAD, Cheviot, Hurunui, New Zealand",058,Cheviot,Rural
"1629 Glenavy-Hilderthorpe Road, Waitaki Bridge, Waitaki Bridge, Waitaki (part), New Zealand",068,Waitaki Bridge,Peri-urban/Uncertain
"5 SWYNCOMBE PLACE, NA, Kaikoura, New Zealand",054,NA,Urban
"2/58 Achilles Street, Dallington, Christchurch City, New Zealand",060,Dallington,Urban
"10 BROADWAY PARADE, Rolleston, Selwyn, New Zealand",062,Rolleston,Urban
"2119 FAIRLIE-TEKAPO ROAD, Burkes Pass, Mackenzie, New Zealand",065,Burkes Pass,Peri-urban/Uncertain
"39 Welsford Street, NA, Waimakariri, New Zealand",059,NA,Urban
"24 OVERBURY CRESCENT, Rolleston, Selwyn, New Zealand",062,Rolleston,Urban
"110 WEST COAST ROAD, Arthur's Pass National Park, Selwyn, New Zealand",062,Arthur's Pass National Park,Peri-urban/Uncertain
"25 Charles Upham Avenue, Hillmorton, Christchurch City, New Zealand",060,Hillmorton,Urban
"107 Otaki Street, NA, Waimakariri, New Zealand",059,NA,Peri-urban/Uncertain
"43 HOPKINS ROAD, Twizel, Mackenzie, New Zealand",065,Twizel,Urban
"31 SOUTH BAY PARADE, NA, Kaikoura, New Zealand",054,NA,Urban
"22 MURRAY PLACE, Lake Tekapo, Mackenzie, New Zealand",065,Lake Tekapo,Peri-urban (disputed)
"40 Aspen Street, NA, Waimakariri, New Zealand",059,NA,Urban
"21 TOTARA DRIVE, Twizel, Mackenzie, New Zealand",065,Twizel,Urban
"1 SCARBOROUGH STREET, NA, Kaikoura, New Zealand",054,NA,Rural
"7 Grace Street, Waimate, Waimate, New Zealand",066,Waimate,Urban
"8 FRASER CRESCENT, Twizel, Mackenzie, New Zealand",065,Twizel,Urban
"101 Thomson Street, NA, Ashburton, New Zealand",063,NA,Urban
"54 Wolseley Road, NA, Ashburton, New Zealand",063,NA,Rural
"116 TORQUAY STREET, NA, Kaikoura, New Zealand",054,NA,Peri-urban/Uncertain
"56 MOODY STREET, Gore Bay, Hurunui, New Zealand",058,Gore Bay,Rural
"0 Stony Creek Road, Tekapo, Waimate, New Zealand",066,Tekapo,Rural
"2/7 Aviemore Street, Glenwood, Timaru, Glenwood, Timaru, New Zealand",064,Glenwood,Urban
"22 Blackford Street, NA, Ashburton, New Zealand",063,NA,Urban
"121 KOORONG ROAD, Albury, Mackenzie, New Zealand",065,Albury,Rural
"217 Butchers Road, NA, Waimakariri, New Zealand",059,NA,Rural
"6 ZIG ZAG ROAD, Windwhistle, Selwyn, New Zealand",062,Windwhistle,Rural
"0 GLEN LYON ROAD, Twizel, Mackenzie, New Zealand",065,Twizel,Peri-urban (disputed)
"0 Te Akatarawa Road, Kirkliston, Waimate, New Zealand",066,Kirkliston,Rural
"5 WILLOW LANE, Leithfield, Hurunui, New Zealand",058,Leithfield,Rural
"381 BLAINSLIE ROAD, Albury, Mackenzie, New Zealand",065,Albury,Rural
"42 Bruces Road, NA, Waimakariri, New Zealand",059,NA,Rural
"30 Luxmoore Road, Waimataitai, Timaru, Waimataitai, Timaru, New Zealand",064,Waimataitai,Urban
"66 LADY ISAAC DRIVE, Rolleston, Selwyn, New Zealand",062,Rolleston,Urban
"21 ASHGROVE COURT, Lincoln, Selwyn, New Zealand",062,Lincoln,Urban
"9A Glandovey Road, Fendalton, Christchurch City, New Zealand",060,Fendalton,Urban
"10 LOCHINVER AVENUE, Lake Tekapo, Mackenzie, New Zealand",065,Lake Tekapo,Peri-urban (disputed)
"11 Monarch Boulevard, NA, Waimakariri, New Zealand",059,NA,Urban
"53 LUDSTONE ROAD, NA, Kaikoura, New Zealand",054,NA,Peri-urban/Uncertain
"214 Mayfield Klondyke Ro, NA, Ashburton, New Zealand",063,NA,Rural
"38 MARYBURN ROAD, Twizel, Mackenzie, New Zealand",065,Twizel,Urban
"53 MURRAY PLACE, Lake Tekapo, Mackenzie, New Zealand",065,Lake Tekapo,Peri-urban (disputed)
"8 Tydvil Street, Moeraki, Moeraki, Waitaki (part), New Zealand",068,Moeraki,Urban
"1326 Tram Road, NA, Waimakariri, New Zealand",059,NA,Rural
"10 SOUTHDOWN PLACE, Kirwee, Selwyn, New Zealand",062,Kirwee,Rural
"6 SUNSET PLACE, Otematata, Waitaki (part), New Zealand",068,Otematata,Peri-urban (disputed)
"CLARENCE VALLEY ROAD, NA, Kaikoura, New Zealand",054,NA,Peri-urban/Uncertain
"15 AIRPORT ROAD, Omarama, Waitaki (part), New Zealand",068,Omarama,Rural
"5 FLINT ROAD, Rolleston, Selwyn, New Zealand",062,Rolleston,Urban
"10 TOWNEND STREET, Waipara, Hurunui, New Zealand",058,Waipara,Peri-urban (disputed)
"12 GLADSTONE STREET, Hawarden, Hurunui, New Zealand",058,Hawarden,Peri-urban (disputed)
"759 ALBURY-FAIRLIE ROAD, Coal Stream, Mackenzie, New Zealand",065,Coal Stream,Rural
"288 MACKENZIE DRIVE, Twizel, Mackenzie, New Zealand",065,Twizel,Urban
"218 Church Street, West End, Timaru, West End, Timaru, New Zealand",064,West End,Urban
"27 CASS CRESCENT, Twizel, Mackenzie, New Zealand",065,Twizel,Urban
"208 BEACH ROAD, NA, Kaikoura, New Zealand",054,NA,Urban
"39 LESLIE STREET, Waiau, Hurunui, New Zealand",058,Waiau,Rural
"26D DENMARK STREET, Fairlie, Mackenzie, New Zealand",065,Fairlie,Peri-urban (disputed)
"21 CANDLESTICKS CRESCENT, Lincoln, Selwyn, New Zealand",062,Lincoln,Urban
"21 MARLOWE PLACE, Rolleston, Selwyn, New Zealand",062,Rolleston,Urban
"17 Westpark Boulevard, NA, Waimakariri, New Zealand",059,NA,Urban
"253 JOWERS ROAD, West Melton, Selwyn, New Zealand",062,West Melton,Peri-urban (disputed)
"19 Eric Batchelor Place, Waimate, Waimate, New Zealand",066,Waimate,Urban
"17 JOLLIES PASS ROAD, Hanmer Springs, Hurunui, New Zealand",058,Hanmer Springs,Urban
"31 Manse Street, Waimate, Waimate, New Zealand",066,Waimate,Urban
"4/301 Hereford Street, Central City, Christchurch City, New Zealand",060,Central City,Urban
"419 Mill Road, NA, Waimakariri, New Zealand",059,NA,Rural
"31 Zinnia Way, Hornby, Christchurch City, New Zealand",060,Hornby,Urban
"2/2 Bella Rosa Drive, Hornby, Christchurch City, New Zealand",060,Hornby,Urban
"34 TEMPLE DRIVE, Twizel, Mackenzie, New Zealand",065,Twizel,Urban
"87 Middle Road, NA, Ashburton, New Zealand",063,NA,Urban
"4963/18 Waimate Highway, Glenavy, Waimate, New Zealand",066,Glenavy,Peri-urban (disputed)
"35 MANSE RD, Kurow, Waitaki (part), New Zealand",068,Kurow,Peri-urban (disputed)
"15 Hayson Drive, NA, Waimakariri, New Zealand",059,NA,Urban
"141 MACKENZIE DRIVE, Twizel, Mackenzie, New Zealand",065,Twizel,Urban
"59 LUDSTONE ROAD, NA, Kaikoura, New Zealand",054,NA,Urban
"20 Salford Avenue, Redwood, Christchurch City, New Zealand",060,Redwood,Urban
"5 COULSON LANE, Lake Tekapo, Mackenzie, New Zealand",065,Lake Tekapo,Peri-urban (disputed)
"159 Ngapara-Georgetown Road, Georgetown, Oamaru, Georgetown, Waitaki (part), New Zealand",068,Georgetown,Peri-urban/Uncertain
"1-2/76 Wilson Street, Seaview, Timaru, Highfield, Timaru, New Zealand",064,Highfield,Urban
"6 Bywell Street, South Hill, Oamaru, South Hill, Waitaki (part), New Zealand",068,South Hill,Urban
"41 King Street, Waimate, Waimate, New Zealand",066,Waimate,Urban
"194 Queen Street, Waimate, Waimate, New Zealand",066,Waimate,Urban
"13 Belmont Avenue, NA, Waimakariri, New Zealand",059,NA,Urban
"3 Ironwood Lane, Westhaven, Christchurch City, New Zealand",060,Westhaven,Urban
"961 LAKE SUMNER ROAD, Hawarden, Hurunui, New Zealand",058,Hawarden,Rural
"4 Balmoral Street, Oamaru North, Oamaru, Oamaru North, Waitaki (part), New Zealand",068,Oamaru North,Urban
"191 Queen Street, Waimate, Waimate, New Zealand",066,Waimate,Urban
"8 Rugby Street, Waimate, Waimate, New Zealand",066,Waimate,Urban
"129 Douglas Street, Highfield, Timaru, Highfield, Timaru, New Zealand",064,Highfield,Urban
"39 Nicolson Road, Hampden, Hampden, Waitaki (part), New Zealand",068,Hampden,Urban
"1/40-42 Church Street, Timaru, Timaru, Timaru, New Zealand",064,Timaru,Urban
"200 KIWA ROAD, NA, Kaikoura, New Zealand",054,NA,Rural
"26 Church Street, RD 21, Geraldine, Woodbury, Timaru, New Zealand",064,Woodbury,Peri-urban (disputed)
"16 MACKENZIE DRIVE, Twizel, Mackenzie, New Zealand",065,Twizel,Urban
"NA, Macraes, Waitaki (part), New Zealand",068,Macraes,Peri-urban/Uncertain
"106 Church Street, NA, Waimakariri, New Zealand",059,NA,Urban
"37 Gray Street, NA, Ashburton, New Zealand",063,NA,Urban
"144 Queen Street, Waimate, Waimate, New Zealand",066,Waimate,Urban
"7 Blackburn Street, NA, Waimakariri, New Zealand",059,NA,Urban
"96 Melcombe Street, NA, Ashburton, New Zealand",063,NA,Urban
"14 BRAHMAN CLOSE, Prebbleton, Selwyn, New Zealand",062,Prebbleton,Urban
"NA, Waianakarua, Waitaki (part), New Zealand",068,Waianakarua,Peri-urban/Uncertain
"55 MOUNT COOK ROAD, Fairlie, Mackenzie, New Zealand",065,Fairlie,Peri-urban (disputed)
"491 West Street, NA, Ashburton, New Zealand",063,NA,Urban
"1 CAMERON PLACE, Ben Ohau, Mackenzie, New Zealand",065,Ben Ohau,Peri-urban/Uncertain
"255 Havelock Street, NA, Ashburton, New Zealand",063,NA,Urban
"41 Kippenberger Avenue, NA, Waimakariri, New Zealand",059,NA,Urban
"342 Temuka-Orari Highway, RD 26, Temuka, Winchester, Timaru, New Zealand",064,Winchester,Rural
"871 Teschemaker Valley Road, Otaio, Waimate, New Zealand",066,Otaio,Rural
"59 Walnut Avenue, NA, Ashburton, New Zealand",063,NA,Urban
"4/7 Brake Street, Upper Riccarton, Christchurch City, New Zealand",060,Upper Riccarton,Urban
"146 Eden Street, Oamaru, Oamaru, Waitaki (part), New Zealand",068,Oamaru,Urban
"19 RHOBORO ROAD, Twizel, Mackenzie, New Zealand",065,Twizel,Urban
"82 South Town Belt, NA, Ashburton, New Zealand",063,NA,Rural
"1-3/23 Preston Street, West End, Timaru, West End, Timaru, New Zealand",064,West End,Urban
"NA, Oamaru North, Waitaki (part), New Zealand",068,Oamaru North,Urban
"2141 Waimate Highway, Makikihi, Waimate, New Zealand",066,Makikihi,Rural
"8 Thackeray Street, Saint Andrews, Waimate, New Zealand",066,Saint Andrews,Peri-urban (disputed)
"14 Tern Street, Oamaru North, Oamaru, Oamaru North, Waitaki (part), New Zealand",068,Oamaru North,Urban
"6 Massey Street, Waimate, Waimate, New Zealand",066,Waimate,Urban
"26 STRUTHERS STREET, Fairlie, Mackenzie, New Zealand",065,Fairlie,Rural
"13 Witham Street, Oamaru North, Oamaru, Oamaru North, Waitaki (part), New Zealand",068,Oamaru North,Urban
"3 ROGERS CRESCENT, Poplars Range, Hurunui, New Zealand",058,Poplars Range,Urban
"NA, Herbert, Waitaki (part), New Zealand",068,Herbert,Rural
"1/8 Lane Street, Woolston, Christchurch City, New Zealand",060,Woolston,Urban
"58 FACTORY ROAD, NA, Kaikoura, New Zealand",054,NA,Rural
"14 MENDIP STREET, Waiau, Hurunui, New Zealand",058,Waiau,Rural
"32 Frome Street, Oamaru North, Oamaru, Oamaru North, Waitaki (part), New Zealand",068,Oamaru North,Urban
"521 MAIN RAKAIA ROAD, Southbridge, Selwyn, New Zealand",062,Southbridge,Rural
"1 CONICAL HILL ROAD, Hanmer Springs, Hurunui, New Zealand",058,Hanmer Springs,Urban
"80 Major Aitken Drive, Huntsbury, Christchurch City, New Zealand",060,Huntsbury,Urban
"3 Hughes Street, Waimate, Waimate, New Zealand",066,Waimate,Urban
"775 RAM PADDOCK ROAD, Broomfield, Hurunui, New Zealand",058,Broomfield,Peri-urban (disputed)
"6 Baker Street, NA, Ashburton, New Zealand",063,NA,Urban
"0 Maude Street, Waimate, Waimate, New Zealand",066,Waimate,Urban
"0 MANUKA TERRACE, Ben Ohau, Mackenzie, New Zealand",065,Ben Ohau,Rural
"420A MANUKA TERRACE, Ben Ohau, Mackenzie, New Zealand",065,Ben Ohau,Rural
"23 Sequoia Way, NA, Waimakariri, New Zealand",059,NA,Urban
"55 Grigg Street, NA, Ashburton, New Zealand",063,NA,Urban
"6 Tranquil Place, NA, Ashburton, New Zealand",063,NA,Urban
"156 Harrison Street, NA, Ashburton, New Zealand",063,NA,Urban
"50 Wilkin Street, Waimate, Waimate, New Zealand",066,Waimate,Urban
"75 ATHELNEY ROAD, NA, Kaikoura, New Zealand",054,NA,Rural
"10 Bethia Road, Halswell, Christchurch City, New Zealand",060,Halswell,Urban
"58 KOTARE PLACE, NA, Kaikoura, New Zealand",054,NA,Urban
"16A Monkton Street, Maheno, Oamaru, Maheno, Waitaki (part), New Zealand",068,Maheno,Rural
"2/19 De Ville Place, Burwood, Christchurch City, New Zealand",060,Burwood,Urban
"114 FAULKS DRIVE, Lincoln, Selwyn, New Zealand",062,Lincoln,Urban
"23 Rothwell Street, Redruth, Timaru, Redruth, Timaru, New Zealand",064,Redruth,Urban
"1 Alde Street, Oamaru North, Oamaru, Oamaru North, Waitaki (part), New Zealand",068,Oamaru North,Urban
"53 Avenue Road, West End, Timaru, West End, Timaru, New Zealand",064,West End,Urban
"10 GLENBROOK CRESCENT, Twizel, Mackenzie, New Zealand",065,Twizel,Urban
"22 Smith Street, NA, Waimakariri, New Zealand",059,NA,Urban
"4 Hakatere Road, NA, Waimakariri, New Zealand",059,NA,Urban
"14 Herbert Street, Waimate, Waimate, New Zealand",066,Waimate,Urban
"85 MAIN STREET, Fairlie, Mackenzie, New Zealand",065,Fairlie,Peri-urban (disputed)
"39 KOWHAI FORD ROAD, NA, Kaikoura, New Zealand",054,NA,Rural
"West Town Belt, NA, Ashburton, New Zealand",063,NA,Rural
"3 Konini Street, Gleniti, Timaru, Gleniti, Timaru, New Zealand",064,Gleniti,Urban
"0 Maclean Street, Morven, Waimate, New Zealand",066,Morven,Peri-urban/Uncertain
"4 Pitman Place, Waimate, Waimate, New Zealand",066,Waimate,Urban
"218 HORSLEY DOWN ROAD, Hawarden, Hurunui, New Zealand",058,Hawarden,Rural
"1 Inky Lord Lane, NA, Ashburton, New Zealand",063,NA,Peri-urban/Uncertain
"208 Wills Street, NA, Ashburton, New Zealand",063,NA,Urban
"18 MINA ROAD, Cheviot, Hurunui, New Zealand",058,Cheviot,Rural
"461 CONSTITUTION ROAD, Culverden, Hurunui, New Zealand",058,Culverden,Rural
"360 DOUGLAS ROAD, Amberley, Hurunui, New Zealand",058,Amberley,Peri-urban (disputed)
"22 Berkshire Drive, Hyde Park, Christchurch City, New Zealand",060,Hyde Park,Urban
"59 BRENLEY DRIVE, Rolleston, Selwyn, New Zealand",062,Rolleston,Urban
"445 TERRACE ROAD, Leithfield, Hurunui, New Zealand",058,Leithfield,Rural
"69 GLENDENE COURT, Rolleston, Selwyn, New Zealand",062,Rolleston,Urban
"23 JB Cullen Drive, NA, Ashburton, New Zealand",063,NA,Urban
"1481 STATE HIGHWAY 1, NA, Kaikoura, New Zealand",054,NA,Rural
"8 Kiwi Drive, Highfield, Timaru, Highfield, Timaru, New Zealand",064,Highfield,Urban
"190 HAMPTONS ROAD, Prebbleton, Selwyn, New Zealand",062,Prebbleton,Peri-urban (disputed)
"73 KOTUKU ROAD, NA, Kaikoura, New Zealand",054,NA,Peri-urban/Uncertain
"4 HASTING STREET, NA, Kaikoura, New Zealand",054,NA,Urban
"15 Fleet Street, Oamaru North, Oamaru, Oamaru North, Waitaki (part), New Zealand",068,Oamaru North,Urban
"20 CHURCHILL STREET, NA, Kaikoura, New Zealand",054,NA,Urban
"2 SEFTON STREET, Twizel, Mackenzie, New Zealand",065,Twizel,Urban
"18 Tawera Lane (Pvt), NA, Waimakariri, New Zealand",059,NA,Peri-urban/Uncertain
"238 BEACH ROAD, NA, Kaikoura, New Zealand",054,NA,Urban
"378 Burnett Street, NA, Ashburton, New Zealand",063,NA,Urban
"81 Domain Avenue, Kensington, Timaru, Kensington, Timaru, New Zealand",064,Kensington,Urban
"169 MT BROWN ROAD, Broomfield, Hurunui, New Zealand",058,Broomfield,Peri-urban (disputed)
"25 MACKENZIES ROAD, Waipara, Hurunui, New Zealand",058,Waipara,Peri-urban (disputed)
"19-19A Konini Street, Gleniti, Timaru, Gleniti, Timaru, New Zealand",064,Gleniti,Urban
"10 Defender Lane, Redcliffs, Christchurch City, New Zealand",060,Redcliffs,Urban
"4 MOORE STREET, Hawarden, Hurunui, New Zealand",058,Hawarden,Peri-urban (disputed)
"12 James Street, Waimate, Waimate, New Zealand",066,Waimate,Urban
"8 PARK LANE, Omarama, Waitaki (part), New Zealand",068,Omarama,Peri-urban (disputed)
"0 MANUKA TERRACE, Ben Ohau, Mackenzie, New Zealand",065,Ben Ohau,Rural
"4 PEMBERTON DR, Amberley, Hurunui, New Zealand",058,Amberley,Urban
"Trevors Road, NA, Ashburton, New Zealand",063,NA,Rural
"10 Lewis Street, Geraldine, Geraldine, Timaru, New Zealand",064,Geraldine,Urban
"17 PLOVER AVENUE, Amberley, Hurunui, New Zealand",058,Amberley,Urban
"3/39 Fortune Street, Mairehau, Christchurch City, New Zealand",060,Mairehau,Urban
"68 Sutherland Drive, NA, Waimakariri, New Zealand",059,NA,Urban
"914 Hunter Makikihi Road, Hunter, Waimate, New Zealand",066,Hunter,Urban
"1 Point Bush Road, Waimate, Waimate, New Zealand",066,Waimate,Urban
"160 McKeown Road, RD 21, Geraldine, Woodbury, Timaru, New Zealand",064,Woodbury,Rural
"2A Cain Street, Parkside, Timaru, Parkside, Timaru, New Zealand",064,Parkside,Urban
"26 Alington Street, NA, Ashburton, New Zealand",063,NA,Urban
"217 NONOTI ROAD, Cheviot, Hurunui, New Zealand",058,Cheviot,Rural
"2 LUCCA CRESCENT, Rolleston, Selwyn, New Zealand",062,Rolleston,Urban
"4A Rugby Street, Highfield, Timaru, Highfield, Timaru, New Zealand",064,Highfield,Urban
"209 CONWAY FLAT ROAD, Conway Flat, Hurunui, New Zealand",058,Conway Flat,Rural
"317 O'NEILLS ROAD, Coal Stream, Mackenzie, New Zealand",065,Coal Stream,Rural
"12 Pembroke Street, Oamaru North, Oamaru, Oamaru North, Waitaki (part), New Zealand",068,Oamaru North,Urban
"3/132A Evans Street, Waimataitai, Timaru, Waimataitai, Timaru, New Zealand",064,Waimataitai,Urban
"NA, Oamaru, Waitaki (part), New Zealand",068,Oamaru,Urban
"14 BRISTOL STREET, Hanmer Springs, Hurunui, New Zealand",058,Hanmer Springs,Urban
"2 GREENBURN WAY, NA, Kaikoura, New Zealand",054,NA,Urban
"1/28 Huxley Street, Gleniti, Timaru, Gleniti, Timaru, New Zealand",064,Gleniti,Urban
"101 Queen Street, Waimate, Waimate, New Zealand",066,Waimate,Urban
"5 Stone Street, NA, Waimakariri, New Zealand",059,NA,Urban
"5A-5B Opie Street, Waimate, Waimate, New Zealand",066,Waimate,Urban
"0 MANUKA TERRACE, Ben Ohau, Mackenzie, New Zealand",065,Ben Ohau,Rural
"15A Nile Street, Highfield, Timaru, Highfield, Timaru, New Zealand",064,Highfield,Urban
"0 STATE HIGHWAY 8 ALBURY, Albury, Mackenzie, New Zealand",065,Albury,Rural
"300 OLD GLEN LYON ROAD, Twizel, Mackenzie, New Zealand",065,Twizel,Peri-urban (disputed)
"1 Robert Coup Road, NA, Waimakariri, New Zealand",059,NA,Urban
"107 Tancred Street, NA, Ashburton, New Zealand",063,NA,Urban
"320 BALCAIRN AMBERLEY ROAD, Amberley, Hurunui, New Zealand",058,Amberley,Peri-urban (disputed)
"123 MT BROWN ROAD, Broomfield, Hurunui, New Zealand",058,Broomfield,Urban
"20 KANUKA LANE, NA, Kaikoura, New Zealand",054,NA,Rural
"NA, NA, Waimakariri, New Zealand",059,NA,Peri-urban/Uncertain
"0 GLEN LYON ROAD, Twizel, Mackenzie, New Zealand",065,Twizel,Peri-urban (disputed)
"593 Singletree Road ASHBURTON DISTRICT, NA, Ashburton, New Zealand",063,NA,Peri-urban/Uncertain
"61 TEKAPO DRIVE, Twizel, Mackenzie, New Zealand",065,Twizel,Urban
"18 Edward Street, Waimate, Waimate, New Zealand",066,Waimate,Urban
"93 LOWES ROAD, Rolleston, Selwyn, New Zealand",062,Rolleston,Urban
"34 Robinson Street, NA, Ashburton, New Zealand",063,NA,Urban
"10 Hayhurst Street, Temuka, Temuka, Timaru, New Zealand",064,Temuka,Urban
"31 D'ARCHIAC DRIVE, Lake Tekapo, Mackenzie, New Zealand",065,Lake Tekapo,Peri-urban (disputed)
"64 MAIN STREET, Fairlie, Mackenzie, New Zealand",065,Fairlie,Rural
"52 Wilkin Street, Waimate, Waimate, New Zealand",066,Waimate,Urban
"150 MACKENZIE DRIVE, Twizel, Mackenzie, New Zealand",065,Twizel,Urban
"64A Morgans Road, Glenwood, Timaru, Glenwood, Timaru, New Zealand",064,Glenwood,Urban
"2/4 Studholme Street, Temuka, Temuka, Timaru, New Zealand",064,Temuka,Urban
"1/17 Bennett Street, Papanui, Christchurch City, New Zealand",060,Papanui,Urban
"2 FOXFORD CLOSE, Lincoln, Selwyn, New Zealand",062,Lincoln,Urban
"131 SOUTH BAY PARADE, NA, Kaikoura, New Zealand",054,NA,Urban
"25 Bridge Street, NA, Ashburton, New Zealand",063,NA,Urban
"NA, Awamoa, Waitaki (part), New Zealand",068,Awamoa,Peri-urban/Uncertain
"179 Moorhouse Avenue, Central City, Christchurch City, New Zealand",060,Central City,Urban
"6 Berkeley Close, NA, Waimakariri, New Zealand",059,NA,Urban
"9 Takutai Place, Diamond Harbour, Christchurch City, New Zealand",060,Diamond Harbour,Urban
"22 FYFFE AVENUE, NA, Kaikoura, New Zealand",054,NA,Urban
"40B MacKenzie Avenue, Woolston, Christchurch City, New Zealand",060,Woolston,Urban
"4 Queens Drive, NA, Ashburton, New Zealand",063,NA,Urban
"0 Pareora River Road, Maungati, Waimate, New Zealand",066,Maungati,Rural
"9 HAYDON PLACE, Amberley, Hurunui, New Zealand",058,Amberley,Urban
"OCEAN RIDGE DRIVE, NA, Kaikoura, New Zealand",054,NA,Peri-urban/Uncertain
"8 EDWARDS LANE, Lake Tekapo, Mackenzie, New Zealand",065,Lake Tekapo,Peri-urban (disputed)
"103 JIMMY ADAMS TERRACE, Lincoln, Selwyn, New Zealand",062,Lincoln,Urban
"111 King Street, NA, Waimakariri, New Zealand",059,NA,Urban
"9 St James Place, NA, Waimakariri, New Zealand",059,NA,Urban
"Sheep Dip Road, RD 21, Geraldine, Kakahu, Timaru, New Zealand",064,Kakahu,Rural
"MILL ROAD, NA, Kaikoura, New Zealand",054,NA,Rural
"190 BEACH ROAD, NA, Kaikoura, New Zealand",054,NA,Urban
"97 Wellington Street, Enfield, Oamaru, Enfield, Waitaki (part), New Zealand",068,Enfield,Peri-urban/Uncertain
"42 KOTUKU ROAD, NA, Kaikoura, New Zealand",054,NA,Urban
"180 BEACH ROAD, NA, Kaikoura, New Zealand",054,NA,Urban
"9 Monkton Street, Maheno, Oamaru, Maheno, Waitaki (part), New Zealand",068,Maheno,Rural
"5 Pitman Place, Waimate, Waimate, New Zealand",066,Waimate,Urban
"48 CHERT STREET, Rolleston, Selwyn, New Zealand",062,Rolleston,Urban
"11 Watson Place, NA, Waimakariri, New Zealand",059,NA,Urban
"3 DOON STREET, Fairlie, Mackenzie, New Zealand",065,Fairlie,Peri-urban (disputed)
"145 Grahams Road, NA, Ashburton, New Zealand",063,NA,Rural
"372 Pleasant Point Highway, RD 5, Timaru, Levels, Timaru, New Zealand",064,Levels,Peri-urban (disputed)
"27 GODLEY STREET, Twizel, Mackenzie, New Zealand",065,Twizel,Urban
"140 Victoria Street, NA, Ashburton, New Zealand",063,NA,Urban
"71 Rhodes Street, Waimate, Waimate, New Zealand",066,Waimate,Urban
"269-271 Stafford Street, Timaru, Timaru, Timaru, New Zealand",064,Timaru,Urban
"15 Rapley Street, NA, Ashburton, New Zealand",063,NA,Urban
"NA, NA, Waimakariri, New Zealand",059,NA,Peri-urban/Uncertain
"8 Selsey Lane, Somerfield, Christchurch City, New Zealand",060,Somerfield,Urban
"Hunter Crescent, Waimate, Waimate, New Zealand",066,Waimate,Urban
"29 GREIG CRESCENT, NA, Hurunui, New Zealand",058,NA,Peri-urban/Uncertain
"44 Spaxton Street, NA, Ashburton, New Zealand",063,NA,Urban
"32 WHITTINGTON DRIVE, Rolleston, Selwyn, New Zealand",062,Rolleston,Urban
"75 SOUTH BAY PARADE, NA, Kaikoura, New Zealand",054,NA,Urban
"2/231A Wainoni Road, Avondale, Christchurch City, New Zealand",060,Avondale,Urban
"26 Kirks Road, Waimate, Waimate, New Zealand",066,Waimate,Peri-urban (disputed)
"783A Burnside Road, Windsor, Oamaru, Windsor, Waitaki (part), New Zealand",068,Windsor,Peri-urban/Uncertain
"594 HURUNUI BLUFF ROAD, Hurunui, Hurunui, New Zealand",058,Hurunui,Rural
"0 RANKIN RISE, Lake Tekapo, Mackenzie, New Zealand",065,Lake Tekapo,Rural
"21 Holmes Street, Waimate, Waimate, New Zealand",066,Waimate,Urban
"48 Somerton Road, NA, Ashburton, New Zealand",063,NA,Rural
"0 CLAYTON ROAD, Fairlie, Mackenzie, New Zealand",065,Fairlie,Rural
"4 TE KEEPA ROAD, NA, Kaikoura, New Zealand",054,NA,Urban
"7 Holly Place, NA, Waimakariri, New Zealand",059,NA,Urban
"57 Kent Street, Marchwiel, Timaru, Marchwiel, Timaru, New Zealand",064,Marchwiel,Urban
"51 BEACH ROAD, NA, Kaikoura, New Zealand",054,NA,Peri-urban/Uncertain
"5 Goldsmith Street, Waimate, Waimate, New Zealand",066,Waimate,Urban
"12 Cameron Street, Seaview, Timaru, Seaview, Timaru, New Zealand",064,Seaview,Urban
"61A Centennial Avenue, Riccarton, Christchurch City, New Zealand",060,Riccarton,Urban
"3 Herbert Street, Waimate, Waimate, New Zealand",066,Waimate,Urban
"6015 Hakataramea Highway, Hakataramea, Waimate, New Zealand",066,Hakataramea,Rural
"NA, Moeraki, Waitaki (part), New Zealand",068,Moeraki,Urban
"7 Benjes Place, NA, Waimakariri, New Zealand",059,NA,Urban
"161 MACKENZIE DRIVE, Twizel, Mackenzie, New Zealand",065,Twizel,Urban
"2 Arahura Road, NA, Waimakariri, New Zealand",059,NA,Urban
"21 GLENCREE ROAD, NA, Kaikoura, New Zealand",054,NA,Rural
"15 ALPINE AVENUE, Hanmer Springs, Hurunui, New Zealand",058,Hanmer Springs,Urban
"42 WILFRED ROAD, Albury, Mackenzie, New Zealand",065,Albury,Rural
"1468 Tram Road, NA, Waimakariri, New Zealand",059,NA,Rural
"36 Sam Holmes Drive, NA, Ashburton, New Zealand",063,NA,Rural
"FARNBOROUGH WAY, Rolleston, Selwyn, New Zealand",062,Rolleston,Urban
"4 SCHOOL LANE, Kirwee, Selwyn, New Zealand",062,Kirwee,Peri-urban (disputed)
"68 TINLINE TERRACE, Mt Lyford (Pte Road), Hurunui, New Zealand",058,Mt Lyford (Pte Road),Peri-urban/Uncertain
"387 Stonyflat Road, NA, Waimakariri, New Zealand",059,NA,Rural
"15 Mountfort Street, Spreydon, Christchurch City, New Zealand",060,Spreydon,Urban
"6 Kandahar Street, Pleasant Point, Pleasant Point, Timaru, New Zealand",064,Pleasant Point,Urban
"32 ESPLANADE, NA, Kaikoura, New Zealand",054,NA,Peri-urban/Uncertain
"35 CASSIDY AVENUE, Lincoln, Selwyn, New Zealand",062,Lincoln,Urban
"389 OLD BEACH ROAD, NA, Kaikoura, New Zealand",054,NA,Rural
"3 Nathaniel Archer Street, NA, Waimakariri, New Zealand",059,NA,Urban
"4 THE DRIVE, Twizel, Mackenzie, New Zealand",065,Twizel,Urban
"21 Easons Road, Hampden, Hampden, Waitaki (part), New Zealand",068,Hampden,Urban
"22 Saunders Road, NA, Ashburton, New Zealand",063,NA,Urban
"EVEREST WAY, Springston, Selwyn, New Zealand",062,Springston,Peri-urban (disputed)
"2 COX LANE, Amberley, Hurunui, New Zealand",058,Amberley,Urban
"5 Thomas Street, West End, Timaru, West End, Timaru, New Zealand",064,West End,Urban
"10 Sea View Terrace, Seaview, Timaru, Seaview, Timaru, New Zealand",064,Seaview,Urban
"Mt Harding Road, NA, Ashburton, New Zealand",063,NA,Rural
"48 Main Street, Weston, Oamaru, Weston, Waitaki (part), New Zealand",068,Weston,Urban
"15 Roxby Street, South Hill, Oamaru, South Hill, Waitaki (part), New Zealand",068,South Hill,Urban
"12 GLENBROOK CRESCENT, Twizel, Mackenzie, New Zealand",065,Twizel,Urban
"520 South Eyre Road, NA, Waimakariri, New Zealand",059,NA,Rural
"312B Thames Highway, Oamaru North, Oamaru, Oamaru North, Waitaki (part), New Zealand",068,Oamaru North,Urban
"33 Manse Street, Waimate, Waimate, New Zealand",066,Waimate,Urban
"5/2 Westcott Street, Dallington, Christchurch City, New Zealand",060,Dallington,Urban
"368 Steward Road, Waitaki Bridge, Waitaki Bridge, Waitaki (part), New Zealand",068,Waitaki Bridge,Peri-urban/Uncertain
"332 Havelock Street, NA, Ashburton, New Zealand",063,NA,Urban
"29 HASTING STREET, NA, Kaikoura, New Zealand",054,NA,Urban
"42 Hanrahan Street, Upper Riccarton, Christchurch City, New Zealand",060,Upper Riccarton,Urban
"34 Ashbury Avenue, Waimataitai, Timaru, Waimataitai, Timaru, New Zealand",064,Waimataitai,Urban
"113 NORTH BELT, Lincoln, Selwyn, New Zealand",062,Lincoln,Urban
"179 PATERSONS ROAD, Greta Valley, Hurunui, New Zealand",058,Greta Valley,Rural
"218 Lehmans Road, NA, Waimakariri, New Zealand",059,NA,Peri-urban/Uncertain
"Waitohi Pleasant Point Road, RD 25, Temuka, Waitohi, Timaru, New Zealand",064,Waitohi,Rural
"0 HOOKER CRESCENT, Twizel, Mackenzie, New Zealand",065,Twizel,Urban
"41 Tara Crescent, NA, Waimakariri, New Zealand",059,NA,Urban
"67 JACKS PASS ROAD, Hanmer Springs, Hurunui, New Zealand",058,Hanmer Springs,Urban
"23 High Street, Waimate, Waimate, New Zealand",066,Waimate,Urban
"River Road, NA, Ashburton, New Zealand",063,NA,Rural
"365 TERRACE ROAD, Leithfield, Hurunui, New Zealand",058,Leithfield,Rural
"9 BUXTON PLACE, Gore Bay, Hurunui, New Zealand",058,Gore Bay,Peri-urban (disputed)
"28 Coronation Street, Waimate, Waimate, New Zealand",066,Waimate,Urban
"12 MOA ROAD, NA, Kaikoura, New Zealand",054,NA,Urban
"908 Lower Styx Road, Brooklands, Christchurch City, New Zealand",060,Brooklands,Urban
"70 Stafford Street, Hampden, Hampden, Waitaki (part), New Zealand",068,Hampden,Urban
"272-280 ESPLANADE, NA, Kaikoura, New Zealand",054,NA,Peri-urban/Uncertain
"59 GERALD STREET, Lincoln, Selwyn, New Zealand",062,Lincoln,Urban
"7 Yare Street, Oamaru, Oamaru, Waitaki (part), New Zealand",068,Oamaru,Urban
"4 CRAIGIEBURN STREET, Darfield, Selwyn, New Zealand",062,Darfield,Urban
"10 LAKELAND AVENUE, Twizel, Mackenzie, New Zealand",065,Twizel,Urban
"101 Michael Street, NA, Ashburton, New Zealand",063,NA,Urban
"0 STATE HIGHWAY 8 FAIRLIE, Hazelburn, Mackenzie, New Zealand",065,Hazelburn,Rural
"10 FERNHAM WAY, Rolleston, Selwyn, New Zealand",062,Rolleston,Urban
"76 PARITAI LANE, Amberley, Hurunui, New Zealand",058,Amberley,Peri-urban (disputed)
"NA, NA, Waimakariri, New Zealand",059,NA,Peri-urban/Uncertain
"NA, Oamaru, Waitaki (part), New Zealand",068,Oamaru,Urban
"58 White Street, NA, Waimakariri, New Zealand",059,NA,Urban
"46 GRAEME FOOTE STREET, Darfield, Selwyn, New Zealand",062,Darfield,Urban
"16 CASS CRESCENT, Twizel, Mackenzie, New Zealand",065,Twizel,Urban
"12 PERAMBULATOR LANE, Kimbell, Mackenzie, New Zealand",065,Kimbell,Urban
"142 Meadows Road, Washdyke, Timaru, Washdyke, Timaru, New Zealand",064,Washdyke,Peri-urban (disputed)
"SOUTH BAY PARADE, NA, Kaikoura, New Zealand",054,NA,Rural
"6 King Street, Waimate, Waimate, New Zealand",066,Waimate,Urban
"NA, Deborah, Waitaki (part), New Zealand",068,Deborah,Peri-urban/Uncertain
"207 PARSONS ROAD, NA, Kaikoura, New Zealand",054,NA,Rural
"0 STATE HIGHWAY 79, Fairlie, Mackenzie, New Zealand",065,Fairlie,Peri-urban (disputed)
"130-134 BEACH ROAD, NA, Kaikoura, New Zealand",054,NA,Rural
"53 Chinnerys Road, NA, Waimakariri, New Zealand",059,NA,Urban
"46 Queens Drive, NA, Ashburton, New Zealand",063,NA,Urban
"61 Macphail Avenue, NA, Waimakariri, New Zealand",059,NA,Urban
"157 MacKenzie Avenue, Woolston, Christchurch City, New Zealand",060,Woolston,Urban
"0 Esk Bank Road, Otaio, Waimate, New Zealand",066,Otaio,Rural
"51 Lookout Road, RD 22, Geraldine, Peel Forest, Timaru, New Zealand",064,Peel Forest,Urban
"3 Reeves Road, NA, Waimakariri, New Zealand",059,NA,Urban
"28 Carters Road, NA, Ashburton, New Zealand",063,NA,Urban
"61 FARTHING DRIVE, Prebbleton, Selwyn, New Zealand",062,Prebbleton,Urban
"125 Winters Road, Redwood, Christchurch City, New Zealand",060,Redwood,Urban
"2/27 Jollie Street, Geraldine, Geraldine, Timaru, New Zealand",064,Geraldine,Urban
"9 HAYSHED STREET, Rolleston, Selwyn, New Zealand",062,Rolleston,Urban
"POSTMANS ROAD, NA, Kaikoura, New Zealand",054,NA,Rural
"25 Hallfield Drive, NA, Waimakariri, New Zealand",059,NA,Urban
"646 Downs Road, NA, Waimakariri, New Zealand",059,NA,Rural
"18 Hayle Street, Holmes Hill, Oamaru, Holmes Hill, Waitaki (part), New Zealand",068,Holmes Hill,Urban
"107 Timaru Road, Waimate, Waimate, New Zealand",066,Waimate,Urban
"1 Ashley Place, NA, Waimakariri, New Zealand",059,NA,Urban
"38 Huffey Street, Geraldine, Geraldine, Timaru, New Zealand",064,Geraldine,Urban
"4 Dash Street, Waimate, Waimate, New Zealand",066,Waimate,Urban
"148 Hilton Highway, Washdyke, Timaru, Washdyke, Timaru, New Zealand",064,Washdyke,Peri-urban (disputed)
"121 MIDDLE VALLEY ROAD, Middle Valley, Mackenzie, New Zealand",065,Middle Valley,Rural
"423 Hillboro Road, Otaio, Waimate, New Zealand",066,Otaio,Rural
"12 Lowther Street, Oamaru North, Oamaru, Oamaru North, Waitaki (part), New Zealand",068,Oamaru North,Urban
"602 Hook Swamp Road, Makikihi, Waimate, New Zealand",066,Makikihi,Rural
"110 Cameron Street, NA, Ashburton, New Zealand",063,NA,Urban
"391 BALCAIRN AMBERLEY ROAD, Amberley, Hurunui, New Zealand",058,Amberley,Peri-urban (disputed)
"58 Frome Street, Oamaru North, Oamaru, Oamaru North, Waitaki (part), New Zealand",068,Oamaru North,Urban
"132 ESPLANADE, NA, Kaikoura, New Zealand",054,NA,Urban
"149 Forest Drive, NA, Ashburton, New Zealand",063,NA,Rural
"62 LEESTON DUNSANDEL ROAD, Dunsandel, Selwyn, New Zealand",062,Dunsandel,Peri-urban (disputed)
"514 Landsborough Road, RD 4, Timaru, Claremont, Timaru, New Zealand",064,Claremont,Peri-urban (disputed)
"269 LINCOLN ROLLESTON ROAD, Rolleston, Selwyn, New Zealand",062,Rolleston,Urban
"138 MAX SMITH DRIVE, Twizel, Mackenzie, New Zealand",065,Twizel,Urban
"156 Huxley Street, Sydenham, Christchurch City, New Zealand",060,Sydenham,Urban
"12 Kotare Avenue, NA, Waimakariri, New Zealand",059,NA,Urban
"11 MT COOK STREET, Twizel, Mackenzie, New Zealand",065,Twizel,Urban
"38 GRANDVUE DRIVE, Twizel, Mackenzie, New Zealand",065,Twizel,Urban
"61 Cass Street, NA, Ashburton, New Zealand",063,NA,Rural
"5110 Arundel Rakaia Gorge, NA, Ashburton, New Zealand",063,NA,Rural
"LUDSTONE ROAD, NA, Kaikoura, New Zealand",054,NA,Rural
"6 Hampden Square, Hampden, Hampden, Waitaki (part), New Zealand",068,Hampden,Urban
"0 SCHOOL ROAD, Fairlie, Mackenzie, New Zealand",065,Fairlie,Rural
"Smith Street, Waimate, Waimate, New Zealand",066,Waimate,Urban
"86B Buckleys Road, Linwood, Christchurch City, New Zealand",060,Linwood,Urban
"7 Edinburgh Street, Waimate, Waimate, New Zealand",066,Waimate,Urban
"33 June Street, Highfield, Timaru, Highfield, Timaru, New Zealand",064,Highfield,Urban
"734 OMIHI ROAD, Omihi, Hurunui, New Zealand",058,Omihi,Urban
"2000 LILYBANK ROAD, Tekapo, Mackenzie, New Zealand",065,Tekapo,Rural
"176 MEDBURY ROAD, Medbury, Hurunui, New Zealand",058,Medbury,Peri-urban/Uncertain
"74 STATIONMASTERS WAY, Prebbleton, Selwyn, New Zealand",062,Prebbleton,Urban
"26 Tuhoe Avenue, NA, Waimakariri, New Zealand",059,NA,Urban
"273 LEADLEYS ROAD, Prebbleton, Selwyn, New Zealand",062,Prebbleton,Peri-urban (disputed)
"6 DELAMARE WAY, Rolleston, Selwyn, New Zealand",062,Rolleston,Urban
"30 CADMAN STREET, Cheviot, Hurunui, New Zealand",058,Cheviot,Peri-urban (disputed)
"27 South Belt, NA, Ashburton, New Zealand",063,NA,Urban
"127 Waituna Back Road, Waimate, Waimate, New Zealand",066,Waimate,Peri-urban (disputed)
"5 GRANDVUE DRIVE, Twizel, Mackenzie, New Zealand",065,Twizel,Urban
"6 DUMBLANE WAY, Hanmer Springs, Hurunui, New Zealand",058,Hanmer Springs,Urban
"1659 Hakatere Potts Road, NA, Ashburton, New Zealand",063,NA,Rural
"14 Mueller Drive, Oceanview, Timaru, Oceanview, Timaru, New Zealand",064,Oceanview,Urban
"27 BYRON STREET, Rolleston, Selwyn, New Zealand",062,Rolleston,Urban
"59 Harris Street, Waimate, Waimate, New Zealand",066,Waimate,Urban
"1650 HOSKYNS ROAD, Kirwee, Selwyn, New Zealand",062,Kirwee,Rural
"39 ADELPHI TERRACE, NA, Kaikoura, New Zealand",054,NA,Urban
"71 Racecourse Road, NA, Ashburton, New Zealand",063,NA,Urban
"15 MARKET STREET, Leeston, Selwyn, New Zealand",062,Leeston,Urban
"200 High Street, NA, Waimakariri, New Zealand",059,NA,Peri-urban/Uncertain
"649 Highbank Cairnbrae R, NA, Ashburton, New Zealand",063,NA,Rural
"45 Wilkin Street, Waimate, Waimate, New Zealand",066,Waimate,Urban
"39 Cobblestone Road, Kakanui, Oamaru, Kakanui, Waitaki (part), New Zealand",068,Kakanui,Rural
"32 Coniston Drive, NA, Ashburton, New Zealand",063,NA,Urban
"14 MARGATE STREET, NA, Kaikoura, New Zealand",054,NA,Urban
"193 Cones Road, NA, Waimakariri, New Zealand",059,NA,Rural
"437 High Street, NA, Waimakariri, New Zealand",059,NA,Urban
"9 Studholme Street, Waimate, Waimate, New Zealand",066,Waimate,Urban
"834 Crowes Road, Morven, Waimate, New Zealand",066,Morven,Rural
"8 DUMBLANE WAY, Hanmer Springs, Hurunui, New Zealand",058,Hanmer Springs,Urban
"137 TORQUAY STREET, NA, Kaikoura, New Zealand",054,NA,Urban
"8B NORTH WEST ARCH, Twizel, Mackenzie, New Zealand",065,Twizel,Urban
"4 FORD MEWS, Springston, Selwyn, New Zealand",062,Springston,Peri-urban (disputed)
"9 OMARAMA AVE, Omarama, Waitaki (part), New Zealand",068,Omarama,Rural
"645 Hakataramea Valley Road, Cattle Creek, Waimate, New Zealand",066,Cattle Creek,Rural
"48 Newton Street, Watlington, Timaru, Watlington, Timaru, New Zealand",064,Watlington,Urban
"270 O'Roarkes Road, NA, Waimakariri, New Zealand",059,NA,Rural
"39 Reservoir Road, Oamaru North, Oamaru, Oamaru North, Waitaki (part), New Zealand",068,Oamaru North,Urban
"60 Wiggins Street, Sumner, Christchurch City, New Zealand",060,Sumner,Urban
"235 Pages Road, Gleniti, Timaru, Gleniti, Timaru, New Zealand",064,Gleniti,Urban
"218 North Street, West End, Timaru, Watlington, Timaru, New Zealand",064,Watlington,Urban
"6 Rye Street, South Hill, Oamaru, South Hill, Waitaki (part), New Zealand",068,South Hill,Urban
"4 AUSTIN STREET, NA, Kaikoura, New Zealand",054,NA,Urban
"23 Ballymena Drive, Belfast, Christchurch City, New Zealand",060,Belfast,Urban
"COLERIDGE ROAD, Windwhistle, Selwyn, New Zealand",062,Windwhistle,Urban
"74 Flinders Road, Heathcote, Christchurch City, New Zealand",060,Heathcote,Urban
"60 CHURCHILL STREET, NA, Kaikoura, New Zealand",054,NA,Urban
"0 Ferry Lane, Hakataramea, Waimate, New Zealand",066,Hakataramea,Rural
"17 Gossett Lane (Pvt), NA, Waimakariri, New Zealand",059,NA,Urban
"26 CLAVERLEY ROAD, Conway Flat, Hurunui, New Zealand",058,Conway Flat,Rural
"STATE HIGHWAY 1, NA, Kaikoura, New Zealand",054,NA,Peri-urban/Uncertain
"9 Meyer Street, Waimate, Waimate, New Zealand",066,Waimate,Urban
"387 Seafield Road, NA, Ashburton, New Zealand",063,NA,Rural
"8 Hughes Street, Waimate, Waimate, New Zealand",066,Waimate,Urban
"NA, NA, Waimakariri, New Zealand",059,NA,Peri-urban/Uncertain
"NA, Hillgrove, Waitaki (part), New Zealand",068,Hillgrove,Peri-urban/Uncertain
"376 Horsfall Road, RD 22, Geraldine, Peel Forest, Timaru, New Zealand",064,Peel Forest,Rural
"4/27 Barrie Street, Addington, Christchurch City, New Zealand",060,Addington,Urban
"4 Murphy Street, Morven, Waimate, New Zealand",066,Morven,Peri-urban/Uncertain
"62 Spring Road, Gleniti, Timaru, Gleniti, Timaru, New Zealand",064,Gleniti,Urban
"659-792 STATE HIGHWAY 1, NA, Kaikoura, New Zealand",054,NA,Rural
"23 Carters Terrace, NA, Ashburton, New Zealand",063,NA,Rural
"12 George Street, Waimate, Waimate, New Zealand",066,Waimate,Urban
"17 Mary Street, Waimate, Waimate, New Zealand",066,Waimate,Urban
"13 TE KEEPA ROAD, NA, Kaikoura, New Zealand",054,NA,Urban
"86 STATION ROAD, NA, Kaikoura, New Zealand",054,NA,Rural
"14 Elizabeth Place, NA, Ashburton, New Zealand",063,NA,Urban
"13 BENASHET DRIVE, Lincoln, Selwyn, New Zealand",062,Lincoln,Urban
"SOUTH BAY PARADE, NA, Kaikoura, New Zealand",054,NA,Peri-urban/Uncertain
"7 Caernarvon Street, Waimate, Waimate, New Zealand",066,Waimate,Urban
"18 JOHNSON AVENUE, Amberley, Hurunui, New Zealand",058,Amberley,Urban
"120 KINGS ROAD, Leithfield Beach, Hurunui, New Zealand",058,Leithfield Beach,Peri-urban (disputed)
"104 Coleridge Street, Sydenham, Christchurch City, New Zealand",060,Sydenham,Urban
"4 Ross Road, NA, Ashburton, New Zealand",063,NA,Rural
"DRYDEN AVENUE, Rolleston, Selwyn, New Zealand",062,Rolleston,Urban
"7 Cherry Lane, NA, Ashburton, New Zealand",063,NA,Urban
"9 Beach Road, North New Brighton, Christchurch City, New Zealand",060,North New Brighton,Urban
"38 Queen Street, NA, Waimakariri, New Zealand",059,NA,Urban
"0 SIEGERTS ROAD, Kimbell, Mackenzie, New Zealand",065,Kimbell,Rural
"3770 STATE HIGHWAY 1, NA, Kaikoura, New Zealand",054,NA,Urban
"117 Soleares Avenue, McCormacks Bay, Christchurch City, New Zealand",060,McCormacks Bay,Urban
"32 Havelock Street, NA, Ashburton, New Zealand",063,NA,Urban
"48 Burnett Street, Kakanui, Oamaru, Kakanui, Waitaki (part), New Zealand",068,Kakanui,Rural
"59 Lyall Road, Saint Andrews, Waimate, New Zealand",066,Saint Andrews,Peri-urban (disputed)
"25 PLOVER AVENUE, Amberley, Hurunui, New Zealand",058,Amberley,Urban
"98 Elizabeth Avenue, NA, Ashburton, New Zealand",063,NA,Urban
"STATE HIGHWAY 1, NA, Kaikoura, New Zealand",054,NA,Rural
"0 AWAKINO RD, Kurow, Waitaki (part), New Zealand",068,Kurow,Rural
"NA, Hampden, Waitaki (part), New Zealand",068,Hampden,Urban
"373 Flaxton Road, NA, Waimakariri, New Zealand",059,NA,Rural
"54 Chelmsford Street, Hampden, Hampden, Waitaki (part), New Zealand",068,Hampden,Urban
"908 Forks Road, NA, Ashburton, New Zealand",063,NA,Rural
"51 CLYDESDALE WAY, Lincoln, Selwyn, New Zealand",062,Lincoln,Urban
"NA, NA, Kaikoura, New Zealand",054,NA,Peri-urban/Uncertain
"2602 S HWAY 8, Glenbrook, Waitaki (part), New Zealand",068,Glenbrook,Rural
"24 Pentecost Road, NA, Waimakariri, New Zealand",059,NA,Urban
"15 Hartley Crescent, Marchwiel, Timaru, Waimataitai, Timaru, New Zealand",064,Waimataitai,Urban
"44 Heaton Street, Parkside, Timaru, Parkside, Timaru, New Zealand",064,Parkside,Urban
"0 LAKE OHAU RD, Lake Ohau, Waitaki (part), New Zealand",068,Lake Ohau,Rural
"20 DUKE STREET, Albury, Mackenzie, New Zealand",065,Albury,Peri-urban/Uncertain
"1 Kalmia Place, NA, Waimakariri, New Zealand",059,NA,Urban
"MAKONUI ROAD, Lincoln, Selwyn, New Zealand",062,Lincoln,Urban
"138 Merton Road, NA, Waimakariri, New Zealand",059,NA,Rural
"125 Forest Drive, NA, Ashburton, New Zealand",063,NA,Peri-urban/Uncertain
"15 Kyber Street, Pleasant Point, Pleasant Point, Timaru, New Zealand",064,Pleasant Point,Urban
"55 BETHANY ROAD, Rolleston, Selwyn, New Zealand",062,Rolleston,Urban
"0 Centre Street, Waimate, Waimate, New Zealand",066,Waimate,Urban
"452 ROBINSONS ROAD, Prebbleton, Selwyn, New Zealand",062,Prebbleton,Peri-urban (disputed)
"37 MONTROSE AVENUE, Culverden, Hurunui, New Zealand",058,Culverden,Peri-urban (disputed)
"89 Salisbury Crescent, Oamaru North, Oamaru, Oamaru North, Waitaki (part), New Zealand",068,Oamaru North,Urban
"12/54 Champion Street, St Albans, Christchurch City, New Zealand",060,St Albans,Urban
"89 BRANTHWAITE DRIVE, Rolleston, Selwyn, New Zealand",062,Rolleston,Urban
"110 JEAN ARCHIE DRIVE, Rolleston, Selwyn, New Zealand",062,Rolleston,Urban
"14 Guthrie Street, West End, Timaru, West End, Timaru, New Zealand",064,West End,Urban
"36 Island Road, NA, Waimakariri, New Zealand",059,NA,Peri-urban/Uncertain
"7 Holland Drive, NA, Waimakariri, New Zealand",059,NA,Urban
"714 Rangiora Leithfield Road, NA, Waimakariri, New Zealand",059,NA,Rural
"1130 HIGHFIELD ROAD, Charing Cross, Selwyn, New Zealand",062,Charing Cross,Rural
"52C Picton Avenue, Riccarton, Christchurch City, New Zealand",060,Riccarton,Urban
"72 LEVI ROAD, Rolleston, Selwyn, New Zealand",062,Rolleston,Peri-urban (disputed)
"53 Main Road, Pleasant Point, Pleasant Point, Timaru, New Zealand",064,Pleasant Point,Urban
"61 LYDIARD DRIVE, Springston, Selwyn, New Zealand",062,Springston,Peri-urban (disputed)
"50 Piripiri Place, Riccarton Park, Christchurch City, New Zealand",060,Riccarton Park,Urban
"WINDWHISTLE ROAD, Windwhistle, Selwyn, New Zealand",062,Windwhistle,Rural
"62A Peel Street, Geraldine, Geraldine, Timaru, New Zealand",064,Geraldine,Urban
"153 Le Cren Street, Seaview, Timaru, Seaview, Timaru, New Zealand",064,Seaview,Urban
"4 Bush Street, NA, Waimakariri, New Zealand",059,NA,Urban
"2 Kinley Street, NA, Waimakariri, New Zealand",059,NA,Urban
"4 Reflection Place, NA, Ashburton, New Zealand",063,NA,Urban
"0 STATE HIGHWAY 80, Ben Ohau, Mackenzie, New Zealand",065,Ben Ohau,Peri-urban/Uncertain
"104 Canon Street, St Albans, Christchurch City, New Zealand",060,St Albans,Urban
"23D Hoon Hay Road, Hoon Hay, Christchurch City, New Zealand",060,Hoon Hay,Urban
"214 SMILIE RD, Black Point, Waitaki (part), New Zealand",068,Black Point,Rural
"6 LEAMINGTON STREET, Hanmer Springs, Hurunui, New Zealand",058,Hanmer Springs,Urban
"290 A Wills Street ASHBURTON, NA, Ashburton, New Zealand",063,NA,Peri-urban/Uncertain
"121 Ashley Street, NA, Waimakariri, New Zealand",059,NA,Peri-urban/Uncertain
"20 Sneyd Street, NA, Waimakariri, New Zealand",059,NA,Urban
"16 York Street, Seaview, Timaru, Seaview, Timaru, New Zealand",064,Seaview,Urban
"8 WILLIAM DEANS DRIVE, Prebbleton, Selwyn, New Zealand",062,Prebbleton,Urban
"266 ESPLANADE, NA, Kaikoura, New Zealand",054,NA,Urban
"49 Aldershot Street, Wainoni, Christchurch City, New Zealand",060,Wainoni,Urban
"0 S Hway 1 Studholme, Waimate, Waimate, New Zealand",066,Waimate,Urban
"30B Park Lane, Highfield, Timaru, Highfield, Timaru, New Zealand",064,Highfield,Urban
"37 Hopkinson Road, RD 25, Temuka, Temuka, Timaru, New Zealand",064,Temuka,Peri-urban (disputed)
"5 Te Pakiaka Road, NA, Waimakariri, New Zealand",059,NA,Urban
"20 Gibson Street, Seaview, Timaru, Seaview, Timaru, New Zealand",064,Seaview,Urban
"124 Elizabeth Avenue, NA, Ashburton, New Zealand",063,NA,Peri-urban/Uncertain
"56 SUNLINE AVENUE, Lincoln, Selwyn, New Zealand",062,Lincoln,Urban
"14 OTHELLO DRIVE, Rolleston, Selwyn, New Zealand",062,Rolleston,Urban
"3 Blankney Street, Hornby, Christchurch City, New Zealand",060,Hornby,Urban
"141B Rugby Street, Merivale, Christchurch City, New Zealand",060,Merivale,Urban
"780 GLASNEVIN ROAD, Amberley, Hurunui, New Zealand",058,Amberley,Peri-urban (disputed)
"0 CHAMBERLAIN ROAD, Albury, Mackenzie, New Zealand",065,Albury,Rural
"0 Hansen Street, Waimate, Waimate, New Zealand",066,Waimate,Urban
"513 Spur Road, RD 5, Timaru, Rosewill, Timaru, New Zealand",064,Rosewill,Rural
"10 MANNING PLACE, Lake Tekapo, Mackenzie, New Zealand",065,Lake Tekapo,Peri-urban (disputed)
"1085 Orton Rangitata Mouth Road, RD 26, Temuka, Clandeboye, Timaru, New Zealand",064,Clandeboye,Rural
"11 ALLAN STREET, Lake Tekapo, Mackenzie, New Zealand",065,Lake Tekapo,Peri-urban (disputed)
"39 SOUTH BAY PARADE, NA, Kaikoura, New Zealand",054,NA,Urban
"29 Park View Terrace, Maori Hill, Timaru, Maori Hill, Timaru, New Zealand",064,Maori Hill,Urban
"17 THE DRIVE, Twizel, Mackenzie, New Zealand",065,Twizel,Urban
"18 Rhodes Street, Waimate, Waimate, New Zealand",066,Waimate,Urban
"106 LOCHABER ROAD, Fairlie, Mackenzie, New Zealand",065,Fairlie,Rural
"45 Trevors Road, NA, Ashburton, New Zealand",063,NA,Urban
"35 Guinness Street, Highfield, Timaru, Highfield, Timaru, New Zealand",064,Highfield,Urban
"33 TEMPLE DRIVE, Twizel, Mackenzie, New Zealand",065,Twizel,Urban
"1 LOE PLACE, Amberley, Hurunui, New Zealand",058,Amberley,Urban
"50 TORQUAY STREET, NA, Kaikoura, New Zealand",054,NA,Urban
"257 SOUTHFIELD DRIVE, Lincoln, Selwyn, New Zealand",062,Lincoln,Urban
"19 Burnett Street, Kakanui, Oamaru, Kakanui, Waitaki (part), New Zealand",068,Kakanui,Rural
"4/139 Totara Street, Riccarton, Christchurch City, New Zealand",060,Riccarton,Urban
"1 Severn Street, Oamaru, Oamaru, Waitaki (part), New Zealand",068,Oamaru,Urban
"13 Wisteria Lane, NA, Waimakariri, New Zealand",059,NA,Urban
"NA, Rolleston, Selwyn, New Zealand",062,Rolleston,Urban
"285 Greenhill Road, Ikawai, Waimate, New Zealand",066,Ikawai,Peri-urban/Uncertain
"4 Guise Street, Temuka, Temuka, Timaru, New Zealand",064,Temuka,Urban
"11 Hayes Street, Waimate, Waimate, New Zealand",066,Waimate,Urban
"6 Leading Light Lane, Governors Bay, Christchurch City, New Zealand",060,Governors Bay,Peri-urban (disputed)
"340 DOUGLAS ROAD, Amberley, Hurunui, New Zealand",058,Amberley,Peri-urban (disputed)
"247 King Street, Temuka, Temuka, Timaru, New Zealand",064,Temuka,Urban
"8 St George Street, Watlington, Timaru, Watlington, Timaru, New Zealand",064,Watlington,Urban
"WAKATU QUAY, NA, Kaikoura, New Zealand",054,NA,Peri-urban/Uncertain
"155 BEACH ROAD, NA, Kaikoura, New Zealand",054,NA,Urban
"3 AVOCA STREET, NA, Kaikoura, New Zealand",054,NA,Urban
"1/23 Dunedin Street, Redwood, Christchurch City, New Zealand",060,Redwood,Urban
"3 ALAN JAMES LANE, Prebbleton, Selwyn, New Zealand",062,Prebbleton,Urban
"12 Mersey Street, South Hill, Oamaru, South Hill, Waitaki (part), New Zealand",068,South Hill,Urban
"83 DOUGLAS ROAD, Amberley, Hurunui, New Zealand",058,Amberley,Urban
"50 Farrington Avenue, Bishopdale, Christchurch City, New Zealand",060,Bishopdale,Urban
"18 Wardour Mews, Hyde Park, Christchurch City, New Zealand",060,Hyde Park,Urban
"57 BEACH ROAD, NA, Kaikoura, New Zealand",054,NA,Peri-urban/Uncertain
"485 Barnswood Road, NA, Ashburton, New Zealand",063,NA,Rural
"3 Foster Place, NA, Waimakariri, New Zealand",059,NA,Urban
"1/8 Maling Street, Geraldine, Geraldine, Timaru, New Zealand",064,Geraldine,Urban
"1 Hillview Place, Pleasant Point, Pleasant Point, Timaru, New Zealand",064,Pleasant Point,Urban
"67 Cain Street, Parkside, Timaru, Parkside, Timaru, New Zealand",064,Parkside,Urban
"4 GLENMARK DRIVE, Darfield, Selwyn, New Zealand",062,Darfield,Urban
"73 Cox Street, NA, Ashburton, New Zealand",063,NA,Urban
"5 Maple Crescent, Watlington, Timaru, Watlington, Timaru, New Zealand",064,Watlington,Urban
"374 Burnett Street, NA, Ashburton, New Zealand",063,NA,Urban
"17 Cunneen Place, Oaklands, Christchurch City, New Zealand",060,Oaklands,Urban
"20 Hewlings Street, Geraldine, Geraldine, Timaru, New Zealand",064,Geraldine,Urban
"12 Roxburgh Street, Glenwood, Timaru, Glenwood, Timaru, New Zealand",064,Glenwood,Urban
"5 Eton Street, NA, Ashburton, New Zealand",063,NA,Urban
"18 RIPPINGALE ROAD, Hanmer Springs, Hurunui, New Zealand",058,Hanmer Springs,Urban
"8 BULLENS ROAD, NA, Kaikoura, New Zealand",054,NA,Urban
"114 Rolleston Street, NA, Ashburton, New Zealand",063,NA,Urban
"12 Beach Road, South Hill, Oamaru, South Hill, Waitaki (part), New Zealand",068,South Hill,Urban
"39B Chelmer Street, Oamaru, Oamaru, Waitaki (part), New Zealand",068,Oamaru,Urban
"14 Alford Street, NA, Ashburton, New Zealand",063,NA,Urban
"21 Hills Street, NA, Waimakariri, New Zealand",059,NA,Urban
"44 AVOCA STREET, NA, Kaikoura, New Zealand",054,NA,Urban
"102 Harrs Road, NA, Waimakariri, New Zealand",059,NA,Rural
"2A SIBBALD LANE, Lake Tekapo, Mackenzie, New Zealand",065,Lake Tekapo,Peri-urban (disputed)
"183 Woodside Road, NA, Waimakariri, New Zealand",059,NA,Rural
"9 BANDED PLACE, Rolleston, Selwyn, New Zealand",062,Rolleston,Urban
"40 McKenzie Street, Geraldine, Geraldine, Timaru, New Zealand",064,Geraldine,Urban
"207 Queen Street, Waimate, Waimate, New Zealand",066,Waimate,Urban
"35 Redcliff Road, Glenavy, Waimate, New Zealand",066,Glenavy,Peri-urban (disputed)
"2 MURRAY PLACE, Lake Tekapo, Mackenzie, New Zealand",065,Lake Tekapo,Peri-urban (disputed)
"500 Hayland Road, NA, Waimakariri, New Zealand",059,NA,Rural
"81 IRISHMAN DRIVE, Twizel, Mackenzie, New Zealand",065,Twizel,Urban
"363 Burnett Street, NA, Ashburton, New Zealand",063,NA,Urban
"69 BEACH ROAD, NA, Kaikoura, New Zealand",054,NA,Rural
"WEST COAST ROAD, Castle Hill, Selwyn, New Zealand",062,Castle Hill,Rural
"24 SCARBOROUGH TERRACE, Hanmer Springs, Hurunui, New Zealand",058,Hanmer Springs,Urban
"1197 MOTUNAU BEACH ROAD, Motunau - Greta Valley, Hurunui, New Zealand",058,Motunau - Greta Valley,Rural
"288 BARNES ROAD, Lincoln, Selwyn, New Zealand",062,Lincoln,Peri-urban (disputed)
"203 Otipua Road, West End, Timaru, West End, Timaru, New Zealand",064,West End,Urban
"6 Lane Street, NA, Ashburton, New Zealand",063,NA,Urban
"66 Kensington Avenue, NA, Waimakariri, New Zealand",059,NA,Urban
"0 STATE HIGHWAY 8, Burkes Pass, Mackenzie, New Zealand",065,Burkes Pass,Peri-urban/Uncertain
"112B Withells Road, Avonhead, Christchurch City, New Zealand",060,Avonhead,Urban
"34 MILLSTREAM DRIVE, Lincoln, Selwyn, New Zealand",062,Lincoln,Urban
"7 OLD BEACH ROAD, NA, Kaikoura, New Zealand",054,NA,Urban
"6F/66 Armagh Street, Central City, Christchurch City, New Zealand",060,Central City,Urban
"81 Archibald Street, NA, Ashburton, New Zealand",063,NA,Urban
"136 BROOKSIDE ROAD, Rolleston, Selwyn, New Zealand",062,Rolleston,Urban
"30 Marshmans Road, NA, Waimakariri, New Zealand",059,NA,Rural
"2421 Oxford Road, NA, Waimakariri, New Zealand",059,NA,Rural
"4/2 Cross Street, Marchwiel, Timaru, Marchwiel, Timaru, New Zealand",064,Marchwiel,Urban
"4 INLAND ROAD, Waiau - Conway, Hurunui, New Zealand",058,Waiau - Conway,Rural
"4 LUDLEY DRIVE, NA, Kaikoura, New Zealand",054,NA,Peri-urban/Uncertain
"2A Avon Street, South Hill, Oamaru, South Hill, Waitaki (part), New Zealand",068,South Hill,Urban
"20 RIVERSTONE DRIVE, Rolleston, Selwyn, New Zealand",062,Rolleston,Urban
"SCARBOROUGH STREET, NA, Kaikoura, New Zealand",054,NA,Peri-urban/Uncertain
"26 Hakataramea Highway, Waimate, Waimate, New Zealand",066,Waimate,Peri-urban (disputed)
"22 BEACH ROAD, NA, Kaikoura, New Zealand",054,NA,Urban
"36 Charles Street, NA, Waimakariri, New Zealand",059,NA,Urban
"79 Awamoa Road, Holmes Hill, Oamaru, Holmes Hill, Waitaki (part), New Zealand",068,Holmes Hill,Urban
"393 Sodwall Road, Otaio, Waimate, New Zealand",066,Otaio,Rural
"99 Trevors Road, NA, Ashburton, New Zealand",063,NA,Urban
"306 Downs Road, RD 21, Geraldine, Geraldine Downs, Timaru, New Zealand",064,Geraldine Downs,Peri-urban (disputed)
"60 SCHOOL ROAD, Fairlie, Mackenzie, New Zealand",065,Fairlie,Peri-urban (disputed)
"2/39 Harris Crescent, Papanui, Christchurch City, New Zealand",060,Papanui,Urban
"60 Sutherland Drive, NA, Waimakariri, New Zealand",059,NA,Urban
"2 AVOCA STREET, NA, Kaikoura, New Zealand",054,NA,Urban
"31 Cridland Street West, NA, Waimakariri, New Zealand",059,NA,Urban
"10 BEACH ROAD, Motunau Beach, Hurunui, New Zealand",058,Motunau Beach,Peri-urban (disputed)
"253 TEKAPO-TWIZEL ROAD, Tekapo, Mackenzie, New Zealand",065,Tekapo,Rural
"517C Thames Highway, Oamaru North, Oamaru, Oamaru North, Waitaki (part), New Zealand",068,Oamaru North,Urban
"358 WOODBANK ROAD, Hanmer Springs, Hurunui, New Zealand",058,Hanmer Springs,Peri-urban (disputed)
"PANNETTS ROAD, Springston, Selwyn, New Zealand",062,Springston,Rural
"10 Aintree Place, NA, Waimakariri, New Zealand",059,NA,Urban
"1160 Te Akatarawa Road, Kirkliston, Waimate, New Zealand",066,Kirkliston,Rural
"572 EAST MADDISONS ROAD, Rolleston, Selwyn, New Zealand",062,Rolleston,Urban
"61 Old North Road, Marchwiel, Timaru, Marchwiel, Timaru, New Zealand",064,Marchwiel,Urban
"10 Gleniffer Place, NA, Ashburton, New Zealand",063,NA,Peri-urban/Uncertain
"0 Wains Crossing Road, Waimate, Waimate, New Zealand",066,Waimate,Peri-urban (disputed)
"Temuka-Orari Highway, RD 22, Geraldine, Orari, Timaru, New Zealand",064,Orari,Rural
"847 Boundary Road, NA, Ashburton, New Zealand",063,NA,Urban
"NA, Green Valley, Waitaki (part), New Zealand",068,Green Valley,Peri-urban/Uncertain
"41 TITOKI DRIVE, NA, Kaikoura, New Zealand",054,NA,Rural
"17 CHALET CRESCENT, Hanmer Springs, Hurunui, New Zealand",058,Hanmer Springs,Urban
"143 Ferry Road, Richmond, Waitaki Bridge, Richmond, Waitaki (part), New Zealand",068,Richmond,Urban
"120 ROLLESTON DRIVE, Rolleston, Selwyn, New Zealand",062,Rolleston,Urban
"14 Regent Street, Waimate, Waimate, New Zealand",066,Waimate,Urban
"62 Victoria Street, NA, Waimakariri, New Zealand",059,NA,Urban
"37 Fuller Street, NA, Waimakariri, New Zealand",059,NA,Urban
"166A High Street, Waimate, Waimate, New Zealand",066,Waimate,Urban
"50 MURRAY PLACE, Lake Tekapo, Mackenzie, New Zealand",065,Lake Tekapo,Peri-urban (disputed)
"26 Cass Street, NA, Waimakariri, New Zealand",059,NA,Urban
"6 Pounamu Place, NA, Waimakariri, New Zealand",059,NA,Urban
"19 Catchpole Place, NA, Waimakariri, New Zealand",059,NA,Urban
"10 FRASER CRESCENT, Twizel, Mackenzie, New Zealand",065,Twizel,Urban
"41 BLACK PEAK RD, Omarama, Waitaki (part), New Zealand",068,Omarama,Peri-urban (disputed)
"43 KOTUKU ROAD, NA, Kaikoura, New Zealand",054,NA,Urban
"5 MCRAE GARDENS, NA, Kaikoura, New Zealand",054,NA,Urban
"Kelvin Crescent, NA, Ashburton, New Zealand",063,NA,Urban
"251 Awamoa Road, Awamoa, Oamaru, Awamoa, Waitaki (part), New Zealand",068,Awamoa,Peri-urban/Uncertain
"3 Patchett Place, Cashmere, Christchurch City, New Zealand",060,Cashmere,Urban
"56 Nicholls Road, Halswell, Christchurch City, New Zealand",060,Halswell,Peri-urban (disputed)
"9 Orkney Street, Bryndwr, Christchurch City, New Zealand",060,Bryndwr,Urban
"91 HIGH STREET, Southbridge, Selwyn, New Zealand",062,Southbridge,Peri-urban (disputed)
"38 Hull Street, South Hill, Oamaru, South Hill, Waitaki (part), New Zealand",068,South Hill,Urban
"35 Chester Street, Hampden, Hampden, Waitaki (part), New Zealand",068,Hampden,Urban
"176 South Street, NA, Ashburton, New Zealand",063,NA,Urban
"120 Allens Road ASHBURTON, NA, Ashburton, New Zealand",063,NA,Peri-urban/Uncertain
"29 WILKIN STREET, Rotherham, Hurunui, New Zealand",058,Rotherham,Rural
"22 Smithfield Road ASHBURTON, NA, Ashburton, New Zealand",063,NA,Peri-urban/Uncertain
"0 HAMILTON ROAD, Ashwick Flat, Mackenzie, New Zealand",065,Ashwick Flat,Rural
"22 Nen Street, Oamaru, Oamaru, Waitaki (part), New Zealand",068,Oamaru,Urban
"31 Walbrook Crescent, Oamaru North, Oamaru, Oamaru North, Waitaki (part), New Zealand",068,Oamaru North,Urban
